================================================================================
DEEP REINFORCEMENT LEARNING TRADING EPISODE REPORT
================================================================================
Generated: 2025-07-28 16:09:42
Report ID: 250728_1609

MODEL INFORMATION:
----------------------------------------
Model Name: A2C
Model Class: A2C
Timesteps: 10000000
Timesteps Formatted: 1e7
Deterministic Prediction: True

POLICY INFORMATION:
----------------------------------------
Policy Class: ActorCriticPolicy
Policy Type: stable_baselines3.common.policies.ActorCriticPolicy
Has Mlp Extractor: True
Mlp Extractor Type: MlpExtractor
Network Architecture: {'pi': [64, 64], 'vf': [64, 64]}
Activation Function: <class 'torch.nn.modules.activation.Tanh'>

Features Extractor:
  Type: FlattenExtractor
  Parameters: 0
  Structure:
    Layer 0: Flatten

Policy Network:
  Parameters: 22,848
  Layers:
    Layer 0: Linear (291 -> 64)
    Layer 1: Tanh
    Layer 2: Linear (64 -> 64)
    Layer 3: Tanh

Value Network:
  Parameters: 22,848
  Layers:
    Layer 0: Linear (291 -> 64)
    Layer 1: Tanh
    Layer 2: Linear (64 -> 64)
    Layer 3: Tanh

Action Network:
  Type: Linear
  Parameters: 1,885
  Structure: Linear(in_features=64, out_features=29, bias=True)
  Action Distribution: DiagGaussianDistribution

Value Network (Output):
  Type: Linear
  Parameters: 65
  Structure: Linear(in_features=64, out_features=1, bias=True)

Parameter Summary:
  Total Parameters: 47,675
  Trainable Parameters: 47,675

MODEL HYPER-PARAMETERS:
----------------------------------------
Learning Rate: 0.0007
Gamma: 0.99
Gae Lambda: 1.0
Ent Coef: 0.01
Vf Coef: 0.5
Max Grad Norm: 0.5
N Steps: 5
Action Noise: None
Tensorboard Log: None
Verbose: 1
Optimizer Type: RMSprop
Optimizer Group 0 Lr: 0.0007
Optimizer Group 0 Momentum: 0
Optimizer Group 0 Alpha: 0.99
Optimizer Group 0 Eps: 1e-05
Optimizer Group 0 Centered: False
Optimizer Group 0 Weight Decay: 0
Optimizer Group 0 Capturable: False
Optimizer Group 0 Foreach: None
Optimizer Group 0 Maximize: False
Optimizer Group 0 Differentiable: False
Net Arch: {'pi': [64, 64], 'vf': [64, 64]}
Activation Fn: <class 'torch.nn.modules.activation.Tanh'>
Features Extractor Class: FlattenExtractor
Normalize Advantage: False
Use Sde: False
Num Timesteps: 10000000
Device: cpu

TRAINING PERIOD INFORMATION:
----------------------------------------
Train Start Date: 2009-01-02
Train End Date: 2020-06-30
Test Start Date: 2020-07-01
Test End Date: 2021-10-27
Training Duration Days: 4197
Training Duration Years: 11.490759753593428

ENVIRONMENT INFORMATION:
----------------------------------------
Environment Class: StockTradingEnv
Data Length: 335
Initial Amount: 1000000
Stock Dimension: 29
Action Space: Box(-1.0, 1.0, (29,), float32)
State Space: 291

EPISODE SUMMARY:
----------------------------------------
Total Steps: 335
Total Reward: 43.256626
Average Reward per Step: 0.129124
Episode Completion: Full Episode

DETAILED STEP TRACE:
----------------------------------------
Step 0:
  Date/Day: 1
  Action: [[1.0, 1.0, 1.0, 1.0, 1.0, 1.0, 1.0, 1.0, 1.0, 1.0, 1.0, 1.0, 1.0, -1.0, 1.0, 1.0, 1.0, -1.0, 1.0, -1.0, 1.0, -1.0, -1.0, 1.0, 1.0, -1.0, -1.0, 1.0, 1.0]]
  Reward: 0.09519597142934799
  Account Value: None
  Done: False
  Policy Mean: [[76.90672302246094, 3.6972241401672363, 64.46614837646484, 53.18709945678711, 117.64263153076172, 102.49324035644531, 75.94575500488281, 155.64224243164062, 27.241024017333984, 85.87162780761719, 90.06571960449219, 52.17173767089844, 34.9222412109375, -11.67672348022461, 113.47315216064453, 35.388607025146484, 28.335573196411133, -4.347918510437012, 112.65887451171875, -4.062728404998779, 12.160097122192383, -36.433067321777344, -13.302491188049316, 140.3842315673828, 100.15128326416016, -2.272916316986084, -80.64298248291016, 63.950828552246094, 115.15331268310547]]
  Policy Std: [[43844.8984375, 515550.875, 121949.6796875, 89716.4453125, 35223.109375, 363774.28125, 88782.4921875, 28417.400390625, 544453.4375, 67847.6484375, 159043.265625, 78901.9296875, 364476.09375, 270021.5625, 215201.53125, 154119.296875, 45780.5703125, 563088.9375, 189447.625, 121240.2265625, 428509.0625, 22923.458984375, 192233.625, 1016043.375, 950219.375, 950403.375, 366705.03125, 58515.27734375, 410836.65625]]

Step 1:
  Date/Day: 2
  Action: [[1.0, 1.0, 1.0, 1.0, 1.0, 1.0, 1.0, 1.0, 1.0, 1.0, 1.0, 1.0, 1.0, -1.0, 1.0, 1.0, 1.0, -1.0, 1.0, -1.0, 1.0, -1.0, -1.0, 1.0, 1.0, -1.0, -1.0, 1.0, 1.0]]
  Reward: 0.9623993039131165
  Account Value: None
  Done: False
  Policy Mean: [[76.90672302246094, 3.6972241401672363, 64.46614837646484, 53.18709945678711, 117.64263153076172, 102.49324035644531, 75.94575500488281, 155.64224243164062, 27.241024017333984, 85.87162780761719, 90.06571960449219, 52.17173767089844, 34.9222412109375, -11.67672348022461, 113.47315216064453, 35.388607025146484, 28.335573196411133, -4.347918510437012, 112.65887451171875, -4.062728404998779, 12.160097122192383, -36.433067321777344, -13.302491188049316, 140.3842315673828, 100.15128326416016, -2.272916316986084, -80.64298248291016, 63.950828552246094, 115.15331268310547]]
  Policy Std: [[43844.8984375, 515550.875, 121949.6796875, 89716.4453125, 35223.109375, 363774.28125, 88782.4921875, 28417.400390625, 544453.4375, 67847.6484375, 159043.265625, 78901.9296875, 364476.09375, 270021.5625, 215201.53125, 154119.296875, 45780.5703125, 563088.9375, 189447.625, 121240.2265625, 428509.0625, 22923.458984375, 192233.625, 1016043.375, 950219.375, 950403.375, 366705.03125, 58515.27734375, 410836.65625]]

Step 2:
  Date/Day: 3
  Action: [[1.0, 1.0, 1.0, 1.0, 1.0, 1.0, 1.0, 1.0, 1.0, 1.0, 1.0, 1.0, 1.0, -1.0, 1.0, 1.0, 1.0, -1.0, 1.0, -1.0, 1.0, -1.0, -1.0, 1.0, 1.0, -1.0, -1.0, 1.0, 1.0]]
  Reward: -1.3994629383087158
  Account Value: None
  Done: False
  Policy Mean: [[76.90672302246094, 3.6972241401672363, 64.46614837646484, 53.18709945678711, 117.64263153076172, 102.49324035644531, 75.94575500488281, 155.64224243164062, 27.241024017333984, 85.87162780761719, 90.06571960449219, 52.17173767089844, 34.9222412109375, -11.67672348022461, 113.47315216064453, 35.388607025146484, 28.335573196411133, -4.347918510437012, 112.65887451171875, -4.062728404998779, 12.160097122192383, -36.433067321777344, -13.302491188049316, 140.3842315673828, 100.15128326416016, -2.272916316986084, -80.64298248291016, 63.950828552246094, 115.15331268310547]]
  Policy Std: [[43844.8984375, 515550.875, 121949.6796875, 89716.4453125, 35223.109375, 363774.28125, 88782.4921875, 28417.400390625, 544453.4375, 67847.6484375, 159043.265625, 78901.9296875, 364476.09375, 270021.5625, 215201.53125, 154119.296875, 45780.5703125, 563088.9375, 189447.625, 121240.2265625, 428509.0625, 22923.458984375, 192233.625, 1016043.375, 950219.375, 950403.375, 366705.03125, 58515.27734375, 410836.65625]]

Step 3:
  Date/Day: 4
  Action: [[1.0, 1.0, 1.0, 1.0, 1.0, 1.0, 1.0, 1.0, 1.0, 1.0, 1.0, 1.0, 1.0, -1.0, 1.0, 1.0, 1.0, -1.0, 1.0, -1.0, 1.0, -1.0, -1.0, 1.0, 1.0, -1.0, -1.0, 1.0, 1.0]]
  Reward: 0.650505542755127
  Account Value: None
  Done: False
  Policy Mean: [[76.90672302246094, 3.6972241401672363, 64.46614837646484, 53.18709945678711, 117.64263153076172, 102.49324035644531, 75.94575500488281, 155.64224243164062, 27.241024017333984, 85.87162780761719, 90.06571960449219, 52.17173767089844, 34.9222412109375, -11.67672348022461, 113.47315216064453, 35.388607025146484, 28.335573196411133, -4.347918510437012, 112.65887451171875, -4.062728404998779, 12.160097122192383, -36.433067321777344, -13.302491188049316, 140.3842315673828, 100.15128326416016, -2.272916316986084, -80.64298248291016, 63.950828552246094, 115.15331268310547]]
  Policy Std: [[43844.8984375, 515550.875, 121949.6796875, 89716.4453125, 35223.109375, 363774.28125, 88782.4921875, 28417.400390625, 544453.4375, 67847.6484375, 159043.265625, 78901.9296875, 364476.09375, 270021.5625, 215201.53125, 154119.296875, 45780.5703125, 563088.9375, 189447.625, 121240.2265625, 428509.0625, 22923.458984375, 192233.625, 1016043.375, 950219.375, 950403.375, 366705.03125, 58515.27734375, 410836.65625]]

Step 4:
  Date/Day: 5
  Action: [[1.0, 1.0, 1.0, 1.0, 1.0, 1.0, 1.0, 1.0, 1.0, 1.0, 1.0, 1.0, 1.0, -1.0, 1.0, 1.0, 1.0, -1.0, 1.0, -1.0, 1.0, -1.0, -1.0, 1.0, 1.0, -1.0, -1.0, 1.0, 1.0]]
  Reward: -1.309834599494934
  Account Value: None
  Done: False
  Policy Mean: [[76.9088363647461, 3.673914909362793, 64.45564270019531, 53.14973831176758, 117.6268081665039, 102.4747085571289, 75.93749237060547, 155.62783813476562, 27.252643585205078, 85.84884643554688, 90.0422134399414, 52.167694091796875, 34.91583251953125, -11.67236328125, 113.4697494506836, 35.38766098022461, 28.310312271118164, -4.356412410736084, 112.64815521240234, -4.073514461517334, 12.15839672088623, -36.449710845947266, -13.312460899353027, 140.39576721191406, 100.17021179199219, -2.2725119590759277, -80.66117095947266, 63.94870376586914, 115.15355682373047]]
  Policy Std: [[43844.8984375, 515550.875, 121949.6796875, 89716.4453125, 35223.109375, 363774.28125, 88782.4921875, 28417.400390625, 544453.4375, 67847.6484375, 159043.265625, 78901.9296875, 364476.09375, 270021.5625, 215201.53125, 154119.296875, 45780.5703125, 563088.9375, 189447.625, 121240.2265625, 428509.0625, 22923.458984375, 192233.625, 1016043.375, 950219.375, 950403.375, 366705.03125, 58515.27734375, 410836.65625]]

Step 5:
  Date/Day: 6
  Action: [[1.0, 1.0, 1.0, 1.0, 1.0, 1.0, 1.0, 1.0, 1.0, 1.0, 1.0, 1.0, 1.0, -1.0, 1.0, 1.0, 1.0, -1.0, 1.0, -1.0, 1.0, -1.0, -1.0, 1.0, 1.0, -1.0, -1.0, 1.0, 1.0]]
  Reward: 1.2387534379959106
  Account Value: None
  Done: False
  Policy Mean: [[76.90918731689453, 3.6966350078582764, 64.46736907958984, 53.184906005859375, 117.6451416015625, 102.4959945678711, 75.94775390625, 155.64646911621094, 27.242801666259766, 85.87181854248047, 90.06708526611328, 52.17292785644531, 34.92273712158203, -11.676593780517578, 113.47637176513672, 35.38974380493164, 28.335407257080078, -4.349069595336914, 112.6622314453125, -4.063714981079102, 12.159586906433105, -36.43583679199219, -13.303264617919922, 140.38966369628906, 100.15583801269531, -2.2728309631347656, -80.64715576171875, 63.952205657958984, 115.156982421875]]
  Policy Std: [[43844.8984375, 515550.875, 121949.6796875, 89716.4453125, 35223.109375, 363774.28125, 88782.4921875, 28417.400390625, 544453.4375, 67847.6484375, 159043.265625, 78901.9296875, 364476.09375, 270021.5625, 215201.53125, 154119.296875, 45780.5703125, 563088.9375, 189447.625, 121240.2265625, 428509.0625, 22923.458984375, 192233.625, 1016043.375, 950219.375, 950403.375, 366705.03125, 58515.27734375, 410836.65625]]

Step 6:
  Date/Day: 7
  Action: [[1.0, 1.0, 1.0, 1.0, 1.0, 1.0, 1.0, 1.0, 1.0, 1.0, 1.0, 1.0, 1.0, -1.0, 1.0, 1.0, 1.0, -1.0, 1.0, -1.0, 1.0, -1.0, -1.0, 1.0, 1.0, -1.0, -1.0, 1.0, 1.0]]
  Reward: -0.06961362808942795
  Account Value: None
  Done: False
  Policy Mean: [[76.90914916992188, 3.696723461151123, 64.4673843383789, 53.18507385253906, 117.64518737792969, 102.49601745605469, 75.94776916503906, 155.646484375, 27.242748260498047, 85.87191772460938, 90.06715393066406, 52.17296600341797, 34.92275619506836, -11.676592826843262, 113.47636413574219, 35.38975143432617, 28.33548927307129, -4.349004745483398, 112.6622543334961, -4.063649654388428, 12.159600257873535, -36.435733795166016, -13.303214073181152, 140.3895721435547, 100.15574645996094, -2.272819757461548, -80.64704132080078, 63.95220184326172, 115.15695190429688]]
  Policy Std: [[43844.8984375, 515550.875, 121949.6796875, 89716.4453125, 35223.109375, 363774.28125, 88782.4921875, 28417.400390625, 544453.4375, 67847.6484375, 159043.265625, 78901.9296875, 364476.09375, 270021.5625, 215201.53125, 154119.296875, 45780.5703125, 563088.9375, 189447.625, 121240.2265625, 428509.0625, 22923.458984375, 192233.625, 1016043.375, 950219.375, 950403.375, 366705.03125, 58515.27734375, 410836.65625]]

Step 7:
  Date/Day: 8
  Action: [[1.0, 1.0, 1.0, 1.0, 1.0, 1.0, 1.0, 1.0, 1.0, 1.0, 1.0, 1.0, 1.0, -1.0, 1.0, 1.0, 1.0, -1.0, 1.0, -1.0, 1.0, -1.0, -1.0, 1.0, 1.0, -1.0, -1.0, 1.0, 1.0]]
  Reward: 2.1828744411468506
  Account Value: None
  Done: False
  Policy Mean: [[76.9088363647461, 3.673917055130005, 64.45564270019531, 53.149742126464844, 117.6268081665039, 102.4747085571289, 75.93749237060547, 155.62783813476562, 27.252643585205078, 85.84884643554688, 90.0422134399414, 52.167694091796875, 34.91583251953125, -11.67236328125, 113.46975708007812, 35.38766098022461, 28.310314178466797, -4.356411933898926, 112.64815521240234, -4.073513507843018, 12.15839672088623, -36.449710845947266, -13.312459945678711, 140.39576721191406, 100.17020416259766, -2.2725119590759277, -80.66117095947266, 63.94870376586914, 115.15355682373047]]
  Policy Std: [[43844.8984375, 515550.875, 121949.6796875, 89716.4453125, 35223.109375, 363774.28125, 88782.4921875, 28417.400390625, 544453.4375, 67847.6484375, 159043.265625, 78901.9296875, 364476.09375, 270021.5625, 215201.53125, 154119.296875, 45780.5703125, 563088.9375, 189447.625, 121240.2265625, 428509.0625, 22923.458984375, 192233.625, 1016043.375, 950219.375, 950403.375, 366705.03125, 58515.27734375, 410836.65625]]

Step 8:
  Date/Day: 9
  Action: [[1.0, 1.0, 1.0, 1.0, 1.0, 1.0, 1.0, 1.0, 1.0, 1.0, 1.0, 1.0, 1.0, -1.0, 1.0, 1.0, 1.0, -1.0, 1.0, -1.0, 1.0, -1.0, -1.0, 1.0, 1.0, -1.0, -1.0, 1.0, 1.0]]
  Reward: 0.6325958371162415
  Account Value: None
  Done: False
  Policy Mean: [[76.9088363647461, 3.673914909362793, 64.45564270019531, 53.14973831176758, 117.6268081665039, 102.4747085571289, 75.93749237060547, 155.62783813476562, 27.252643585205078, 85.84884643554688, 90.0422134399414, 52.167694091796875, 34.91583251953125, -11.67236328125, 113.4697494506836, 35.38766098022461, 28.310312271118164, -4.356412410736084, 112.64815521240234, -4.073514461517334, 12.15839672088623, -36.449710845947266, -13.312460899353027, 140.39576721191406, 100.17021179199219, -2.2725119590759277, -80.66117095947266, 63.94870376586914, 115.15355682373047]]
  Policy Std: [[43844.8984375, 515550.875, 121949.6796875, 89716.4453125, 35223.109375, 363774.28125, 88782.4921875, 28417.400390625, 544453.4375, 67847.6484375, 159043.265625, 78901.9296875, 364476.09375, 270021.5625, 215201.53125, 154119.296875, 45780.5703125, 563088.9375, 189447.625, 121240.2265625, 428509.0625, 22923.458984375, 192233.625, 1016043.375, 950219.375, 950403.375, 366705.03125, 58515.27734375, 410836.65625]]

Step 9:
  Date/Day: 10
  Action: [[1.0, 1.0, 1.0, 1.0, 1.0, 1.0, 1.0, 1.0, 1.0, 1.0, 1.0, 1.0, 1.0, -1.0, 1.0, 1.0, 1.0, -1.0, 1.0, -1.0, 1.0, -1.0, -1.0, 1.0, 1.0, -1.0, -1.0, 1.0, 1.0]]
  Reward: -0.3231968581676483
  Account Value: None
  Done: False
  Policy Mean: [[76.9088363647461, 3.673914909362793, 64.45564270019531, 53.14973831176758, 117.6268081665039, 102.4747085571289, 75.93749237060547, 155.62783813476562, 27.252643585205078, 85.84884643554688, 90.0422134399414, 52.167694091796875, 34.91583251953125, -11.67236328125, 113.4697494506836, 35.38766098022461, 28.310312271118164, -4.356412410736084, 112.64815521240234, -4.073514461517334, 12.15839672088623, -36.449710845947266, -13.312460899353027, 140.39576721191406, 100.17021179199219, -2.2725119590759277, -80.66117095947266, 63.94870376586914, 115.15355682373047]]
  Policy Std: [[43844.8984375, 515550.875, 121949.6796875, 89716.4453125, 35223.109375, 363774.28125, 88782.4921875, 28417.400390625, 544453.4375, 67847.6484375, 159043.265625, 78901.9296875, 364476.09375, 270021.5625, 215201.53125, 154119.296875, 45780.5703125, 563088.9375, 189447.625, 121240.2265625, 428509.0625, 22923.458984375, 192233.625, 1016043.375, 950219.375, 950403.375, 366705.03125, 58515.27734375, 410836.65625]]

Step 10:
  Date/Day: 11
  Action: [[1.0, 1.0, 1.0, 1.0, 1.0, 1.0, 1.0, 1.0, 1.0, 1.0, 1.0, 1.0, 1.0, -1.0, 1.0, 1.0, 1.0, -1.0, 1.0, -1.0, 1.0, -1.0, -1.0, 1.0, 1.0, -1.0, -1.0, 1.0, 1.0]]
  Reward: -0.12834393978118896
  Account Value: None
  Done: False
  Policy Mean: [[76.9088363647461, 3.673914909362793, 64.45564270019531, 53.14973831176758, 117.6268081665039, 102.4747085571289, 75.93749237060547, 155.62783813476562, 27.252643585205078, 85.84884643554688, 90.0422134399414, 52.167694091796875, 34.91583251953125, -11.67236328125, 113.4697494506836, 35.38766098022461, 28.310312271118164, -4.356412410736084, 112.64815521240234, -4.073514461517334, 12.15839672088623, -36.449710845947266, -13.312460899353027, 140.39576721191406, 100.17021179199219, -2.2725119590759277, -80.66117095947266, 63.94870376586914, 115.15355682373047]]
  Policy Std: [[43844.8984375, 515550.875, 121949.6796875, 89716.4453125, 35223.109375, 363774.28125, 88782.4921875, 28417.400390625, 544453.4375, 67847.6484375, 159043.265625, 78901.9296875, 364476.09375, 270021.5625, 215201.53125, 154119.296875, 45780.5703125, 563088.9375, 189447.625, 121240.2265625, 428509.0625, 22923.458984375, 192233.625, 1016043.375, 950219.375, 950403.375, 366705.03125, 58515.27734375, 410836.65625]]

Step 11:
  Date/Day: 12
  Action: [[1.0, 1.0, 1.0, 1.0, 1.0, 1.0, 1.0, 1.0, 1.0, 1.0, 1.0, 1.0, 1.0, -1.0, 1.0, 1.0, 1.0, -1.0, 1.0, -1.0, 1.0, -1.0, -1.0, 1.0, 1.0, -1.0, -1.0, 1.0, 1.0]]
  Reward: 0.12173360586166382
  Account Value: None
  Done: False
  Policy Mean: [[76.9088363647461, 3.673914909362793, 64.45564270019531, 53.14973831176758, 117.6268081665039, 102.4747085571289, 75.93749237060547, 155.62783813476562, 27.252643585205078, 85.84884643554688, 90.0422134399414, 52.167694091796875, 34.91583251953125, -11.67236328125, 113.4697494506836, 35.38766098022461, 28.310312271118164, -4.356412410736084, 112.64815521240234, -4.073514461517334, 12.15839672088623, -36.449710845947266, -13.312460899353027, 140.39576721191406, 100.17021179199219, -2.2725119590759277, -80.66117095947266, 63.94870376586914, 115.15355682373047]]
  Policy Std: [[43844.8984375, 515550.875, 121949.6796875, 89716.4453125, 35223.109375, 363774.28125, 88782.4921875, 28417.400390625, 544453.4375, 67847.6484375, 159043.265625, 78901.9296875, 364476.09375, 270021.5625, 215201.53125, 154119.296875, 45780.5703125, 563088.9375, 189447.625, 121240.2265625, 428509.0625, 22923.458984375, 192233.625, 1016043.375, 950219.375, 950403.375, 366705.03125, 58515.27734375, 410836.65625]]

Step 12:
  Date/Day: 13
  Action: [[1.0, 1.0, 1.0, 1.0, 1.0, 1.0, 1.0, 1.0, 1.0, 1.0, 1.0, 1.0, 1.0, -1.0, 1.0, 1.0, 1.0, -1.0, 1.0, -1.0, 1.0, -1.0, -1.0, 1.0, 1.0, -1.0, -1.0, 1.0, 1.0]]
  Reward: 0.4831785261631012
  Account Value: None
  Done: False
  Policy Mean: [[76.9088363647461, 3.673914909362793, 64.45564270019531, 53.14973831176758, 117.6268081665039, 102.4747085571289, 75.93749237060547, 155.62783813476562, 27.252643585205078, 85.84884643554688, 90.0422134399414, 52.167694091796875, 34.91583251953125, -11.67236328125, 113.4697494506836, 35.38766098022461, 28.310312271118164, -4.356412410736084, 112.64815521240234, -4.073514461517334, 12.15839672088623, -36.449710845947266, -13.312460899353027, 140.39576721191406, 100.17021179199219, -2.2725119590759277, -80.66117095947266, 63.94870376586914, 115.15355682373047]]
  Policy Std: [[43844.8984375, 515550.875, 121949.6796875, 89716.4453125, 35223.109375, 363774.28125, 88782.4921875, 28417.400390625, 544453.4375, 67847.6484375, 159043.265625, 78901.9296875, 364476.09375, 270021.5625, 215201.53125, 154119.296875, 45780.5703125, 563088.9375, 189447.625, 121240.2265625, 428509.0625, 22923.458984375, 192233.625, 1016043.375, 950219.375, 950403.375, 366705.03125, 58515.27734375, 410836.65625]]

Step 13:
  Date/Day: 14
  Action: [[1.0, 1.0, 1.0, 1.0, 1.0, 1.0, 1.0, 1.0, 1.0, 1.0, 1.0, 1.0, 1.0, -1.0, 1.0, 1.0, 1.0, -1.0, 1.0, -1.0, 1.0, -1.0, -1.0, 1.0, 1.0, -1.0, -1.0, 1.0, 1.0]]
  Reward: 0.39087602496147156
  Account Value: None
  Done: False
  Policy Mean: [[76.9088363647461, 3.673914909362793, 64.45564270019531, 53.14973831176758, 117.6268081665039, 102.4747085571289, 75.93749237060547, 155.62783813476562, 27.252643585205078, 85.84884643554688, 90.0422134399414, 52.167694091796875, 34.91583251953125, -11.67236328125, 113.4697494506836, 35.38766098022461, 28.310312271118164, -4.356412410736084, 112.64815521240234, -4.073514461517334, 12.15839672088623, -36.449710845947266, -13.312460899353027, 140.39576721191406, 100.17021179199219, -2.2725119590759277, -80.66117095947266, 63.94870376586914, 115.15355682373047]]
  Policy Std: [[43844.8984375, 515550.875, 121949.6796875, 89716.4453125, 35223.109375, 363774.28125, 88782.4921875, 28417.400390625, 544453.4375, 67847.6484375, 159043.265625, 78901.9296875, 364476.09375, 270021.5625, 215201.53125, 154119.296875, 45780.5703125, 563088.9375, 189447.625, 121240.2265625, 428509.0625, 22923.458984375, 192233.625, 1016043.375, 950219.375, 950403.375, 366705.03125, 58515.27734375, 410836.65625]]

Step 14:
  Date/Day: 15
  Action: [[1.0, 1.0, 1.0, 1.0, 1.0, 1.0, 1.0, 1.0, 1.0, 1.0, 1.0, 1.0, 1.0, -1.0, 1.0, 1.0, 1.0, -1.0, 1.0, -1.0, 1.0, -1.0, -1.0, 1.0, 1.0, -1.0, -1.0, 1.0, 1.0]]
  Reward: -1.3393566608428955
  Account Value: None
  Done: False
  Policy Mean: [[76.9088363647461, 3.673914909362793, 64.45564270019531, 53.14973831176758, 117.6268081665039, 102.4747085571289, 75.93749237060547, 155.62783813476562, 27.252643585205078, 85.84884643554688, 90.0422134399414, 52.167694091796875, 34.91583251953125, -11.67236328125, 113.4697494506836, 35.38766098022461, 28.310312271118164, -4.356412410736084, 112.64815521240234, -4.073514461517334, 12.15839672088623, -36.449710845947266, -13.312460899353027, 140.39576721191406, 100.17021179199219, -2.2725119590759277, -80.66117095947266, 63.94870376586914, 115.15355682373047]]
  Policy Std: [[43844.8984375, 515550.875, 121949.6796875, 89716.4453125, 35223.109375, 363774.28125, 88782.4921875, 28417.400390625, 544453.4375, 67847.6484375, 159043.265625, 78901.9296875, 364476.09375, 270021.5625, 215201.53125, 154119.296875, 45780.5703125, 563088.9375, 189447.625, 121240.2265625, 428509.0625, 22923.458984375, 192233.625, 1016043.375, 950219.375, 950403.375, 366705.03125, 58515.27734375, 410836.65625]]

Step 15:
  Date/Day: 16
  Action: [[1.0, 1.0, 1.0, 1.0, 1.0, 1.0, 1.0, 1.0, 1.0, 1.0, 1.0, 1.0, 1.0, -1.0, 1.0, 1.0, 1.0, -1.0, 1.0, -1.0, 1.0, -1.0, -1.0, 1.0, 1.0, -1.0, -1.0, 1.0, 1.0]]
  Reward: -0.6284545660018921
  Account Value: None
  Done: False
  Policy Mean: [[76.9088363647461, 3.673914909362793, 64.45564270019531, 53.14973831176758, 117.6268081665039, 102.4747085571289, 75.93749237060547, 155.62783813476562, 27.252643585205078, 85.84884643554688, 90.0422134399414, 52.167694091796875, 34.91583251953125, -11.67236328125, 113.4697494506836, 35.38766098022461, 28.310312271118164, -4.356412410736084, 112.64815521240234, -4.073514461517334, 12.15839672088623, -36.449710845947266, -13.312460899353027, 140.39576721191406, 100.17021179199219, -2.2725119590759277, -80.66117095947266, 63.94870376586914, 115.15355682373047]]
  Policy Std: [[43844.8984375, 515550.875, 121949.6796875, 89716.4453125, 35223.109375, 363774.28125, 88782.4921875, 28417.400390625, 544453.4375, 67847.6484375, 159043.265625, 78901.9296875, 364476.09375, 270021.5625, 215201.53125, 154119.296875, 45780.5703125, 563088.9375, 189447.625, 121240.2265625, 428509.0625, 22923.458984375, 192233.625, 1016043.375, 950219.375, 950403.375, 366705.03125, 58515.27734375, 410836.65625]]

Step 16:
  Date/Day: 17
  Action: [[1.0, 1.0, 1.0, 1.0, 1.0, 1.0, 1.0, 1.0, 1.0, 1.0, 1.0, 1.0, 1.0, -1.0, 1.0, 1.0, 1.0, -1.0, 1.0, -1.0, 1.0, -1.0, -1.0, 1.0, 1.0, -1.0, -1.0, 1.0, 1.0]]
  Reward: 0.42691391706466675
  Account Value: None
  Done: False
  Policy Mean: [[76.9088363647461, 3.673914909362793, 64.45564270019531, 53.14973831176758, 117.6268081665039, 102.4747085571289, 75.93749237060547, 155.62783813476562, 27.252643585205078, 85.84884643554688, 90.0422134399414, 52.167694091796875, 34.91583251953125, -11.67236328125, 113.4697494506836, 35.38766098022461, 28.310312271118164, -4.356412410736084, 112.64815521240234, -4.073514461517334, 12.15839672088623, -36.449710845947266, -13.312460899353027, 140.39576721191406, 100.17021179199219, -2.2725119590759277, -80.66117095947266, 63.94870376586914, 115.15355682373047]]
  Policy Std: [[43844.8984375, 515550.875, 121949.6796875, 89716.4453125, 35223.109375, 363774.28125, 88782.4921875, 28417.400390625, 544453.4375, 67847.6484375, 159043.265625, 78901.9296875, 364476.09375, 270021.5625, 215201.53125, 154119.296875, 45780.5703125, 563088.9375, 189447.625, 121240.2265625, 428509.0625, 22923.458984375, 192233.625, 1016043.375, 950219.375, 950403.375, 366705.03125, 58515.27734375, 410836.65625]]

Step 17:
  Date/Day: 18
  Action: [[1.0, 1.0, 1.0, 1.0, 1.0, 1.0, 1.0, 1.0, 1.0, 1.0, 1.0, 1.0, 1.0, -1.0, 1.0, 1.0, 1.0, -1.0, 1.0, -1.0, 1.0, -1.0, -1.0, 1.0, 1.0, -1.0, -1.0, 1.0, 1.0]]
  Reward: -0.6467111110687256
  Account Value: None
  Done: False
  Policy Mean: [[76.9088363647461, 3.673914909362793, 64.45564270019531, 53.14973831176758, 117.6268081665039, 102.4747085571289, 75.93749237060547, 155.62783813476562, 27.252643585205078, 85.84884643554688, 90.0422134399414, 52.167694091796875, 34.91583251953125, -11.67236328125, 113.4697494506836, 35.38766098022461, 28.310312271118164, -4.356412410736084, 112.64815521240234, -4.073514461517334, 12.15839672088623, -36.449710845947266, -13.312460899353027, 140.39576721191406, 100.17021179199219, -2.2725119590759277, -80.66117095947266, 63.94870376586914, 115.15355682373047]]
  Policy Std: [[43844.8984375, 515550.875, 121949.6796875, 89716.4453125, 35223.109375, 363774.28125, 88782.4921875, 28417.400390625, 544453.4375, 67847.6484375, 159043.265625, 78901.9296875, 364476.09375, 270021.5625, 215201.53125, 154119.296875, 45780.5703125, 563088.9375, 189447.625, 121240.2265625, 428509.0625, 22923.458984375, 192233.625, 1016043.375, 950219.375, 950403.375, 366705.03125, 58515.27734375, 410836.65625]]

Step 18:
  Date/Day: 19
  Action: [[1.0, 1.0, 1.0, 1.0, 1.0, 1.0, 1.0, 1.0, 1.0, 1.0, 1.0, 1.0, 1.0, -1.0, 1.0, 1.0, 1.0, -1.0, 1.0, -1.0, 1.0, -1.0, -1.0, 1.0, 1.0, -1.0, -1.0, 1.0, 1.0]]
  Reward: 0.5819033980369568
  Account Value: None
  Done: False
  Policy Mean: [[76.9088363647461, 3.673914909362793, 64.45564270019531, 53.14973831176758, 117.6268081665039, 102.4747085571289, 75.93749237060547, 155.62783813476562, 27.252643585205078, 85.84884643554688, 90.0422134399414, 52.167694091796875, 34.91583251953125, -11.67236328125, 113.4697494506836, 35.38766098022461, 28.310312271118164, -4.356412410736084, 112.64815521240234, -4.073514461517334, 12.15839672088623, -36.449710845947266, -13.312460899353027, 140.39576721191406, 100.17021179199219, -2.2725119590759277, -80.66117095947266, 63.94870376586914, 115.15355682373047]]
  Policy Std: [[43844.8984375, 515550.875, 121949.6796875, 89716.4453125, 35223.109375, 363774.28125, 88782.4921875, 28417.400390625, 544453.4375, 67847.6484375, 159043.265625, 78901.9296875, 364476.09375, 270021.5625, 215201.53125, 154119.296875, 45780.5703125, 563088.9375, 189447.625, 121240.2265625, 428509.0625, 22923.458984375, 192233.625, 1016043.375, 950219.375, 950403.375, 366705.03125, 58515.27734375, 410836.65625]]

Step 19:
  Date/Day: 20
  Action: [[1.0, 1.0, 1.0, 1.0, 1.0, 1.0, 1.0, 1.0, 1.0, 1.0, 1.0, 1.0, 1.0, -1.0, 1.0, 1.0, 1.0, -1.0, 1.0, -1.0, 1.0, -1.0, -1.0, 1.0, 1.0, -1.0, -1.0, 1.0, 1.0]]
  Reward: -1.108579158782959
  Account Value: None
  Done: False
  Policy Mean: [[76.9088363647461, 3.673914909362793, 64.45564270019531, 53.14973831176758, 117.6268081665039, 102.4747085571289, 75.93749237060547, 155.62783813476562, 27.252643585205078, 85.84884643554688, 90.0422134399414, 52.167694091796875, 34.91583251953125, -11.67236328125, 113.4697494506836, 35.38766098022461, 28.310312271118164, -4.356412410736084, 112.64815521240234, -4.073514461517334, 12.15839672088623, -36.449710845947266, -13.312460899353027, 140.39576721191406, 100.17021179199219, -2.2725119590759277, -80.66117095947266, 63.94870376586914, 115.15355682373047]]
  Policy Std: [[43844.8984375, 515550.875, 121949.6796875, 89716.4453125, 35223.109375, 363774.28125, 88782.4921875, 28417.400390625, 544453.4375, 67847.6484375, 159043.265625, 78901.9296875, 364476.09375, 270021.5625, 215201.53125, 154119.296875, 45780.5703125, 563088.9375, 189447.625, 121240.2265625, 428509.0625, 22923.458984375, 192233.625, 1016043.375, 950219.375, 950403.375, 366705.03125, 58515.27734375, 410836.65625]]

Step 20:
  Date/Day: 21
  Action: [[1.0, 1.0, 1.0, 1.0, 1.0, 1.0, 1.0, 1.0, 1.0, 1.0, 1.0, 1.0, 1.0, -1.0, 1.0, 1.0, 1.0, -1.0, 1.0, -1.0, 1.0, -1.0, -1.0, 1.0, 1.0, -1.0, -1.0, 1.0, 1.0]]
  Reward: -0.2383573204278946
  Account Value: None
  Done: False
  Policy Mean: [[76.90914154052734, 3.693155288696289, 64.46562194824219, 53.17985916137695, 117.64252471923828, 102.4926986694336, 75.94628143310547, 155.64370727539062, 27.244325637817383, 85.86863708496094, 90.06340026855469, 52.172340393066406, 34.921722412109375, -11.675891876220703, 113.47551727294922, 35.38948440551758, 28.33153533935547, -4.350008010864258, 112.66026306152344, -4.0650634765625, 12.159483909606934, -36.43778610229492, -13.3046236038208, 140.390625, 100.15814208984375, -2.272726058959961, -80.64921569824219, 63.95177459716797, 115.1565170288086]]
  Policy Std: [[43844.8984375, 515550.875, 121949.6796875, 89716.4453125, 35223.109375, 363774.28125, 88782.4921875, 28417.400390625, 544453.4375, 67847.6484375, 159043.265625, 78901.9296875, 364476.09375, 270021.5625, 215201.53125, 154119.296875, 45780.5703125, 563088.9375, 189447.625, 121240.2265625, 428509.0625, 22923.458984375, 192233.625, 1016043.375, 950219.375, 950403.375, 366705.03125, 58515.27734375, 410836.65625]]

Step 21:
  Date/Day: 22
  Action: [[1.0, 1.0, 1.0, 1.0, 1.0, 1.0, 1.0, 1.0, 1.0, 1.0, 1.0, 1.0, 1.0, -1.0, 1.0, 1.0, 1.0, -1.0, 1.0, -1.0, 1.0, -1.0, -1.0, 1.0, 1.0, -1.0, -1.0, 1.0, 1.0]]
  Reward: 1.073095679283142
  Account Value: None
  Done: False
  Policy Mean: [[76.9094009399414, 3.6983163356781006, 64.46847534179688, 53.18817901611328, 117.64702606201172, 102.49777221679688, 75.94884490966797, 155.64830017089844, 27.242170333862305, 85.87422180175781, 90.06932830810547, 52.173709869384766, 34.92339324951172, -11.676872253417969, 113.47736358642578, 35.3900146484375, 28.337268829345703, -4.348258972167969, 112.66380310058594, -4.062761306762695, 12.159826278686523, -36.434627532958984, -13.302550315856934, 140.3895721435547, 100.1551513671875, -2.272799491882324, -80.64617156982422, 63.95278549194336, 115.1575927734375]]
  Policy Std: [[43844.8984375, 515550.875, 121949.6796875, 89716.4453125, 35223.109375, 363774.28125, 88782.4921875, 28417.400390625, 544453.4375, 67847.6484375, 159043.265625, 78901.9296875, 364476.09375, 270021.5625, 215201.53125, 154119.296875, 45780.5703125, 563088.9375, 189447.625, 121240.2265625, 428509.0625, 22923.458984375, 192233.625, 1016043.375, 950219.375, 950403.375, 366705.03125, 58515.27734375, 410836.65625]]

Step 22:
  Date/Day: 23
  Action: [[1.0, 1.0, 1.0, 1.0, 1.0, 1.0, 1.0, 1.0, 1.0, 1.0, 1.0, 1.0, 1.0, -1.0, 1.0, 1.0, 1.0, -1.0, 1.0, -1.0, 1.0, -1.0, -1.0, 1.0, 1.0, -1.0, -1.0, 1.0, 1.0]]
  Reward: 0.10960245132446289
  Account Value: None
  Done: False
  Policy Mean: [[76.90914916992188, 3.696723461151123, 64.4673843383789, 53.18507385253906, 117.64518737792969, 102.49601745605469, 75.94776916503906, 155.646484375, 27.242748260498047, 85.87191772460938, 90.06715393066406, 52.17296600341797, 34.92275619506836, -11.676592826843262, 113.47636413574219, 35.38975143432617, 28.33548927307129, -4.349004745483398, 112.6622543334961, -4.063649654388428, 12.159600257873535, -36.435733795166016, -13.303214073181152, 140.3895721435547, 100.15574645996094, -2.272819757461548, -80.64704132080078, 63.95220184326172, 115.15695190429688]]
  Policy Std: [[43844.8984375, 515550.875, 121949.6796875, 89716.4453125, 35223.109375, 363774.28125, 88782.4921875, 28417.400390625, 544453.4375, 67847.6484375, 159043.265625, 78901.9296875, 364476.09375, 270021.5625, 215201.53125, 154119.296875, 45780.5703125, 563088.9375, 189447.625, 121240.2265625, 428509.0625, 22923.458984375, 192233.625, 1016043.375, 950219.375, 950403.375, 366705.03125, 58515.27734375, 410836.65625]]

Step 23:
  Date/Day: 24
  Action: [[1.0, 1.0, 1.0, 1.0, 1.0, 1.0, 1.0, 1.0, 1.0, 1.0, 1.0, 1.0, 1.0, -1.0, 1.0, 1.0, 1.0, -1.0, 1.0, -1.0, 1.0, -1.0, -1.0, 1.0, 1.0, -1.0, -1.0, 1.0, 1.0]]
  Reward: 1.4507291316986084
  Account Value: None
  Done: False
  Policy Mean: [[76.9088363647461, 3.673914909362793, 64.45564270019531, 53.14973831176758, 117.6268081665039, 102.4747085571289, 75.93749237060547, 155.62783813476562, 27.252643585205078, 85.84884643554688, 90.0422134399414, 52.167694091796875, 34.91583251953125, -11.67236328125, 113.4697494506836, 35.38766098022461, 28.310312271118164, -4.356412410736084, 112.64815521240234, -4.073514461517334, 12.15839672088623, -36.449710845947266, -13.312460899353027, 140.39576721191406, 100.17021179199219, -2.2725119590759277, -80.66117095947266, 63.94870376586914, 115.15355682373047]]
  Policy Std: [[43844.8984375, 515550.875, 121949.6796875, 89716.4453125, 35223.109375, 363774.28125, 88782.4921875, 28417.400390625, 544453.4375, 67847.6484375, 159043.265625, 78901.9296875, 364476.09375, 270021.5625, 215201.53125, 154119.296875, 45780.5703125, 563088.9375, 189447.625, 121240.2265625, 428509.0625, 22923.458984375, 192233.625, 1016043.375, 950219.375, 950403.375, 366705.03125, 58515.27734375, 410836.65625]]

Step 24:
  Date/Day: 25
  Action: [[1.0, 1.0, 1.0, 1.0, 1.0, 1.0, 1.0, 1.0, 1.0, 1.0, 1.0, 1.0, 1.0, -1.0, 1.0, 1.0, 1.0, -1.0, 1.0, -1.0, 1.0, -1.0, -1.0, 1.0, 1.0, -1.0, -1.0, 1.0, 1.0]]
  Reward: 0.5852930545806885
  Account Value: None
  Done: False
  Policy Mean: [[76.9088363647461, 3.673914909362793, 64.45564270019531, 53.14973831176758, 117.6268081665039, 102.4747085571289, 75.93749237060547, 155.62783813476562, 27.252643585205078, 85.84884643554688, 90.0422134399414, 52.167694091796875, 34.91583251953125, -11.67236328125, 113.4697494506836, 35.38766098022461, 28.310312271118164, -4.356412410736084, 112.64815521240234, -4.073514461517334, 12.15839672088623, -36.449710845947266, -13.312460899353027, 140.39576721191406, 100.17021179199219, -2.2725119590759277, -80.66117095947266, 63.94870376586914, 115.15355682373047]]
  Policy Std: [[43844.8984375, 515550.875, 121949.6796875, 89716.4453125, 35223.109375, 363774.28125, 88782.4921875, 28417.400390625, 544453.4375, 67847.6484375, 159043.265625, 78901.9296875, 364476.09375, 270021.5625, 215201.53125, 154119.296875, 45780.5703125, 563088.9375, 189447.625, 121240.2265625, 428509.0625, 22923.458984375, 192233.625, 1016043.375, 950219.375, 950403.375, 366705.03125, 58515.27734375, 410836.65625]]

Step 25:
  Date/Day: 26
  Action: [[1.0, 1.0, 1.0, 1.0, 1.0, 1.0, 1.0, 1.0, 1.0, 1.0, 1.0, 1.0, 1.0, -1.0, 1.0, 1.0, 1.0, -1.0, 1.0, -1.0, 1.0, -1.0, -1.0, 1.0, 1.0, -1.0, -1.0, 1.0, 1.0]]
  Reward: 0.2957862317562103
  Account Value: None
  Done: False
  Policy Mean: [[76.9088363647461, 3.673914909362793, 64.45564270019531, 53.14973831176758, 117.6268081665039, 102.4747085571289, 75.93749237060547, 155.62783813476562, 27.252643585205078, 85.84884643554688, 90.0422134399414, 52.167694091796875, 34.91583251953125, -11.67236328125, 113.4697494506836, 35.38766098022461, 28.310312271118164, -4.356412410736084, 112.64815521240234, -4.073514461517334, 12.15839672088623, -36.449710845947266, -13.312460899353027, 140.39576721191406, 100.17021179199219, -2.2725119590759277, -80.66117095947266, 63.94870376586914, 115.15355682373047]]
  Policy Std: [[43844.8984375, 515550.875, 121949.6796875, 89716.4453125, 35223.109375, 363774.28125, 88782.4921875, 28417.400390625, 544453.4375, 67847.6484375, 159043.265625, 78901.9296875, 364476.09375, 270021.5625, 215201.53125, 154119.296875, 45780.5703125, 563088.9375, 189447.625, 121240.2265625, 428509.0625, 22923.458984375, 192233.625, 1016043.375, 950219.375, 950403.375, 366705.03125, 58515.27734375, 410836.65625]]

Step 26:
  Date/Day: 27
  Action: [[1.0, 1.0, 1.0, 1.0, 1.0, 1.0, 1.0, 1.0, 1.0, 1.0, 1.0, 1.0, 1.0, -1.0, 1.0, 1.0, 1.0, -1.0, 1.0, -1.0, 1.0, -1.0, -1.0, 1.0, 1.0, -1.0, -1.0, 1.0, 1.0]]
  Reward: 1.0149388313293457
  Account Value: None
  Done: False
  Policy Mean: [[76.9088363647461, 3.673914909362793, 64.45564270019531, 53.14973831176758, 117.6268081665039, 102.4747085571289, 75.93749237060547, 155.62783813476562, 27.252643585205078, 85.84884643554688, 90.0422134399414, 52.167694091796875, 34.91583251953125, -11.67236328125, 113.4697494506836, 35.38766098022461, 28.310312271118164, -4.356412410736084, 112.64815521240234, -4.073514461517334, 12.15839672088623, -36.449710845947266, -13.312460899353027, 140.39576721191406, 100.17021179199219, -2.2725119590759277, -80.66117095947266, 63.94870376586914, 115.15355682373047]]
  Policy Std: [[43844.8984375, 515550.875, 121949.6796875, 89716.4453125, 35223.109375, 363774.28125, 88782.4921875, 28417.400390625, 544453.4375, 67847.6484375, 159043.265625, 78901.9296875, 364476.09375, 270021.5625, 215201.53125, 154119.296875, 45780.5703125, 563088.9375, 189447.625, 121240.2265625, 428509.0625, 22923.458984375, 192233.625, 1016043.375, 950219.375, 950403.375, 366705.03125, 58515.27734375, 410836.65625]]

Step 27:
  Date/Day: 28
  Action: [[1.0, 1.0, 1.0, 1.0, 1.0, 1.0, 1.0, 1.0, 1.0, 1.0, 1.0, 1.0, 1.0, -1.0, 1.0, 1.0, 1.0, -1.0, 1.0, -1.0, 1.0, -1.0, -1.0, 1.0, 1.0, -1.0, -1.0, 1.0, 1.0]]
  Reward: -0.42663314938545227
  Account Value: None
  Done: False
  Policy Mean: [[76.9088363647461, 3.673914909362793, 64.45564270019531, 53.14973831176758, 117.6268081665039, 102.4747085571289, 75.93749237060547, 155.62783813476562, 27.252643585205078, 85.84884643554688, 90.0422134399414, 52.167694091796875, 34.91583251953125, -11.67236328125, 113.4697494506836, 35.38766098022461, 28.310312271118164, -4.356412410736084, 112.64815521240234, -4.073514461517334, 12.15839672088623, -36.449710845947266, -13.312460899353027, 140.39576721191406, 100.17021179199219, -2.2725119590759277, -80.66117095947266, 63.94870376586914, 115.15355682373047]]
  Policy Std: [[43844.8984375, 515550.875, 121949.6796875, 89716.4453125, 35223.109375, 363774.28125, 88782.4921875, 28417.400390625, 544453.4375, 67847.6484375, 159043.265625, 78901.9296875, 364476.09375, 270021.5625, 215201.53125, 154119.296875, 45780.5703125, 563088.9375, 189447.625, 121240.2265625, 428509.0625, 22923.458984375, 192233.625, 1016043.375, 950219.375, 950403.375, 366705.03125, 58515.27734375, 410836.65625]]

Step 28:
  Date/Day: 29
  Action: [[1.0, 1.0, 1.0, 1.0, 1.0, 1.0, 1.0, 1.0, 1.0, 1.0, 1.0, 1.0, 1.0, -1.0, 1.0, 1.0, 1.0, -1.0, 1.0, -1.0, 1.0, -1.0, -1.0, 1.0, 1.0, -1.0, -1.0, 1.0, 1.0]]
  Reward: 1.0924910306930542
  Account Value: None
  Done: False
  Policy Mean: [[76.9088363647461, 3.673914909362793, 64.45564270019531, 53.14973831176758, 117.6268081665039, 102.4747085571289, 75.93749237060547, 155.62783813476562, 27.252643585205078, 85.84884643554688, 90.0422134399414, 52.167694091796875, 34.91583251953125, -11.67236328125, 113.4697494506836, 35.38766098022461, 28.310312271118164, -4.356412410736084, 112.64815521240234, -4.073514461517334, 12.15839672088623, -36.449710845947266, -13.312460899353027, 140.39576721191406, 100.17021179199219, -2.2725119590759277, -80.66117095947266, 63.94870376586914, 115.15355682373047]]
  Policy Std: [[43844.8984375, 515550.875, 121949.6796875, 89716.4453125, 35223.109375, 363774.28125, 88782.4921875, 28417.400390625, 544453.4375, 67847.6484375, 159043.265625, 78901.9296875, 364476.09375, 270021.5625, 215201.53125, 154119.296875, 45780.5703125, 563088.9375, 189447.625, 121240.2265625, 428509.0625, 22923.458984375, 192233.625, 1016043.375, 950219.375, 950403.375, 366705.03125, 58515.27734375, 410836.65625]]

Step 29:
  Date/Day: 30
  Action: [[1.0, 1.0, 1.0, 1.0, 1.0, 1.0, 1.0, 1.0, 1.0, 1.0, 1.0, 1.0, 1.0, -1.0, 1.0, 1.0, 1.0, -1.0, 1.0, -1.0, 1.0, -1.0, -1.0, 1.0, 1.0, -1.0, -1.0, 1.0, 1.0]]
  Reward: -0.4111059606075287
  Account Value: None
  Done: False
  Policy Mean: [[76.9088363647461, 3.673914909362793, 64.45564270019531, 53.14973831176758, 117.6268081665039, 102.4747085571289, 75.93749237060547, 155.62783813476562, 27.252643585205078, 85.84884643554688, 90.0422134399414, 52.167694091796875, 34.91583251953125, -11.67236328125, 113.4697494506836, 35.38766098022461, 28.310312271118164, -4.356412410736084, 112.64815521240234, -4.073514461517334, 12.15839672088623, -36.449710845947266, -13.312460899353027, 140.39576721191406, 100.17021179199219, -2.2725119590759277, -80.66117095947266, 63.94870376586914, 115.15355682373047]]
  Policy Std: [[43844.8984375, 515550.875, 121949.6796875, 89716.4453125, 35223.109375, 363774.28125, 88782.4921875, 28417.400390625, 544453.4375, 67847.6484375, 159043.265625, 78901.9296875, 364476.09375, 270021.5625, 215201.53125, 154119.296875, 45780.5703125, 563088.9375, 189447.625, 121240.2265625, 428509.0625, 22923.458984375, 192233.625, 1016043.375, 950219.375, 950403.375, 366705.03125, 58515.27734375, 410836.65625]]

Step 30:
  Date/Day: 31
  Action: [[1.0, 1.0, 1.0, 1.0, 1.0, 1.0, 1.0, 1.0, 1.0, 1.0, 1.0, 1.0, 1.0, -1.0, 1.0, 1.0, 1.0, -1.0, 1.0, -1.0, 1.0, -1.0, -1.0, 1.0, 1.0, -1.0, -1.0, 1.0, 1.0]]
  Reward: 0.18723265826702118
  Account Value: None
  Done: False
  Policy Mean: [[76.9088363647461, 3.673914909362793, 64.45564270019531, 53.14973831176758, 117.6268081665039, 102.4747085571289, 75.93749237060547, 155.62783813476562, 27.252643585205078, 85.84884643554688, 90.0422134399414, 52.167694091796875, 34.91583251953125, -11.67236328125, 113.4697494506836, 35.38766098022461, 28.310312271118164, -4.356412410736084, 112.64815521240234, -4.073514461517334, 12.15839672088623, -36.449710845947266, -13.312460899353027, 140.39576721191406, 100.17021179199219, -2.2725119590759277, -80.66117095947266, 63.94870376586914, 115.15355682373047]]
  Policy Std: [[43844.8984375, 515550.875, 121949.6796875, 89716.4453125, 35223.109375, 363774.28125, 88782.4921875, 28417.400390625, 544453.4375, 67847.6484375, 159043.265625, 78901.9296875, 364476.09375, 270021.5625, 215201.53125, 154119.296875, 45780.5703125, 563088.9375, 189447.625, 121240.2265625, 428509.0625, 22923.458984375, 192233.625, 1016043.375, 950219.375, 950403.375, 366705.03125, 58515.27734375, 410836.65625]]

Step 31:
  Date/Day: 32
  Action: [[1.0, 1.0, 1.0, 1.0, 1.0, 1.0, 1.0, 1.0, 1.0, 1.0, 1.0, 1.0, 1.0, -1.0, 1.0, 1.0, 1.0, -1.0, 1.0, -1.0, 1.0, -1.0, -1.0, 1.0, 1.0, -1.0, -1.0, 1.0, 1.0]]
  Reward: -0.29272717237472534
  Account Value: None
  Done: False
  Policy Mean: [[76.9088363647461, 3.673914909362793, 64.45564270019531, 53.14973831176758, 117.6268081665039, 102.4747085571289, 75.93749237060547, 155.62783813476562, 27.252643585205078, 85.84884643554688, 90.0422134399414, 52.167694091796875, 34.91583251953125, -11.67236328125, 113.4697494506836, 35.38766098022461, 28.310312271118164, -4.356412410736084, 112.64815521240234, -4.073514461517334, 12.15839672088623, -36.449710845947266, -13.312460899353027, 140.39576721191406, 100.17021179199219, -2.2725119590759277, -80.66117095947266, 63.94870376586914, 115.15355682373047]]
  Policy Std: [[43844.8984375, 515550.875, 121949.6796875, 89716.4453125, 35223.109375, 363774.28125, 88782.4921875, 28417.400390625, 544453.4375, 67847.6484375, 159043.265625, 78901.9296875, 364476.09375, 270021.5625, 215201.53125, 154119.296875, 45780.5703125, 563088.9375, 189447.625, 121240.2265625, 428509.0625, 22923.458984375, 192233.625, 1016043.375, 950219.375, 950403.375, 366705.03125, 58515.27734375, 410836.65625]]

Step 32:
  Date/Day: 33
  Action: [[1.0, 1.0, 1.0, 1.0, 1.0, 1.0, 1.0, 1.0, 1.0, 1.0, 1.0, 1.0, 1.0, -1.0, 1.0, 1.0, 1.0, -1.0, 1.0, -1.0, 1.0, -1.0, -1.0, 1.0, 1.0, -1.0, -1.0, 1.0, 1.0]]
  Reward: -0.31638506054878235
  Account Value: None
  Done: False
  Policy Mean: [[76.9088363647461, 3.673914909362793, 64.45564270019531, 53.14973831176758, 117.6268081665039, 102.4747085571289, 75.93749237060547, 155.62783813476562, 27.252643585205078, 85.84884643554688, 90.0422134399414, 52.167694091796875, 34.91583251953125, -11.67236328125, 113.4697494506836, 35.38766098022461, 28.310312271118164, -4.356412410736084, 112.64815521240234, -4.073514461517334, 12.15839672088623, -36.449710845947266, -13.312460899353027, 140.39576721191406, 100.17021179199219, -2.2725119590759277, -80.66117095947266, 63.94870376586914, 115.15355682373047]]
  Policy Std: [[43844.8984375, 515550.875, 121949.6796875, 89716.4453125, 35223.109375, 363774.28125, 88782.4921875, 28417.400390625, 544453.4375, 67847.6484375, 159043.265625, 78901.9296875, 364476.09375, 270021.5625, 215201.53125, 154119.296875, 45780.5703125, 563088.9375, 189447.625, 121240.2265625, 428509.0625, 22923.458984375, 192233.625, 1016043.375, 950219.375, 950403.375, 366705.03125, 58515.27734375, 410836.65625]]

Step 33:
  Date/Day: 34
  Action: [[1.0, 1.0, 1.0, 1.0, 1.0, 1.0, 1.0, 1.0, 1.0, 1.0, 1.0, 1.0, 1.0, -1.0, 1.0, 1.0, 1.0, -1.0, 1.0, -1.0, 1.0, -1.0, -1.0, 1.0, 1.0, -1.0, -1.0, 1.0, 1.0]]
  Reward: -0.4773034453392029
  Account Value: None
  Done: False
  Policy Mean: [[76.9088363647461, 3.673914909362793, 64.45564270019531, 53.14973831176758, 117.6268081665039, 102.4747085571289, 75.93749237060547, 155.62783813476562, 27.252643585205078, 85.84884643554688, 90.0422134399414, 52.167694091796875, 34.91583251953125, -11.67236328125, 113.4697494506836, 35.38766098022461, 28.310312271118164, -4.356412410736084, 112.64815521240234, -4.073514461517334, 12.15839672088623, -36.449710845947266, -13.312460899353027, 140.39576721191406, 100.17021179199219, -2.2725119590759277, -80.66117095947266, 63.94870376586914, 115.15355682373047]]
  Policy Std: [[43844.8984375, 515550.875, 121949.6796875, 89716.4453125, 35223.109375, 363774.28125, 88782.4921875, 28417.400390625, 544453.4375, 67847.6484375, 159043.265625, 78901.9296875, 364476.09375, 270021.5625, 215201.53125, 154119.296875, 45780.5703125, 563088.9375, 189447.625, 121240.2265625, 428509.0625, 22923.458984375, 192233.625, 1016043.375, 950219.375, 950403.375, 366705.03125, 58515.27734375, 410836.65625]]

Step 34:
  Date/Day: 35
  Action: [[1.0, 1.0, 1.0, 1.0, 1.0, 1.0, 1.0, 1.0, 1.0, 1.0, 1.0, 1.0, 1.0, -1.0, 1.0, 1.0, 1.0, -1.0, 1.0, -1.0, 1.0, -1.0, -1.0, 1.0, 1.0, -1.0, -1.0, 1.0, 1.0]]
  Reward: -0.06267516314983368
  Account Value: None
  Done: False
  Policy Mean: [[76.9088363647461, 3.673914909362793, 64.45564270019531, 53.14973831176758, 117.6268081665039, 102.4747085571289, 75.93749237060547, 155.62783813476562, 27.252643585205078, 85.84884643554688, 90.0422134399414, 52.167694091796875, 34.91583251953125, -11.67236328125, 113.4697494506836, 35.38766098022461, 28.310312271118164, -4.356412410736084, 112.64815521240234, -4.073514461517334, 12.15839672088623, -36.449710845947266, -13.312460899353027, 140.39576721191406, 100.17021179199219, -2.2725119590759277, -80.66117095947266, 63.94870376586914, 115.15355682373047]]
  Policy Std: [[43844.8984375, 515550.875, 121949.6796875, 89716.4453125, 35223.109375, 363774.28125, 88782.4921875, 28417.400390625, 544453.4375, 67847.6484375, 159043.265625, 78901.9296875, 364476.09375, 270021.5625, 215201.53125, 154119.296875, 45780.5703125, 563088.9375, 189447.625, 121240.2265625, 428509.0625, 22923.458984375, 192233.625, 1016043.375, 950219.375, 950403.375, 366705.03125, 58515.27734375, 410836.65625]]

Step 35:
  Date/Day: 36
  Action: [[1.0, 1.0, 1.0, 1.0, 1.0, 1.0, 1.0, 1.0, 1.0, 1.0, 1.0, 1.0, 1.0, -1.0, 1.0, 1.0, 1.0, -1.0, 1.0, -1.0, 1.0, -1.0, -1.0, 1.0, 1.0, -1.0, -1.0, 1.0, 1.0]]
  Reward: 0.18177367746829987
  Account Value: None
  Done: False
  Policy Mean: [[76.9088363647461, 3.673914909362793, 64.45564270019531, 53.14973831176758, 117.6268081665039, 102.4747085571289, 75.93749237060547, 155.62783813476562, 27.252643585205078, 85.84884643554688, 90.0422134399414, 52.167694091796875, 34.91583251953125, -11.67236328125, 113.4697494506836, 35.38766098022461, 28.310312271118164, -4.356412410736084, 112.64815521240234, -4.073514461517334, 12.15839672088623, -36.449710845947266, -13.312460899353027, 140.39576721191406, 100.17021179199219, -2.2725119590759277, -80.66117095947266, 63.94870376586914, 115.15355682373047]]
  Policy Std: [[43844.8984375, 515550.875, 121949.6796875, 89716.4453125, 35223.109375, 363774.28125, 88782.4921875, 28417.400390625, 544453.4375, 67847.6484375, 159043.265625, 78901.9296875, 364476.09375, 270021.5625, 215201.53125, 154119.296875, 45780.5703125, 563088.9375, 189447.625, 121240.2265625, 428509.0625, 22923.458984375, 192233.625, 1016043.375, 950219.375, 950403.375, 366705.03125, 58515.27734375, 410836.65625]]

Step 36:
  Date/Day: 37
  Action: [[1.0, 1.0, 1.0, 1.0, 1.0, 1.0, 1.0, 1.0, 1.0, 1.0, 1.0, 1.0, 1.0, -1.0, 1.0, 1.0, 1.0, -1.0, 1.0, -1.0, 1.0, -1.0, -1.0, 1.0, 1.0, -1.0, -1.0, 1.0, 1.0]]
  Reward: 1.1677873134613037
  Account Value: None
  Done: False
  Policy Mean: [[76.9088363647461, 3.673914909362793, 64.45564270019531, 53.14973831176758, 117.6268081665039, 102.4747085571289, 75.93749237060547, 155.62783813476562, 27.252643585205078, 85.84884643554688, 90.0422134399414, 52.167694091796875, 34.91583251953125, -11.67236328125, 113.4697494506836, 35.38766098022461, 28.310312271118164, -4.356412410736084, 112.64815521240234, -4.073514461517334, 12.15839672088623, -36.449710845947266, -13.312460899353027, 140.39576721191406, 100.17021179199219, -2.2725119590759277, -80.66117095947266, 63.94870376586914, 115.15355682373047]]
  Policy Std: [[43844.8984375, 515550.875, 121949.6796875, 89716.4453125, 35223.109375, 363774.28125, 88782.4921875, 28417.400390625, 544453.4375, 67847.6484375, 159043.265625, 78901.9296875, 364476.09375, 270021.5625, 215201.53125, 154119.296875, 45780.5703125, 563088.9375, 189447.625, 121240.2265625, 428509.0625, 22923.458984375, 192233.625, 1016043.375, 950219.375, 950403.375, 366705.03125, 58515.27734375, 410836.65625]]

Step 37:
  Date/Day: 38
  Action: [[1.0, 1.0, 1.0, 1.0, 1.0, 1.0, 1.0, 1.0, 1.0, 1.0, 1.0, 1.0, 1.0, -1.0, 1.0, 1.0, 1.0, -1.0, 1.0, -1.0, 1.0, -1.0, -1.0, 1.0, 1.0, -1.0, -1.0, 1.0, 1.0]]
  Reward: 0.6456933617591858
  Account Value: None
  Done: False
  Policy Mean: [[76.9088363647461, 3.673914909362793, 64.45564270019531, 53.14973831176758, 117.6268081665039, 102.4747085571289, 75.93749237060547, 155.62783813476562, 27.252643585205078, 85.84884643554688, 90.0422134399414, 52.167694091796875, 34.91583251953125, -11.67236328125, 113.4697494506836, 35.38766098022461, 28.310312271118164, -4.356412410736084, 112.64815521240234, -4.073514461517334, 12.15839672088623, -36.449710845947266, -13.312460899353027, 140.39576721191406, 100.17021179199219, -2.2725119590759277, -80.66117095947266, 63.94870376586914, 115.15355682373047]]
  Policy Std: [[43844.8984375, 515550.875, 121949.6796875, 89716.4453125, 35223.109375, 363774.28125, 88782.4921875, 28417.400390625, 544453.4375, 67847.6484375, 159043.265625, 78901.9296875, 364476.09375, 270021.5625, 215201.53125, 154119.296875, 45780.5703125, 563088.9375, 189447.625, 121240.2265625, 428509.0625, 22923.458984375, 192233.625, 1016043.375, 950219.375, 950403.375, 366705.03125, 58515.27734375, 410836.65625]]

Step 38:
  Date/Day: 39
  Action: [[1.0, 1.0, 1.0, 1.0, 1.0, 1.0, 1.0, 1.0, 1.0, 1.0, 1.0, 1.0, 1.0, -1.0, 1.0, 1.0, 1.0, -1.0, 1.0, -1.0, 1.0, -1.0, -1.0, 1.0, 1.0, -1.0, -1.0, 1.0, 1.0]]
  Reward: 1.9456208944320679
  Account Value: None
  Done: False
  Policy Mean: [[76.9088363647461, 3.673914909362793, 64.45564270019531, 53.14973831176758, 117.6268081665039, 102.4747085571289, 75.93749237060547, 155.62783813476562, 27.252643585205078, 85.84884643554688, 90.0422134399414, 52.167694091796875, 34.91583251953125, -11.67236328125, 113.4697494506836, 35.38766098022461, 28.310312271118164, -4.356412410736084, 112.64815521240234, -4.073514461517334, 12.15839672088623, -36.449710845947266, -13.312460899353027, 140.39576721191406, 100.17021179199219, -2.2725119590759277, -80.66117095947266, 63.94870376586914, 115.15355682373047]]
  Policy Std: [[43844.8984375, 515550.875, 121949.6796875, 89716.4453125, 35223.109375, 363774.28125, 88782.4921875, 28417.400390625, 544453.4375, 67847.6484375, 159043.265625, 78901.9296875, 364476.09375, 270021.5625, 215201.53125, 154119.296875, 45780.5703125, 563088.9375, 189447.625, 121240.2265625, 428509.0625, 22923.458984375, 192233.625, 1016043.375, 950219.375, 950403.375, 366705.03125, 58515.27734375, 410836.65625]]

Step 39:
  Date/Day: 40
  Action: [[1.0, 1.0, 1.0, 1.0, 1.0, 1.0, 1.0, 1.0, 1.0, 1.0, 1.0, 1.0, 1.0, -1.0, 1.0, 1.0, 1.0, -1.0, 1.0, -1.0, 1.0, -1.0, -1.0, 1.0, 1.0, -1.0, -1.0, 1.0, 1.0]]
  Reward: 1.2406612634658813
  Account Value: None
  Done: False
  Policy Mean: [[76.9088363647461, 3.673914909362793, 64.45564270019531, 53.14973831176758, 117.6268081665039, 102.4747085571289, 75.93749237060547, 155.62783813476562, 27.252643585205078, 85.84884643554688, 90.0422134399414, 52.167694091796875, 34.91583251953125, -11.67236328125, 113.4697494506836, 35.38766098022461, 28.310312271118164, -4.356412410736084, 112.64815521240234, -4.073514461517334, 12.15839672088623, -36.449710845947266, -13.312460899353027, 140.39576721191406, 100.17021179199219, -2.2725119590759277, -80.66117095947266, 63.94870376586914, 115.15355682373047]]
  Policy Std: [[43844.8984375, 515550.875, 121949.6796875, 89716.4453125, 35223.109375, 363774.28125, 88782.4921875, 28417.400390625, 544453.4375, 67847.6484375, 159043.265625, 78901.9296875, 364476.09375, 270021.5625, 215201.53125, 154119.296875, 45780.5703125, 563088.9375, 189447.625, 121240.2265625, 428509.0625, 22923.458984375, 192233.625, 1016043.375, 950219.375, 950403.375, 366705.03125, 58515.27734375, 410836.65625]]

Step 40:
  Date/Day: 41
  Action: [[1.0, 1.0, 1.0, 1.0, 1.0, 1.0, 1.0, 1.0, 1.0, 1.0, 1.0, 1.0, 1.0, -1.0, 1.0, 1.0, 1.0, -1.0, 1.0, -1.0, 1.0, -1.0, -1.0, 1.0, 1.0, -1.0, -1.0, 1.0, 1.0]]
  Reward: 0.3484017252922058
  Account Value: None
  Done: False
  Policy Mean: [[76.9088363647461, 3.673914909362793, 64.45564270019531, 53.14973831176758, 117.6268081665039, 102.4747085571289, 75.93749237060547, 155.62783813476562, 27.252643585205078, 85.84884643554688, 90.0422134399414, 52.167694091796875, 34.91583251953125, -11.67236328125, 113.4697494506836, 35.38766098022461, 28.310312271118164, -4.356412410736084, 112.64815521240234, -4.073514461517334, 12.15839672088623, -36.449710845947266, -13.312460899353027, 140.39576721191406, 100.17021179199219, -2.2725119590759277, -80.66117095947266, 63.94870376586914, 115.15355682373047]]
  Policy Std: [[43844.8984375, 515550.875, 121949.6796875, 89716.4453125, 35223.109375, 363774.28125, 88782.4921875, 28417.400390625, 544453.4375, 67847.6484375, 159043.265625, 78901.9296875, 364476.09375, 270021.5625, 215201.53125, 154119.296875, 45780.5703125, 563088.9375, 189447.625, 121240.2265625, 428509.0625, 22923.458984375, 192233.625, 1016043.375, 950219.375, 950403.375, 366705.03125, 58515.27734375, 410836.65625]]

Step 41:
  Date/Day: 42
  Action: [[1.0, 1.0, 1.0, 1.0, 1.0, 1.0, 1.0, 1.0, 1.0, 1.0, 1.0, 1.0, 1.0, -1.0, 1.0, 1.0, 1.0, -1.0, 1.0, -1.0, 1.0, -1.0, -1.0, 1.0, 1.0, -1.0, -1.0, 1.0, 1.0]]
  Reward: -0.8438916802406311
  Account Value: None
  Done: False
  Policy Mean: [[76.9088363647461, 3.673914909362793, 64.45564270019531, 53.14973831176758, 117.6268081665039, 102.4747085571289, 75.93749237060547, 155.62783813476562, 27.252643585205078, 85.84884643554688, 90.0422134399414, 52.167694091796875, 34.91583251953125, -11.67236328125, 113.4697494506836, 35.38766098022461, 28.310312271118164, -4.356412410736084, 112.64815521240234, -4.073514461517334, 12.15839672088623, -36.449710845947266, -13.312460899353027, 140.39576721191406, 100.17021179199219, -2.2725119590759277, -80.66117095947266, 63.94870376586914, 115.15355682373047]]
  Policy Std: [[43844.8984375, 515550.875, 121949.6796875, 89716.4453125, 35223.109375, 363774.28125, 88782.4921875, 28417.400390625, 544453.4375, 67847.6484375, 159043.265625, 78901.9296875, 364476.09375, 270021.5625, 215201.53125, 154119.296875, 45780.5703125, 563088.9375, 189447.625, 121240.2265625, 428509.0625, 22923.458984375, 192233.625, 1016043.375, 950219.375, 950403.375, 366705.03125, 58515.27734375, 410836.65625]]

Step 42:
  Date/Day: 43
  Action: [[1.0, 1.0, 1.0, 1.0, 1.0, 1.0, 1.0, 1.0, 1.0, 1.0, 1.0, 1.0, 1.0, -1.0, 1.0, 1.0, 1.0, -1.0, 1.0, -1.0, 1.0, -1.0, -1.0, 1.0, 1.0, -1.0, -1.0, 1.0, 1.0]]
  Reward: 0.9377339482307434
  Account Value: None
  Done: False
  Policy Mean: [[76.9088363647461, 3.673914909362793, 64.45564270019531, 53.14973831176758, 117.6268081665039, 102.4747085571289, 75.93749237060547, 155.62783813476562, 27.252643585205078, 85.84884643554688, 90.0422134399414, 52.167694091796875, 34.91583251953125, -11.67236328125, 113.4697494506836, 35.38766098022461, 28.310312271118164, -4.356412410736084, 112.64815521240234, -4.073514461517334, 12.15839672088623, -36.449710845947266, -13.312460899353027, 140.39576721191406, 100.17021179199219, -2.2725119590759277, -80.66117095947266, 63.94870376586914, 115.15355682373047]]
  Policy Std: [[43844.8984375, 515550.875, 121949.6796875, 89716.4453125, 35223.109375, 363774.28125, 88782.4921875, 28417.400390625, 544453.4375, 67847.6484375, 159043.265625, 78901.9296875, 364476.09375, 270021.5625, 215201.53125, 154119.296875, 45780.5703125, 563088.9375, 189447.625, 121240.2265625, 428509.0625, 22923.458984375, 192233.625, 1016043.375, 950219.375, 950403.375, 366705.03125, 58515.27734375, 410836.65625]]

Step 43:
  Date/Day: 44
  Action: [[1.0, 1.0, 1.0, 1.0, 1.0, 1.0, 1.0, 1.0, 1.0, 1.0, 1.0, 1.0, 1.0, -1.0, 1.0, 1.0, 1.0, -1.0, 1.0, -1.0, 1.0, -1.0, -1.0, 1.0, 1.0, -1.0, -1.0, 1.0, 1.0]]
  Reward: 1.6969108581542969
  Account Value: None
  Done: False
  Policy Mean: [[76.9088363647461, 3.673914909362793, 64.45564270019531, 53.14973831176758, 117.6268081665039, 102.4747085571289, 75.93749237060547, 155.62783813476562, 27.252643585205078, 85.84884643554688, 90.0422134399414, 52.167694091796875, 34.91583251953125, -11.67236328125, 113.4697494506836, 35.38766098022461, 28.310312271118164, -4.356412410736084, 112.64815521240234, -4.073514461517334, 12.15839672088623, -36.449710845947266, -13.312460899353027, 140.39576721191406, 100.17021179199219, -2.2725119590759277, -80.66117095947266, 63.94870376586914, 115.15355682373047]]
  Policy Std: [[43844.8984375, 515550.875, 121949.6796875, 89716.4453125, 35223.109375, 363774.28125, 88782.4921875, 28417.400390625, 544453.4375, 67847.6484375, 159043.265625, 78901.9296875, 364476.09375, 270021.5625, 215201.53125, 154119.296875, 45780.5703125, 563088.9375, 189447.625, 121240.2265625, 428509.0625, 22923.458984375, 192233.625, 1016043.375, 950219.375, 950403.375, 366705.03125, 58515.27734375, 410836.65625]]

Step 44:
  Date/Day: 45
  Action: [[1.0, 1.0, 1.0, 1.0, 1.0, 1.0, 1.0, 1.0, 1.0, 1.0, 1.0, 1.0, 1.0, -1.0, 1.0, 1.0, 1.0, -1.0, 1.0, -1.0, 1.0, -1.0, -1.0, 1.0, 1.0, -1.0, -1.0, 1.0, 1.0]]
  Reward: -3.294391632080078
  Account Value: None
  Done: False
  Policy Mean: [[76.9088363647461, 3.673914909362793, 64.45564270019531, 53.14973831176758, 117.6268081665039, 102.4747085571289, 75.93749237060547, 155.62783813476562, 27.252643585205078, 85.84884643554688, 90.0422134399414, 52.167694091796875, 34.91583251953125, -11.67236328125, 113.4697494506836, 35.38766098022461, 28.310312271118164, -4.356412410736084, 112.64815521240234, -4.073514461517334, 12.15839672088623, -36.449710845947266, -13.312460899353027, 140.39576721191406, 100.17021179199219, -2.2725119590759277, -80.66117095947266, 63.94870376586914, 115.15355682373047]]
  Policy Std: [[43844.8984375, 515550.875, 121949.6796875, 89716.4453125, 35223.109375, 363774.28125, 88782.4921875, 28417.400390625, 544453.4375, 67847.6484375, 159043.265625, 78901.9296875, 364476.09375, 270021.5625, 215201.53125, 154119.296875, 45780.5703125, 563088.9375, 189447.625, 121240.2265625, 428509.0625, 22923.458984375, 192233.625, 1016043.375, 950219.375, 950403.375, 366705.03125, 58515.27734375, 410836.65625]]

Step 45:
  Date/Day: 46
  Action: [[1.0, 1.0, 1.0, 1.0, 1.0, 1.0, 1.0, 1.0, 1.0, 1.0, 1.0, 1.0, 1.0, -1.0, 1.0, 1.0, 1.0, -1.0, 1.0, -1.0, 1.0, -1.0, -1.0, 1.0, 1.0, -1.0, -1.0, 1.0, 1.0]]
  Reward: -0.5908787846565247
  Account Value: None
  Done: False
  Policy Mean: [[76.9088363647461, 3.673914909362793, 64.45564270019531, 53.14973831176758, 117.6268081665039, 102.4747085571289, 75.93749237060547, 155.62783813476562, 27.252643585205078, 85.84884643554688, 90.0422134399414, 52.167694091796875, 34.91583251953125, -11.67236328125, 113.4697494506836, 35.38766098022461, 28.310312271118164, -4.356412410736084, 112.64815521240234, -4.073514461517334, 12.15839672088623, -36.449710845947266, -13.312460899353027, 140.39576721191406, 100.17021179199219, -2.2725119590759277, -80.66117095947266, 63.94870376586914, 115.15355682373047]]
  Policy Std: [[43844.8984375, 515550.875, 121949.6796875, 89716.4453125, 35223.109375, 363774.28125, 88782.4921875, 28417.400390625, 544453.4375, 67847.6484375, 159043.265625, 78901.9296875, 364476.09375, 270021.5625, 215201.53125, 154119.296875, 45780.5703125, 563088.9375, 189447.625, 121240.2265625, 428509.0625, 22923.458984375, 192233.625, 1016043.375, 950219.375, 950403.375, 366705.03125, 58515.27734375, 410836.65625]]

Step 46:
  Date/Day: 47
  Action: [[1.0, 1.0, 1.0, 1.0, 1.0, 1.0, 1.0, 1.0, 1.0, 1.0, 1.0, 1.0, 1.0, -1.0, 1.0, 1.0, 1.0, -1.0, 1.0, -1.0, 1.0, -1.0, -1.0, 1.0, 1.0, -1.0, -1.0, 1.0, 1.0]]
  Reward: -2.8055834770202637
  Account Value: None
  Done: False
  Policy Mean: [[76.90914916992188, 3.696723461151123, 64.4673843383789, 53.18507385253906, 117.64518737792969, 102.49601745605469, 75.94776916503906, 155.646484375, 27.242748260498047, 85.87191772460938, 90.06715393066406, 52.17296600341797, 34.92275619506836, -11.676592826843262, 113.47636413574219, 35.38975143432617, 28.33548927307129, -4.349004745483398, 112.6622543334961, -4.063649654388428, 12.159600257873535, -36.435733795166016, -13.303214073181152, 140.3895721435547, 100.15574645996094, -2.272819757461548, -80.64704132080078, 63.95220184326172, 115.15695190429688]]
  Policy Std: [[43844.8984375, 515550.875, 121949.6796875, 89716.4453125, 35223.109375, 363774.28125, 88782.4921875, 28417.400390625, 544453.4375, 67847.6484375, 159043.265625, 78901.9296875, 364476.09375, 270021.5625, 215201.53125, 154119.296875, 45780.5703125, 563088.9375, 189447.625, 121240.2265625, 428509.0625, 22923.458984375, 192233.625, 1016043.375, 950219.375, 950403.375, 366705.03125, 58515.27734375, 410836.65625]]

Step 47:
  Date/Day: 48
  Action: [[1.0, 1.0, 1.0, 1.0, 1.0, 1.0, 1.0, 1.0, 1.0, 1.0, 1.0, 1.0, 1.0, -1.0, 1.0, 1.0, 1.0, -1.0, 1.0, -1.0, 1.0, -1.0, -1.0, 1.0, 1.0, -1.0, -1.0, 1.0, 1.0]]
  Reward: 1.7590316534042358
  Account Value: None
  Done: False
  Policy Mean: [[76.90914916992188, 3.696723461151123, 64.4673843383789, 53.18507385253906, 117.64518737792969, 102.49601745605469, 75.94776916503906, 155.646484375, 27.242748260498047, 85.87191772460938, 90.06715393066406, 52.17296600341797, 34.92275619506836, -11.676592826843262, 113.47636413574219, 35.38975143432617, 28.33548927307129, -4.349004745483398, 112.6622543334961, -4.063649654388428, 12.159600257873535, -36.435733795166016, -13.303214073181152, 140.3895721435547, 100.15574645996094, -2.272819757461548, -80.64704132080078, 63.95220184326172, 115.15695190429688]]
  Policy Std: [[43844.8984375, 515550.875, 121949.6796875, 89716.4453125, 35223.109375, 363774.28125, 88782.4921875, 28417.400390625, 544453.4375, 67847.6484375, 159043.265625, 78901.9296875, 364476.09375, 270021.5625, 215201.53125, 154119.296875, 45780.5703125, 563088.9375, 189447.625, 121240.2265625, 428509.0625, 22923.458984375, 192233.625, 1016043.375, 950219.375, 950403.375, 366705.03125, 58515.27734375, 410836.65625]]

Step 48:
  Date/Day: 49
  Action: [[1.0, 1.0, 1.0, 1.0, 1.0, 1.0, 1.0, 1.0, 1.0, 1.0, 1.0, 1.0, 1.0, -1.0, 1.0, 1.0, 1.0, -1.0, 1.0, -1.0, 1.0, -1.0, -1.0, 1.0, 1.0, -1.0, -1.0, 1.0, 1.0]]
  Reward: -1.8412387371063232
  Account Value: None
  Done: False
  Policy Mean: [[76.90888977050781, 3.6815004348754883, 64.45951080322266, 53.161521911621094, 117.63288879394531, 102.4817123413086, 75.94087982177734, 155.6339569091797, 27.249338150024414, 85.85653686523438, 90.05048370361328, 52.16948699951172, 34.91811752319336, -11.673736572265625, 113.47191619873047, 35.388370513916016, 28.31866455078125, -4.353895664215088, 112.65283203125, -4.070195198059082, 12.158805847167969, -36.44499588012695, -13.309357643127441, 140.3936309814453, 100.16536712646484, -2.27258563041687, -80.65641021728516, 63.94984817504883, 115.15463256835938]]
  Policy Std: [[43844.8984375, 515550.875, 121949.6796875, 89716.4453125, 35223.109375, 363774.28125, 88782.4921875, 28417.400390625, 544453.4375, 67847.6484375, 159043.265625, 78901.9296875, 364476.09375, 270021.5625, 215201.53125, 154119.296875, 45780.5703125, 563088.9375, 189447.625, 121240.2265625, 428509.0625, 22923.458984375, 192233.625, 1016043.375, 950219.375, 950403.375, 366705.03125, 58515.27734375, 410836.65625]]

Step 49:
  Date/Day: 50
  Action: [[1.0, 1.0, 1.0, 1.0, 1.0, 1.0, 1.0, 1.0, 1.0, 1.0, 1.0, 1.0, 1.0, -1.0, 1.0, 1.0, 1.0, -1.0, 1.0, -1.0, 1.0, -1.0, -1.0, 1.0, 1.0, -1.0, -1.0, 1.0, 1.0]]
  Reward: 0.42272332310676575
  Account Value: None
  Done: False
  Policy Mean: [[76.90914916992188, 3.696723461151123, 64.4673843383789, 53.18507385253906, 117.64518737792969, 102.49601745605469, 75.94776916503906, 155.646484375, 27.242748260498047, 85.87191772460938, 90.06715393066406, 52.17296600341797, 34.92275619506836, -11.676592826843262, 113.47636413574219, 35.38975143432617, 28.33548927307129, -4.349004745483398, 112.6622543334961, -4.063649654388428, 12.159600257873535, -36.435733795166016, -13.303214073181152, 140.3895721435547, 100.15574645996094, -2.272819757461548, -80.64704132080078, 63.95220184326172, 115.15695190429688]]
  Policy Std: [[43844.8984375, 515550.875, 121949.6796875, 89716.4453125, 35223.109375, 363774.28125, 88782.4921875, 28417.400390625, 544453.4375, 67847.6484375, 159043.265625, 78901.9296875, 364476.09375, 270021.5625, 215201.53125, 154119.296875, 45780.5703125, 563088.9375, 189447.625, 121240.2265625, 428509.0625, 22923.458984375, 192233.625, 1016043.375, 950219.375, 950403.375, 366705.03125, 58515.27734375, 410836.65625]]

Step 50:
  Date/Day: 51
  Action: [[1.0, 1.0, 1.0, 1.0, 1.0, 1.0, 1.0, 1.0, 1.0, 1.0, 1.0, 1.0, 1.0, -1.0, 1.0, 1.0, 1.0, -1.0, 1.0, -1.0, 1.0, -1.0, -1.0, 1.0, 1.0, -1.0, -1.0, 1.0, 1.0]]
  Reward: 1.3339358568191528
  Account Value: None
  Done: False
  Policy Mean: [[76.90914916992188, 3.696723461151123, 64.4673843383789, 53.18507385253906, 117.64518737792969, 102.49601745605469, 75.94776916503906, 155.646484375, 27.242748260498047, 85.87191772460938, 90.06715393066406, 52.17296600341797, 34.92275619506836, -11.676592826843262, 113.47636413574219, 35.38975143432617, 28.33548927307129, -4.349004745483398, 112.6622543334961, -4.063649654388428, 12.159600257873535, -36.435733795166016, -13.303214073181152, 140.3895721435547, 100.15574645996094, -2.272819757461548, -80.64704132080078, 63.95220184326172, 115.15695190429688]]
  Policy Std: [[43844.8984375, 515550.875, 121949.6796875, 89716.4453125, 35223.109375, 363774.28125, 88782.4921875, 28417.400390625, 544453.4375, 67847.6484375, 159043.265625, 78901.9296875, 364476.09375, 270021.5625, 215201.53125, 154119.296875, 45780.5703125, 563088.9375, 189447.625, 121240.2265625, 428509.0625, 22923.458984375, 192233.625, 1016043.375, 950219.375, 950403.375, 366705.03125, 58515.27734375, 410836.65625]]

Step 51:
  Date/Day: 52
  Action: [[1.0, 1.0, 1.0, 1.0, 1.0, 1.0, 1.0, 1.0, 1.0, 1.0, 1.0, 1.0, 1.0, -1.0, 1.0, 1.0, 1.0, -1.0, 1.0, -1.0, 1.0, -1.0, -1.0, 1.0, 1.0, -1.0, -1.0, 1.0, 1.0]]
  Reward: -0.08562914282083511
  Account Value: None
  Done: False
  Policy Mean: [[76.90914916992188, 3.696723461151123, 64.4673843383789, 53.18507385253906, 117.64518737792969, 102.49601745605469, 75.94776916503906, 155.646484375, 27.242748260498047, 85.87191772460938, 90.06715393066406, 52.17296600341797, 34.92275619506836, -11.676592826843262, 113.47636413574219, 35.38975143432617, 28.33548927307129, -4.349004745483398, 112.6622543334961, -4.063649654388428, 12.159600257873535, -36.435733795166016, -13.303214073181152, 140.3895721435547, 100.15574645996094, -2.272819757461548, -80.64704132080078, 63.95220184326172, 115.15695190429688]]
  Policy Std: [[43844.8984375, 515550.875, 121949.6796875, 89716.4453125, 35223.109375, 363774.28125, 88782.4921875, 28417.400390625, 544453.4375, 67847.6484375, 159043.265625, 78901.9296875, 364476.09375, 270021.5625, 215201.53125, 154119.296875, 45780.5703125, 563088.9375, 189447.625, 121240.2265625, 428509.0625, 22923.458984375, 192233.625, 1016043.375, 950219.375, 950403.375, 366705.03125, 58515.27734375, 410836.65625]]

Step 52:
  Date/Day: 53
  Action: [[1.0, 1.0, 1.0, 1.0, 1.0, 1.0, 1.0, 1.0, 1.0, 1.0, 1.0, 1.0, 1.0, -1.0, 1.0, 1.0, 1.0, -1.0, 1.0, -1.0, 1.0, -1.0, -1.0, 1.0, 1.0, -1.0, -1.0, 1.0, 1.0]]
  Reward: 0.09307769685983658
  Account Value: None
  Done: False
  Policy Mean: [[76.9088363647461, 3.6739423274993896, 64.45565795898438, 53.1497802734375, 117.62682342529297, 102.47473907470703, 75.93750762939453, 155.62786865234375, 27.25263214111328, 85.84886932373047, 90.04224395751953, 52.16769790649414, 34.91584014892578, -11.672367095947266, 113.46976470947266, 35.38766098022461, 28.310340881347656, -4.356403350830078, 112.6481704711914, -4.073502540588379, 12.158398628234863, -36.44969177246094, -13.31244945526123, 140.39576721191406, 100.1701889038086, -2.2725119590759277, -80.6611557006836, 63.948707580566406, 115.153564453125]]
  Policy Std: [[43844.8984375, 515550.875, 121949.6796875, 89716.4453125, 35223.109375, 363774.28125, 88782.4921875, 28417.400390625, 544453.4375, 67847.6484375, 159043.265625, 78901.9296875, 364476.09375, 270021.5625, 215201.53125, 154119.296875, 45780.5703125, 563088.9375, 189447.625, 121240.2265625, 428509.0625, 22923.458984375, 192233.625, 1016043.375, 950219.375, 950403.375, 366705.03125, 58515.27734375, 410836.65625]]

Step 53:
  Date/Day: 54
  Action: [[1.0, 1.0, 1.0, 1.0, 1.0, 1.0, 1.0, 1.0, 1.0, 1.0, 1.0, 1.0, 1.0, -1.0, 1.0, 1.0, 1.0, -1.0, 1.0, -1.0, 1.0, -1.0, -1.0, 1.0, 1.0, -1.0, -1.0, 1.0, 1.0]]
  Reward: -0.5167927742004395
  Account Value: None
  Done: False
  Policy Mean: [[76.9088363647461, 3.673914909362793, 64.45564270019531, 53.14973831176758, 117.6268081665039, 102.4747085571289, 75.93749237060547, 155.62783813476562, 27.252643585205078, 85.84884643554688, 90.0422134399414, 52.167694091796875, 34.91583251953125, -11.67236328125, 113.4697494506836, 35.38766098022461, 28.310312271118164, -4.356412410736084, 112.64815521240234, -4.073514461517334, 12.15839672088623, -36.449710845947266, -13.312460899353027, 140.39576721191406, 100.17021179199219, -2.2725119590759277, -80.66117095947266, 63.94870376586914, 115.15355682373047]]
  Policy Std: [[43844.8984375, 515550.875, 121949.6796875, 89716.4453125, 35223.109375, 363774.28125, 88782.4921875, 28417.400390625, 544453.4375, 67847.6484375, 159043.265625, 78901.9296875, 364476.09375, 270021.5625, 215201.53125, 154119.296875, 45780.5703125, 563088.9375, 189447.625, 121240.2265625, 428509.0625, 22923.458984375, 192233.625, 1016043.375, 950219.375, 950403.375, 366705.03125, 58515.27734375, 410836.65625]]

Step 54:
  Date/Day: 55
  Action: [[1.0, 1.0, 1.0, 1.0, 1.0, 1.0, 1.0, 1.0, 1.0, 1.0, 1.0, 1.0, 1.0, -1.0, 1.0, 1.0, 1.0, -1.0, 1.0, -1.0, 1.0, -1.0, -1.0, 1.0, 1.0, -1.0, -1.0, 1.0, 1.0]]
  Reward: -0.917246401309967
  Account Value: None
  Done: False
  Policy Mean: [[76.90914916992188, 3.696723461151123, 64.4673843383789, 53.18507385253906, 117.64518737792969, 102.49601745605469, 75.94776916503906, 155.646484375, 27.242748260498047, 85.87191772460938, 90.06715393066406, 52.17296600341797, 34.92275619506836, -11.676592826843262, 113.47636413574219, 35.38975143432617, 28.33548927307129, -4.349004745483398, 112.6622543334961, -4.063649654388428, 12.159600257873535, -36.435733795166016, -13.303214073181152, 140.3895721435547, 100.15574645996094, -2.272819757461548, -80.64704132080078, 63.95220184326172, 115.15695190429688]]
  Policy Std: [[43844.8984375, 515550.875, 121949.6796875, 89716.4453125, 35223.109375, 363774.28125, 88782.4921875, 28417.400390625, 544453.4375, 67847.6484375, 159043.265625, 78901.9296875, 364476.09375, 270021.5625, 215201.53125, 154119.296875, 45780.5703125, 563088.9375, 189447.625, 121240.2265625, 428509.0625, 22923.458984375, 192233.625, 1016043.375, 950219.375, 950403.375, 366705.03125, 58515.27734375, 410836.65625]]

Step 55:
  Date/Day: 56
  Action: [[1.0, 1.0, 1.0, 1.0, 1.0, 1.0, 1.0, 1.0, 1.0, 1.0, 1.0, 1.0, 1.0, -1.0, 1.0, 1.0, 1.0, -1.0, 1.0, -1.0, 1.0, -1.0, -1.0, 1.0, 1.0, -1.0, -1.0, 1.0, 1.0]]
  Reward: -1.8923826217651367
  Account Value: None
  Done: False
  Policy Mean: [[76.90914916992188, 3.696723461151123, 64.4673843383789, 53.18507385253906, 117.64518737792969, 102.49601745605469, 75.94776916503906, 155.646484375, 27.242748260498047, 85.87191772460938, 90.06715393066406, 52.17296600341797, 34.92275619506836, -11.676592826843262, 113.47636413574219, 35.38975143432617, 28.33548927307129, -4.349004745483398, 112.6622543334961, -4.063649654388428, 12.159600257873535, -36.435733795166016, -13.303214073181152, 140.3895721435547, 100.15574645996094, -2.272819757461548, -80.64704132080078, 63.95220184326172, 115.15695190429688]]
  Policy Std: [[43844.8984375, 515550.875, 121949.6796875, 89716.4453125, 35223.109375, 363774.28125, 88782.4921875, 28417.400390625, 544453.4375, 67847.6484375, 159043.265625, 78901.9296875, 364476.09375, 270021.5625, 215201.53125, 154119.296875, 45780.5703125, 563088.9375, 189447.625, 121240.2265625, 428509.0625, 22923.458984375, 192233.625, 1016043.375, 950219.375, 950403.375, 366705.03125, 58515.27734375, 410836.65625]]

Step 56:
  Date/Day: 57
  Action: [[1.0, 1.0, 1.0, 1.0, 1.0, 1.0, 1.0, 1.0, 1.0, 1.0, 1.0, 1.0, 1.0, -1.0, 1.0, 1.0, 1.0, -1.0, 1.0, -1.0, 1.0, -1.0, -1.0, 1.0, 1.0, -1.0, -1.0, 1.0, 1.0]]
  Reward: 0.41849035024642944
  Account Value: None
  Done: False
  Policy Mean: [[76.91020202636719, 3.6941497325897217, 64.46658325195312, 53.1785888671875, 117.64315032958984, 102.4955062866211, 75.9469985961914, 155.6457061767578, 27.244216918945312, 85.86751556396484, 90.06450653076172, 52.170921325683594, 34.92216873168945, -11.676822662353516, 113.47582244873047, 35.38924789428711, 28.33321762084961, -4.351676940917969, 112.66064453125, -4.066215515136719, 12.158844947814941, -36.439422607421875, -13.304896354675293, 140.3920440673828, 100.15814208984375, -2.2733449935913086, -80.65061950683594, 63.95173263549805, 115.15758514404297]]
  Policy Std: [[43844.8984375, 515550.875, 121949.6796875, 89716.4453125, 35223.109375, 363774.28125, 88782.4921875, 28417.400390625, 544453.4375, 67847.6484375, 159043.265625, 78901.9296875, 364476.09375, 270021.5625, 215201.53125, 154119.296875, 45780.5703125, 563088.9375, 189447.625, 121240.2265625, 428509.0625, 22923.458984375, 192233.625, 1016043.375, 950219.375, 950403.375, 366705.03125, 58515.27734375, 410836.65625]]

Step 57:
  Date/Day: 58
  Action: [[1.0, 1.0, 1.0, 1.0, 1.0, 1.0, 1.0, 1.0, 1.0, 1.0, 1.0, 1.0, 1.0, -1.0, 1.0, 1.0, 1.0, -1.0, 1.0, -1.0, 1.0, -1.0, -1.0, 1.0, 1.0, -1.0, -1.0, 1.0, 1.0]]
  Reward: -2.473207950592041
  Account Value: None
  Done: False
  Policy Mean: [[76.90914916992188, 3.696723461151123, 64.4673843383789, 53.18507385253906, 117.64518737792969, 102.49601745605469, 75.94776916503906, 155.646484375, 27.242748260498047, 85.87191772460938, 90.06715393066406, 52.17296600341797, 34.92275619506836, -11.676592826843262, 113.47636413574219, 35.38975143432617, 28.33548927307129, -4.349004745483398, 112.6622543334961, -4.063649654388428, 12.159600257873535, -36.435733795166016, -13.303214073181152, 140.3895721435547, 100.15574645996094, -2.272819757461548, -80.64704132080078, 63.95220184326172, 115.15695190429688]]
  Policy Std: [[43844.8984375, 515550.875, 121949.6796875, 89716.4453125, 35223.109375, 363774.28125, 88782.4921875, 28417.400390625, 544453.4375, 67847.6484375, 159043.265625, 78901.9296875, 364476.09375, 270021.5625, 215201.53125, 154119.296875, 45780.5703125, 563088.9375, 189447.625, 121240.2265625, 428509.0625, 22923.458984375, 192233.625, 1016043.375, 950219.375, 950403.375, 366705.03125, 58515.27734375, 410836.65625]]

Step 58:
  Date/Day: 59
  Action: [[1.0, 1.0, 1.0, 1.0, 1.0, 1.0, 1.0, 1.0, 1.0, 1.0, 1.0, 1.0, 1.0, -1.0, 1.0, 1.0, 1.0, -1.0, 1.0, -1.0, 1.0, -1.0, -1.0, 1.0, 1.0, -1.0, -1.0, 1.0, 1.0]]
  Reward: 0.26676809787750244
  Account Value: None
  Done: False
  Policy Mean: [[76.91020202636719, 3.6941497325897217, 64.46658325195312, 53.1785888671875, 117.64315032958984, 102.4955062866211, 75.9469985961914, 155.6457061767578, 27.244216918945312, 85.86751556396484, 90.06450653076172, 52.170921325683594, 34.92216873168945, -11.676822662353516, 113.47582244873047, 35.38924789428711, 28.33321762084961, -4.351676940917969, 112.66064453125, -4.066215515136719, 12.158844947814941, -36.439422607421875, -13.304896354675293, 140.3920440673828, 100.15814208984375, -2.2733449935913086, -80.65061950683594, 63.95173263549805, 115.15758514404297]]
  Policy Std: [[43844.8984375, 515550.875, 121949.6796875, 89716.4453125, 35223.109375, 363774.28125, 88782.4921875, 28417.400390625, 544453.4375, 67847.6484375, 159043.265625, 78901.9296875, 364476.09375, 270021.5625, 215201.53125, 154119.296875, 45780.5703125, 563088.9375, 189447.625, 121240.2265625, 428509.0625, 22923.458984375, 192233.625, 1016043.375, 950219.375, 950403.375, 366705.03125, 58515.27734375, 410836.65625]]

Step 59:
  Date/Day: 60
  Action: [[1.0, 1.0, 1.0, 1.0, 1.0, 1.0, 1.0, 1.0, 1.0, 1.0, 1.0, 1.0, 1.0, -1.0, 1.0, 1.0, 1.0, -1.0, 1.0, -1.0, 1.0, -1.0, -1.0, 1.0, 1.0, -1.0, -1.0, 1.0, 1.0]]
  Reward: 1.6307990550994873
  Account Value: None
  Done: False
  Policy Mean: [[76.91020202636719, 3.6941497325897217, 64.46658325195312, 53.1785888671875, 117.64315032958984, 102.4955062866211, 75.9469985961914, 155.6457061767578, 27.244216918945312, 85.86751556396484, 90.06450653076172, 52.170921325683594, 34.92216873168945, -11.676822662353516, 113.47582244873047, 35.38924789428711, 28.33321762084961, -4.351676940917969, 112.66064453125, -4.066215515136719, 12.158844947814941, -36.439422607421875, -13.304896354675293, 140.3920440673828, 100.15814208984375, -2.2733449935913086, -80.65061950683594, 63.95173263549805, 115.15758514404297]]
  Policy Std: [[43844.8984375, 515550.875, 121949.6796875, 89716.4453125, 35223.109375, 363774.28125, 88782.4921875, 28417.400390625, 544453.4375, 67847.6484375, 159043.265625, 78901.9296875, 364476.09375, 270021.5625, 215201.53125, 154119.296875, 45780.5703125, 563088.9375, 189447.625, 121240.2265625, 428509.0625, 22923.458984375, 192233.625, 1016043.375, 950219.375, 950403.375, 366705.03125, 58515.27734375, 410836.65625]]

Step 60:
  Date/Day: 61
  Action: [[1.0, 1.0, 1.0, 1.0, 1.0, 1.0, 1.0, 1.0, 1.0, 1.0, 1.0, 1.0, 1.0, -1.0, 1.0, 1.0, 1.0, -1.0, 1.0, -1.0, 1.0, -1.0, -1.0, 1.0, 1.0, -1.0, -1.0, 1.0, 1.0]]
  Reward: 1.6393705606460571
  Account Value: None
  Done: False
  Policy Mean: [[76.9091567993164, 3.6967225074768066, 64.4673843383789, 53.18506622314453, 117.64518737792969, 102.49601745605469, 75.94776916503906, 155.646484375, 27.24275016784668, 85.87191772460938, 90.06715393066406, 52.17296600341797, 34.92275619506836, -11.676591873168945, 113.47636413574219, 35.38975143432617, 28.335487365722656, -4.349005222320557, 112.6622543334961, -4.063650131225586, 12.159600257873535, -36.435733795166016, -13.303214073181152, 140.3895721435547, 100.15574645996094, -2.272819757461548, -80.64704895019531, 63.95220184326172, 115.15695190429688]]
  Policy Std: [[43844.8984375, 515550.875, 121949.6796875, 89716.4453125, 35223.109375, 363774.28125, 88782.4921875, 28417.400390625, 544453.4375, 67847.6484375, 159043.265625, 78901.9296875, 364476.09375, 270021.5625, 215201.53125, 154119.296875, 45780.5703125, 563088.9375, 189447.625, 121240.2265625, 428509.0625, 22923.458984375, 192233.625, 1016043.375, 950219.375, 950403.375, 366705.03125, 58515.27734375, 410836.65625]]

Step 61:
  Date/Day: 62
  Action: [[1.0, 1.0, 1.0, 1.0, 1.0, 1.0, 1.0, 1.0, 1.0, 1.0, 1.0, 1.0, 1.0, -1.0, 1.0, 1.0, 1.0, -1.0, 1.0, -1.0, 1.0, -1.0, -1.0, 1.0, 1.0, -1.0, -1.0, 1.0, 1.0]]
  Reward: -0.541739284992218
  Account Value: None
  Done: False
  Policy Mean: [[76.90914916992188, 3.696723461151123, 64.4673843383789, 53.18507385253906, 117.64518737792969, 102.49601745605469, 75.94776916503906, 155.646484375, 27.242748260498047, 85.87191772460938, 90.06715393066406, 52.17296600341797, 34.92275619506836, -11.676592826843262, 113.47636413574219, 35.38975143432617, 28.33548927307129, -4.349004745483398, 112.6622543334961, -4.063649654388428, 12.159600257873535, -36.435733795166016, -13.303214073181152, 140.3895721435547, 100.15574645996094, -2.272819757461548, -80.64704132080078, 63.95220184326172, 115.15695190429688]]
  Policy Std: [[43844.8984375, 515550.875, 121949.6796875, 89716.4453125, 35223.109375, 363774.28125, 88782.4921875, 28417.400390625, 544453.4375, 67847.6484375, 159043.265625, 78901.9296875, 364476.09375, 270021.5625, 215201.53125, 154119.296875, 45780.5703125, 563088.9375, 189447.625, 121240.2265625, 428509.0625, 22923.458984375, 192233.625, 1016043.375, 950219.375, 950403.375, 366705.03125, 58515.27734375, 410836.65625]]

Step 62:
  Date/Day: 63
  Action: [[1.0, 1.0, 1.0, 1.0, 1.0, 1.0, 1.0, 1.0, 1.0, 1.0, 1.0, 1.0, 1.0, -1.0, 1.0, 1.0, 1.0, -1.0, 1.0, -1.0, 1.0, -1.0, -1.0, 1.0, 1.0, -1.0, -1.0, 1.0, 1.0]]
  Reward: 1.4858306646347046
  Account Value: None
  Done: False
  Policy Mean: [[76.90914916992188, 3.696723461151123, 64.4673843383789, 53.18507385253906, 117.64518737792969, 102.49601745605469, 75.94776916503906, 155.646484375, 27.242748260498047, 85.87191772460938, 90.06715393066406, 52.17296600341797, 34.92275619506836, -11.676592826843262, 113.47636413574219, 35.38975143432617, 28.33548927307129, -4.349004745483398, 112.6622543334961, -4.063649654388428, 12.159600257873535, -36.435733795166016, -13.303214073181152, 140.3895721435547, 100.15574645996094, -2.272819757461548, -80.64704132080078, 63.95220184326172, 115.15695190429688]]
  Policy Std: [[43844.8984375, 515550.875, 121949.6796875, 89716.4453125, 35223.109375, 363774.28125, 88782.4921875, 28417.400390625, 544453.4375, 67847.6484375, 159043.265625, 78901.9296875, 364476.09375, 270021.5625, 215201.53125, 154119.296875, 45780.5703125, 563088.9375, 189447.625, 121240.2265625, 428509.0625, 22923.458984375, 192233.625, 1016043.375, 950219.375, 950403.375, 366705.03125, 58515.27734375, 410836.65625]]

Step 63:
  Date/Day: 64
  Action: [[1.0, 1.0, 1.0, 1.0, 1.0, 1.0, 1.0, 1.0, 1.0, 1.0, 1.0, 1.0, 1.0, -1.0, 1.0, 1.0, 1.0, -1.0, 1.0, -1.0, 1.0, -1.0, -1.0, 1.0, 1.0, -1.0, -1.0, 1.0, 1.0]]
  Reward: 0.1382284164428711
  Account Value: None
  Done: False
  Policy Mean: [[76.90914916992188, 3.696723461151123, 64.4673843383789, 53.18507385253906, 117.64518737792969, 102.49601745605469, 75.94776916503906, 155.646484375, 27.242748260498047, 85.87191772460938, 90.06715393066406, 52.17296600341797, 34.92275619506836, -11.676592826843262, 113.47636413574219, 35.38975143432617, 28.33548927307129, -4.349004745483398, 112.6622543334961, -4.063649654388428, 12.159600257873535, -36.435733795166016, -13.303214073181152, 140.3895721435547, 100.15574645996094, -2.272819757461548, -80.64704132080078, 63.95220184326172, 115.15695190429688]]
  Policy Std: [[43844.8984375, 515550.875, 121949.6796875, 89716.4453125, 35223.109375, 363774.28125, 88782.4921875, 28417.400390625, 544453.4375, 67847.6484375, 159043.265625, 78901.9296875, 364476.09375, 270021.5625, 215201.53125, 154119.296875, 45780.5703125, 563088.9375, 189447.625, 121240.2265625, 428509.0625, 22923.458984375, 192233.625, 1016043.375, 950219.375, 950403.375, 366705.03125, 58515.27734375, 410836.65625]]

Step 64:
  Date/Day: 65
  Action: [[1.0, 1.0, 1.0, 1.0, 1.0, 1.0, 1.0, 1.0, 1.0, 1.0, 1.0, 1.0, 1.0, -1.0, 1.0, 1.0, 1.0, -1.0, 1.0, -1.0, 1.0, -1.0, -1.0, 1.0, 1.0, -1.0, -1.0, 1.0, 1.0]]
  Reward: -0.6331334710121155
  Account Value: None
  Done: False
  Policy Mean: [[76.90914916992188, 3.696723461151123, 64.4673843383789, 53.18507385253906, 117.64518737792969, 102.49601745605469, 75.94776916503906, 155.646484375, 27.242748260498047, 85.87191772460938, 90.06715393066406, 52.17296600341797, 34.92275619506836, -11.676592826843262, 113.47636413574219, 35.38975143432617, 28.33548927307129, -4.349004745483398, 112.6622543334961, -4.063649654388428, 12.159600257873535, -36.435733795166016, -13.303214073181152, 140.3895721435547, 100.15574645996094, -2.272819757461548, -80.64704132080078, 63.95220184326172, 115.15695190429688]]
  Policy Std: [[43844.8984375, 515550.875, 121949.6796875, 89716.4453125, 35223.109375, 363774.28125, 88782.4921875, 28417.400390625, 544453.4375, 67847.6484375, 159043.265625, 78901.9296875, 364476.09375, 270021.5625, 215201.53125, 154119.296875, 45780.5703125, 563088.9375, 189447.625, 121240.2265625, 428509.0625, 22923.458984375, 192233.625, 1016043.375, 950219.375, 950403.375, 366705.03125, 58515.27734375, 410836.65625]]

Step 65:
  Date/Day: 66
  Action: [[1.0, 1.0, 1.0, 1.0, 1.0, 1.0, 1.0, 1.0, 1.0, 1.0, 1.0, 1.0, 1.0, -1.0, 1.0, 1.0, 1.0, -1.0, 1.0, -1.0, 1.0, -1.0, -1.0, 1.0, 1.0, -1.0, -1.0, 1.0, 1.0]]
  Reward: 1.9346498250961304
  Account Value: None
  Done: False
  Policy Mean: [[76.90914916992188, 3.696723461151123, 64.4673843383789, 53.18507385253906, 117.64518737792969, 102.49601745605469, 75.94776916503906, 155.646484375, 27.242748260498047, 85.87191772460938, 90.06715393066406, 52.17296600341797, 34.92275619506836, -11.676592826843262, 113.47636413574219, 35.38975143432617, 28.33548927307129, -4.349004745483398, 112.6622543334961, -4.063649654388428, 12.159600257873535, -36.435733795166016, -13.303214073181152, 140.3895721435547, 100.15574645996094, -2.272819757461548, -80.64704132080078, 63.95220184326172, 115.15695190429688]]
  Policy Std: [[43844.8984375, 515550.875, 121949.6796875, 89716.4453125, 35223.109375, 363774.28125, 88782.4921875, 28417.400390625, 544453.4375, 67847.6484375, 159043.265625, 78901.9296875, 364476.09375, 270021.5625, 215201.53125, 154119.296875, 45780.5703125, 563088.9375, 189447.625, 121240.2265625, 428509.0625, 22923.458984375, 192233.625, 1016043.375, 950219.375, 950403.375, 366705.03125, 58515.27734375, 410836.65625]]

Step 66:
  Date/Day: 67
  Action: [[1.0, 1.0, 1.0, 1.0, 1.0, 1.0, 1.0, 1.0, 1.0, 1.0, 1.0, 1.0, 1.0, -1.0, 1.0, 1.0, 1.0, -1.0, 1.0, -1.0, 1.0, -1.0, -1.0, 1.0, 1.0, -1.0, -1.0, 1.0, 1.0]]
  Reward: -1.5732955932617188
  Account Value: None
  Done: False
  Policy Mean: [[76.9088363647461, 3.673914909362793, 64.45564270019531, 53.14973831176758, 117.6268081665039, 102.4747085571289, 75.93749237060547, 155.62783813476562, 27.252643585205078, 85.84884643554688, 90.0422134399414, 52.167694091796875, 34.91583251953125, -11.67236328125, 113.4697494506836, 35.38766098022461, 28.310312271118164, -4.356412410736084, 112.64815521240234, -4.073514461517334, 12.15839672088623, -36.449710845947266, -13.312460899353027, 140.39576721191406, 100.17021179199219, -2.2725119590759277, -80.66117095947266, 63.94870376586914, 115.15355682373047]]
  Policy Std: [[43844.8984375, 515550.875, 121949.6796875, 89716.4453125, 35223.109375, 363774.28125, 88782.4921875, 28417.400390625, 544453.4375, 67847.6484375, 159043.265625, 78901.9296875, 364476.09375, 270021.5625, 215201.53125, 154119.296875, 45780.5703125, 563088.9375, 189447.625, 121240.2265625, 428509.0625, 22923.458984375, 192233.625, 1016043.375, 950219.375, 950403.375, 366705.03125, 58515.27734375, 410836.65625]]

Step 67:
  Date/Day: 68
  Action: [[1.0, 1.0, 1.0, 1.0, 1.0, 1.0, 1.0, 1.0, 1.0, 1.0, 1.0, 1.0, 1.0, -1.0, 1.0, 1.0, 1.0, -1.0, 1.0, -1.0, 1.0, -1.0, -1.0, 1.0, 1.0, -1.0, -1.0, 1.0, 1.0]]
  Reward: 2.2620480060577393
  Account Value: None
  Done: False
  Policy Mean: [[76.9088363647461, 3.6739158630371094, 64.45564270019531, 53.14973831176758, 117.6268081665039, 102.4747085571289, 75.93749237060547, 155.62783813476562, 27.252643585205078, 85.84884643554688, 90.0422134399414, 52.167694091796875, 34.91583251953125, -11.67236328125, 113.46975708007812, 35.38766098022461, 28.310312271118164, -4.356411933898926, 112.64815521240234, -4.073513984680176, 12.15839672088623, -36.449710845947266, -13.312460899353027, 140.39576721191406, 100.17021179199219, -2.2725119590759277, -80.66117095947266, 63.94870376586914, 115.15355682373047]]
  Policy Std: [[43844.8984375, 515550.875, 121949.6796875, 89716.4453125, 35223.109375, 363774.28125, 88782.4921875, 28417.400390625, 544453.4375, 67847.6484375, 159043.265625, 78901.9296875, 364476.09375, 270021.5625, 215201.53125, 154119.296875, 45780.5703125, 563088.9375, 189447.625, 121240.2265625, 428509.0625, 22923.458984375, 192233.625, 1016043.375, 950219.375, 950403.375, 366705.03125, 58515.27734375, 410836.65625]]

Step 68:
  Date/Day: 69
  Action: [[1.0, 1.0, 1.0, 1.0, 1.0, 1.0, 1.0, 1.0, 1.0, 1.0, 1.0, 1.0, 1.0, -1.0, 1.0, 1.0, 1.0, -1.0, 1.0, -1.0, 1.0, -1.0, -1.0, 1.0, 1.0, -1.0, -1.0, 1.0, 1.0]]
  Reward: 0.5227701663970947
  Account Value: None
  Done: False
  Policy Mean: [[76.9088363647461, 3.673914909362793, 64.45564270019531, 53.14973831176758, 117.6268081665039, 102.4747085571289, 75.93749237060547, 155.62783813476562, 27.252643585205078, 85.84884643554688, 90.0422134399414, 52.167694091796875, 34.91583251953125, -11.67236328125, 113.4697494506836, 35.38766098022461, 28.310312271118164, -4.356412410736084, 112.64815521240234, -4.073514461517334, 12.15839672088623, -36.449710845947266, -13.312460899353027, 140.39576721191406, 100.17021179199219, -2.2725119590759277, -80.66117095947266, 63.94870376586914, 115.15355682373047]]
  Policy Std: [[43844.8984375, 515550.875, 121949.6796875, 89716.4453125, 35223.109375, 363774.28125, 88782.4921875, 28417.400390625, 544453.4375, 67847.6484375, 159043.265625, 78901.9296875, 364476.09375, 270021.5625, 215201.53125, 154119.296875, 45780.5703125, 563088.9375, 189447.625, 121240.2265625, 428509.0625, 22923.458984375, 192233.625, 1016043.375, 950219.375, 950403.375, 366705.03125, 58515.27734375, 410836.65625]]

Step 69:
  Date/Day: 70
  Action: [[1.0, 1.0, 1.0, 1.0, 1.0, 1.0, 1.0, 1.0, 1.0, 1.0, 1.0, 1.0, 1.0, -1.0, 1.0, 1.0, 1.0, -1.0, 1.0, -1.0, 1.0, -1.0, -1.0, 1.0, 1.0, -1.0, -1.0, 1.0, 1.0]]
  Reward: 0.7398465275764465
  Account Value: None
  Done: False
  Policy Mean: [[76.9088363647461, 3.673914909362793, 64.45564270019531, 53.14973831176758, 117.6268081665039, 102.4747085571289, 75.93749237060547, 155.62783813476562, 27.252643585205078, 85.84884643554688, 90.0422134399414, 52.167694091796875, 34.91583251953125, -11.67236328125, 113.4697494506836, 35.38766098022461, 28.310312271118164, -4.356412410736084, 112.64815521240234, -4.073514461517334, 12.15839672088623, -36.449710845947266, -13.312460899353027, 140.39576721191406, 100.17021179199219, -2.2725119590759277, -80.66117095947266, 63.94870376586914, 115.15355682373047]]
  Policy Std: [[43844.8984375, 515550.875, 121949.6796875, 89716.4453125, 35223.109375, 363774.28125, 88782.4921875, 28417.400390625, 544453.4375, 67847.6484375, 159043.265625, 78901.9296875, 364476.09375, 270021.5625, 215201.53125, 154119.296875, 45780.5703125, 563088.9375, 189447.625, 121240.2265625, 428509.0625, 22923.458984375, 192233.625, 1016043.375, 950219.375, 950403.375, 366705.03125, 58515.27734375, 410836.65625]]

Step 70:
  Date/Day: 71
  Action: [[1.0, 1.0, 1.0, 1.0, 1.0, 1.0, 1.0, 1.0, 1.0, 1.0, 1.0, 1.0, 1.0, -1.0, 1.0, 1.0, 1.0, -1.0, 1.0, -1.0, 1.0, -1.0, -1.0, 1.0, 1.0, -1.0, -1.0, 1.0, 1.0]]
  Reward: 1.160377860069275
  Account Value: None
  Done: False
  Policy Mean: [[76.9088363647461, 3.673914909362793, 64.45564270019531, 53.14973831176758, 117.6268081665039, 102.4747085571289, 75.93749237060547, 155.62783813476562, 27.252643585205078, 85.84884643554688, 90.0422134399414, 52.167694091796875, 34.91583251953125, -11.67236328125, 113.4697494506836, 35.38766098022461, 28.310312271118164, -4.356412410736084, 112.64815521240234, -4.073514461517334, 12.15839672088623, -36.449710845947266, -13.312460899353027, 140.39576721191406, 100.17021179199219, -2.2725119590759277, -80.66117095947266, 63.94870376586914, 115.15355682373047]]
  Policy Std: [[43844.8984375, 515550.875, 121949.6796875, 89716.4453125, 35223.109375, 363774.28125, 88782.4921875, 28417.400390625, 544453.4375, 67847.6484375, 159043.265625, 78901.9296875, 364476.09375, 270021.5625, 215201.53125, 154119.296875, 45780.5703125, 563088.9375, 189447.625, 121240.2265625, 428509.0625, 22923.458984375, 192233.625, 1016043.375, 950219.375, 950403.375, 366705.03125, 58515.27734375, 410836.65625]]

Step 71:
  Date/Day: 72
  Action: [[1.0, 1.0, 1.0, 1.0, 1.0, 1.0, 1.0, 1.0, 1.0, 1.0, 1.0, 1.0, 1.0, -1.0, 1.0, 1.0, 1.0, -1.0, 1.0, -1.0, 1.0, -1.0, -1.0, 1.0, 1.0, -1.0, -1.0, 1.0, 1.0]]
  Reward: -0.6212384104728699
  Account Value: None
  Done: False
  Policy Mean: [[76.9088363647461, 3.673914909362793, 64.45564270019531, 53.14973831176758, 117.6268081665039, 102.4747085571289, 75.93749237060547, 155.62783813476562, 27.252643585205078, 85.84884643554688, 90.0422134399414, 52.167694091796875, 34.91583251953125, -11.67236328125, 113.4697494506836, 35.38766098022461, 28.310312271118164, -4.356412410736084, 112.64815521240234, -4.073514461517334, 12.15839672088623, -36.449710845947266, -13.312460899353027, 140.39576721191406, 100.17021179199219, -2.2725119590759277, -80.66117095947266, 63.94870376586914, 115.15355682373047]]
  Policy Std: [[43844.8984375, 515550.875, 121949.6796875, 89716.4453125, 35223.109375, 363774.28125, 88782.4921875, 28417.400390625, 544453.4375, 67847.6484375, 159043.265625, 78901.9296875, 364476.09375, 270021.5625, 215201.53125, 154119.296875, 45780.5703125, 563088.9375, 189447.625, 121240.2265625, 428509.0625, 22923.458984375, 192233.625, 1016043.375, 950219.375, 950403.375, 366705.03125, 58515.27734375, 410836.65625]]

Step 72:
  Date/Day: 73
  Action: [[1.0, 1.0, 1.0, 1.0, 1.0, 1.0, 1.0, 1.0, 1.0, 1.0, 1.0, 1.0, 1.0, -1.0, 1.0, 1.0, 1.0, -1.0, 1.0, -1.0, 1.0, -1.0, -1.0, 1.0, 1.0, -1.0, -1.0, 1.0, 1.0]]
  Reward: -0.7713508009910583
  Account Value: None
  Done: False
  Policy Mean: [[76.9088363647461, 3.673914909362793, 64.45564270019531, 53.14973831176758, 117.6268081665039, 102.4747085571289, 75.93749237060547, 155.62783813476562, 27.252643585205078, 85.84884643554688, 90.0422134399414, 52.167694091796875, 34.91583251953125, -11.67236328125, 113.4697494506836, 35.38766098022461, 28.310312271118164, -4.356412410736084, 112.64815521240234, -4.073514461517334, 12.15839672088623, -36.449710845947266, -13.312460899353027, 140.39576721191406, 100.17021179199219, -2.2725119590759277, -80.66117095947266, 63.94870376586914, 115.15355682373047]]
  Policy Std: [[43844.8984375, 515550.875, 121949.6796875, 89716.4453125, 35223.109375, 363774.28125, 88782.4921875, 28417.400390625, 544453.4375, 67847.6484375, 159043.265625, 78901.9296875, 364476.09375, 270021.5625, 215201.53125, 154119.296875, 45780.5703125, 563088.9375, 189447.625, 121240.2265625, 428509.0625, 22923.458984375, 192233.625, 1016043.375, 950219.375, 950403.375, 366705.03125, 58515.27734375, 410836.65625]]

Step 73:
  Date/Day: 74
  Action: [[1.0, 1.0, 1.0, 1.0, 1.0, 1.0, 1.0, 1.0, 1.0, 1.0, 1.0, 1.0, 1.0, -1.0, 1.0, 1.0, 1.0, -1.0, 1.0, -1.0, 1.0, -1.0, -1.0, 1.0, 1.0, -1.0, -1.0, 1.0, 1.0]]
  Reward: -0.018644556403160095
  Account Value: None
  Done: False
  Policy Mean: [[76.9088363647461, 3.673914909362793, 64.45564270019531, 53.14973831176758, 117.6268081665039, 102.4747085571289, 75.93749237060547, 155.62783813476562, 27.252643585205078, 85.84884643554688, 90.0422134399414, 52.167694091796875, 34.91583251953125, -11.67236328125, 113.4697494506836, 35.38766098022461, 28.310312271118164, -4.356412410736084, 112.64815521240234, -4.073514461517334, 12.15839672088623, -36.449710845947266, -13.312460899353027, 140.39576721191406, 100.17021179199219, -2.2725119590759277, -80.66117095947266, 63.94870376586914, 115.15355682373047]]
  Policy Std: [[43844.8984375, 515550.875, 121949.6796875, 89716.4453125, 35223.109375, 363774.28125, 88782.4921875, 28417.400390625, 544453.4375, 67847.6484375, 159043.265625, 78901.9296875, 364476.09375, 270021.5625, 215201.53125, 154119.296875, 45780.5703125, 563088.9375, 189447.625, 121240.2265625, 428509.0625, 22923.458984375, 192233.625, 1016043.375, 950219.375, 950403.375, 366705.03125, 58515.27734375, 410836.65625]]

Step 74:
  Date/Day: 75
  Action: [[1.0, 1.0, 1.0, 1.0, 1.0, 1.0, 1.0, 1.0, 1.0, 1.0, 1.0, 1.0, 1.0, -1.0, 1.0, 1.0, 1.0, -1.0, 1.0, -1.0, 1.0, -1.0, -1.0, 1.0, 1.0, -1.0, -1.0, 1.0, 1.0]]
  Reward: 0.5285307765007019
  Account Value: None
  Done: False
  Policy Mean: [[76.9088363647461, 3.673914909362793, 64.45564270019531, 53.14973831176758, 117.6268081665039, 102.4747085571289, 75.93749237060547, 155.62783813476562, 27.252643585205078, 85.84884643554688, 90.0422134399414, 52.167694091796875, 34.91583251953125, -11.67236328125, 113.4697494506836, 35.38766098022461, 28.310312271118164, -4.356412410736084, 112.64815521240234, -4.073514461517334, 12.15839672088623, -36.449710845947266, -13.312460899353027, 140.39576721191406, 100.17021179199219, -2.2725119590759277, -80.66117095947266, 63.94870376586914, 115.15355682373047]]
  Policy Std: [[43844.8984375, 515550.875, 121949.6796875, 89716.4453125, 35223.109375, 363774.28125, 88782.4921875, 28417.400390625, 544453.4375, 67847.6484375, 159043.265625, 78901.9296875, 364476.09375, 270021.5625, 215201.53125, 154119.296875, 45780.5703125, 563088.9375, 189447.625, 121240.2265625, 428509.0625, 22923.458984375, 192233.625, 1016043.375, 950219.375, 950403.375, 366705.03125, 58515.27734375, 410836.65625]]

Step 75:
  Date/Day: 76
  Action: [[1.0, 1.0, 1.0, 1.0, 1.0, 1.0, 1.0, 1.0, 1.0, 1.0, 1.0, 1.0, 1.0, -1.0, 1.0, 1.0, 1.0, -1.0, 1.0, -1.0, 1.0, -1.0, -1.0, 1.0, 1.0, -1.0, -1.0, 1.0, 1.0]]
  Reward: -1.6444926261901855
  Account Value: None
  Done: False
  Policy Mean: [[76.9088363647461, 3.673914909362793, 64.45564270019531, 53.14973831176758, 117.6268081665039, 102.4747085571289, 75.93749237060547, 155.62783813476562, 27.252643585205078, 85.84884643554688, 90.0422134399414, 52.167694091796875, 34.91583251953125, -11.67236328125, 113.4697494506836, 35.38766098022461, 28.310312271118164, -4.356412410736084, 112.64815521240234, -4.073514461517334, 12.15839672088623, -36.449710845947266, -13.312460899353027, 140.39576721191406, 100.17021179199219, -2.2725119590759277, -80.66117095947266, 63.94870376586914, 115.15355682373047]]
  Policy Std: [[43844.8984375, 515550.875, 121949.6796875, 89716.4453125, 35223.109375, 363774.28125, 88782.4921875, 28417.400390625, 544453.4375, 67847.6484375, 159043.265625, 78901.9296875, 364476.09375, 270021.5625, 215201.53125, 154119.296875, 45780.5703125, 563088.9375, 189447.625, 121240.2265625, 428509.0625, 22923.458984375, 192233.625, 1016043.375, 950219.375, 950403.375, 366705.03125, 58515.27734375, 410836.65625]]

Step 76:
  Date/Day: 77
  Action: [[1.0, 1.0, 1.0, 1.0, 1.0, 1.0, 1.0, 1.0, 1.0, 1.0, 1.0, 1.0, 1.0, -1.0, 1.0, 1.0, 1.0, -1.0, 1.0, -1.0, 1.0, -1.0, -1.0, 1.0, 1.0, -1.0, -1.0, 1.0, 1.0]]
  Reward: 0.5440942049026489
  Account Value: None
  Done: False
  Policy Mean: [[76.9088363647461, 3.673914909362793, 64.45564270019531, 53.14973831176758, 117.6268081665039, 102.4747085571289, 75.93749237060547, 155.62783813476562, 27.252643585205078, 85.84884643554688, 90.0422134399414, 52.167694091796875, 34.91583251953125, -11.67236328125, 113.4697494506836, 35.38766098022461, 28.310312271118164, -4.356412410736084, 112.64815521240234, -4.073514461517334, 12.15839672088623, -36.449710845947266, -13.312460899353027, 140.39576721191406, 100.17021179199219, -2.2725119590759277, -80.66117095947266, 63.94870376586914, 115.15355682373047]]
  Policy Std: [[43844.8984375, 515550.875, 121949.6796875, 89716.4453125, 35223.109375, 363774.28125, 88782.4921875, 28417.400390625, 544453.4375, 67847.6484375, 159043.265625, 78901.9296875, 364476.09375, 270021.5625, 215201.53125, 154119.296875, 45780.5703125, 563088.9375, 189447.625, 121240.2265625, 428509.0625, 22923.458984375, 192233.625, 1016043.375, 950219.375, 950403.375, 366705.03125, 58515.27734375, 410836.65625]]

Step 77:
  Date/Day: 78
  Action: [[1.0, 1.0, 1.0, 1.0, 1.0, 1.0, 1.0, 1.0, 1.0, 1.0, 1.0, 1.0, 1.0, -1.0, 1.0, 1.0, 1.0, -1.0, 1.0, -1.0, 1.0, -1.0, -1.0, 1.0, 1.0, -1.0, -1.0, 1.0, 1.0]]
  Reward: -0.4326588213443756
  Account Value: None
  Done: False
  Policy Mean: [[76.9088363647461, 3.673914909362793, 64.45564270019531, 53.14973831176758, 117.6268081665039, 102.4747085571289, 75.93749237060547, 155.62783813476562, 27.252643585205078, 85.84884643554688, 90.0422134399414, 52.167694091796875, 34.91583251953125, -11.67236328125, 113.4697494506836, 35.38766098022461, 28.310312271118164, -4.356412410736084, 112.64815521240234, -4.073514461517334, 12.15839672088623, -36.449710845947266, -13.312460899353027, 140.39576721191406, 100.17021179199219, -2.2725119590759277, -80.66117095947266, 63.94870376586914, 115.15355682373047]]
  Policy Std: [[43844.8984375, 515550.875, 121949.6796875, 89716.4453125, 35223.109375, 363774.28125, 88782.4921875, 28417.400390625, 544453.4375, 67847.6484375, 159043.265625, 78901.9296875, 364476.09375, 270021.5625, 215201.53125, 154119.296875, 45780.5703125, 563088.9375, 189447.625, 121240.2265625, 428509.0625, 22923.458984375, 192233.625, 1016043.375, 950219.375, 950403.375, 366705.03125, 58515.27734375, 410836.65625]]

Step 78:
  Date/Day: 79
  Action: [[1.0, 1.0, 1.0, 1.0, 1.0, 1.0, 1.0, 1.0, 1.0, 1.0, 1.0, 1.0, 1.0, -1.0, 1.0, 1.0, 1.0, -1.0, 1.0, -1.0, 1.0, -1.0, -1.0, 1.0, 1.0, -1.0, -1.0, 1.0, 1.0]]
  Reward: 0.6467888951301575
  Account Value: None
  Done: False
  Policy Mean: [[76.9088363647461, 3.673914909362793, 64.45564270019531, 53.14973831176758, 117.6268081665039, 102.4747085571289, 75.93749237060547, 155.62783813476562, 27.252643585205078, 85.84884643554688, 90.0422134399414, 52.167694091796875, 34.91583251953125, -11.67236328125, 113.4697494506836, 35.38766098022461, 28.310312271118164, -4.356412410736084, 112.64815521240234, -4.073514461517334, 12.15839672088623, -36.449710845947266, -13.312460899353027, 140.39576721191406, 100.17021179199219, -2.2725119590759277, -80.66117095947266, 63.94870376586914, 115.15355682373047]]
  Policy Std: [[43844.8984375, 515550.875, 121949.6796875, 89716.4453125, 35223.109375, 363774.28125, 88782.4921875, 28417.400390625, 544453.4375, 67847.6484375, 159043.265625, 78901.9296875, 364476.09375, 270021.5625, 215201.53125, 154119.296875, 45780.5703125, 563088.9375, 189447.625, 121240.2265625, 428509.0625, 22923.458984375, 192233.625, 1016043.375, 950219.375, 950403.375, 366705.03125, 58515.27734375, 410836.65625]]

Step 79:
  Date/Day: 80
  Action: [[1.0, 1.0, 1.0, 1.0, 1.0, 1.0, 1.0, 1.0, 1.0, 1.0, 1.0, 1.0, 1.0, -1.0, 1.0, 1.0, 1.0, -1.0, 1.0, -1.0, 1.0, -1.0, -1.0, 1.0, 1.0, -1.0, -1.0, 1.0, 1.0]]
  Reward: 0.09693287312984467
  Account Value: None
  Done: False
  Policy Mean: [[76.9088363647461, 3.673914909362793, 64.45564270019531, 53.14973831176758, 117.6268081665039, 102.4747085571289, 75.93749237060547, 155.62783813476562, 27.252643585205078, 85.84884643554688, 90.0422134399414, 52.167694091796875, 34.91583251953125, -11.67236328125, 113.4697494506836, 35.38766098022461, 28.310312271118164, -4.356412410736084, 112.64815521240234, -4.073514461517334, 12.15839672088623, -36.449710845947266, -13.312460899353027, 140.39576721191406, 100.17021179199219, -2.2725119590759277, -80.66117095947266, 63.94870376586914, 115.15355682373047]]
  Policy Std: [[43844.8984375, 515550.875, 121949.6796875, 89716.4453125, 35223.109375, 363774.28125, 88782.4921875, 28417.400390625, 544453.4375, 67847.6484375, 159043.265625, 78901.9296875, 364476.09375, 270021.5625, 215201.53125, 154119.296875, 45780.5703125, 563088.9375, 189447.625, 121240.2265625, 428509.0625, 22923.458984375, 192233.625, 1016043.375, 950219.375, 950403.375, 366705.03125, 58515.27734375, 410836.65625]]

Step 80:
  Date/Day: 81
  Action: [[1.0, 1.0, 1.0, 1.0, 1.0, 1.0, 1.0, 1.0, 1.0, 1.0, 1.0, 1.0, 1.0, -1.0, 1.0, 1.0, 1.0, -1.0, 1.0, -1.0, 1.0, -1.0, -1.0, 1.0, 1.0, -1.0, -1.0, 1.0, 1.0]]
  Reward: -2.6601593494415283
  Account Value: None
  Done: False
  Policy Mean: [[76.9088363647461, 3.673914909362793, 64.45564270019531, 53.14973831176758, 117.6268081665039, 102.4747085571289, 75.93749237060547, 155.62783813476562, 27.252643585205078, 85.84884643554688, 90.0422134399414, 52.167694091796875, 34.91583251953125, -11.67236328125, 113.4697494506836, 35.38766098022461, 28.310312271118164, -4.356412410736084, 112.64815521240234, -4.073514461517334, 12.15839672088623, -36.449710845947266, -13.312460899353027, 140.39576721191406, 100.17021179199219, -2.2725119590759277, -80.66117095947266, 63.94870376586914, 115.15355682373047]]
  Policy Std: [[43844.8984375, 515550.875, 121949.6796875, 89716.4453125, 35223.109375, 363774.28125, 88782.4921875, 28417.400390625, 544453.4375, 67847.6484375, 159043.265625, 78901.9296875, 364476.09375, 270021.5625, 215201.53125, 154119.296875, 45780.5703125, 563088.9375, 189447.625, 121240.2265625, 428509.0625, 22923.458984375, 192233.625, 1016043.375, 950219.375, 950403.375, 366705.03125, 58515.27734375, 410836.65625]]

Step 81:
  Date/Day: 82
  Action: [[1.0, 1.0, 1.0, 1.0, 1.0, 1.0, 1.0, 1.0, 1.0, 1.0, 1.0, 1.0, 1.0, -1.0, 1.0, 1.0, 1.0, -1.0, 1.0, -1.0, 1.0, -1.0, -1.0, 1.0, 1.0, -1.0, -1.0, 1.0, 1.0]]
  Reward: -0.8208199739456177
  Account Value: None
  Done: False
  Policy Mean: [[76.9094009399414, 3.6983163356781006, 64.46847534179688, 53.18817901611328, 117.64702606201172, 102.49777221679688, 75.94884490966797, 155.64830017089844, 27.242170333862305, 85.87422180175781, 90.06932830810547, 52.173709869384766, 34.92339324951172, -11.676872253417969, 113.47736358642578, 35.3900146484375, 28.337268829345703, -4.348258972167969, 112.66380310058594, -4.062761306762695, 12.159826278686523, -36.434627532958984, -13.302550315856934, 140.3895721435547, 100.1551513671875, -2.272799491882324, -80.64617156982422, 63.95278549194336, 115.1575927734375]]
  Policy Std: [[43844.8984375, 515550.875, 121949.6796875, 89716.4453125, 35223.109375, 363774.28125, 88782.4921875, 28417.400390625, 544453.4375, 67847.6484375, 159043.265625, 78901.9296875, 364476.09375, 270021.5625, 215201.53125, 154119.296875, 45780.5703125, 563088.9375, 189447.625, 121240.2265625, 428509.0625, 22923.458984375, 192233.625, 1016043.375, 950219.375, 950403.375, 366705.03125, 58515.27734375, 410836.65625]]

Step 82:
  Date/Day: 83
  Action: [[1.0, 1.0, 1.0, 1.0, 1.0, 1.0, 1.0, 1.0, 1.0, 1.0, 1.0, 1.0, 1.0, -1.0, 1.0, 1.0, 1.0, -1.0, 1.0, -1.0, 1.0, -1.0, -1.0, 1.0, 1.0, -1.0, -1.0, 1.0, 1.0]]
  Reward: -3.48514723777771
  Account Value: None
  Done: False
  Policy Mean: [[76.9094009399414, 3.6983163356781006, 64.46847534179688, 53.18817901611328, 117.64702606201172, 102.49777221679688, 75.94884490966797, 155.64830017089844, 27.242170333862305, 85.87422180175781, 90.06932830810547, 52.173709869384766, 34.92339324951172, -11.676872253417969, 113.47736358642578, 35.3900146484375, 28.337268829345703, -4.348258972167969, 112.66380310058594, -4.062761306762695, 12.159826278686523, -36.434627532958984, -13.302550315856934, 140.3895721435547, 100.1551513671875, -2.272799491882324, -80.64617156982422, 63.95278549194336, 115.1575927734375]]
  Policy Std: [[43844.8984375, 515550.875, 121949.6796875, 89716.4453125, 35223.109375, 363774.28125, 88782.4921875, 28417.400390625, 544453.4375, 67847.6484375, 159043.265625, 78901.9296875, 364476.09375, 270021.5625, 215201.53125, 154119.296875, 45780.5703125, 563088.9375, 189447.625, 121240.2265625, 428509.0625, 22923.458984375, 192233.625, 1016043.375, 950219.375, 950403.375, 366705.03125, 58515.27734375, 410836.65625]]

Step 83:
  Date/Day: 84
  Action: [[1.0, 1.0, 1.0, 1.0, 1.0, 1.0, 1.0, 1.0, 1.0, 1.0, 1.0, 1.0, 1.0, -1.0, 1.0, 1.0, 1.0, -1.0, 1.0, -1.0, 1.0, -1.0, -1.0, 1.0, 1.0, -1.0, -1.0, 1.0, 1.0]]
  Reward: 0.40461575984954834
  Account Value: None
  Done: False
  Policy Mean: [[76.91026306152344, 3.6940574645996094, 64.46672058105469, 53.17943572998047, 117.64366149902344, 102.49540710449219, 75.94727325439453, 155.64599609375, 27.244327545166016, 85.868408203125, 90.06481170654297, 52.171531677246094, 34.922271728515625, -11.676664352416992, 113.4763412475586, 35.38941192626953, 28.333038330078125, -4.351195812225342, 112.66119384765625, -4.065835475921631, 12.159056663513184, -36.43904113769531, -13.304816246032715, 140.3922882080078, 100.1585464477539, -2.273200035095215, -80.65052032470703, 63.95207214355469, 115.1578598022461]]
  Policy Std: [[43844.8984375, 515550.875, 121949.6796875, 89716.4453125, 35223.109375, 363774.28125, 88782.4921875, 28417.400390625, 544453.4375, 67847.6484375, 159043.265625, 78901.9296875, 364476.09375, 270021.5625, 215201.53125, 154119.296875, 45780.5703125, 563088.9375, 189447.625, 121240.2265625, 428509.0625, 22923.458984375, 192233.625, 1016043.375, 950219.375, 950403.375, 366705.03125, 58515.27734375, 410836.65625]]

Step 84:
  Date/Day: 85
  Action: [[1.0, 1.0, 1.0, 1.0, 1.0, 1.0, 1.0, 1.0, 1.0, 1.0, 1.0, 1.0, 1.0, -1.0, 1.0, 1.0, 1.0, -1.0, 1.0, -1.0, 1.0, -1.0, -1.0, 1.0, 1.0, -1.0, -1.0, 1.0, 1.0]]
  Reward: -0.48099660873413086
  Account Value: None
  Done: False
  Policy Mean: [[76.91026306152344, 3.6940574645996094, 64.46672058105469, 53.17943572998047, 117.64366149902344, 102.49540710449219, 75.94727325439453, 155.64599609375, 27.244327545166016, 85.868408203125, 90.06481170654297, 52.171531677246094, 34.922271728515625, -11.676664352416992, 113.4763412475586, 35.38941192626953, 28.333038330078125, -4.351195812225342, 112.66119384765625, -4.065835475921631, 12.159056663513184, -36.43904113769531, -13.304816246032715, 140.3922882080078, 100.1585464477539, -2.273200035095215, -80.65052032470703, 63.95207214355469, 115.1578598022461]]
  Policy Std: [[43844.8984375, 515550.875, 121949.6796875, 89716.4453125, 35223.109375, 363774.28125, 88782.4921875, 28417.400390625, 544453.4375, 67847.6484375, 159043.265625, 78901.9296875, 364476.09375, 270021.5625, 215201.53125, 154119.296875, 45780.5703125, 563088.9375, 189447.625, 121240.2265625, 428509.0625, 22923.458984375, 192233.625, 1016043.375, 950219.375, 950403.375, 366705.03125, 58515.27734375, 410836.65625]]

Step 85:
  Date/Day: 86
  Action: [[1.0, 1.0, 1.0, 1.0, 1.0, 1.0, 1.0, 1.0, 1.0, 1.0, 1.0, 1.0, 1.0, -1.0, 1.0, 1.0, 1.0, -1.0, 1.0, -1.0, 1.0, -1.0, -1.0, 1.0, 1.0, -1.0, -1.0, 1.0, 1.0]]
  Reward: 1.7027437686920166
  Account Value: None
  Done: False
  Policy Mean: [[76.91026306152344, 3.6940574645996094, 64.46672058105469, 53.17943572998047, 117.64366149902344, 102.49540710449219, 75.94727325439453, 155.64599609375, 27.244327545166016, 85.868408203125, 90.06481170654297, 52.171531677246094, 34.922271728515625, -11.676664352416992, 113.4763412475586, 35.38941192626953, 28.333038330078125, -4.351195812225342, 112.66119384765625, -4.065835475921631, 12.159056663513184, -36.43904113769531, -13.304816246032715, 140.3922882080078, 100.1585464477539, -2.273200035095215, -80.65052032470703, 63.95207214355469, 115.1578598022461]]
  Policy Std: [[43844.8984375, 515550.875, 121949.6796875, 89716.4453125, 35223.109375, 363774.28125, 88782.4921875, 28417.400390625, 544453.4375, 67847.6484375, 159043.265625, 78901.9296875, 364476.09375, 270021.5625, 215201.53125, 154119.296875, 45780.5703125, 563088.9375, 189447.625, 121240.2265625, 428509.0625, 22923.458984375, 192233.625, 1016043.375, 950219.375, 950403.375, 366705.03125, 58515.27734375, 410836.65625]]

Step 86:
  Date/Day: 87
  Action: [[1.0, 1.0, 1.0, 1.0, 1.0, 1.0, 1.0, 1.0, 1.0, 1.0, 1.0, 1.0, 1.0, -1.0, 1.0, 1.0, 1.0, -1.0, 1.0, -1.0, 1.0, -1.0, -1.0, 1.0, 1.0, -1.0, -1.0, 1.0, 1.0]]
  Reward: 2.2818264961242676
  Account Value: None
  Done: False
  Policy Mean: [[76.9094009399414, 3.6983163356781006, 64.46847534179688, 53.18817901611328, 117.64702606201172, 102.49777221679688, 75.94884490966797, 155.64830017089844, 27.242170333862305, 85.87422180175781, 90.06932830810547, 52.173709869384766, 34.92339324951172, -11.676872253417969, 113.47736358642578, 35.3900146484375, 28.337268829345703, -4.348258972167969, 112.66380310058594, -4.062761306762695, 12.159826278686523, -36.434627532958984, -13.302550315856934, 140.3895721435547, 100.1551513671875, -2.272799491882324, -80.64617156982422, 63.95278549194336, 115.1575927734375]]
  Policy Std: [[43844.8984375, 515550.875, 121949.6796875, 89716.4453125, 35223.109375, 363774.28125, 88782.4921875, 28417.400390625, 544453.4375, 67847.6484375, 159043.265625, 78901.9296875, 364476.09375, 270021.5625, 215201.53125, 154119.296875, 45780.5703125, 563088.9375, 189447.625, 121240.2265625, 428509.0625, 22923.458984375, 192233.625, 1016043.375, 950219.375, 950403.375, 366705.03125, 58515.27734375, 410836.65625]]

Step 87:
  Date/Day: 88
  Action: [[1.0, 1.0, 1.0, 1.0, 1.0, 1.0, 1.0, 1.0, 1.0, 1.0, 1.0, 1.0, 1.0, -1.0, 1.0, 1.0, 1.0, -1.0, 1.0, -1.0, 1.0, -1.0, -1.0, 1.0, 1.0, -1.0, -1.0, 1.0, 1.0]]
  Reward: 1.7886961698532104
  Account Value: None
  Done: False
  Policy Mean: [[76.9094009399414, 3.6983163356781006, 64.46847534179688, 53.18817901611328, 117.64702606201172, 102.49777221679688, 75.94884490966797, 155.64830017089844, 27.242170333862305, 85.87422180175781, 90.06932830810547, 52.173709869384766, 34.92339324951172, -11.676872253417969, 113.47736358642578, 35.3900146484375, 28.337268829345703, -4.348258972167969, 112.66380310058594, -4.062761306762695, 12.159826278686523, -36.434627532958984, -13.302550315856934, 140.3895721435547, 100.1551513671875, -2.272799491882324, -80.64617156982422, 63.95278549194336, 115.1575927734375]]
  Policy Std: [[43844.8984375, 515550.875, 121949.6796875, 89716.4453125, 35223.109375, 363774.28125, 88782.4921875, 28417.400390625, 544453.4375, 67847.6484375, 159043.265625, 78901.9296875, 364476.09375, 270021.5625, 215201.53125, 154119.296875, 45780.5703125, 563088.9375, 189447.625, 121240.2265625, 428509.0625, 22923.458984375, 192233.625, 1016043.375, 950219.375, 950403.375, 366705.03125, 58515.27734375, 410836.65625]]

Step 88:
  Date/Day: 89
  Action: [[1.0, 1.0, 1.0, 1.0, 1.0, 1.0, 1.0, 1.0, 1.0, 1.0, 1.0, 1.0, 1.0, -1.0, 1.0, 1.0, 1.0, -1.0, 1.0, -1.0, 1.0, -1.0, -1.0, 1.0, 1.0, -1.0, -1.0, 1.0, 1.0]]
  Reward: 2.1967954635620117
  Account Value: None
  Done: False
  Policy Mean: [[76.9088363647461, 3.673915147781372, 64.45564270019531, 53.14973831176758, 117.6268081665039, 102.4747085571289, 75.93749237060547, 155.62783813476562, 27.252643585205078, 85.84884643554688, 90.0422134399414, 52.167694091796875, 34.91583251953125, -11.67236328125, 113.4697494506836, 35.38766098022461, 28.310312271118164, -4.356412410736084, 112.64815521240234, -4.073514461517334, 12.15839672088623, -36.449710845947266, -13.312460899353027, 140.39576721191406, 100.17021179199219, -2.2725119590759277, -80.66117095947266, 63.94870376586914, 115.15355682373047]]
  Policy Std: [[43844.8984375, 515550.875, 121949.6796875, 89716.4453125, 35223.109375, 363774.28125, 88782.4921875, 28417.400390625, 544453.4375, 67847.6484375, 159043.265625, 78901.9296875, 364476.09375, 270021.5625, 215201.53125, 154119.296875, 45780.5703125, 563088.9375, 189447.625, 121240.2265625, 428509.0625, 22923.458984375, 192233.625, 1016043.375, 950219.375, 950403.375, 366705.03125, 58515.27734375, 410836.65625]]

Step 89:
  Date/Day: 90
  Action: [[1.0, 1.0, 1.0, 1.0, 1.0, 1.0, 1.0, 1.0, 1.0, 1.0, 1.0, 1.0, 1.0, -1.0, 1.0, 1.0, 1.0, -1.0, 1.0, -1.0, 1.0, -1.0, -1.0, 1.0, 1.0, -1.0, -1.0, 1.0, 1.0]]
  Reward: -0.3507595658302307
  Account Value: None
  Done: False
  Policy Mean: [[76.9088363647461, 3.673914909362793, 64.45564270019531, 53.14973831176758, 117.6268081665039, 102.4747085571289, 75.93749237060547, 155.62783813476562, 27.252643585205078, 85.84884643554688, 90.0422134399414, 52.167694091796875, 34.91583251953125, -11.67236328125, 113.4697494506836, 35.38766098022461, 28.310312271118164, -4.356412410736084, 112.64815521240234, -4.073514461517334, 12.15839672088623, -36.449710845947266, -13.312460899353027, 140.39576721191406, 100.17021179199219, -2.2725119590759277, -80.66117095947266, 63.94870376586914, 115.15355682373047]]
  Policy Std: [[43844.8984375, 515550.875, 121949.6796875, 89716.4453125, 35223.109375, 363774.28125, 88782.4921875, 28417.400390625, 544453.4375, 67847.6484375, 159043.265625, 78901.9296875, 364476.09375, 270021.5625, 215201.53125, 154119.296875, 45780.5703125, 563088.9375, 189447.625, 121240.2265625, 428509.0625, 22923.458984375, 192233.625, 1016043.375, 950219.375, 950403.375, 366705.03125, 58515.27734375, 410836.65625]]

Step 90:
  Date/Day: 91
  Action: [[1.0, 1.0, 1.0, 1.0, 1.0, 1.0, 1.0, 1.0, 1.0, 1.0, 1.0, 1.0, 1.0, -1.0, 1.0, 1.0, 1.0, -1.0, 1.0, -1.0, 1.0, -1.0, -1.0, 1.0, 1.0, -1.0, -1.0, 1.0, 1.0]]
  Reward: 3.373260974884033
  Account Value: None
  Done: False
  Policy Mean: [[76.9088363647461, 3.673914909362793, 64.45564270019531, 53.14973831176758, 117.6268081665039, 102.4747085571289, 75.93749237060547, 155.62783813476562, 27.252643585205078, 85.84884643554688, 90.0422134399414, 52.167694091796875, 34.91583251953125, -11.67236328125, 113.4697494506836, 35.38766098022461, 28.310312271118164, -4.356412410736084, 112.64815521240234, -4.073514461517334, 12.15839672088623, -36.449710845947266, -13.312460899353027, 140.39576721191406, 100.17021179199219, -2.2725119590759277, -80.66117095947266, 63.94870376586914, 115.15355682373047]]
  Policy Std: [[43844.8984375, 515550.875, 121949.6796875, 89716.4453125, 35223.109375, 363774.28125, 88782.4921875, 28417.400390625, 544453.4375, 67847.6484375, 159043.265625, 78901.9296875, 364476.09375, 270021.5625, 215201.53125, 154119.296875, 45780.5703125, 563088.9375, 189447.625, 121240.2265625, 428509.0625, 22923.458984375, 192233.625, 1016043.375, 950219.375, 950403.375, 366705.03125, 58515.27734375, 410836.65625]]

Step 91:
  Date/Day: 92
  Action: [[1.0, 1.0, 1.0, 1.0, 1.0, 1.0, 1.0, 1.0, 1.0, 1.0, 1.0, 1.0, 1.0, -1.0, 1.0, 1.0, 1.0, -1.0, 1.0, -1.0, 1.0, -1.0, -1.0, 1.0, 1.0, -1.0, -1.0, 1.0, 1.0]]
  Reward: 1.0939029455184937
  Account Value: None
  Done: False
  Policy Mean: [[76.9088363647461, 3.673914909362793, 64.45564270019531, 53.14973831176758, 117.6268081665039, 102.4747085571289, 75.93749237060547, 155.62783813476562, 27.252643585205078, 85.84884643554688, 90.0422134399414, 52.167694091796875, 34.91583251953125, -11.67236328125, 113.4697494506836, 35.38766098022461, 28.310312271118164, -4.356412410736084, 112.64815521240234, -4.073514461517334, 12.15839672088623, -36.449710845947266, -13.312460899353027, 140.39576721191406, 100.17021179199219, -2.2725119590759277, -80.66117095947266, 63.94870376586914, 115.15355682373047]]
  Policy Std: [[43844.8984375, 515550.875, 121949.6796875, 89716.4453125, 35223.109375, 363774.28125, 88782.4921875, 28417.400390625, 544453.4375, 67847.6484375, 159043.265625, 78901.9296875, 364476.09375, 270021.5625, 215201.53125, 154119.296875, 45780.5703125, 563088.9375, 189447.625, 121240.2265625, 428509.0625, 22923.458984375, 192233.625, 1016043.375, 950219.375, 950403.375, 366705.03125, 58515.27734375, 410836.65625]]

Step 92:
  Date/Day: 93
  Action: [[1.0, 1.0, 1.0, 1.0, 1.0, 1.0, 1.0, 1.0, 1.0, 1.0, 1.0, 1.0, 1.0, -1.0, 1.0, 1.0, 1.0, -1.0, 1.0, -1.0, 1.0, -1.0, -1.0, 1.0, 1.0, -1.0, -1.0, 1.0, 1.0]]
  Reward: -0.20489811897277832
  Account Value: None
  Done: False
  Policy Mean: [[76.9088363647461, 3.673914909362793, 64.45564270019531, 53.14973831176758, 117.6268081665039, 102.4747085571289, 75.93749237060547, 155.62783813476562, 27.252643585205078, 85.84884643554688, 90.0422134399414, 52.167694091796875, 34.91583251953125, -11.67236328125, 113.4697494506836, 35.38766098022461, 28.310312271118164, -4.356412410736084, 112.64815521240234, -4.073514461517334, 12.15839672088623, -36.449710845947266, -13.312460899353027, 140.39576721191406, 100.17021179199219, -2.2725119590759277, -80.66117095947266, 63.94870376586914, 115.15355682373047]]
  Policy Std: [[43844.8984375, 515550.875, 121949.6796875, 89716.4453125, 35223.109375, 363774.28125, 88782.4921875, 28417.400390625, 544453.4375, 67847.6484375, 159043.265625, 78901.9296875, 364476.09375, 270021.5625, 215201.53125, 154119.296875, 45780.5703125, 563088.9375, 189447.625, 121240.2265625, 428509.0625, 22923.458984375, 192233.625, 1016043.375, 950219.375, 950403.375, 366705.03125, 58515.27734375, 410836.65625]]

Step 93:
  Date/Day: 94
  Action: [[1.0, 1.0, 1.0, 1.0, 1.0, 1.0, 1.0, 1.0, 1.0, 1.0, 1.0, 1.0, 1.0, -1.0, 1.0, 1.0, 1.0, -1.0, 1.0, -1.0, 1.0, -1.0, -1.0, 1.0, 1.0, -1.0, -1.0, 1.0, 1.0]]
  Reward: -0.991092324256897
  Account Value: None
  Done: False
  Policy Mean: [[76.9088363647461, 3.673914909362793, 64.45564270019531, 53.14973831176758, 117.6268081665039, 102.4747085571289, 75.93749237060547, 155.62783813476562, 27.252643585205078, 85.84884643554688, 90.0422134399414, 52.167694091796875, 34.91583251953125, -11.67236328125, 113.4697494506836, 35.38766098022461, 28.310312271118164, -4.356412410736084, 112.64815521240234, -4.073514461517334, 12.15839672088623, -36.449710845947266, -13.312460899353027, 140.39576721191406, 100.17021179199219, -2.2725119590759277, -80.66117095947266, 63.94870376586914, 115.15355682373047]]
  Policy Std: [[43844.8984375, 515550.875, 121949.6796875, 89716.4453125, 35223.109375, 363774.28125, 88782.4921875, 28417.400390625, 544453.4375, 67847.6484375, 159043.265625, 78901.9296875, 364476.09375, 270021.5625, 215201.53125, 154119.296875, 45780.5703125, 563088.9375, 189447.625, 121240.2265625, 428509.0625, 22923.458984375, 192233.625, 1016043.375, 950219.375, 950403.375, 366705.03125, 58515.27734375, 410836.65625]]

Step 94:
  Date/Day: 95
  Action: [[1.0, 1.0, 1.0, 1.0, 1.0, 1.0, 1.0, 1.0, 1.0, 1.0, 1.0, 1.0, 1.0, -1.0, 1.0, 1.0, 1.0, -1.0, 1.0, -1.0, 1.0, -1.0, -1.0, 1.0, 1.0, -1.0, -1.0, 1.0, 1.0]]
  Reward: 1.6457456350326538
  Account Value: None
  Done: False
  Policy Mean: [[76.9088363647461, 3.673914909362793, 64.45564270019531, 53.14973831176758, 117.6268081665039, 102.4747085571289, 75.93749237060547, 155.62783813476562, 27.252643585205078, 85.84884643554688, 90.0422134399414, 52.167694091796875, 34.91583251953125, -11.67236328125, 113.4697494506836, 35.38766098022461, 28.310312271118164, -4.356412410736084, 112.64815521240234, -4.073514461517334, 12.15839672088623, -36.449710845947266, -13.312460899353027, 140.39576721191406, 100.17021179199219, -2.2725119590759277, -80.66117095947266, 63.94870376586914, 115.15355682373047]]
  Policy Std: [[43844.8984375, 515550.875, 121949.6796875, 89716.4453125, 35223.109375, 363774.28125, 88782.4921875, 28417.400390625, 544453.4375, 67847.6484375, 159043.265625, 78901.9296875, 364476.09375, 270021.5625, 215201.53125, 154119.296875, 45780.5703125, 563088.9375, 189447.625, 121240.2265625, 428509.0625, 22923.458984375, 192233.625, 1016043.375, 950219.375, 950403.375, 366705.03125, 58515.27734375, 410836.65625]]

Step 95:
  Date/Day: 96
  Action: [[1.0, 1.0, 1.0, 1.0, 1.0, 1.0, 1.0, 1.0, 1.0, 1.0, 1.0, 1.0, 1.0, -1.0, 1.0, 1.0, 1.0, -1.0, 1.0, -1.0, 1.0, -1.0, -1.0, 1.0, 1.0, -1.0, -1.0, 1.0, 1.0]]
  Reward: 1.9742149114608765
  Account Value: None
  Done: False
  Policy Mean: [[76.9088363647461, 3.673914909362793, 64.45564270019531, 53.14973831176758, 117.6268081665039, 102.4747085571289, 75.93749237060547, 155.62783813476562, 27.252643585205078, 85.84884643554688, 90.0422134399414, 52.167694091796875, 34.91583251953125, -11.67236328125, 113.4697494506836, 35.38766098022461, 28.310312271118164, -4.356412410736084, 112.64815521240234, -4.073514461517334, 12.15839672088623, -36.449710845947266, -13.312460899353027, 140.39576721191406, 100.17021179199219, -2.2725119590759277, -80.66117095947266, 63.94870376586914, 115.15355682373047]]
  Policy Std: [[43844.8984375, 515550.875, 121949.6796875, 89716.4453125, 35223.109375, 363774.28125, 88782.4921875, 28417.400390625, 544453.4375, 67847.6484375, 159043.265625, 78901.9296875, 364476.09375, 270021.5625, 215201.53125, 154119.296875, 45780.5703125, 563088.9375, 189447.625, 121240.2265625, 428509.0625, 22923.458984375, 192233.625, 1016043.375, 950219.375, 950403.375, 366705.03125, 58515.27734375, 410836.65625]]

Step 96:
  Date/Day: 97
  Action: [[1.0, 1.0, 1.0, 1.0, 1.0, 1.0, 1.0, 1.0, 1.0, 1.0, 1.0, 1.0, 1.0, -1.0, 1.0, 1.0, 1.0, -1.0, 1.0, -1.0, 1.0, -1.0, -1.0, 1.0, 1.0, -1.0, -1.0, 1.0, 1.0]]
  Reward: -0.860129714012146
  Account Value: None
  Done: False
  Policy Mean: [[76.9088363647461, 3.673914909362793, 64.45564270019531, 53.14973831176758, 117.6268081665039, 102.4747085571289, 75.93749237060547, 155.62783813476562, 27.252643585205078, 85.84884643554688, 90.0422134399414, 52.167694091796875, 34.91583251953125, -11.67236328125, 113.4697494506836, 35.38766098022461, 28.310312271118164, -4.356412410736084, 112.64815521240234, -4.073514461517334, 12.15839672088623, -36.449710845947266, -13.312460899353027, 140.39576721191406, 100.17021179199219, -2.2725119590759277, -80.66117095947266, 63.94870376586914, 115.15355682373047]]
  Policy Std: [[43844.8984375, 515550.875, 121949.6796875, 89716.4453125, 35223.109375, 363774.28125, 88782.4921875, 28417.400390625, 544453.4375, 67847.6484375, 159043.265625, 78901.9296875, 364476.09375, 270021.5625, 215201.53125, 154119.296875, 45780.5703125, 563088.9375, 189447.625, 121240.2265625, 428509.0625, 22923.458984375, 192233.625, 1016043.375, 950219.375, 950403.375, 366705.03125, 58515.27734375, 410836.65625]]

Step 97:
  Date/Day: 98
  Action: [[1.0, 1.0, 1.0, 1.0, 1.0, 1.0, 1.0, 1.0, 1.0, 1.0, 1.0, 1.0, 1.0, -1.0, 1.0, 1.0, 1.0, -1.0, 1.0, -1.0, 1.0, -1.0, -1.0, 1.0, 1.0, -1.0, -1.0, 1.0, 1.0]]
  Reward: -1.4290207624435425
  Account Value: None
  Done: False
  Policy Mean: [[76.9088363647461, 3.673914909362793, 64.45564270019531, 53.14973831176758, 117.6268081665039, 102.4747085571289, 75.93749237060547, 155.62783813476562, 27.252643585205078, 85.84884643554688, 90.0422134399414, 52.167694091796875, 34.91583251953125, -11.67236328125, 113.4697494506836, 35.38766098022461, 28.310312271118164, -4.356412410736084, 112.64815521240234, -4.073514461517334, 12.15839672088623, -36.449710845947266, -13.312460899353027, 140.39576721191406, 100.17021179199219, -2.2725119590759277, -80.66117095947266, 63.94870376586914, 115.15355682373047]]
  Policy Std: [[43844.8984375, 515550.875, 121949.6796875, 89716.4453125, 35223.109375, 363774.28125, 88782.4921875, 28417.400390625, 544453.4375, 67847.6484375, 159043.265625, 78901.9296875, 364476.09375, 270021.5625, 215201.53125, 154119.296875, 45780.5703125, 563088.9375, 189447.625, 121240.2265625, 428509.0625, 22923.458984375, 192233.625, 1016043.375, 950219.375, 950403.375, 366705.03125, 58515.27734375, 410836.65625]]

Step 98:
  Date/Day: 99
  Action: [[1.0, 1.0, 1.0, 1.0, 1.0, 1.0, 1.0, 1.0, 1.0, 1.0, 1.0, 1.0, 1.0, -1.0, 1.0, 1.0, 1.0, -1.0, 1.0, -1.0, 1.0, -1.0, -1.0, 1.0, 1.0, -1.0, -1.0, 1.0, 1.0]]
  Reward: 0.230222687125206
  Account Value: None
  Done: False
  Policy Mean: [[76.9088363647461, 3.673914909362793, 64.45564270019531, 53.14973831176758, 117.6268081665039, 102.4747085571289, 75.93749237060547, 155.62783813476562, 27.252643585205078, 85.84884643554688, 90.0422134399414, 52.167694091796875, 34.91583251953125, -11.67236328125, 113.4697494506836, 35.38766098022461, 28.310312271118164, -4.356412410736084, 112.64815521240234, -4.073514461517334, 12.15839672088623, -36.449710845947266, -13.312460899353027, 140.39576721191406, 100.17021179199219, -2.2725119590759277, -80.66117095947266, 63.94870376586914, 115.15355682373047]]
  Policy Std: [[43844.8984375, 515550.875, 121949.6796875, 89716.4453125, 35223.109375, 363774.28125, 88782.4921875, 28417.400390625, 544453.4375, 67847.6484375, 159043.265625, 78901.9296875, 364476.09375, 270021.5625, 215201.53125, 154119.296875, 45780.5703125, 563088.9375, 189447.625, 121240.2265625, 428509.0625, 22923.458984375, 192233.625, 1016043.375, 950219.375, 950403.375, 366705.03125, 58515.27734375, 410836.65625]]

Step 99:
  Date/Day: 100
  Action: [[1.0, 1.0, 1.0, 1.0, 1.0, 1.0, 1.0, 1.0, 1.0, 1.0, 1.0, 1.0, 1.0, -1.0, 1.0, 1.0, 1.0, -1.0, 1.0, -1.0, 1.0, -1.0, -1.0, 1.0, 1.0, -1.0, -1.0, 1.0, 1.0]]
  Reward: -0.8958490490913391
  Account Value: None
  Done: False
  Policy Mean: [[76.9088363647461, 3.673914909362793, 64.45564270019531, 53.14973831176758, 117.6268081665039, 102.4747085571289, 75.93749237060547, 155.62783813476562, 27.252643585205078, 85.84884643554688, 90.0422134399414, 52.167694091796875, 34.91583251953125, -11.67236328125, 113.4697494506836, 35.38766098022461, 28.310312271118164, -4.356412410736084, 112.64815521240234, -4.073514461517334, 12.15839672088623, -36.449710845947266, -13.312460899353027, 140.39576721191406, 100.17021179199219, -2.2725119590759277, -80.66117095947266, 63.94870376586914, 115.15355682373047]]
  Policy Std: [[43844.8984375, 515550.875, 121949.6796875, 89716.4453125, 35223.109375, 363774.28125, 88782.4921875, 28417.400390625, 544453.4375, 67847.6484375, 159043.265625, 78901.9296875, 364476.09375, 270021.5625, 215201.53125, 154119.296875, 45780.5703125, 563088.9375, 189447.625, 121240.2265625, 428509.0625, 22923.458984375, 192233.625, 1016043.375, 950219.375, 950403.375, 366705.03125, 58515.27734375, 410836.65625]]

Step 100:
  Date/Day: 101
  Action: [[1.0, 1.0, 1.0, 1.0, 1.0, 1.0, 1.0, 1.0, 1.0, 1.0, 1.0, 1.0, 1.0, -1.0, 1.0, 1.0, 1.0, -1.0, 1.0, -1.0, 1.0, -1.0, -1.0, 1.0, 1.0, -1.0, -1.0, 1.0, 1.0]]
  Reward: 1.2142393589019775
  Account Value: None
  Done: False
  Policy Mean: [[76.9088363647461, 3.673914909362793, 64.45564270019531, 53.14973831176758, 117.6268081665039, 102.4747085571289, 75.93749237060547, 155.62783813476562, 27.252643585205078, 85.84884643554688, 90.0422134399414, 52.167694091796875, 34.91583251953125, -11.67236328125, 113.4697494506836, 35.38766098022461, 28.310312271118164, -4.356412410736084, 112.64815521240234, -4.073514461517334, 12.15839672088623, -36.449710845947266, -13.312460899353027, 140.39576721191406, 100.17021179199219, -2.2725119590759277, -80.66117095947266, 63.94870376586914, 115.15355682373047]]
  Policy Std: [[43844.8984375, 515550.875, 121949.6796875, 89716.4453125, 35223.109375, 363774.28125, 88782.4921875, 28417.400390625, 544453.4375, 67847.6484375, 159043.265625, 78901.9296875, 364476.09375, 270021.5625, 215201.53125, 154119.296875, 45780.5703125, 563088.9375, 189447.625, 121240.2265625, 428509.0625, 22923.458984375, 192233.625, 1016043.375, 950219.375, 950403.375, 366705.03125, 58515.27734375, 410836.65625]]

Step 101:
  Date/Day: 102
  Action: [[1.0, 1.0, 1.0, 1.0, 1.0, 1.0, 1.0, 1.0, 1.0, 1.0, 1.0, 1.0, 1.0, -1.0, 1.0, 1.0, 1.0, -1.0, 1.0, -1.0, 1.0, -1.0, -1.0, 1.0, 1.0, -1.0, -1.0, 1.0, 1.0]]
  Reward: 1.8901878595352173
  Account Value: None
  Done: False
  Policy Mean: [[76.9088363647461, 3.673914909362793, 64.45564270019531, 53.14973831176758, 117.6268081665039, 102.4747085571289, 75.93749237060547, 155.62783813476562, 27.252643585205078, 85.84884643554688, 90.0422134399414, 52.167694091796875, 34.91583251953125, -11.67236328125, 113.4697494506836, 35.38766098022461, 28.310312271118164, -4.356412410736084, 112.64815521240234, -4.073514461517334, 12.15839672088623, -36.449710845947266, -13.312460899353027, 140.39576721191406, 100.17021179199219, -2.2725119590759277, -80.66117095947266, 63.94870376586914, 115.15355682373047]]
  Policy Std: [[43844.8984375, 515550.875, 121949.6796875, 89716.4453125, 35223.109375, 363774.28125, 88782.4921875, 28417.400390625, 544453.4375, 67847.6484375, 159043.265625, 78901.9296875, 364476.09375, 270021.5625, 215201.53125, 154119.296875, 45780.5703125, 563088.9375, 189447.625, 121240.2265625, 428509.0625, 22923.458984375, 192233.625, 1016043.375, 950219.375, 950403.375, 366705.03125, 58515.27734375, 410836.65625]]

Step 102:
  Date/Day: 103
  Action: [[1.0, 1.0, 1.0, 1.0, 1.0, 1.0, 1.0, 1.0, 1.0, 1.0, 1.0, 1.0, 1.0, -1.0, 1.0, 1.0, 1.0, -1.0, 1.0, -1.0, 1.0, -1.0, -1.0, 1.0, 1.0, -1.0, -1.0, 1.0, 1.0]]
  Reward: -0.8088738918304443
  Account Value: None
  Done: False
  Policy Mean: [[76.9088363647461, 3.673914909362793, 64.45564270019531, 53.14973831176758, 117.6268081665039, 102.4747085571289, 75.93749237060547, 155.62783813476562, 27.252643585205078, 85.84884643554688, 90.0422134399414, 52.167694091796875, 34.91583251953125, -11.67236328125, 113.4697494506836, 35.38766098022461, 28.310312271118164, -4.356412410736084, 112.64815521240234, -4.073514461517334, 12.15839672088623, -36.449710845947266, -13.312460899353027, 140.39576721191406, 100.17021179199219, -2.2725119590759277, -80.66117095947266, 63.94870376586914, 115.15355682373047]]
  Policy Std: [[43844.8984375, 515550.875, 121949.6796875, 89716.4453125, 35223.109375, 363774.28125, 88782.4921875, 28417.400390625, 544453.4375, 67847.6484375, 159043.265625, 78901.9296875, 364476.09375, 270021.5625, 215201.53125, 154119.296875, 45780.5703125, 563088.9375, 189447.625, 121240.2265625, 428509.0625, 22923.458984375, 192233.625, 1016043.375, 950219.375, 950403.375, 366705.03125, 58515.27734375, 410836.65625]]

Step 103:
  Date/Day: 104
  Action: [[1.0, 1.0, 1.0, 1.0, 1.0, 1.0, 1.0, 1.0, 1.0, 1.0, 1.0, 1.0, 1.0, -1.0, 1.0, 1.0, 1.0, -1.0, 1.0, -1.0, 1.0, -1.0, -1.0, 1.0, 1.0, -1.0, -1.0, 1.0, 1.0]]
  Reward: 0.2972254753112793
  Account Value: None
  Done: False
  Policy Mean: [[76.9088363647461, 3.673914909362793, 64.45564270019531, 53.14973831176758, 117.6268081665039, 102.4747085571289, 75.93749237060547, 155.62783813476562, 27.252643585205078, 85.84884643554688, 90.0422134399414, 52.167694091796875, 34.91583251953125, -11.67236328125, 113.4697494506836, 35.38766098022461, 28.310312271118164, -4.356412410736084, 112.64815521240234, -4.073514461517334, 12.15839672088623, -36.449710845947266, -13.312460899353027, 140.39576721191406, 100.17021179199219, -2.2725119590759277, -80.66117095947266, 63.94870376586914, 115.15355682373047]]
  Policy Std: [[43844.8984375, 515550.875, 121949.6796875, 89716.4453125, 35223.109375, 363774.28125, 88782.4921875, 28417.400390625, 544453.4375, 67847.6484375, 159043.265625, 78901.9296875, 364476.09375, 270021.5625, 215201.53125, 154119.296875, 45780.5703125, 563088.9375, 189447.625, 121240.2265625, 428509.0625, 22923.458984375, 192233.625, 1016043.375, 950219.375, 950403.375, 366705.03125, 58515.27734375, 410836.65625]]

Step 104:
  Date/Day: 105
  Action: [[1.0, 1.0, 1.0, 1.0, 1.0, 1.0, 1.0, 1.0, 1.0, 1.0, 1.0, 1.0, 1.0, -1.0, 1.0, 1.0, 1.0, -1.0, 1.0, -1.0, 1.0, -1.0, -1.0, 1.0, 1.0, -1.0, -1.0, 1.0, 1.0]]
  Reward: -1.2187752723693848
  Account Value: None
  Done: False
  Policy Mean: [[76.9088363647461, 3.673914909362793, 64.45564270019531, 53.14973831176758, 117.6268081665039, 102.4747085571289, 75.93749237060547, 155.62783813476562, 27.252643585205078, 85.84884643554688, 90.0422134399414, 52.167694091796875, 34.91583251953125, -11.67236328125, 113.4697494506836, 35.38766098022461, 28.310312271118164, -4.356412410736084, 112.64815521240234, -4.073514461517334, 12.15839672088623, -36.449710845947266, -13.312460899353027, 140.39576721191406, 100.17021179199219, -2.2725119590759277, -80.66117095947266, 63.94870376586914, 115.15355682373047]]
  Policy Std: [[43844.8984375, 515550.875, 121949.6796875, 89716.4453125, 35223.109375, 363774.28125, 88782.4921875, 28417.400390625, 544453.4375, 67847.6484375, 159043.265625, 78901.9296875, 364476.09375, 270021.5625, 215201.53125, 154119.296875, 45780.5703125, 563088.9375, 189447.625, 121240.2265625, 428509.0625, 22923.458984375, 192233.625, 1016043.375, 950219.375, 950403.375, 366705.03125, 58515.27734375, 410836.65625]]

Step 105:
  Date/Day: 106
  Action: [[1.0, 1.0, 1.0, 1.0, 1.0, 1.0, 1.0, 1.0, 1.0, 1.0, 1.0, 1.0, 1.0, -1.0, 1.0, 1.0, 1.0, -1.0, 1.0, -1.0, 1.0, -1.0, -1.0, 1.0, 1.0, -1.0, -1.0, 1.0, 1.0]]
  Reward: 0.8247013092041016
  Account Value: None
  Done: False
  Policy Mean: [[76.9088363647461, 3.673914909362793, 64.45564270019531, 53.14973831176758, 117.6268081665039, 102.4747085571289, 75.93749237060547, 155.62783813476562, 27.252643585205078, 85.84884643554688, 90.0422134399414, 52.167694091796875, 34.91583251953125, -11.67236328125, 113.4697494506836, 35.38766098022461, 28.310312271118164, -4.356412410736084, 112.64815521240234, -4.073514461517334, 12.15839672088623, -36.449710845947266, -13.312460899353027, 140.39576721191406, 100.17021179199219, -2.2725119590759277, -80.66117095947266, 63.94870376586914, 115.15355682373047]]
  Policy Std: [[43844.8984375, 515550.875, 121949.6796875, 89716.4453125, 35223.109375, 363774.28125, 88782.4921875, 28417.400390625, 544453.4375, 67847.6484375, 159043.265625, 78901.9296875, 364476.09375, 270021.5625, 215201.53125, 154119.296875, 45780.5703125, 563088.9375, 189447.625, 121240.2265625, 428509.0625, 22923.458984375, 192233.625, 1016043.375, 950219.375, 950403.375, 366705.03125, 58515.27734375, 410836.65625]]

Step 106:
  Date/Day: 107
  Action: [[1.0, 1.0, 1.0, 1.0, 1.0, 1.0, 1.0, 1.0, 1.0, 1.0, 1.0, 1.0, 1.0, -1.0, 1.0, 1.0, 1.0, -1.0, 1.0, -1.0, 1.0, -1.0, -1.0, 1.0, 1.0, -1.0, -1.0, 1.0, 1.0]]
  Reward: 0.5063404440879822
  Account Value: None
  Done: False
  Policy Mean: [[76.9088363647461, 3.673914909362793, 64.45564270019531, 53.14973831176758, 117.6268081665039, 102.4747085571289, 75.93749237060547, 155.62783813476562, 27.252643585205078, 85.84884643554688, 90.0422134399414, 52.167694091796875, 34.91583251953125, -11.67236328125, 113.4697494506836, 35.38766098022461, 28.310312271118164, -4.356412410736084, 112.64815521240234, -4.073514461517334, 12.15839672088623, -36.449710845947266, -13.312460899353027, 140.39576721191406, 100.17021179199219, -2.2725119590759277, -80.66117095947266, 63.94870376586914, 115.15355682373047]]
  Policy Std: [[43844.8984375, 515550.875, 121949.6796875, 89716.4453125, 35223.109375, 363774.28125, 88782.4921875, 28417.400390625, 544453.4375, 67847.6484375, 159043.265625, 78901.9296875, 364476.09375, 270021.5625, 215201.53125, 154119.296875, 45780.5703125, 563088.9375, 189447.625, 121240.2265625, 428509.0625, 22923.458984375, 192233.625, 1016043.375, 950219.375, 950403.375, 366705.03125, 58515.27734375, 410836.65625]]

Step 107:
  Date/Day: 108
  Action: [[1.0, 1.0, 1.0, 1.0, 1.0, 1.0, 1.0, 1.0, 1.0, 1.0, 1.0, 1.0, 1.0, -1.0, 1.0, 1.0, 1.0, -1.0, 1.0, -1.0, 1.0, -1.0, -1.0, 1.0, 1.0, -1.0, -1.0, 1.0, 1.0]]
  Reward: 0.39426830410957336
  Account Value: None
  Done: False
  Policy Mean: [[76.9088363647461, 3.673914909362793, 64.45564270019531, 53.14973831176758, 117.6268081665039, 102.4747085571289, 75.93749237060547, 155.62783813476562, 27.252643585205078, 85.84884643554688, 90.0422134399414, 52.167694091796875, 34.91583251953125, -11.67236328125, 113.4697494506836, 35.38766098022461, 28.310312271118164, -4.356412410736084, 112.64815521240234, -4.073514461517334, 12.15839672088623, -36.449710845947266, -13.312460899353027, 140.39576721191406, 100.17021179199219, -2.2725119590759277, -80.66117095947266, 63.94870376586914, 115.15355682373047]]
  Policy Std: [[43844.8984375, 515550.875, 121949.6796875, 89716.4453125, 35223.109375, 363774.28125, 88782.4921875, 28417.400390625, 544453.4375, 67847.6484375, 159043.265625, 78901.9296875, 364476.09375, 270021.5625, 215201.53125, 154119.296875, 45780.5703125, 563088.9375, 189447.625, 121240.2265625, 428509.0625, 22923.458984375, 192233.625, 1016043.375, 950219.375, 950403.375, 366705.03125, 58515.27734375, 410836.65625]]

Step 108:
  Date/Day: 109
  Action: [[1.0, 1.0, 1.0, 1.0, 1.0, 1.0, 1.0, 1.0, 1.0, 1.0, 1.0, 1.0, 1.0, -1.0, 1.0, 1.0, 1.0, -1.0, 1.0, -1.0, 1.0, -1.0, -1.0, 1.0, 1.0, -1.0, -1.0, 1.0, 1.0]]
  Reward: 0.9358605742454529
  Account Value: None
  Done: False
  Policy Mean: [[76.9088363647461, 3.673914909362793, 64.45564270019531, 53.14973831176758, 117.6268081665039, 102.4747085571289, 75.93749237060547, 155.62783813476562, 27.252643585205078, 85.84884643554688, 90.0422134399414, 52.167694091796875, 34.91583251953125, -11.67236328125, 113.4697494506836, 35.38766098022461, 28.310312271118164, -4.356412410736084, 112.64815521240234, -4.073514461517334, 12.15839672088623, -36.449710845947266, -13.312460899353027, 140.39576721191406, 100.17021179199219, -2.2725119590759277, -80.66117095947266, 63.94870376586914, 115.15355682373047]]
  Policy Std: [[43844.8984375, 515550.875, 121949.6796875, 89716.4453125, 35223.109375, 363774.28125, 88782.4921875, 28417.400390625, 544453.4375, 67847.6484375, 159043.265625, 78901.9296875, 364476.09375, 270021.5625, 215201.53125, 154119.296875, 45780.5703125, 563088.9375, 189447.625, 121240.2265625, 428509.0625, 22923.458984375, 192233.625, 1016043.375, 950219.375, 950403.375, 366705.03125, 58515.27734375, 410836.65625]]

Step 109:
  Date/Day: 110
  Action: [[1.0, 1.0, 1.0, 1.0, 1.0, 1.0, 1.0, 1.0, 1.0, 1.0, 1.0, 1.0, 1.0, -1.0, 1.0, 1.0, 1.0, -1.0, 1.0, -1.0, 1.0, -1.0, -1.0, 1.0, 1.0, -1.0, -1.0, 1.0, 1.0]]
  Reward: -0.6223286390304565
  Account Value: None
  Done: False
  Policy Mean: [[76.9088363647461, 3.673914909362793, 64.45564270019531, 53.14973831176758, 117.6268081665039, 102.4747085571289, 75.93749237060547, 155.62783813476562, 27.252643585205078, 85.84884643554688, 90.0422134399414, 52.167694091796875, 34.91583251953125, -11.67236328125, 113.4697494506836, 35.38766098022461, 28.310312271118164, -4.356412410736084, 112.64815521240234, -4.073514461517334, 12.15839672088623, -36.449710845947266, -13.312460899353027, 140.39576721191406, 100.17021179199219, -2.2725119590759277, -80.66117095947266, 63.94870376586914, 115.15355682373047]]
  Policy Std: [[43844.8984375, 515550.875, 121949.6796875, 89716.4453125, 35223.109375, 363774.28125, 88782.4921875, 28417.400390625, 544453.4375, 67847.6484375, 159043.265625, 78901.9296875, 364476.09375, 270021.5625, 215201.53125, 154119.296875, 45780.5703125, 563088.9375, 189447.625, 121240.2265625, 428509.0625, 22923.458984375, 192233.625, 1016043.375, 950219.375, 950403.375, 366705.03125, 58515.27734375, 410836.65625]]

Step 110:
  Date/Day: 111
  Action: [[1.0, 1.0, 1.0, 1.0, 1.0, 1.0, 1.0, 1.0, 1.0, 1.0, 1.0, 1.0, 1.0, -1.0, 1.0, 1.0, 1.0, -1.0, 1.0, -1.0, 1.0, -1.0, -1.0, 1.0, 1.0, -1.0, -1.0, 1.0, 1.0]]
  Reward: 0.4190499484539032
  Account Value: None
  Done: False
  Policy Mean: [[76.9088363647461, 3.673914909362793, 64.45564270019531, 53.14973831176758, 117.6268081665039, 102.4747085571289, 75.93749237060547, 155.62783813476562, 27.252643585205078, 85.84884643554688, 90.0422134399414, 52.167694091796875, 34.91583251953125, -11.67236328125, 113.4697494506836, 35.38766098022461, 28.310312271118164, -4.356412410736084, 112.64815521240234, -4.073514461517334, 12.15839672088623, -36.449710845947266, -13.312460899353027, 140.39576721191406, 100.17021179199219, -2.2725119590759277, -80.66117095947266, 63.94870376586914, 115.15355682373047]]
  Policy Std: [[43844.8984375, 515550.875, 121949.6796875, 89716.4453125, 35223.109375, 363774.28125, 88782.4921875, 28417.400390625, 544453.4375, 67847.6484375, 159043.265625, 78901.9296875, 364476.09375, 270021.5625, 215201.53125, 154119.296875, 45780.5703125, 563088.9375, 189447.625, 121240.2265625, 428509.0625, 22923.458984375, 192233.625, 1016043.375, 950219.375, 950403.375, 366705.03125, 58515.27734375, 410836.65625]]

Step 111:
  Date/Day: 112
  Action: [[1.0, 1.0, 1.0, 1.0, 1.0, 1.0, 1.0, 1.0, 1.0, 1.0, 1.0, 1.0, 1.0, -1.0, 1.0, 1.0, 1.0, -1.0, 1.0, -1.0, 1.0, -1.0, -1.0, 1.0, 1.0, -1.0, -1.0, 1.0, 1.0]]
  Reward: -0.35011351108551025
  Account Value: None
  Done: False
  Policy Mean: [[76.9088363647461, 3.673914909362793, 64.45564270019531, 53.14973831176758, 117.6268081665039, 102.4747085571289, 75.93749237060547, 155.62783813476562, 27.252643585205078, 85.84884643554688, 90.0422134399414, 52.167694091796875, 34.91583251953125, -11.67236328125, 113.4697494506836, 35.38766098022461, 28.310312271118164, -4.356412410736084, 112.64815521240234, -4.073514461517334, 12.15839672088623, -36.449710845947266, -13.312460899353027, 140.39576721191406, 100.17021179199219, -2.2725119590759277, -80.66117095947266, 63.94870376586914, 115.15355682373047]]
  Policy Std: [[43844.8984375, 515550.875, 121949.6796875, 89716.4453125, 35223.109375, 363774.28125, 88782.4921875, 28417.400390625, 544453.4375, 67847.6484375, 159043.265625, 78901.9296875, 364476.09375, 270021.5625, 215201.53125, 154119.296875, 45780.5703125, 563088.9375, 189447.625, 121240.2265625, 428509.0625, 22923.458984375, 192233.625, 1016043.375, 950219.375, 950403.375, 366705.03125, 58515.27734375, 410836.65625]]

Step 112:
  Date/Day: 113
  Action: [[1.0, 1.0, 1.0, 1.0, 1.0, 1.0, 1.0, 1.0, 1.0, 1.0, 1.0, 1.0, 1.0, -1.0, 1.0, 1.0, 1.0, -1.0, 1.0, -1.0, 1.0, -1.0, -1.0, 1.0, 1.0, -1.0, -1.0, 1.0, 1.0]]
  Reward: -0.17310163378715515
  Account Value: None
  Done: False
  Policy Mean: [[76.9088363647461, 3.673914909362793, 64.45564270019531, 53.14973831176758, 117.6268081665039, 102.4747085571289, 75.93749237060547, 155.62783813476562, 27.252643585205078, 85.84884643554688, 90.0422134399414, 52.167694091796875, 34.91583251953125, -11.67236328125, 113.4697494506836, 35.38766098022461, 28.310312271118164, -4.356412410736084, 112.64815521240234, -4.073514461517334, 12.15839672088623, -36.449710845947266, -13.312460899353027, 140.39576721191406, 100.17021179199219, -2.2725119590759277, -80.66117095947266, 63.94870376586914, 115.15355682373047]]
  Policy Std: [[43844.8984375, 515550.875, 121949.6796875, 89716.4453125, 35223.109375, 363774.28125, 88782.4921875, 28417.400390625, 544453.4375, 67847.6484375, 159043.265625, 78901.9296875, 364476.09375, 270021.5625, 215201.53125, 154119.296875, 45780.5703125, 563088.9375, 189447.625, 121240.2265625, 428509.0625, 22923.458984375, 192233.625, 1016043.375, 950219.375, 950403.375, 366705.03125, 58515.27734375, 410836.65625]]

Step 113:
  Date/Day: 114
  Action: [[1.0, 1.0, 1.0, 1.0, 1.0, 1.0, 1.0, 1.0, 1.0, 1.0, 1.0, 1.0, 1.0, -1.0, 1.0, 1.0, 1.0, -1.0, 1.0, -1.0, 1.0, -1.0, -1.0, 1.0, 1.0, -1.0, -1.0, 1.0, 1.0]]
  Reward: 0.27568015456199646
  Account Value: None
  Done: False
  Policy Mean: [[76.9088363647461, 3.673914909362793, 64.45564270019531, 53.14973831176758, 117.6268081665039, 102.4747085571289, 75.93749237060547, 155.62783813476562, 27.252643585205078, 85.84884643554688, 90.0422134399414, 52.167694091796875, 34.91583251953125, -11.67236328125, 113.4697494506836, 35.38766098022461, 28.310312271118164, -4.356412410736084, 112.64815521240234, -4.073514461517334, 12.15839672088623, -36.449710845947266, -13.312460899353027, 140.39576721191406, 100.17021179199219, -2.2725119590759277, -80.66117095947266, 63.94870376586914, 115.15355682373047]]
  Policy Std: [[43844.8984375, 515550.875, 121949.6796875, 89716.4453125, 35223.109375, 363774.28125, 88782.4921875, 28417.400390625, 544453.4375, 67847.6484375, 159043.265625, 78901.9296875, 364476.09375, 270021.5625, 215201.53125, 154119.296875, 45780.5703125, 563088.9375, 189447.625, 121240.2265625, 428509.0625, 22923.458984375, 192233.625, 1016043.375, 950219.375, 950403.375, 366705.03125, 58515.27734375, 410836.65625]]

Step 114:
  Date/Day: 115
  Action: [[1.0, 1.0, 1.0, 1.0, 1.0, 1.0, 1.0, 1.0, 1.0, 1.0, 1.0, 1.0, 1.0, -1.0, 1.0, 1.0, 1.0, -1.0, 1.0, -1.0, 1.0, -1.0, -1.0, 1.0, 1.0, -1.0, -1.0, 1.0, 1.0]]
  Reward: -0.8453854918479919
  Account Value: None
  Done: False
  Policy Mean: [[76.9088363647461, 3.673914909362793, 64.45564270019531, 53.14973831176758, 117.6268081665039, 102.4747085571289, 75.93749237060547, 155.62783813476562, 27.252643585205078, 85.84884643554688, 90.0422134399414, 52.167694091796875, 34.91583251953125, -11.67236328125, 113.4697494506836, 35.38766098022461, 28.310312271118164, -4.356412410736084, 112.64815521240234, -4.073514461517334, 12.15839672088623, -36.449710845947266, -13.312460899353027, 140.39576721191406, 100.17021179199219, -2.2725119590759277, -80.66117095947266, 63.94870376586914, 115.15355682373047]]
  Policy Std: [[43844.8984375, 515550.875, 121949.6796875, 89716.4453125, 35223.109375, 363774.28125, 88782.4921875, 28417.400390625, 544453.4375, 67847.6484375, 159043.265625, 78901.9296875, 364476.09375, 270021.5625, 215201.53125, 154119.296875, 45780.5703125, 563088.9375, 189447.625, 121240.2265625, 428509.0625, 22923.458984375, 192233.625, 1016043.375, 950219.375, 950403.375, 366705.03125, 58515.27734375, 410836.65625]]

Step 115:
  Date/Day: 116
  Action: [[1.0, 1.0, 1.0, 1.0, 1.0, 1.0, 1.0, 1.0, 1.0, 1.0, 1.0, 1.0, 1.0, -1.0, 1.0, 1.0, 1.0, -1.0, 1.0, -1.0, 1.0, -1.0, -1.0, 1.0, 1.0, -1.0, -1.0, 1.0, 1.0]]
  Reward: 1.2877655029296875
  Account Value: None
  Done: False
  Policy Mean: [[76.9088363647461, 3.673914909362793, 64.45564270019531, 53.14973831176758, 117.6268081665039, 102.4747085571289, 75.93749237060547, 155.62783813476562, 27.252643585205078, 85.84884643554688, 90.0422134399414, 52.167694091796875, 34.91583251953125, -11.67236328125, 113.4697494506836, 35.38766098022461, 28.310312271118164, -4.356412410736084, 112.64815521240234, -4.073514461517334, 12.15839672088623, -36.449710845947266, -13.312460899353027, 140.39576721191406, 100.17021179199219, -2.2725119590759277, -80.66117095947266, 63.94870376586914, 115.15355682373047]]
  Policy Std: [[43844.8984375, 515550.875, 121949.6796875, 89716.4453125, 35223.109375, 363774.28125, 88782.4921875, 28417.400390625, 544453.4375, 67847.6484375, 159043.265625, 78901.9296875, 364476.09375, 270021.5625, 215201.53125, 154119.296875, 45780.5703125, 563088.9375, 189447.625, 121240.2265625, 428509.0625, 22923.458984375, 192233.625, 1016043.375, 950219.375, 950403.375, 366705.03125, 58515.27734375, 410836.65625]]

Step 116:
  Date/Day: 117
  Action: [[1.0, 1.0, 1.0, 1.0, 1.0, 1.0, 1.0, 1.0, 1.0, 1.0, 1.0, 1.0, 1.0, -1.0, 1.0, 1.0, 1.0, -1.0, 1.0, -1.0, 1.0, -1.0, -1.0, 1.0, 1.0, -1.0, -1.0, 1.0, 1.0]]
  Reward: -0.06387411057949066
  Account Value: None
  Done: False
  Policy Mean: [[76.9088363647461, 3.673914909362793, 64.45564270019531, 53.14973831176758, 117.6268081665039, 102.4747085571289, 75.93749237060547, 155.62783813476562, 27.252643585205078, 85.84884643554688, 90.0422134399414, 52.167694091796875, 34.91583251953125, -11.67236328125, 113.4697494506836, 35.38766098022461, 28.310312271118164, -4.356412410736084, 112.64815521240234, -4.073514461517334, 12.15839672088623, -36.449710845947266, -13.312460899353027, 140.39576721191406, 100.17021179199219, -2.2725119590759277, -80.66117095947266, 63.94870376586914, 115.15355682373047]]
  Policy Std: [[43844.8984375, 515550.875, 121949.6796875, 89716.4453125, 35223.109375, 363774.28125, 88782.4921875, 28417.400390625, 544453.4375, 67847.6484375, 159043.265625, 78901.9296875, 364476.09375, 270021.5625, 215201.53125, 154119.296875, 45780.5703125, 563088.9375, 189447.625, 121240.2265625, 428509.0625, 22923.458984375, 192233.625, 1016043.375, 950219.375, 950403.375, 366705.03125, 58515.27734375, 410836.65625]]

Step 117:
  Date/Day: 118
  Action: [[1.0, 1.0, 1.0, 1.0, 1.0, 1.0, 1.0, 1.0, 1.0, 1.0, 1.0, 1.0, 1.0, -1.0, 1.0, 1.0, 1.0, -1.0, 1.0, -1.0, 1.0, -1.0, -1.0, 1.0, 1.0, -1.0, -1.0, 1.0, 1.0]]
  Reward: 0.5488740801811218
  Account Value: None
  Done: False
  Policy Mean: [[76.9088363647461, 3.673914909362793, 64.45564270019531, 53.14973831176758, 117.6268081665039, 102.4747085571289, 75.93749237060547, 155.62783813476562, 27.252643585205078, 85.84884643554688, 90.0422134399414, 52.167694091796875, 34.91583251953125, -11.67236328125, 113.4697494506836, 35.38766098022461, 28.310312271118164, -4.356412410736084, 112.64815521240234, -4.073514461517334, 12.15839672088623, -36.449710845947266, -13.312460899353027, 140.39576721191406, 100.17021179199219, -2.2725119590759277, -80.66117095947266, 63.94870376586914, 115.15355682373047]]
  Policy Std: [[43844.8984375, 515550.875, 121949.6796875, 89716.4453125, 35223.109375, 363774.28125, 88782.4921875, 28417.400390625, 544453.4375, 67847.6484375, 159043.265625, 78901.9296875, 364476.09375, 270021.5625, 215201.53125, 154119.296875, 45780.5703125, 563088.9375, 189447.625, 121240.2265625, 428509.0625, 22923.458984375, 192233.625, 1016043.375, 950219.375, 950403.375, 366705.03125, 58515.27734375, 410836.65625]]

Step 118:
  Date/Day: 119
  Action: [[1.0, 1.0, 1.0, 1.0, 1.0, 1.0, 1.0, 1.0, 1.0, 1.0, 1.0, 1.0, 1.0, -1.0, 1.0, 1.0, 1.0, -1.0, 1.0, -1.0, 1.0, -1.0, -1.0, 1.0, 1.0, -1.0, -1.0, 1.0, 1.0]]
  Reward: -0.5228433609008789
  Account Value: None
  Done: False
  Policy Mean: [[76.9088363647461, 3.673914909362793, 64.45564270019531, 53.14973831176758, 117.6268081665039, 102.4747085571289, 75.93749237060547, 155.62783813476562, 27.252643585205078, 85.84884643554688, 90.0422134399414, 52.167694091796875, 34.91583251953125, -11.67236328125, 113.4697494506836, 35.38766098022461, 28.310312271118164, -4.356412410736084, 112.64815521240234, -4.073514461517334, 12.15839672088623, -36.449710845947266, -13.312460899353027, 140.39576721191406, 100.17021179199219, -2.2725119590759277, -80.66117095947266, 63.94870376586914, 115.15355682373047]]
  Policy Std: [[43844.8984375, 515550.875, 121949.6796875, 89716.4453125, 35223.109375, 363774.28125, 88782.4921875, 28417.400390625, 544453.4375, 67847.6484375, 159043.265625, 78901.9296875, 364476.09375, 270021.5625, 215201.53125, 154119.296875, 45780.5703125, 563088.9375, 189447.625, 121240.2265625, 428509.0625, 22923.458984375, 192233.625, 1016043.375, 950219.375, 950403.375, 366705.03125, 58515.27734375, 410836.65625]]

Step 119:
  Date/Day: 120
  Action: [[1.0, 1.0, 1.0, 1.0, 1.0, 1.0, 1.0, 1.0, 1.0, 1.0, 1.0, 1.0, 1.0, -1.0, 1.0, 1.0, 1.0, -1.0, 1.0, -1.0, 1.0, -1.0, -1.0, 1.0, 1.0, -1.0, -1.0, 1.0, 1.0]]
  Reward: 0.26598960161209106
  Account Value: None
  Done: False
  Policy Mean: [[76.9088363647461, 3.673914909362793, 64.45564270019531, 53.14973831176758, 117.6268081665039, 102.4747085571289, 75.93749237060547, 155.62783813476562, 27.252643585205078, 85.84884643554688, 90.0422134399414, 52.167694091796875, 34.91583251953125, -11.67236328125, 113.4697494506836, 35.38766098022461, 28.310312271118164, -4.356412410736084, 112.64815521240234, -4.073514461517334, 12.15839672088623, -36.449710845947266, -13.312460899353027, 140.39576721191406, 100.17021179199219, -2.2725119590759277, -80.66117095947266, 63.94870376586914, 115.15355682373047]]
  Policy Std: [[43844.8984375, 515550.875, 121949.6796875, 89716.4453125, 35223.109375, 363774.28125, 88782.4921875, 28417.400390625, 544453.4375, 67847.6484375, 159043.265625, 78901.9296875, 364476.09375, 270021.5625, 215201.53125, 154119.296875, 45780.5703125, 563088.9375, 189447.625, 121240.2265625, 428509.0625, 22923.458984375, 192233.625, 1016043.375, 950219.375, 950403.375, 366705.03125, 58515.27734375, 410836.65625]]

Step 120:
  Date/Day: 121
  Action: [[1.0, 1.0, 1.0, 1.0, 1.0, 1.0, 1.0, 1.0, 1.0, 1.0, 1.0, 1.0, 1.0, -1.0, 1.0, 1.0, 1.0, -1.0, 1.0, -1.0, 1.0, -1.0, -1.0, 1.0, 1.0, -1.0, -1.0, 1.0, 1.0]]
  Reward: -0.7346977591514587
  Account Value: None
  Done: False
  Policy Mean: [[76.9088363647461, 3.673914909362793, 64.45564270019531, 53.14973831176758, 117.6268081665039, 102.4747085571289, 75.93749237060547, 155.62783813476562, 27.252643585205078, 85.84884643554688, 90.0422134399414, 52.167694091796875, 34.91583251953125, -11.67236328125, 113.4697494506836, 35.38766098022461, 28.310312271118164, -4.356412410736084, 112.64815521240234, -4.073514461517334, 12.15839672088623, -36.449710845947266, -13.312460899353027, 140.39576721191406, 100.17021179199219, -2.2725119590759277, -80.66117095947266, 63.94870376586914, 115.15355682373047]]
  Policy Std: [[43844.8984375, 515550.875, 121949.6796875, 89716.4453125, 35223.109375, 363774.28125, 88782.4921875, 28417.400390625, 544453.4375, 67847.6484375, 159043.265625, 78901.9296875, 364476.09375, 270021.5625, 215201.53125, 154119.296875, 45780.5703125, 563088.9375, 189447.625, 121240.2265625, 428509.0625, 22923.458984375, 192233.625, 1016043.375, 950219.375, 950403.375, 366705.03125, 58515.27734375, 410836.65625]]

Step 121:
  Date/Day: 122
  Action: [[1.0, 1.0, 1.0, 1.0, 1.0, 1.0, 1.0, 1.0, 1.0, 1.0, 1.0, 1.0, 1.0, -1.0, 1.0, 1.0, 1.0, -1.0, 1.0, -1.0, 1.0, -1.0, -1.0, 1.0, 1.0, -1.0, -1.0, 1.0, 1.0]]
  Reward: 0.51080721616745
  Account Value: None
  Done: False
  Policy Mean: [[76.9088363647461, 3.673914909362793, 64.45564270019531, 53.14973831176758, 117.6268081665039, 102.4747085571289, 75.93749237060547, 155.62783813476562, 27.252643585205078, 85.84884643554688, 90.0422134399414, 52.167694091796875, 34.91583251953125, -11.67236328125, 113.4697494506836, 35.38766098022461, 28.310312271118164, -4.356412410736084, 112.64815521240234, -4.073514461517334, 12.15839672088623, -36.449710845947266, -13.312460899353027, 140.39576721191406, 100.17021179199219, -2.2725119590759277, -80.66117095947266, 63.94870376586914, 115.15355682373047]]
  Policy Std: [[43844.8984375, 515550.875, 121949.6796875, 89716.4453125, 35223.109375, 363774.28125, 88782.4921875, 28417.400390625, 544453.4375, 67847.6484375, 159043.265625, 78901.9296875, 364476.09375, 270021.5625, 215201.53125, 154119.296875, 45780.5703125, 563088.9375, 189447.625, 121240.2265625, 428509.0625, 22923.458984375, 192233.625, 1016043.375, 950219.375, 950403.375, 366705.03125, 58515.27734375, 410836.65625]]

Step 122:
  Date/Day: 123
  Action: [[1.0, 1.0, 1.0, 1.0, 1.0, 1.0, 1.0, 1.0, 1.0, 1.0, 1.0, 1.0, 1.0, -1.0, 1.0, 1.0, 1.0, -1.0, 1.0, -1.0, 1.0, -1.0, -1.0, 1.0, 1.0, -1.0, -1.0, 1.0, 1.0]]
  Reward: 0.23259729146957397
  Account Value: None
  Done: False
  Policy Mean: [[76.9088363647461, 3.673914909362793, 64.45564270019531, 53.14973831176758, 117.6268081665039, 102.4747085571289, 75.93749237060547, 155.62783813476562, 27.252643585205078, 85.84884643554688, 90.0422134399414, 52.167694091796875, 34.91583251953125, -11.67236328125, 113.4697494506836, 35.38766098022461, 28.310312271118164, -4.356412410736084, 112.64815521240234, -4.073514461517334, 12.15839672088623, -36.449710845947266, -13.312460899353027, 140.39576721191406, 100.17021179199219, -2.2725119590759277, -80.66117095947266, 63.94870376586914, 115.15355682373047]]
  Policy Std: [[43844.8984375, 515550.875, 121949.6796875, 89716.4453125, 35223.109375, 363774.28125, 88782.4921875, 28417.400390625, 544453.4375, 67847.6484375, 159043.265625, 78901.9296875, 364476.09375, 270021.5625, 215201.53125, 154119.296875, 45780.5703125, 563088.9375, 189447.625, 121240.2265625, 428509.0625, 22923.458984375, 192233.625, 1016043.375, 950219.375, 950403.375, 366705.03125, 58515.27734375, 410836.65625]]

Step 123:
  Date/Day: 124
  Action: [[1.0, 1.0, 1.0, 1.0, 1.0, 1.0, 1.0, 1.0, 1.0, 1.0, 1.0, 1.0, 1.0, -1.0, 1.0, 1.0, 1.0, -1.0, 1.0, -1.0, 1.0, -1.0, -1.0, 1.0, 1.0, -1.0, -1.0, 1.0, 1.0]]
  Reward: 0.7596957087516785
  Account Value: None
  Done: False
  Policy Mean: [[76.9088363647461, 3.673914909362793, 64.45564270019531, 53.14973831176758, 117.6268081665039, 102.4747085571289, 75.93749237060547, 155.62783813476562, 27.252643585205078, 85.84884643554688, 90.0422134399414, 52.167694091796875, 34.91583251953125, -11.67236328125, 113.4697494506836, 35.38766098022461, 28.310312271118164, -4.356412410736084, 112.64815521240234, -4.073514461517334, 12.15839672088623, -36.449710845947266, -13.312460899353027, 140.39576721191406, 100.17021179199219, -2.2725119590759277, -80.66117095947266, 63.94870376586914, 115.15355682373047]]
  Policy Std: [[43844.8984375, 515550.875, 121949.6796875, 89716.4453125, 35223.109375, 363774.28125, 88782.4921875, 28417.400390625, 544453.4375, 67847.6484375, 159043.265625, 78901.9296875, 364476.09375, 270021.5625, 215201.53125, 154119.296875, 45780.5703125, 563088.9375, 189447.625, 121240.2265625, 428509.0625, 22923.458984375, 192233.625, 1016043.375, 950219.375, 950403.375, 366705.03125, 58515.27734375, 410836.65625]]

Step 124:
  Date/Day: 125
  Action: [[1.0, 1.0, 1.0, 1.0, 1.0, 1.0, 1.0, 1.0, 1.0, 1.0, 1.0, 1.0, 1.0, -1.0, 1.0, 1.0, 1.0, -1.0, 1.0, -1.0, 1.0, -1.0, -1.0, 1.0, 1.0, -1.0, -1.0, 1.0, 1.0]]
  Reward: -0.4113271236419678
  Account Value: None
  Done: False
  Policy Mean: [[76.9088363647461, 3.673914909362793, 64.45564270019531, 53.14973831176758, 117.6268081665039, 102.4747085571289, 75.93749237060547, 155.62783813476562, 27.252643585205078, 85.84884643554688, 90.0422134399414, 52.167694091796875, 34.91583251953125, -11.67236328125, 113.4697494506836, 35.38766098022461, 28.310312271118164, -4.356412410736084, 112.64815521240234, -4.073514461517334, 12.15839672088623, -36.449710845947266, -13.312460899353027, 140.39576721191406, 100.17021179199219, -2.2725119590759277, -80.66117095947266, 63.94870376586914, 115.15355682373047]]
  Policy Std: [[43844.8984375, 515550.875, 121949.6796875, 89716.4453125, 35223.109375, 363774.28125, 88782.4921875, 28417.400390625, 544453.4375, 67847.6484375, 159043.265625, 78901.9296875, 364476.09375, 270021.5625, 215201.53125, 154119.296875, 45780.5703125, 563088.9375, 189447.625, 121240.2265625, 428509.0625, 22923.458984375, 192233.625, 1016043.375, 950219.375, 950403.375, 366705.03125, 58515.27734375, 410836.65625]]

Step 125:
  Date/Day: 126
  Action: [[1.0, 1.0, 1.0, 1.0, 1.0, 1.0, 1.0, 1.0, 1.0, 1.0, 1.0, 1.0, 1.0, -1.0, 1.0, 1.0, 1.0, -1.0, 1.0, -1.0, 1.0, -1.0, -1.0, 1.0, 1.0, -1.0, -1.0, 1.0, 1.0]]
  Reward: 0.24471384286880493
  Account Value: None
  Done: False
  Policy Mean: [[76.9088363647461, 3.673914909362793, 64.45564270019531, 53.14973831176758, 117.6268081665039, 102.4747085571289, 75.93749237060547, 155.62783813476562, 27.252643585205078, 85.84884643554688, 90.0422134399414, 52.167694091796875, 34.91583251953125, -11.67236328125, 113.4697494506836, 35.38766098022461, 28.310312271118164, -4.356412410736084, 112.64815521240234, -4.073514461517334, 12.15839672088623, -36.449710845947266, -13.312460899353027, 140.39576721191406, 100.17021179199219, -2.2725119590759277, -80.66117095947266, 63.94870376586914, 115.15355682373047]]
  Policy Std: [[43844.8984375, 515550.875, 121949.6796875, 89716.4453125, 35223.109375, 363774.28125, 88782.4921875, 28417.400390625, 544453.4375, 67847.6484375, 159043.265625, 78901.9296875, 364476.09375, 270021.5625, 215201.53125, 154119.296875, 45780.5703125, 563088.9375, 189447.625, 121240.2265625, 428509.0625, 22923.458984375, 192233.625, 1016043.375, 950219.375, 950403.375, 366705.03125, 58515.27734375, 410836.65625]]

Step 126:
  Date/Day: 127
  Action: [[1.0, 1.0, 1.0, 1.0, 1.0, 1.0, 1.0, 1.0, 1.0, 1.0, 1.0, 1.0, 1.0, -1.0, 1.0, 1.0, 1.0, -1.0, 1.0, -1.0, 1.0, -1.0, -1.0, 1.0, 1.0, -1.0, -1.0, 1.0, 1.0]]
  Reward: 0.7265839576721191
  Account Value: None
  Done: False
  Policy Mean: [[76.9088363647461, 3.673914909362793, 64.45564270019531, 53.14973831176758, 117.6268081665039, 102.4747085571289, 75.93749237060547, 155.62783813476562, 27.252643585205078, 85.84884643554688, 90.0422134399414, 52.167694091796875, 34.91583251953125, -11.67236328125, 113.4697494506836, 35.38766098022461, 28.310312271118164, -4.356412410736084, 112.64815521240234, -4.073514461517334, 12.15839672088623, -36.449710845947266, -13.312460899353027, 140.39576721191406, 100.17021179199219, -2.2725119590759277, -80.66117095947266, 63.94870376586914, 115.15355682373047]]
  Policy Std: [[43844.8984375, 515550.875, 121949.6796875, 89716.4453125, 35223.109375, 363774.28125, 88782.4921875, 28417.400390625, 544453.4375, 67847.6484375, 159043.265625, 78901.9296875, 364476.09375, 270021.5625, 215201.53125, 154119.296875, 45780.5703125, 563088.9375, 189447.625, 121240.2265625, 428509.0625, 22923.458984375, 192233.625, 1016043.375, 950219.375, 950403.375, 366705.03125, 58515.27734375, 410836.65625]]

Step 127:
  Date/Day: 128
  Action: [[1.0, 1.0, 1.0, 1.0, 1.0, 1.0, 1.0, 1.0, 1.0, 1.0, 1.0, 1.0, 1.0, -1.0, 1.0, 1.0, 1.0, -1.0, 1.0, -1.0, 1.0, -1.0, -1.0, 1.0, 1.0, -1.0, -1.0, 1.0, 1.0]]
  Reward: -1.5041438341140747
  Account Value: None
  Done: False
  Policy Mean: [[76.9088363647461, 3.673914909362793, 64.45564270019531, 53.14973831176758, 117.6268081665039, 102.4747085571289, 75.93749237060547, 155.62783813476562, 27.252643585205078, 85.84884643554688, 90.0422134399414, 52.167694091796875, 34.91583251953125, -11.67236328125, 113.4697494506836, 35.38766098022461, 28.310312271118164, -4.356412410736084, 112.64815521240234, -4.073514461517334, 12.15839672088623, -36.449710845947266, -13.312460899353027, 140.39576721191406, 100.17021179199219, -2.2725119590759277, -80.66117095947266, 63.94870376586914, 115.15355682373047]]
  Policy Std: [[43844.8984375, 515550.875, 121949.6796875, 89716.4453125, 35223.109375, 363774.28125, 88782.4921875, 28417.400390625, 544453.4375, 67847.6484375, 159043.265625, 78901.9296875, 364476.09375, 270021.5625, 215201.53125, 154119.296875, 45780.5703125, 563088.9375, 189447.625, 121240.2265625, 428509.0625, 22923.458984375, 192233.625, 1016043.375, 950219.375, 950403.375, 366705.03125, 58515.27734375, 410836.65625]]

Step 128:
  Date/Day: 129
  Action: [[1.0, 1.0, 1.0, 1.0, 1.0, 1.0, 1.0, 1.0, 1.0, 1.0, 1.0, 1.0, 1.0, -1.0, 1.0, 1.0, 1.0, -1.0, 1.0, -1.0, 1.0, -1.0, -1.0, 1.0, 1.0, -1.0, -1.0, 1.0, 1.0]]
  Reward: 0.6267243027687073
  Account Value: None
  Done: False
  Policy Mean: [[76.9088363647461, 3.673914909362793, 64.45564270019531, 53.14973831176758, 117.6268081665039, 102.4747085571289, 75.93749237060547, 155.62783813476562, 27.252643585205078, 85.84884643554688, 90.0422134399414, 52.167694091796875, 34.91583251953125, -11.67236328125, 113.4697494506836, 35.38766098022461, 28.310312271118164, -4.356412410736084, 112.64815521240234, -4.073514461517334, 12.15839672088623, -36.449710845947266, -13.312460899353027, 140.39576721191406, 100.17021179199219, -2.2725119590759277, -80.66117095947266, 63.94870376586914, 115.15355682373047]]
  Policy Std: [[43844.8984375, 515550.875, 121949.6796875, 89716.4453125, 35223.109375, 363774.28125, 88782.4921875, 28417.400390625, 544453.4375, 67847.6484375, 159043.265625, 78901.9296875, 364476.09375, 270021.5625, 215201.53125, 154119.296875, 45780.5703125, 563088.9375, 189447.625, 121240.2265625, 428509.0625, 22923.458984375, 192233.625, 1016043.375, 950219.375, 950403.375, 366705.03125, 58515.27734375, 410836.65625]]

Step 129:
  Date/Day: 130
  Action: [[1.0, 1.0, 1.0, 1.0, 1.0, 1.0, 1.0, 1.0, 1.0, 1.0, 1.0, 1.0, 1.0, -1.0, 1.0, 1.0, 1.0, -1.0, 1.0, -1.0, 1.0, -1.0, -1.0, 1.0, 1.0, -1.0, -1.0, 1.0, 1.0]]
  Reward: 1.9038212299346924
  Account Value: None
  Done: False
  Policy Mean: [[76.9088363647461, 3.673914909362793, 64.45564270019531, 53.14973831176758, 117.6268081665039, 102.4747085571289, 75.93749237060547, 155.62783813476562, 27.252643585205078, 85.84884643554688, 90.0422134399414, 52.167694091796875, 34.91583251953125, -11.67236328125, 113.4697494506836, 35.38766098022461, 28.310312271118164, -4.356412410736084, 112.64815521240234, -4.073514461517334, 12.15839672088623, -36.449710845947266, -13.312460899353027, 140.39576721191406, 100.17021179199219, -2.2725119590759277, -80.66117095947266, 63.94870376586914, 115.15355682373047]]
  Policy Std: [[43844.8984375, 515550.875, 121949.6796875, 89716.4453125, 35223.109375, 363774.28125, 88782.4921875, 28417.400390625, 544453.4375, 67847.6484375, 159043.265625, 78901.9296875, 364476.09375, 270021.5625, 215201.53125, 154119.296875, 45780.5703125, 563088.9375, 189447.625, 121240.2265625, 428509.0625, 22923.458984375, 192233.625, 1016043.375, 950219.375, 950403.375, 366705.03125, 58515.27734375, 410836.65625]]

Step 130:
  Date/Day: 131
  Action: [[1.0, 1.0, 1.0, 1.0, 1.0, 1.0, 1.0, 1.0, 1.0, 1.0, 1.0, 1.0, 1.0, -1.0, 1.0, 1.0, 1.0, -1.0, 1.0, -1.0, 1.0, -1.0, -1.0, 1.0, 1.0, -1.0, -1.0, 1.0, 1.0]]
  Reward: 0.8745183348655701
  Account Value: None
  Done: False
  Policy Mean: [[76.9088363647461, 3.673914909362793, 64.45564270019531, 53.14973831176758, 117.6268081665039, 102.4747085571289, 75.93749237060547, 155.62783813476562, 27.252643585205078, 85.84884643554688, 90.0422134399414, 52.167694091796875, 34.91583251953125, -11.67236328125, 113.4697494506836, 35.38766098022461, 28.310312271118164, -4.356412410736084, 112.64815521240234, -4.073514461517334, 12.15839672088623, -36.449710845947266, -13.312460899353027, 140.39576721191406, 100.17021179199219, -2.2725119590759277, -80.66117095947266, 63.94870376586914, 115.15355682373047]]
  Policy Std: [[43844.8984375, 515550.875, 121949.6796875, 89716.4453125, 35223.109375, 363774.28125, 88782.4921875, 28417.400390625, 544453.4375, 67847.6484375, 159043.265625, 78901.9296875, 364476.09375, 270021.5625, 215201.53125, 154119.296875, 45780.5703125, 563088.9375, 189447.625, 121240.2265625, 428509.0625, 22923.458984375, 192233.625, 1016043.375, 950219.375, 950403.375, 366705.03125, 58515.27734375, 410836.65625]]

Step 131:
  Date/Day: 132
  Action: [[1.0, 1.0, 1.0, 1.0, 1.0, 1.0, 1.0, 1.0, 1.0, 1.0, 1.0, 1.0, 1.0, -1.0, 1.0, 1.0, 1.0, -1.0, 1.0, -1.0, 1.0, -1.0, -1.0, 1.0, 1.0, -1.0, -1.0, 1.0, 1.0]]
  Reward: 0.1260996013879776
  Account Value: None
  Done: False
  Policy Mean: [[76.9088363647461, 3.673914909362793, 64.45564270019531, 53.14973831176758, 117.6268081665039, 102.4747085571289, 75.93749237060547, 155.62783813476562, 27.252643585205078, 85.84884643554688, 90.0422134399414, 52.167694091796875, 34.91583251953125, -11.67236328125, 113.4697494506836, 35.38766098022461, 28.310312271118164, -4.356412410736084, 112.64815521240234, -4.073514461517334, 12.15839672088623, -36.449710845947266, -13.312460899353027, 140.39576721191406, 100.17021179199219, -2.2725119590759277, -80.66117095947266, 63.94870376586914, 115.15355682373047]]
  Policy Std: [[43844.8984375, 515550.875, 121949.6796875, 89716.4453125, 35223.109375, 363774.28125, 88782.4921875, 28417.400390625, 544453.4375, 67847.6484375, 159043.265625, 78901.9296875, 364476.09375, 270021.5625, 215201.53125, 154119.296875, 45780.5703125, 563088.9375, 189447.625, 121240.2265625, 428509.0625, 22923.458984375, 192233.625, 1016043.375, 950219.375, 950403.375, 366705.03125, 58515.27734375, 410836.65625]]

Step 132:
  Date/Day: 133
  Action: [[1.0, 1.0, 1.0, 1.0, 1.0, 1.0, 1.0, 1.0, 1.0, 1.0, 1.0, 1.0, 1.0, -1.0, 1.0, 1.0, 1.0, -1.0, 1.0, -1.0, 1.0, -1.0, -1.0, 1.0, 1.0, -1.0, -1.0, 1.0, 1.0]]
  Reward: -0.38898569345474243
  Account Value: None
  Done: False
  Policy Mean: [[76.9088363647461, 3.673914909362793, 64.45564270019531, 53.14973831176758, 117.6268081665039, 102.4747085571289, 75.93749237060547, 155.62783813476562, 27.252643585205078, 85.84884643554688, 90.0422134399414, 52.167694091796875, 34.91583251953125, -11.67236328125, 113.4697494506836, 35.38766098022461, 28.310312271118164, -4.356412410736084, 112.64815521240234, -4.073514461517334, 12.15839672088623, -36.449710845947266, -13.312460899353027, 140.39576721191406, 100.17021179199219, -2.2725119590759277, -80.66117095947266, 63.94870376586914, 115.15355682373047]]
  Policy Std: [[43844.8984375, 515550.875, 121949.6796875, 89716.4453125, 35223.109375, 363774.28125, 88782.4921875, 28417.400390625, 544453.4375, 67847.6484375, 159043.265625, 78901.9296875, 364476.09375, 270021.5625, 215201.53125, 154119.296875, 45780.5703125, 563088.9375, 189447.625, 121240.2265625, 428509.0625, 22923.458984375, 192233.625, 1016043.375, 950219.375, 950403.375, 366705.03125, 58515.27734375, 410836.65625]]

Step 133:
  Date/Day: 134
  Action: [[1.0, 1.0, 1.0, 1.0, 1.0, 1.0, 1.0, 1.0, 1.0, 1.0, 1.0, 1.0, 1.0, -1.0, 1.0, 1.0, 1.0, -1.0, 1.0, -1.0, 1.0, -1.0, -1.0, 1.0, 1.0, -1.0, -1.0, 1.0, 1.0]]
  Reward: 0.4979785084724426
  Account Value: None
  Done: False
  Policy Mean: [[76.9088363647461, 3.673914909362793, 64.45564270019531, 53.14973831176758, 117.6268081665039, 102.4747085571289, 75.93749237060547, 155.62783813476562, 27.252643585205078, 85.84884643554688, 90.0422134399414, 52.167694091796875, 34.91583251953125, -11.67236328125, 113.4697494506836, 35.38766098022461, 28.310312271118164, -4.356412410736084, 112.64815521240234, -4.073514461517334, 12.15839672088623, -36.449710845947266, -13.312460899353027, 140.39576721191406, 100.17021179199219, -2.2725119590759277, -80.66117095947266, 63.94870376586914, 115.15355682373047]]
  Policy Std: [[43844.8984375, 515550.875, 121949.6796875, 89716.4453125, 35223.109375, 363774.28125, 88782.4921875, 28417.400390625, 544453.4375, 67847.6484375, 159043.265625, 78901.9296875, 364476.09375, 270021.5625, 215201.53125, 154119.296875, 45780.5703125, 563088.9375, 189447.625, 121240.2265625, 428509.0625, 22923.458984375, 192233.625, 1016043.375, 950219.375, 950403.375, 366705.03125, 58515.27734375, 410836.65625]]

Step 134:
  Date/Day: 135
  Action: [[1.0, 1.0, 1.0, 1.0, 1.0, 1.0, 1.0, 1.0, 1.0, 1.0, 1.0, 1.0, 1.0, -1.0, 1.0, 1.0, 1.0, -1.0, 1.0, -1.0, 1.0, -1.0, -1.0, 1.0, 1.0, -1.0, -1.0, 1.0, 1.0]]
  Reward: -0.06441688537597656
  Account Value: None
  Done: False
  Policy Mean: [[76.9088363647461, 3.673914909362793, 64.45564270019531, 53.14973831176758, 117.6268081665039, 102.4747085571289, 75.93749237060547, 155.62783813476562, 27.252643585205078, 85.84884643554688, 90.0422134399414, 52.167694091796875, 34.91583251953125, -11.67236328125, 113.4697494506836, 35.38766098022461, 28.310312271118164, -4.356412410736084, 112.64815521240234, -4.073514461517334, 12.15839672088623, -36.449710845947266, -13.312460899353027, 140.39576721191406, 100.17021179199219, -2.2725119590759277, -80.66117095947266, 63.94870376586914, 115.15355682373047]]
  Policy Std: [[43844.8984375, 515550.875, 121949.6796875, 89716.4453125, 35223.109375, 363774.28125, 88782.4921875, 28417.400390625, 544453.4375, 67847.6484375, 159043.265625, 78901.9296875, 364476.09375, 270021.5625, 215201.53125, 154119.296875, 45780.5703125, 563088.9375, 189447.625, 121240.2265625, 428509.0625, 22923.458984375, 192233.625, 1016043.375, 950219.375, 950403.375, 366705.03125, 58515.27734375, 410836.65625]]

Step 135:
  Date/Day: 136
  Action: [[1.0, 1.0, 1.0, 1.0, 1.0, 1.0, 1.0, 1.0, 1.0, 1.0, 1.0, 1.0, 1.0, -1.0, 1.0, 1.0, 1.0, -1.0, 1.0, -1.0, 1.0, -1.0, -1.0, 1.0, 1.0, -1.0, -1.0, 1.0, 1.0]]
  Reward: -0.07676957547664642
  Account Value: None
  Done: False
  Policy Mean: [[76.9088363647461, 3.673914909362793, 64.45564270019531, 53.14973831176758, 117.6268081665039, 102.4747085571289, 75.93749237060547, 155.62783813476562, 27.252643585205078, 85.84884643554688, 90.0422134399414, 52.167694091796875, 34.91583251953125, -11.67236328125, 113.4697494506836, 35.38766098022461, 28.310312271118164, -4.356412410736084, 112.64815521240234, -4.073514461517334, 12.15839672088623, -36.449710845947266, -13.312460899353027, 140.39576721191406, 100.17021179199219, -2.2725119590759277, -80.66117095947266, 63.94870376586914, 115.15355682373047]]
  Policy Std: [[43844.8984375, 515550.875, 121949.6796875, 89716.4453125, 35223.109375, 363774.28125, 88782.4921875, 28417.400390625, 544453.4375, 67847.6484375, 159043.265625, 78901.9296875, 364476.09375, 270021.5625, 215201.53125, 154119.296875, 45780.5703125, 563088.9375, 189447.625, 121240.2265625, 428509.0625, 22923.458984375, 192233.625, 1016043.375, 950219.375, 950403.375, 366705.03125, 58515.27734375, 410836.65625]]

Step 136:
  Date/Day: 137
  Action: [[1.0, 1.0, 1.0, 1.0, 1.0, 1.0, 1.0, 1.0, 1.0, 1.0, 1.0, 1.0, 1.0, -1.0, 1.0, 1.0, 1.0, -1.0, 1.0, -1.0, 1.0, -1.0, -1.0, 1.0, 1.0, -1.0, -1.0, 1.0, 1.0]]
  Reward: -0.6873136758804321
  Account Value: None
  Done: False
  Policy Mean: [[76.9088363647461, 3.673914909362793, 64.45564270019531, 53.14973831176758, 117.6268081665039, 102.4747085571289, 75.93749237060547, 155.62783813476562, 27.252643585205078, 85.84884643554688, 90.0422134399414, 52.167694091796875, 34.91583251953125, -11.67236328125, 113.4697494506836, 35.38766098022461, 28.310312271118164, -4.356412410736084, 112.64815521240234, -4.073514461517334, 12.15839672088623, -36.449710845947266, -13.312460899353027, 140.39576721191406, 100.17021179199219, -2.2725119590759277, -80.66117095947266, 63.94870376586914, 115.15355682373047]]
  Policy Std: [[43844.8984375, 515550.875, 121949.6796875, 89716.4453125, 35223.109375, 363774.28125, 88782.4921875, 28417.400390625, 544453.4375, 67847.6484375, 159043.265625, 78901.9296875, 364476.09375, 270021.5625, 215201.53125, 154119.296875, 45780.5703125, 563088.9375, 189447.625, 121240.2265625, 428509.0625, 22923.458984375, 192233.625, 1016043.375, 950219.375, 950403.375, 366705.03125, 58515.27734375, 410836.65625]]

Step 137:
  Date/Day: 138
  Action: [[1.0, 1.0, 1.0, 1.0, 1.0, 1.0, 1.0, 1.0, 1.0, 1.0, 1.0, 1.0, 1.0, -1.0, 1.0, 1.0, 1.0, -1.0, 1.0, -1.0, 1.0, -1.0, -1.0, 1.0, 1.0, -1.0, -1.0, 1.0, 1.0]]
  Reward: 0.688824474811554
  Account Value: None
  Done: False
  Policy Mean: [[76.9092788696289, 3.6935055255889893, 64.46597290039062, 53.18083953857422, 117.64315032958984, 102.49320220947266, 75.9466552734375, 155.64431762695312, 27.24422836303711, 85.86944580078125, 90.06405639648438, 52.172645568847656, 34.92192840576172, -11.675958633422852, 113.47595977783203, 35.38957595825195, 28.331939697265625, -4.349748611450195, 112.66081237792969, -4.06478214263916, 12.159598350524902, -36.437469482421875, -13.304475784301758, 140.3907928466797, 100.15814208984375, -2.2727134227752686, -80.64905548095703, 63.95204544067383, 115.15682983398438]]
  Policy Std: [[43844.8984375, 515550.875, 121949.6796875, 89716.4453125, 35223.109375, 363774.28125, 88782.4921875, 28417.400390625, 544453.4375, 67847.6484375, 159043.265625, 78901.9296875, 364476.09375, 270021.5625, 215201.53125, 154119.296875, 45780.5703125, 563088.9375, 189447.625, 121240.2265625, 428509.0625, 22923.458984375, 192233.625, 1016043.375, 950219.375, 950403.375, 366705.03125, 58515.27734375, 410836.65625]]

Step 138:
  Date/Day: 139
  Action: [[1.0, 1.0, 1.0, 1.0, 1.0, 1.0, 1.0, 1.0, 1.0, 1.0, 1.0, 1.0, 1.0, -1.0, 1.0, 1.0, 1.0, -1.0, 1.0, -1.0, 1.0, -1.0, -1.0, 1.0, 1.0, -1.0, -1.0, 1.0, 1.0]]
  Reward: 0.9153035879135132
  Account Value: None
  Done: False
  Policy Mean: [[76.9088363647461, 3.673914909362793, 64.45564270019531, 53.14973831176758, 117.6268081665039, 102.4747085571289, 75.93749237060547, 155.62783813476562, 27.252643585205078, 85.84884643554688, 90.0422134399414, 52.167694091796875, 34.91583251953125, -11.67236328125, 113.4697494506836, 35.38766098022461, 28.310312271118164, -4.356412410736084, 112.64815521240234, -4.073514461517334, 12.15839672088623, -36.449710845947266, -13.312460899353027, 140.39576721191406, 100.17021179199219, -2.2725119590759277, -80.66117095947266, 63.94870376586914, 115.15355682373047]]
  Policy Std: [[43844.8984375, 515550.875, 121949.6796875, 89716.4453125, 35223.109375, 363774.28125, 88782.4921875, 28417.400390625, 544453.4375, 67847.6484375, 159043.265625, 78901.9296875, 364476.09375, 270021.5625, 215201.53125, 154119.296875, 45780.5703125, 563088.9375, 189447.625, 121240.2265625, 428509.0625, 22923.458984375, 192233.625, 1016043.375, 950219.375, 950403.375, 366705.03125, 58515.27734375, 410836.65625]]

Step 139:
  Date/Day: 140
  Action: [[1.0, 1.0, 1.0, 1.0, 1.0, 1.0, 1.0, 1.0, 1.0, 1.0, 1.0, 1.0, 1.0, -1.0, 1.0, 1.0, 1.0, -1.0, 1.0, -1.0, 1.0, -1.0, -1.0, 1.0, 1.0, -1.0, -1.0, 1.0, 1.0]]
  Reward: 0.08624004572629929
  Account Value: None
  Done: False
  Policy Mean: [[76.9088363647461, 3.673914909362793, 64.45564270019531, 53.14973831176758, 117.6268081665039, 102.4747085571289, 75.93749237060547, 155.62783813476562, 27.252643585205078, 85.84884643554688, 90.0422134399414, 52.167694091796875, 34.91583251953125, -11.67236328125, 113.4697494506836, 35.38766098022461, 28.310312271118164, -4.356412410736084, 112.64815521240234, -4.073514461517334, 12.15839672088623, -36.449710845947266, -13.312460899353027, 140.39576721191406, 100.17021179199219, -2.2725119590759277, -80.66117095947266, 63.94870376586914, 115.15355682373047]]
  Policy Std: [[43844.8984375, 515550.875, 121949.6796875, 89716.4453125, 35223.109375, 363774.28125, 88782.4921875, 28417.400390625, 544453.4375, 67847.6484375, 159043.265625, 78901.9296875, 364476.09375, 270021.5625, 215201.53125, 154119.296875, 45780.5703125, 563088.9375, 189447.625, 121240.2265625, 428509.0625, 22923.458984375, 192233.625, 1016043.375, 950219.375, 950403.375, 366705.03125, 58515.27734375, 410836.65625]]

Step 140:
  Date/Day: 141
  Action: [[1.0, 1.0, 1.0, 1.0, 1.0, 1.0, 1.0, 1.0, 1.0, 1.0, 1.0, 1.0, 1.0, -1.0, 1.0, 1.0, 1.0, -1.0, 1.0, -1.0, 1.0, -1.0, -1.0, 1.0, 1.0, -1.0, -1.0, 1.0, 1.0]]
  Reward: -0.4472455680370331
  Account Value: None
  Done: False
  Policy Mean: [[76.9088363647461, 3.673914909362793, 64.45564270019531, 53.14973831176758, 117.6268081665039, 102.4747085571289, 75.93749237060547, 155.62783813476562, 27.252643585205078, 85.84884643554688, 90.0422134399414, 52.167694091796875, 34.91583251953125, -11.67236328125, 113.4697494506836, 35.38766098022461, 28.310312271118164, -4.356412410736084, 112.64815521240234, -4.073514461517334, 12.15839672088623, -36.449710845947266, -13.312460899353027, 140.39576721191406, 100.17021179199219, -2.2725119590759277, -80.66117095947266, 63.94870376586914, 115.15355682373047]]
  Policy Std: [[43844.8984375, 515550.875, 121949.6796875, 89716.4453125, 35223.109375, 363774.28125, 88782.4921875, 28417.400390625, 544453.4375, 67847.6484375, 159043.265625, 78901.9296875, 364476.09375, 270021.5625, 215201.53125, 154119.296875, 45780.5703125, 563088.9375, 189447.625, 121240.2265625, 428509.0625, 22923.458984375, 192233.625, 1016043.375, 950219.375, 950403.375, 366705.03125, 58515.27734375, 410836.65625]]

Step 141:
  Date/Day: 142
  Action: [[1.0, 1.0, 1.0, 1.0, 1.0, 1.0, 1.0, 1.0, 1.0, 1.0, 1.0, 1.0, 1.0, -1.0, 1.0, 1.0, 1.0, -1.0, 1.0, -1.0, 1.0, -1.0, -1.0, 1.0, 1.0, -1.0, -1.0, 1.0, 1.0]]
  Reward: -0.0702613815665245
  Account Value: None
  Done: False
  Policy Mean: [[76.9088363647461, 3.673914909362793, 64.45564270019531, 53.14973831176758, 117.6268081665039, 102.4747085571289, 75.93749237060547, 155.62783813476562, 27.252643585205078, 85.84884643554688, 90.0422134399414, 52.167694091796875, 34.91583251953125, -11.67236328125, 113.4697494506836, 35.38766098022461, 28.310312271118164, -4.356412410736084, 112.64815521240234, -4.073514461517334, 12.15839672088623, -36.449710845947266, -13.312460899353027, 140.39576721191406, 100.17021179199219, -2.2725119590759277, -80.66117095947266, 63.94870376586914, 115.15355682373047]]
  Policy Std: [[43844.8984375, 515550.875, 121949.6796875, 89716.4453125, 35223.109375, 363774.28125, 88782.4921875, 28417.400390625, 544453.4375, 67847.6484375, 159043.265625, 78901.9296875, 364476.09375, 270021.5625, 215201.53125, 154119.296875, 45780.5703125, 563088.9375, 189447.625, 121240.2265625, 428509.0625, 22923.458984375, 192233.625, 1016043.375, 950219.375, 950403.375, 366705.03125, 58515.27734375, 410836.65625]]

Step 142:
  Date/Day: 143
  Action: [[1.0, 1.0, 1.0, 1.0, 1.0, 1.0, 1.0, 1.0, 1.0, 1.0, 1.0, 1.0, 1.0, -1.0, 1.0, 1.0, 1.0, -1.0, 1.0, -1.0, 1.0, -1.0, -1.0, 1.0, 1.0, -1.0, -1.0, 1.0, 1.0]]
  Reward: -0.014183152467012405
  Account Value: None
  Done: False
  Policy Mean: [[76.9088363647461, 3.6739156246185303, 64.45564270019531, 53.14973831176758, 117.6268081665039, 102.4747085571289, 75.93749237060547, 155.62783813476562, 27.252643585205078, 85.84884643554688, 90.0422134399414, 52.167694091796875, 34.91583251953125, -11.67236328125, 113.46975708007812, 35.38766098022461, 28.310312271118164, -4.356411933898926, 112.64815521240234, -4.073513984680176, 12.15839672088623, -36.449710845947266, -13.312460899353027, 140.39576721191406, 100.17021179199219, -2.2725119590759277, -80.66117095947266, 63.94870376586914, 115.15355682373047]]
  Policy Std: [[43844.8984375, 515550.875, 121949.6796875, 89716.4453125, 35223.109375, 363774.28125, 88782.4921875, 28417.400390625, 544453.4375, 67847.6484375, 159043.265625, 78901.9296875, 364476.09375, 270021.5625, 215201.53125, 154119.296875, 45780.5703125, 563088.9375, 189447.625, 121240.2265625, 428509.0625, 22923.458984375, 192233.625, 1016043.375, 950219.375, 950403.375, 366705.03125, 58515.27734375, 410836.65625]]

Step 143:
  Date/Day: 144
  Action: [[1.0, 1.0, 1.0, 1.0, 1.0, 1.0, 1.0, 1.0, 1.0, 1.0, 1.0, 1.0, 1.0, -1.0, 1.0, 1.0, 1.0, -1.0, 1.0, -1.0, 1.0, -1.0, -1.0, 1.0, 1.0, -1.0, -1.0, 1.0, 1.0]]
  Reward: -1.992014765739441
  Account Value: None
  Done: False
  Policy Mean: [[76.9088363647461, 3.673914909362793, 64.45564270019531, 53.14973831176758, 117.6268081665039, 102.4747085571289, 75.93749237060547, 155.62783813476562, 27.252643585205078, 85.84884643554688, 90.0422134399414, 52.167694091796875, 34.91583251953125, -11.67236328125, 113.4697494506836, 35.38766098022461, 28.310312271118164, -4.356412410736084, 112.64815521240234, -4.073514461517334, 12.15839672088623, -36.449710845947266, -13.312460899353027, 140.39576721191406, 100.17021179199219, -2.2725119590759277, -80.66117095947266, 63.94870376586914, 115.15355682373047]]
  Policy Std: [[43844.8984375, 515550.875, 121949.6796875, 89716.4453125, 35223.109375, 363774.28125, 88782.4921875, 28417.400390625, 544453.4375, 67847.6484375, 159043.265625, 78901.9296875, 364476.09375, 270021.5625, 215201.53125, 154119.296875, 45780.5703125, 563088.9375, 189447.625, 121240.2265625, 428509.0625, 22923.458984375, 192233.625, 1016043.375, 950219.375, 950403.375, 366705.03125, 58515.27734375, 410836.65625]]

Step 144:
  Date/Day: 145
  Action: [[1.0, 1.0, 1.0, 1.0, 1.0, 1.0, 1.0, 1.0, 1.0, 1.0, 1.0, 1.0, 1.0, -1.0, 1.0, 1.0, 1.0, -1.0, 1.0, -1.0, 1.0, -1.0, -1.0, 1.0, 1.0, -1.0, -1.0, 1.0, 1.0]]
  Reward: 1.0972732305526733
  Account Value: None
  Done: False
  Policy Mean: [[76.90914916992188, 3.696723461151123, 64.4673843383789, 53.18507385253906, 117.64518737792969, 102.49601745605469, 75.94776916503906, 155.646484375, 27.242748260498047, 85.87191772460938, 90.06715393066406, 52.17296600341797, 34.92275619506836, -11.676592826843262, 113.47636413574219, 35.38975143432617, 28.33548927307129, -4.349004745483398, 112.6622543334961, -4.063649654388428, 12.159600257873535, -36.435733795166016, -13.303214073181152, 140.3895721435547, 100.15574645996094, -2.272819757461548, -80.64704132080078, 63.95220184326172, 115.15695190429688]]
  Policy Std: [[43844.8984375, 515550.875, 121949.6796875, 89716.4453125, 35223.109375, 363774.28125, 88782.4921875, 28417.400390625, 544453.4375, 67847.6484375, 159043.265625, 78901.9296875, 364476.09375, 270021.5625, 215201.53125, 154119.296875, 45780.5703125, 563088.9375, 189447.625, 121240.2265625, 428509.0625, 22923.458984375, 192233.625, 1016043.375, 950219.375, 950403.375, 366705.03125, 58515.27734375, 410836.65625]]

Step 145:
  Date/Day: 146
  Action: [[1.0, 1.0, 1.0, 1.0, 1.0, 1.0, 1.0, 1.0, 1.0, 1.0, 1.0, 1.0, 1.0, -1.0, 1.0, 1.0, 1.0, -1.0, 1.0, -1.0, 1.0, -1.0, -1.0, 1.0, 1.0, -1.0, -1.0, 1.0, 1.0]]
  Reward: -2.6837644577026367
  Account Value: None
  Done: False
  Policy Mean: [[76.90914916992188, 3.696723461151123, 64.4673843383789, 53.18507385253906, 117.64518737792969, 102.49601745605469, 75.94776916503906, 155.646484375, 27.242748260498047, 85.87191772460938, 90.06715393066406, 52.17296600341797, 34.92275619506836, -11.676592826843262, 113.47636413574219, 35.38975143432617, 28.33548927307129, -4.349004745483398, 112.6622543334961, -4.063649654388428, 12.159600257873535, -36.435733795166016, -13.303214073181152, 140.3895721435547, 100.15574645996094, -2.272819757461548, -80.64704132080078, 63.95220184326172, 115.15695190429688]]
  Policy Std: [[43844.8984375, 515550.875, 121949.6796875, 89716.4453125, 35223.109375, 363774.28125, 88782.4921875, 28417.400390625, 544453.4375, 67847.6484375, 159043.265625, 78901.9296875, 364476.09375, 270021.5625, 215201.53125, 154119.296875, 45780.5703125, 563088.9375, 189447.625, 121240.2265625, 428509.0625, 22923.458984375, 192233.625, 1016043.375, 950219.375, 950403.375, 366705.03125, 58515.27734375, 410836.65625]]

Step 146:
  Date/Day: 147
  Action: [[1.0, 1.0, 1.0, 1.0, 1.0, 1.0, 1.0, 1.0, 1.0, 1.0, 1.0, 1.0, 1.0, -1.0, 1.0, 1.0, 1.0, -1.0, 1.0, -1.0, 1.0, -1.0, -1.0, 1.0, 1.0, -1.0, -1.0, 1.0, 1.0]]
  Reward: 0.792844831943512
  Account Value: None
  Done: False
  Policy Mean: [[76.90914916992188, 3.696723461151123, 64.4673843383789, 53.18507385253906, 117.64518737792969, 102.49601745605469, 75.94776916503906, 155.646484375, 27.242748260498047, 85.87191772460938, 90.06715393066406, 52.17296600341797, 34.92275619506836, -11.676592826843262, 113.47636413574219, 35.38975143432617, 28.33548927307129, -4.349004745483398, 112.6622543334961, -4.063649654388428, 12.159600257873535, -36.435733795166016, -13.303214073181152, 140.3895721435547, 100.15574645996094, -2.272819757461548, -80.64704132080078, 63.95220184326172, 115.15695190429688]]
  Policy Std: [[43844.8984375, 515550.875, 121949.6796875, 89716.4453125, 35223.109375, 363774.28125, 88782.4921875, 28417.400390625, 544453.4375, 67847.6484375, 159043.265625, 78901.9296875, 364476.09375, 270021.5625, 215201.53125, 154119.296875, 45780.5703125, 563088.9375, 189447.625, 121240.2265625, 428509.0625, 22923.458984375, 192233.625, 1016043.375, 950219.375, 950403.375, 366705.03125, 58515.27734375, 410836.65625]]

Step 147:
  Date/Day: 148
  Action: [[1.0, 1.0, 1.0, 1.0, 1.0, 1.0, 1.0, 1.0, 1.0, 1.0, 1.0, 1.0, 1.0, -1.0, 1.0, 1.0, 1.0, -1.0, 1.0, -1.0, 1.0, -1.0, -1.0, 1.0, 1.0, -1.0, -1.0, 1.0, 1.0]]
  Reward: 1.8061599731445312
  Account Value: None
  Done: False
  Policy Mean: [[76.90914916992188, 3.696723461151123, 64.4673843383789, 53.18507385253906, 117.64518737792969, 102.49601745605469, 75.94776916503906, 155.646484375, 27.242748260498047, 85.87191772460938, 90.06715393066406, 52.17296600341797, 34.92275619506836, -11.676592826843262, 113.47636413574219, 35.38975143432617, 28.33548927307129, -4.349004745483398, 112.6622543334961, -4.063649654388428, 12.159600257873535, -36.435733795166016, -13.303214073181152, 140.3895721435547, 100.15574645996094, -2.272819757461548, -80.64704132080078, 63.95220184326172, 115.15695190429688]]
  Policy Std: [[43844.8984375, 515550.875, 121949.6796875, 89716.4453125, 35223.109375, 363774.28125, 88782.4921875, 28417.400390625, 544453.4375, 67847.6484375, 159043.265625, 78901.9296875, 364476.09375, 270021.5625, 215201.53125, 154119.296875, 45780.5703125, 563088.9375, 189447.625, 121240.2265625, 428509.0625, 22923.458984375, 192233.625, 1016043.375, 950219.375, 950403.375, 366705.03125, 58515.27734375, 410836.65625]]

Step 148:
  Date/Day: 149
  Action: [[1.0, 1.0, 1.0, 1.0, 1.0, 1.0, 1.0, 1.0, 1.0, 1.0, 1.0, 1.0, 1.0, -1.0, 1.0, 1.0, 1.0, -1.0, 1.0, -1.0, 1.0, -1.0, -1.0, 1.0, 1.0, -1.0, -1.0, 1.0, 1.0]]
  Reward: 0.28508177399635315
  Account Value: None
  Done: False
  Policy Mean: [[76.9088363647461, 3.673914909362793, 64.45564270019531, 53.14973831176758, 117.6268081665039, 102.4747085571289, 75.93749237060547, 155.62783813476562, 27.252643585205078, 85.84884643554688, 90.0422134399414, 52.167694091796875, 34.91583251953125, -11.67236328125, 113.4697494506836, 35.38766098022461, 28.310312271118164, -4.356412410736084, 112.64815521240234, -4.073514461517334, 12.15839672088623, -36.449710845947266, -13.312460899353027, 140.39576721191406, 100.17021179199219, -2.2725119590759277, -80.66117095947266, 63.94870376586914, 115.15355682373047]]
  Policy Std: [[43844.8984375, 515550.875, 121949.6796875, 89716.4453125, 35223.109375, 363774.28125, 88782.4921875, 28417.400390625, 544453.4375, 67847.6484375, 159043.265625, 78901.9296875, 364476.09375, 270021.5625, 215201.53125, 154119.296875, 45780.5703125, 563088.9375, 189447.625, 121240.2265625, 428509.0625, 22923.458984375, 192233.625, 1016043.375, 950219.375, 950403.375, 366705.03125, 58515.27734375, 410836.65625]]

Step 149:
  Date/Day: 150
  Action: [[1.0, 1.0, 1.0, 1.0, 1.0, 1.0, 1.0, 1.0, 1.0, 1.0, 1.0, 1.0, 1.0, -1.0, 1.0, 1.0, 1.0, -1.0, 1.0, -1.0, 1.0, -1.0, -1.0, 1.0, 1.0, -1.0, -1.0, 1.0, 1.0]]
  Reward: 1.0855716466903687
  Account Value: None
  Done: False
  Policy Mean: [[76.9088363647461, 3.673914909362793, 64.45564270019531, 53.14973831176758, 117.6268081665039, 102.4747085571289, 75.93749237060547, 155.62783813476562, 27.252643585205078, 85.84884643554688, 90.0422134399414, 52.167694091796875, 34.91583251953125, -11.67236328125, 113.4697494506836, 35.38766098022461, 28.310312271118164, -4.356412410736084, 112.64815521240234, -4.073514461517334, 12.15839672088623, -36.449710845947266, -13.312460899353027, 140.39576721191406, 100.17021179199219, -2.2725119590759277, -80.66117095947266, 63.94870376586914, 115.15355682373047]]
  Policy Std: [[43844.8984375, 515550.875, 121949.6796875, 89716.4453125, 35223.109375, 363774.28125, 88782.4921875, 28417.400390625, 544453.4375, 67847.6484375, 159043.265625, 78901.9296875, 364476.09375, 270021.5625, 215201.53125, 154119.296875, 45780.5703125, 563088.9375, 189447.625, 121240.2265625, 428509.0625, 22923.458984375, 192233.625, 1016043.375, 950219.375, 950403.375, 366705.03125, 58515.27734375, 410836.65625]]

Step 150:
  Date/Day: 151
  Action: [[1.0, 1.0, 1.0, 1.0, 1.0, 1.0, 1.0, 1.0, 1.0, 1.0, 1.0, 1.0, 1.0, -1.0, 1.0, 1.0, 1.0, -1.0, 1.0, -1.0, 1.0, -1.0, -1.0, 1.0, 1.0, -1.0, -1.0, 1.0, 1.0]]
  Reward: 0.23042768239974976
  Account Value: None
  Done: False
  Policy Mean: [[76.9088363647461, 3.673914909362793, 64.45564270019531, 53.14973831176758, 117.6268081665039, 102.4747085571289, 75.93749237060547, 155.62783813476562, 27.252643585205078, 85.84884643554688, 90.0422134399414, 52.167694091796875, 34.91583251953125, -11.67236328125, 113.4697494506836, 35.38766098022461, 28.310312271118164, -4.356412410736084, 112.64815521240234, -4.073514461517334, 12.15839672088623, -36.449710845947266, -13.312460899353027, 140.39576721191406, 100.17021179199219, -2.2725119590759277, -80.66117095947266, 63.94870376586914, 115.15355682373047]]
  Policy Std: [[43844.8984375, 515550.875, 121949.6796875, 89716.4453125, 35223.109375, 363774.28125, 88782.4921875, 28417.400390625, 544453.4375, 67847.6484375, 159043.265625, 78901.9296875, 364476.09375, 270021.5625, 215201.53125, 154119.296875, 45780.5703125, 563088.9375, 189447.625, 121240.2265625, 428509.0625, 22923.458984375, 192233.625, 1016043.375, 950219.375, 950403.375, 366705.03125, 58515.27734375, 410836.65625]]

Step 151:
  Date/Day: 152
  Action: [[1.0, 1.0, 1.0, 1.0, 1.0, 1.0, 1.0, 1.0, 1.0, 1.0, 1.0, 1.0, 1.0, -1.0, 1.0, 1.0, 1.0, -1.0, 1.0, -1.0, 1.0, -1.0, -1.0, 1.0, 1.0, -1.0, -1.0, 1.0, 1.0]]
  Reward: 1.2319996356964111
  Account Value: None
  Done: False
  Policy Mean: [[76.9088363647461, 3.673914909362793, 64.45564270019531, 53.14973831176758, 117.6268081665039, 102.4747085571289, 75.93749237060547, 155.62783813476562, 27.252643585205078, 85.84884643554688, 90.0422134399414, 52.167694091796875, 34.91583251953125, -11.67236328125, 113.4697494506836, 35.38766098022461, 28.310312271118164, -4.356412410736084, 112.64815521240234, -4.073514461517334, 12.15839672088623, -36.449710845947266, -13.312460899353027, 140.39576721191406, 100.17021179199219, -2.2725119590759277, -80.66117095947266, 63.94870376586914, 115.15355682373047]]
  Policy Std: [[43844.8984375, 515550.875, 121949.6796875, 89716.4453125, 35223.109375, 363774.28125, 88782.4921875, 28417.400390625, 544453.4375, 67847.6484375, 159043.265625, 78901.9296875, 364476.09375, 270021.5625, 215201.53125, 154119.296875, 45780.5703125, 563088.9375, 189447.625, 121240.2265625, 428509.0625, 22923.458984375, 192233.625, 1016043.375, 950219.375, 950403.375, 366705.03125, 58515.27734375, 410836.65625]]

Step 152:
  Date/Day: 153
  Action: [[1.0, 1.0, 1.0, 1.0, 1.0, 1.0, 1.0, 1.0, 1.0, 1.0, 1.0, 1.0, 1.0, -1.0, 1.0, 1.0, 1.0, -1.0, 1.0, -1.0, 1.0, -1.0, -1.0, 1.0, 1.0, -1.0, -1.0, 1.0, 1.0]]
  Reward: 0.047749098390340805
  Account Value: None
  Done: False
  Policy Mean: [[76.9088363647461, 3.673914909362793, 64.45564270019531, 53.14973831176758, 117.6268081665039, 102.4747085571289, 75.93749237060547, 155.62783813476562, 27.252643585205078, 85.84884643554688, 90.0422134399414, 52.167694091796875, 34.91583251953125, -11.67236328125, 113.4697494506836, 35.38766098022461, 28.310312271118164, -4.356412410736084, 112.64815521240234, -4.073514461517334, 12.15839672088623, -36.449710845947266, -13.312460899353027, 140.39576721191406, 100.17021179199219, -2.2725119590759277, -80.66117095947266, 63.94870376586914, 115.15355682373047]]
  Policy Std: [[43844.8984375, 515550.875, 121949.6796875, 89716.4453125, 35223.109375, 363774.28125, 88782.4921875, 28417.400390625, 544453.4375, 67847.6484375, 159043.265625, 78901.9296875, 364476.09375, 270021.5625, 215201.53125, 154119.296875, 45780.5703125, 563088.9375, 189447.625, 121240.2265625, 428509.0625, 22923.458984375, 192233.625, 1016043.375, 950219.375, 950403.375, 366705.03125, 58515.27734375, 410836.65625]]

Step 153:
  Date/Day: 154
  Action: [[1.0, 1.0, 1.0, 1.0, 1.0, 1.0, 1.0, 1.0, 1.0, 1.0, 1.0, 1.0, 1.0, -1.0, 1.0, 1.0, 1.0, -1.0, 1.0, -1.0, 1.0, -1.0, -1.0, 1.0, 1.0, -1.0, -1.0, 1.0, 1.0]]
  Reward: 0.30355411767959595
  Account Value: None
  Done: False
  Policy Mean: [[76.9088363647461, 3.673914909362793, 64.45564270019531, 53.14973831176758, 117.6268081665039, 102.4747085571289, 75.93749237060547, 155.62783813476562, 27.252643585205078, 85.84884643554688, 90.0422134399414, 52.167694091796875, 34.91583251953125, -11.67236328125, 113.4697494506836, 35.38766098022461, 28.310312271118164, -4.356412410736084, 112.64815521240234, -4.073514461517334, 12.15839672088623, -36.449710845947266, -13.312460899353027, 140.39576721191406, 100.17021179199219, -2.2725119590759277, -80.66117095947266, 63.94870376586914, 115.15355682373047]]
  Policy Std: [[43844.8984375, 515550.875, 121949.6796875, 89716.4453125, 35223.109375, 363774.28125, 88782.4921875, 28417.400390625, 544453.4375, 67847.6484375, 159043.265625, 78901.9296875, 364476.09375, 270021.5625, 215201.53125, 154119.296875, 45780.5703125, 563088.9375, 189447.625, 121240.2265625, 428509.0625, 22923.458984375, 192233.625, 1016043.375, 950219.375, 950403.375, 366705.03125, 58515.27734375, 410836.65625]]

Step 154:
  Date/Day: 155
  Action: [[1.0, 1.0, 1.0, 1.0, 1.0, 1.0, 1.0, 1.0, 1.0, 1.0, 1.0, 1.0, 1.0, -1.0, 1.0, 1.0, 1.0, -1.0, 1.0, -1.0, 1.0, -1.0, -1.0, 1.0, 1.0, -1.0, -1.0, 1.0, 1.0]]
  Reward: -0.13505227863788605
  Account Value: None
  Done: False
  Policy Mean: [[76.9088363647461, 3.673914909362793, 64.45564270019531, 53.14973831176758, 117.6268081665039, 102.4747085571289, 75.93749237060547, 155.62783813476562, 27.252643585205078, 85.84884643554688, 90.0422134399414, 52.167694091796875, 34.91583251953125, -11.67236328125, 113.4697494506836, 35.38766098022461, 28.310312271118164, -4.356412410736084, 112.64815521240234, -4.073514461517334, 12.15839672088623, -36.449710845947266, -13.312460899353027, 140.39576721191406, 100.17021179199219, -2.2725119590759277, -80.66117095947266, 63.94870376586914, 115.15355682373047]]
  Policy Std: [[43844.8984375, 515550.875, 121949.6796875, 89716.4453125, 35223.109375, 363774.28125, 88782.4921875, 28417.400390625, 544453.4375, 67847.6484375, 159043.265625, 78901.9296875, 364476.09375, 270021.5625, 215201.53125, 154119.296875, 45780.5703125, 563088.9375, 189447.625, 121240.2265625, 428509.0625, 22923.458984375, 192233.625, 1016043.375, 950219.375, 950403.375, 366705.03125, 58515.27734375, 410836.65625]]

Step 155:
  Date/Day: 156
  Action: [[1.0, 1.0, 1.0, 1.0, 1.0, 1.0, 1.0, 1.0, 1.0, 1.0, 1.0, 1.0, 1.0, -1.0, 1.0, 1.0, 1.0, -1.0, 1.0, -1.0, 1.0, -1.0, -1.0, 1.0, 1.0, -1.0, -1.0, 1.0, 1.0]]
  Reward: 0.14301201701164246
  Account Value: None
  Done: False
  Policy Mean: [[76.9088363647461, 3.673914909362793, 64.45564270019531, 53.14973831176758, 117.6268081665039, 102.4747085571289, 75.93749237060547, 155.62783813476562, 27.252643585205078, 85.84884643554688, 90.0422134399414, 52.167694091796875, 34.91583251953125, -11.67236328125, 113.4697494506836, 35.38766098022461, 28.310312271118164, -4.356412410736084, 112.64815521240234, -4.073514461517334, 12.15839672088623, -36.449710845947266, -13.312460899353027, 140.39576721191406, 100.17021179199219, -2.2725119590759277, -80.66117095947266, 63.94870376586914, 115.15355682373047]]
  Policy Std: [[43844.8984375, 515550.875, 121949.6796875, 89716.4453125, 35223.109375, 363774.28125, 88782.4921875, 28417.400390625, 544453.4375, 67847.6484375, 159043.265625, 78901.9296875, 364476.09375, 270021.5625, 215201.53125, 154119.296875, 45780.5703125, 563088.9375, 189447.625, 121240.2265625, 428509.0625, 22923.458984375, 192233.625, 1016043.375, 950219.375, 950403.375, 366705.03125, 58515.27734375, 410836.65625]]

Step 156:
  Date/Day: 157
  Action: [[1.0, 1.0, 1.0, 1.0, 1.0, 1.0, 1.0, 1.0, 1.0, 1.0, 1.0, 1.0, 1.0, -1.0, 1.0, 1.0, 1.0, -1.0, 1.0, -1.0, 1.0, -1.0, -1.0, 1.0, 1.0, -1.0, -1.0, 1.0, 1.0]]
  Reward: 0.2833632528781891
  Account Value: None
  Done: False
  Policy Mean: [[76.9088363647461, 3.673914909362793, 64.45564270019531, 53.14973831176758, 117.6268081665039, 102.4747085571289, 75.93749237060547, 155.62783813476562, 27.252643585205078, 85.84884643554688, 90.0422134399414, 52.167694091796875, 34.91583251953125, -11.67236328125, 113.4697494506836, 35.38766098022461, 28.310312271118164, -4.356412410736084, 112.64815521240234, -4.073514461517334, 12.15839672088623, -36.449710845947266, -13.312460899353027, 140.39576721191406, 100.17021179199219, -2.2725119590759277, -80.66117095947266, 63.94870376586914, 115.15355682373047]]
  Policy Std: [[43844.8984375, 515550.875, 121949.6796875, 89716.4453125, 35223.109375, 363774.28125, 88782.4921875, 28417.400390625, 544453.4375, 67847.6484375, 159043.265625, 78901.9296875, 364476.09375, 270021.5625, 215201.53125, 154119.296875, 45780.5703125, 563088.9375, 189447.625, 121240.2265625, 428509.0625, 22923.458984375, 192233.625, 1016043.375, 950219.375, 950403.375, 366705.03125, 58515.27734375, 410836.65625]]

Step 157:
  Date/Day: 158
  Action: [[1.0, 1.0, 1.0, 1.0, 1.0, 1.0, 1.0, 1.0, 1.0, 1.0, 1.0, 1.0, 1.0, -1.0, 1.0, 1.0, 1.0, -1.0, 1.0, -1.0, 1.0, -1.0, -1.0, 1.0, 1.0, -1.0, -1.0, 1.0, 1.0]]
  Reward: 0.3733993470668793
  Account Value: None
  Done: False
  Policy Mean: [[76.9088363647461, 3.673914909362793, 64.45564270019531, 53.14973831176758, 117.6268081665039, 102.4747085571289, 75.93749237060547, 155.62783813476562, 27.252643585205078, 85.84884643554688, 90.0422134399414, 52.167694091796875, 34.91583251953125, -11.67236328125, 113.4697494506836, 35.38766098022461, 28.310312271118164, -4.356412410736084, 112.64815521240234, -4.073514461517334, 12.15839672088623, -36.449710845947266, -13.312460899353027, 140.39576721191406, 100.17021179199219, -2.2725119590759277, -80.66117095947266, 63.94870376586914, 115.15355682373047]]
  Policy Std: [[43844.8984375, 515550.875, 121949.6796875, 89716.4453125, 35223.109375, 363774.28125, 88782.4921875, 28417.400390625, 544453.4375, 67847.6484375, 159043.265625, 78901.9296875, 364476.09375, 270021.5625, 215201.53125, 154119.296875, 45780.5703125, 563088.9375, 189447.625, 121240.2265625, 428509.0625, 22923.458984375, 192233.625, 1016043.375, 950219.375, 950403.375, 366705.03125, 58515.27734375, 410836.65625]]

Step 158:
  Date/Day: 159
  Action: [[1.0, 1.0, 1.0, 1.0, 1.0, 1.0, 1.0, 1.0, 1.0, 1.0, 1.0, 1.0, 1.0, -1.0, 1.0, 1.0, 1.0, -1.0, 1.0, -1.0, 1.0, -1.0, -1.0, 1.0, 1.0, -1.0, -1.0, 1.0, 1.0]]
  Reward: -0.709665060043335
  Account Value: None
  Done: False
  Policy Mean: [[76.9088363647461, 3.673914909362793, 64.45564270019531, 53.14973831176758, 117.6268081665039, 102.4747085571289, 75.93749237060547, 155.62783813476562, 27.252643585205078, 85.84884643554688, 90.0422134399414, 52.167694091796875, 34.91583251953125, -11.67236328125, 113.4697494506836, 35.38766098022461, 28.310312271118164, -4.356412410736084, 112.64815521240234, -4.073514461517334, 12.15839672088623, -36.449710845947266, -13.312460899353027, 140.39576721191406, 100.17021179199219, -2.2725119590759277, -80.66117095947266, 63.94870376586914, 115.15355682373047]]
  Policy Std: [[43844.8984375, 515550.875, 121949.6796875, 89716.4453125, 35223.109375, 363774.28125, 88782.4921875, 28417.400390625, 544453.4375, 67847.6484375, 159043.265625, 78901.9296875, 364476.09375, 270021.5625, 215201.53125, 154119.296875, 45780.5703125, 563088.9375, 189447.625, 121240.2265625, 428509.0625, 22923.458984375, 192233.625, 1016043.375, 950219.375, 950403.375, 366705.03125, 58515.27734375, 410836.65625]]

Step 159:
  Date/Day: 160
  Action: [[1.0, 1.0, 1.0, 1.0, 1.0, 1.0, 1.0, 1.0, 1.0, 1.0, 1.0, 1.0, 1.0, -1.0, 1.0, 1.0, 1.0, -1.0, 1.0, -1.0, 1.0, -1.0, -1.0, 1.0, 1.0, -1.0, -1.0, 1.0, 1.0]]
  Reward: 0.2005058079957962
  Account Value: None
  Done: False
  Policy Mean: [[76.9088363647461, 3.673914909362793, 64.45564270019531, 53.14973831176758, 117.6268081665039, 102.4747085571289, 75.93749237060547, 155.62783813476562, 27.252643585205078, 85.84884643554688, 90.0422134399414, 52.167694091796875, 34.91583251953125, -11.67236328125, 113.4697494506836, 35.38766098022461, 28.310312271118164, -4.356412410736084, 112.64815521240234, -4.073514461517334, 12.15839672088623, -36.449710845947266, -13.312460899353027, 140.39576721191406, 100.17021179199219, -2.2725119590759277, -80.66117095947266, 63.94870376586914, 115.15355682373047]]
  Policy Std: [[43844.8984375, 515550.875, 121949.6796875, 89716.4453125, 35223.109375, 363774.28125, 88782.4921875, 28417.400390625, 544453.4375, 67847.6484375, 159043.265625, 78901.9296875, 364476.09375, 270021.5625, 215201.53125, 154119.296875, 45780.5703125, 563088.9375, 189447.625, 121240.2265625, 428509.0625, 22923.458984375, 192233.625, 1016043.375, 950219.375, 950403.375, 366705.03125, 58515.27734375, 410836.65625]]

Step 160:
  Date/Day: 161
  Action: [[1.0, 1.0, 1.0, 1.0, 1.0, 1.0, 1.0, 1.0, 1.0, 1.0, 1.0, 1.0, 1.0, -1.0, 1.0, 1.0, 1.0, -1.0, 1.0, -1.0, 1.0, -1.0, -1.0, 1.0, 1.0, -1.0, -1.0, 1.0, 1.0]]
  Reward: 0.1515803337097168
  Account Value: None
  Done: False
  Policy Mean: [[76.9088363647461, 3.673914909362793, 64.45564270019531, 53.14973831176758, 117.6268081665039, 102.4747085571289, 75.93749237060547, 155.62783813476562, 27.252643585205078, 85.84884643554688, 90.0422134399414, 52.167694091796875, 34.91583251953125, -11.67236328125, 113.4697494506836, 35.38766098022461, 28.310312271118164, -4.356412410736084, 112.64815521240234, -4.073514461517334, 12.15839672088623, -36.449710845947266, -13.312460899353027, 140.39576721191406, 100.17021179199219, -2.2725119590759277, -80.66117095947266, 63.94870376586914, 115.15355682373047]]
  Policy Std: [[43844.8984375, 515550.875, 121949.6796875, 89716.4453125, 35223.109375, 363774.28125, 88782.4921875, 28417.400390625, 544453.4375, 67847.6484375, 159043.265625, 78901.9296875, 364476.09375, 270021.5625, 215201.53125, 154119.296875, 45780.5703125, 563088.9375, 189447.625, 121240.2265625, 428509.0625, 22923.458984375, 192233.625, 1016043.375, 950219.375, 950403.375, 366705.03125, 58515.27734375, 410836.65625]]

Step 161:
  Date/Day: 162
  Action: [[1.0, 1.0, 1.0, 1.0, 1.0, 1.0, 1.0, 1.0, 1.0, 1.0, 1.0, 1.0, 1.0, -1.0, 1.0, 1.0, 1.0, -1.0, 1.0, -1.0, 1.0, -1.0, -1.0, 1.0, 1.0, -1.0, -1.0, 1.0, 1.0]]
  Reward: -0.09281995892524719
  Account Value: None
  Done: False
  Policy Mean: [[76.9088363647461, 3.673914909362793, 64.45564270019531, 53.14973831176758, 117.6268081665039, 102.4747085571289, 75.93749237060547, 155.62783813476562, 27.252643585205078, 85.84884643554688, 90.0422134399414, 52.167694091796875, 34.91583251953125, -11.67236328125, 113.4697494506836, 35.38766098022461, 28.310312271118164, -4.356412410736084, 112.64815521240234, -4.073514461517334, 12.15839672088623, -36.449710845947266, -13.312460899353027, 140.39576721191406, 100.17021179199219, -2.2725119590759277, -80.66117095947266, 63.94870376586914, 115.15355682373047]]
  Policy Std: [[43844.8984375, 515550.875, 121949.6796875, 89716.4453125, 35223.109375, 363774.28125, 88782.4921875, 28417.400390625, 544453.4375, 67847.6484375, 159043.265625, 78901.9296875, 364476.09375, 270021.5625, 215201.53125, 154119.296875, 45780.5703125, 563088.9375, 189447.625, 121240.2265625, 428509.0625, 22923.458984375, 192233.625, 1016043.375, 950219.375, 950403.375, 366705.03125, 58515.27734375, 410836.65625]]

Step 162:
  Date/Day: 163
  Action: [[1.0, 1.0, 1.0, 1.0, 1.0, 1.0, 1.0, 1.0, 1.0, 1.0, 1.0, 1.0, 1.0, -1.0, 1.0, 1.0, 1.0, -1.0, 1.0, -1.0, 1.0, -1.0, -1.0, 1.0, 1.0, -1.0, -1.0, 1.0, 1.0]]
  Reward: 1.5257151126861572
  Account Value: None
  Done: False
  Policy Mean: [[76.9088363647461, 3.673914909362793, 64.45564270019531, 53.14973831176758, 117.6268081665039, 102.4747085571289, 75.93749237060547, 155.62783813476562, 27.252643585205078, 85.84884643554688, 90.0422134399414, 52.167694091796875, 34.91583251953125, -11.67236328125, 113.4697494506836, 35.38766098022461, 28.310312271118164, -4.356412410736084, 112.64815521240234, -4.073514461517334, 12.15839672088623, -36.449710845947266, -13.312460899353027, 140.39576721191406, 100.17021179199219, -2.2725119590759277, -80.66117095947266, 63.94870376586914, 115.15355682373047]]
  Policy Std: [[43844.8984375, 515550.875, 121949.6796875, 89716.4453125, 35223.109375, 363774.28125, 88782.4921875, 28417.400390625, 544453.4375, 67847.6484375, 159043.265625, 78901.9296875, 364476.09375, 270021.5625, 215201.53125, 154119.296875, 45780.5703125, 563088.9375, 189447.625, 121240.2265625, 428509.0625, 22923.458984375, 192233.625, 1016043.375, 950219.375, 950403.375, 366705.03125, 58515.27734375, 410836.65625]]

Step 163:
  Date/Day: 164
  Action: [[1.0, 1.0, 1.0, 1.0, 1.0, 1.0, 1.0, 1.0, 1.0, 1.0, 1.0, 1.0, 1.0, -1.0, 1.0, 1.0, 1.0, -1.0, 1.0, -1.0, 1.0, -1.0, -1.0, 1.0, 1.0, -1.0, -1.0, 1.0, 1.0]]
  Reward: -2.1923704147338867
  Account Value: None
  Done: False
  Policy Mean: [[76.9088363647461, 3.673914909362793, 64.45564270019531, 53.14973831176758, 117.6268081665039, 102.4747085571289, 75.93749237060547, 155.62783813476562, 27.252643585205078, 85.84884643554688, 90.0422134399414, 52.167694091796875, 34.91583251953125, -11.67236328125, 113.4697494506836, 35.38766098022461, 28.310312271118164, -4.356412410736084, 112.64815521240234, -4.073514461517334, 12.15839672088623, -36.449710845947266, -13.312460899353027, 140.39576721191406, 100.17021179199219, -2.2725119590759277, -80.66117095947266, 63.94870376586914, 115.15355682373047]]
  Policy Std: [[43844.8984375, 515550.875, 121949.6796875, 89716.4453125, 35223.109375, 363774.28125, 88782.4921875, 28417.400390625, 544453.4375, 67847.6484375, 159043.265625, 78901.9296875, 364476.09375, 270021.5625, 215201.53125, 154119.296875, 45780.5703125, 563088.9375, 189447.625, 121240.2265625, 428509.0625, 22923.458984375, 192233.625, 1016043.375, 950219.375, 950403.375, 366705.03125, 58515.27734375, 410836.65625]]

Step 164:
  Date/Day: 165
  Action: [[1.0, 1.0, 1.0, 1.0, 1.0, 1.0, 1.0, 1.0, 1.0, 1.0, 1.0, 1.0, 1.0, -1.0, 1.0, 1.0, 1.0, -1.0, 1.0, -1.0, 1.0, -1.0, -1.0, 1.0, 1.0, -1.0, -1.0, 1.0, 1.0]]
  Reward: -1.6418721675872803
  Account Value: None
  Done: False
  Policy Mean: [[76.9088363647461, 3.673914909362793, 64.45564270019531, 53.14973831176758, 117.6268081665039, 102.4747085571289, 75.93749237060547, 155.62783813476562, 27.252643585205078, 85.84884643554688, 90.0422134399414, 52.167694091796875, 34.91583251953125, -11.67236328125, 113.4697494506836, 35.38766098022461, 28.310312271118164, -4.356412410736084, 112.64815521240234, -4.073514461517334, 12.15839672088623, -36.449710845947266, -13.312460899353027, 140.39576721191406, 100.17021179199219, -2.2725119590759277, -80.66117095947266, 63.94870376586914, 115.15355682373047]]
  Policy Std: [[43844.8984375, 515550.875, 121949.6796875, 89716.4453125, 35223.109375, 363774.28125, 88782.4921875, 28417.400390625, 544453.4375, 67847.6484375, 159043.265625, 78901.9296875, 364476.09375, 270021.5625, 215201.53125, 154119.296875, 45780.5703125, 563088.9375, 189447.625, 121240.2265625, 428509.0625, 22923.458984375, 192233.625, 1016043.375, 950219.375, 950403.375, 366705.03125, 58515.27734375, 410836.65625]]

Step 165:
  Date/Day: 166
  Action: [[1.0, 1.0, 1.0, 1.0, 1.0, 1.0, 1.0, 1.0, 1.0, 1.0, 1.0, 1.0, 1.0, -1.0, 1.0, 1.0, 1.0, -1.0, 1.0, -1.0, 1.0, -1.0, -1.0, 1.0, 1.0, -1.0, -1.0, 1.0, 1.0]]
  Reward: 2.462641477584839
  Account Value: None
  Done: False
  Policy Mean: [[76.90886688232422, 3.679225206375122, 64.4583511352539, 53.15798568725586, 117.63106536865234, 102.47960662841797, 75.93986511230469, 155.6321258544922, 27.250328063964844, 85.8542251586914, 90.0479965209961, 52.16895294189453, 34.91743469238281, -11.673323631286621, 113.47127532958984, 35.388160705566406, 28.316158294677734, -4.354649543762207, 112.65142059326172, -4.071189880371094, 12.158682823181152, -36.4464111328125, -13.310288429260254, 140.39427185058594, 100.16681671142578, -2.272562026977539, -80.65782928466797, 63.949501037597656, 115.15431213378906]]
  Policy Std: [[43844.8984375, 515550.875, 121949.6796875, 89716.4453125, 35223.109375, 363774.28125, 88782.4921875, 28417.400390625, 544453.4375, 67847.6484375, 159043.265625, 78901.9296875, 364476.09375, 270021.5625, 215201.53125, 154119.296875, 45780.5703125, 563088.9375, 189447.625, 121240.2265625, 428509.0625, 22923.458984375, 192233.625, 1016043.375, 950219.375, 950403.375, 366705.03125, 58515.27734375, 410836.65625]]

Step 166:
  Date/Day: 167
  Action: [[1.0, 1.0, 1.0, 1.0, 1.0, 1.0, 1.0, 1.0, 1.0, 1.0, 1.0, 1.0, 1.0, -1.0, 1.0, 1.0, 1.0, -1.0, 1.0, -1.0, 1.0, -1.0, -1.0, 1.0, 1.0, -1.0, -1.0, 1.0, 1.0]]
  Reward: -0.6450814604759216
  Account Value: None
  Done: False
  Policy Mean: [[76.9088363647461, 3.673914909362793, 64.45564270019531, 53.14973831176758, 117.6268081665039, 102.4747085571289, 75.93749237060547, 155.62783813476562, 27.252643585205078, 85.84884643554688, 90.0422134399414, 52.167694091796875, 34.91583251953125, -11.67236328125, 113.4697494506836, 35.38766098022461, 28.310312271118164, -4.356412410736084, 112.64815521240234, -4.073514461517334, 12.15839672088623, -36.449710845947266, -13.312460899353027, 140.39576721191406, 100.17021179199219, -2.2725119590759277, -80.66117095947266, 63.94870376586914, 115.15355682373047]]
  Policy Std: [[43844.8984375, 515550.875, 121949.6796875, 89716.4453125, 35223.109375, 363774.28125, 88782.4921875, 28417.400390625, 544453.4375, 67847.6484375, 159043.265625, 78901.9296875, 364476.09375, 270021.5625, 215201.53125, 154119.296875, 45780.5703125, 563088.9375, 189447.625, 121240.2265625, 428509.0625, 22923.458984375, 192233.625, 1016043.375, 950219.375, 950403.375, 366705.03125, 58515.27734375, 410836.65625]]

Step 167:
  Date/Day: 168
  Action: [[1.0, 1.0, 1.0, 1.0, 1.0, 1.0, 1.0, 1.0, 1.0, 1.0, 1.0, 1.0, 1.0, -1.0, 1.0, 1.0, 1.0, -1.0, 1.0, -1.0, 1.0, -1.0, -1.0, 1.0, 1.0, -1.0, -1.0, 1.0, 1.0]]
  Reward: -0.4077291488647461
  Account Value: None
  Done: False
  Policy Mean: [[76.9088363647461, 3.673914909362793, 64.45564270019531, 53.14973831176758, 117.6268081665039, 102.4747085571289, 75.93749237060547, 155.62783813476562, 27.252643585205078, 85.84884643554688, 90.0422134399414, 52.167694091796875, 34.91583251953125, -11.67236328125, 113.4697494506836, 35.38766098022461, 28.310312271118164, -4.356412410736084, 112.64815521240234, -4.073514461517334, 12.15839672088623, -36.449710845947266, -13.312460899353027, 140.39576721191406, 100.17021179199219, -2.2725119590759277, -80.66117095947266, 63.94870376586914, 115.15355682373047]]
  Policy Std: [[43844.8984375, 515550.875, 121949.6796875, 89716.4453125, 35223.109375, 363774.28125, 88782.4921875, 28417.400390625, 544453.4375, 67847.6484375, 159043.265625, 78901.9296875, 364476.09375, 270021.5625, 215201.53125, 154119.296875, 45780.5703125, 563088.9375, 189447.625, 121240.2265625, 428509.0625, 22923.458984375, 192233.625, 1016043.375, 950219.375, 950403.375, 366705.03125, 58515.27734375, 410836.65625]]

Step 168:
  Date/Day: 169
  Action: [[1.0, 1.0, 1.0, 1.0, 1.0, 1.0, 1.0, 1.0, 1.0, 1.0, 1.0, 1.0, 1.0, -1.0, 1.0, 1.0, 1.0, -1.0, 1.0, -1.0, 1.0, -1.0, -1.0, 1.0, 1.0, -1.0, -1.0, 1.0, 1.0]]
  Reward: -1.2387759685516357
  Account Value: None
  Done: False
  Policy Mean: [[76.90914916992188, 3.696723461151123, 64.4673843383789, 53.18507385253906, 117.64518737792969, 102.49601745605469, 75.94776916503906, 155.646484375, 27.242748260498047, 85.87191772460938, 90.06715393066406, 52.17296600341797, 34.92275619506836, -11.676592826843262, 113.47636413574219, 35.38975143432617, 28.33548927307129, -4.349004745483398, 112.6622543334961, -4.063649654388428, 12.159600257873535, -36.435733795166016, -13.303214073181152, 140.3895721435547, 100.15574645996094, -2.272819757461548, -80.64704132080078, 63.95220184326172, 115.15695190429688]]
  Policy Std: [[43844.8984375, 515550.875, 121949.6796875, 89716.4453125, 35223.109375, 363774.28125, 88782.4921875, 28417.400390625, 544453.4375, 67847.6484375, 159043.265625, 78901.9296875, 364476.09375, 270021.5625, 215201.53125, 154119.296875, 45780.5703125, 563088.9375, 189447.625, 121240.2265625, 428509.0625, 22923.458984375, 192233.625, 1016043.375, 950219.375, 950403.375, 366705.03125, 58515.27734375, 410836.65625]]

Step 169:
  Date/Day: 170
  Action: [[1.0, 1.0, 1.0, 1.0, 1.0, 1.0, 1.0, 1.0, 1.0, 1.0, 1.0, 1.0, 1.0, -1.0, 1.0, 1.0, 1.0, -1.0, 1.0, -1.0, 1.0, -1.0, -1.0, 1.0, 1.0, -1.0, -1.0, 1.0, 1.0]]
  Reward: 2.2712864875793457
  Account Value: None
  Done: False
  Policy Mean: [[76.90914916992188, 3.696723461151123, 64.4673843383789, 53.18507385253906, 117.64518737792969, 102.49601745605469, 75.94776916503906, 155.646484375, 27.242748260498047, 85.87191772460938, 90.06715393066406, 52.17296600341797, 34.92275619506836, -11.676592826843262, 113.47636413574219, 35.38975143432617, 28.33548927307129, -4.349004745483398, 112.6622543334961, -4.063649654388428, 12.159600257873535, -36.435733795166016, -13.303214073181152, 140.3895721435547, 100.15574645996094, -2.272819757461548, -80.64704132080078, 63.95220184326172, 115.15695190429688]]
  Policy Std: [[43844.8984375, 515550.875, 121949.6796875, 89716.4453125, 35223.109375, 363774.28125, 88782.4921875, 28417.400390625, 544453.4375, 67847.6484375, 159043.265625, 78901.9296875, 364476.09375, 270021.5625, 215201.53125, 154119.296875, 45780.5703125, 563088.9375, 189447.625, 121240.2265625, 428509.0625, 22923.458984375, 192233.625, 1016043.375, 950219.375, 950403.375, 366705.03125, 58515.27734375, 410836.65625]]

Step 170:
  Date/Day: 171
  Action: [[1.0, 1.0, 1.0, 1.0, 1.0, 1.0, 1.0, 1.0, 1.0, 1.0, 1.0, 1.0, 1.0, -1.0, 1.0, 1.0, 1.0, -1.0, 1.0, -1.0, 1.0, -1.0, -1.0, 1.0, 1.0, -1.0, -1.0, 1.0, 1.0]]
  Reward: 1.1167453527450562
  Account Value: None
  Done: False
  Policy Mean: [[76.9088363647461, 3.673924446105957, 64.45565032958984, 53.14975357055664, 117.6268081665039, 102.47472381591797, 75.93749237060547, 155.6278533935547, 27.252639770507812, 85.8488540649414, 90.04222106933594, 52.167694091796875, 34.91583251953125, -11.672364234924316, 113.46976470947266, 35.38766098022461, 28.310321807861328, -4.356409072875977, 112.64816284179688, -4.07351016998291, 12.158397674560547, -36.44970703125, -13.312457084655762, 140.39576721191406, 100.17020416259766, -2.2725119590759277, -80.66117095947266, 63.94870376586914, 115.15355682373047]]
  Policy Std: [[43844.8984375, 515550.875, 121949.6796875, 89716.4453125, 35223.109375, 363774.28125, 88782.4921875, 28417.400390625, 544453.4375, 67847.6484375, 159043.265625, 78901.9296875, 364476.09375, 270021.5625, 215201.53125, 154119.296875, 45780.5703125, 563088.9375, 189447.625, 121240.2265625, 428509.0625, 22923.458984375, 192233.625, 1016043.375, 950219.375, 950403.375, 366705.03125, 58515.27734375, 410836.65625]]

Step 171:
  Date/Day: 172
  Action: [[1.0, 1.0, 1.0, 1.0, 1.0, 1.0, 1.0, 1.0, 1.0, 1.0, 1.0, 1.0, 1.0, -1.0, 1.0, 1.0, 1.0, -1.0, 1.0, -1.0, 1.0, -1.0, -1.0, 1.0, 1.0, -1.0, -1.0, 1.0, 1.0]]
  Reward: 0.22869551181793213
  Account Value: None
  Done: False
  Policy Mean: [[76.9088363647461, 3.673914909362793, 64.45564270019531, 53.14973831176758, 117.6268081665039, 102.4747085571289, 75.93749237060547, 155.62783813476562, 27.252643585205078, 85.84884643554688, 90.0422134399414, 52.167694091796875, 34.91583251953125, -11.67236328125, 113.4697494506836, 35.38766098022461, 28.310312271118164, -4.356412410736084, 112.64815521240234, -4.073514461517334, 12.15839672088623, -36.449710845947266, -13.312460899353027, 140.39576721191406, 100.17021179199219, -2.2725119590759277, -80.66117095947266, 63.94870376586914, 115.15355682373047]]
  Policy Std: [[43844.8984375, 515550.875, 121949.6796875, 89716.4453125, 35223.109375, 363774.28125, 88782.4921875, 28417.400390625, 544453.4375, 67847.6484375, 159043.265625, 78901.9296875, 364476.09375, 270021.5625, 215201.53125, 154119.296875, 45780.5703125, 563088.9375, 189447.625, 121240.2265625, 428509.0625, 22923.458984375, 192233.625, 1016043.375, 950219.375, 950403.375, 366705.03125, 58515.27734375, 410836.65625]]

Step 172:
  Date/Day: 173
  Action: [[1.0, 1.0, 1.0, 1.0, 1.0, 1.0, 1.0, 1.0, 1.0, 1.0, 1.0, 1.0, 1.0, -1.0, 1.0, 1.0, 1.0, -1.0, 1.0, -1.0, 1.0, -1.0, -1.0, 1.0, 1.0, -1.0, -1.0, 1.0, 1.0]]
  Reward: 1.7814793586730957
  Account Value: None
  Done: False
  Policy Mean: [[76.9088363647461, 3.673914909362793, 64.45564270019531, 53.14973831176758, 117.6268081665039, 102.4747085571289, 75.93749237060547, 155.62783813476562, 27.252643585205078, 85.84884643554688, 90.0422134399414, 52.167694091796875, 34.91583251953125, -11.67236328125, 113.4697494506836, 35.38766098022461, 28.310312271118164, -4.356412410736084, 112.64815521240234, -4.073514461517334, 12.15839672088623, -36.449710845947266, -13.312460899353027, 140.39576721191406, 100.17021179199219, -2.2725119590759277, -80.66117095947266, 63.94870376586914, 115.15355682373047]]
  Policy Std: [[43844.8984375, 515550.875, 121949.6796875, 89716.4453125, 35223.109375, 363774.28125, 88782.4921875, 28417.400390625, 544453.4375, 67847.6484375, 159043.265625, 78901.9296875, 364476.09375, 270021.5625, 215201.53125, 154119.296875, 45780.5703125, 563088.9375, 189447.625, 121240.2265625, 428509.0625, 22923.458984375, 192233.625, 1016043.375, 950219.375, 950403.375, 366705.03125, 58515.27734375, 410836.65625]]

Step 173:
  Date/Day: 174
  Action: [[1.0, 1.0, 1.0, 1.0, 1.0, 1.0, 1.0, 1.0, 1.0, 1.0, 1.0, 1.0, 1.0, -1.0, 1.0, 1.0, 1.0, -1.0, 1.0, -1.0, 1.0, -1.0, -1.0, 1.0, 1.0, -1.0, -1.0, 1.0, 1.0]]
  Reward: 0.8296489715576172
  Account Value: None
  Done: False
  Policy Mean: [[76.9088363647461, 3.673914909362793, 64.45564270019531, 53.14973831176758, 117.6268081665039, 102.4747085571289, 75.93749237060547, 155.62783813476562, 27.252643585205078, 85.84884643554688, 90.0422134399414, 52.167694091796875, 34.91583251953125, -11.67236328125, 113.4697494506836, 35.38766098022461, 28.310312271118164, -4.356412410736084, 112.64815521240234, -4.073514461517334, 12.15839672088623, -36.449710845947266, -13.312460899353027, 140.39576721191406, 100.17021179199219, -2.2725119590759277, -80.66117095947266, 63.94870376586914, 115.15355682373047]]
  Policy Std: [[43844.8984375, 515550.875, 121949.6796875, 89716.4453125, 35223.109375, 363774.28125, 88782.4921875, 28417.400390625, 544453.4375, 67847.6484375, 159043.265625, 78901.9296875, 364476.09375, 270021.5625, 215201.53125, 154119.296875, 45780.5703125, 563088.9375, 189447.625, 121240.2265625, 428509.0625, 22923.458984375, 192233.625, 1016043.375, 950219.375, 950403.375, 366705.03125, 58515.27734375, 410836.65625]]

Step 174:
  Date/Day: 175
  Action: [[1.0, 1.0, 1.0, 1.0, 1.0, 1.0, 1.0, 1.0, 1.0, 1.0, 1.0, 1.0, 1.0, -1.0, 1.0, 1.0, 1.0, -1.0, 1.0, -1.0, 1.0, -1.0, -1.0, 1.0, 1.0, -1.0, -1.0, 1.0, 1.0]]
  Reward: 1.4788787364959717
  Account Value: None
  Done: False
  Policy Mean: [[76.9088363647461, 3.673914909362793, 64.45564270019531, 53.14973831176758, 117.6268081665039, 102.4747085571289, 75.93749237060547, 155.62783813476562, 27.252643585205078, 85.84884643554688, 90.0422134399414, 52.167694091796875, 34.91583251953125, -11.67236328125, 113.4697494506836, 35.38766098022461, 28.310312271118164, -4.356412410736084, 112.64815521240234, -4.073514461517334, 12.15839672088623, -36.449710845947266, -13.312460899353027, 140.39576721191406, 100.17021179199219, -2.2725119590759277, -80.66117095947266, 63.94870376586914, 115.15355682373047]]
  Policy Std: [[43844.8984375, 515550.875, 121949.6796875, 89716.4453125, 35223.109375, 363774.28125, 88782.4921875, 28417.400390625, 544453.4375, 67847.6484375, 159043.265625, 78901.9296875, 364476.09375, 270021.5625, 215201.53125, 154119.296875, 45780.5703125, 563088.9375, 189447.625, 121240.2265625, 428509.0625, 22923.458984375, 192233.625, 1016043.375, 950219.375, 950403.375, 366705.03125, 58515.27734375, 410836.65625]]

Step 175:
  Date/Day: 176
  Action: [[1.0, 1.0, 1.0, 1.0, 1.0, 1.0, 1.0, 1.0, 1.0, 1.0, 1.0, 1.0, 1.0, -1.0, 1.0, 1.0, 1.0, -1.0, 1.0, -1.0, 1.0, -1.0, -1.0, 1.0, 1.0, -1.0, -1.0, 1.0, 1.0]]
  Reward: 0.43752795457839966
  Account Value: None
  Done: False
  Policy Mean: [[76.9088363647461, 3.673914909362793, 64.45564270019531, 53.14973831176758, 117.6268081665039, 102.4747085571289, 75.93749237060547, 155.62783813476562, 27.252643585205078, 85.84884643554688, 90.0422134399414, 52.167694091796875, 34.91583251953125, -11.67236328125, 113.4697494506836, 35.38766098022461, 28.310312271118164, -4.356412410736084, 112.64815521240234, -4.073514461517334, 12.15839672088623, -36.449710845947266, -13.312460899353027, 140.39576721191406, 100.17021179199219, -2.2725119590759277, -80.66117095947266, 63.94870376586914, 115.15355682373047]]
  Policy Std: [[43844.8984375, 515550.875, 121949.6796875, 89716.4453125, 35223.109375, 363774.28125, 88782.4921875, 28417.400390625, 544453.4375, 67847.6484375, 159043.265625, 78901.9296875, 364476.09375, 270021.5625, 215201.53125, 154119.296875, 45780.5703125, 563088.9375, 189447.625, 121240.2265625, 428509.0625, 22923.458984375, 192233.625, 1016043.375, 950219.375, 950403.375, 366705.03125, 58515.27734375, 410836.65625]]

Step 176:
  Date/Day: 177
  Action: [[1.0, 1.0, 1.0, 1.0, 1.0, 1.0, 1.0, 1.0, 1.0, 1.0, 1.0, 1.0, 1.0, -1.0, 1.0, 1.0, 1.0, -1.0, 1.0, -1.0, 1.0, -1.0, -1.0, 1.0, 1.0, -1.0, -1.0, 1.0, 1.0]]
  Reward: -0.6257469654083252
  Account Value: None
  Done: False
  Policy Mean: [[76.9088363647461, 3.673914909362793, 64.45564270019531, 53.14973831176758, 117.6268081665039, 102.4747085571289, 75.93749237060547, 155.62783813476562, 27.252643585205078, 85.84884643554688, 90.0422134399414, 52.167694091796875, 34.91583251953125, -11.67236328125, 113.4697494506836, 35.38766098022461, 28.310312271118164, -4.356412410736084, 112.64815521240234, -4.073514461517334, 12.15839672088623, -36.449710845947266, -13.312460899353027, 140.39576721191406, 100.17021179199219, -2.2725119590759277, -80.66117095947266, 63.94870376586914, 115.15355682373047]]
  Policy Std: [[43844.8984375, 515550.875, 121949.6796875, 89716.4453125, 35223.109375, 363774.28125, 88782.4921875, 28417.400390625, 544453.4375, 67847.6484375, 159043.265625, 78901.9296875, 364476.09375, 270021.5625, 215201.53125, 154119.296875, 45780.5703125, 563088.9375, 189447.625, 121240.2265625, 428509.0625, 22923.458984375, 192233.625, 1016043.375, 950219.375, 950403.375, 366705.03125, 58515.27734375, 410836.65625]]

Step 177:
  Date/Day: 178
  Action: [[1.0, 1.0, 1.0, 1.0, 1.0, 1.0, 1.0, 1.0, 1.0, 1.0, 1.0, 1.0, 1.0, -1.0, 1.0, 1.0, 1.0, -1.0, 1.0, -1.0, 1.0, -1.0, -1.0, 1.0, 1.0, -1.0, -1.0, 1.0, 1.0]]
  Reward: 0.6100867986679077
  Account Value: None
  Done: False
  Policy Mean: [[76.9088363647461, 3.673914909362793, 64.45564270019531, 53.14973831176758, 117.6268081665039, 102.4747085571289, 75.93749237060547, 155.62783813476562, 27.252643585205078, 85.84884643554688, 90.0422134399414, 52.167694091796875, 34.91583251953125, -11.67236328125, 113.4697494506836, 35.38766098022461, 28.310312271118164, -4.356412410736084, 112.64815521240234, -4.073514461517334, 12.15839672088623, -36.449710845947266, -13.312460899353027, 140.39576721191406, 100.17021179199219, -2.2725119590759277, -80.66117095947266, 63.94870376586914, 115.15355682373047]]
  Policy Std: [[43844.8984375, 515550.875, 121949.6796875, 89716.4453125, 35223.109375, 363774.28125, 88782.4921875, 28417.400390625, 544453.4375, 67847.6484375, 159043.265625, 78901.9296875, 364476.09375, 270021.5625, 215201.53125, 154119.296875, 45780.5703125, 563088.9375, 189447.625, 121240.2265625, 428509.0625, 22923.458984375, 192233.625, 1016043.375, 950219.375, 950403.375, 366705.03125, 58515.27734375, 410836.65625]]

Step 178:
  Date/Day: 179
  Action: [[1.0, 1.0, 1.0, 1.0, 1.0, 1.0, 1.0, 1.0, 1.0, 1.0, 1.0, 1.0, 1.0, -1.0, 1.0, 1.0, 1.0, -1.0, 1.0, -1.0, 1.0, -1.0, -1.0, 1.0, 1.0, -1.0, -1.0, 1.0, 1.0]]
  Reward: -0.4216438829898834
  Account Value: None
  Done: False
  Policy Mean: [[76.9088363647461, 3.673914909362793, 64.45564270019531, 53.14973831176758, 117.6268081665039, 102.4747085571289, 75.93749237060547, 155.62783813476562, 27.252643585205078, 85.84884643554688, 90.0422134399414, 52.167694091796875, 34.91583251953125, -11.67236328125, 113.4697494506836, 35.38766098022461, 28.310312271118164, -4.356412410736084, 112.64815521240234, -4.073514461517334, 12.15839672088623, -36.449710845947266, -13.312460899353027, 140.39576721191406, 100.17021179199219, -2.2725119590759277, -80.66117095947266, 63.94870376586914, 115.15355682373047]]
  Policy Std: [[43844.8984375, 515550.875, 121949.6796875, 89716.4453125, 35223.109375, 363774.28125, 88782.4921875, 28417.400390625, 544453.4375, 67847.6484375, 159043.265625, 78901.9296875, 364476.09375, 270021.5625, 215201.53125, 154119.296875, 45780.5703125, 563088.9375, 189447.625, 121240.2265625, 428509.0625, 22923.458984375, 192233.625, 1016043.375, 950219.375, 950403.375, 366705.03125, 58515.27734375, 410836.65625]]

Step 179:
  Date/Day: 180
  Action: [[1.0, 1.0, 1.0, 1.0, 1.0, 1.0, 1.0, 1.0, 1.0, 1.0, 1.0, 1.0, 1.0, -1.0, 1.0, 1.0, 1.0, -1.0, 1.0, -1.0, 1.0, -1.0, -1.0, 1.0, 1.0, -1.0, -1.0, 1.0, 1.0]]
  Reward: -0.42014098167419434
  Account Value: None
  Done: False
  Policy Mean: [[76.9088363647461, 3.673914909362793, 64.45564270019531, 53.14973831176758, 117.6268081665039, 102.4747085571289, 75.93749237060547, 155.62783813476562, 27.252643585205078, 85.84884643554688, 90.0422134399414, 52.167694091796875, 34.91583251953125, -11.67236328125, 113.4697494506836, 35.38766098022461, 28.310312271118164, -4.356412410736084, 112.64815521240234, -4.073514461517334, 12.15839672088623, -36.449710845947266, -13.312460899353027, 140.39576721191406, 100.17021179199219, -2.2725119590759277, -80.66117095947266, 63.94870376586914, 115.15355682373047]]
  Policy Std: [[43844.8984375, 515550.875, 121949.6796875, 89716.4453125, 35223.109375, 363774.28125, 88782.4921875, 28417.400390625, 544453.4375, 67847.6484375, 159043.265625, 78901.9296875, 364476.09375, 270021.5625, 215201.53125, 154119.296875, 45780.5703125, 563088.9375, 189447.625, 121240.2265625, 428509.0625, 22923.458984375, 192233.625, 1016043.375, 950219.375, 950403.375, 366705.03125, 58515.27734375, 410836.65625]]

Step 180:
  Date/Day: 181
  Action: [[1.0, 1.0, 1.0, 1.0, 1.0, 1.0, 1.0, 1.0, 1.0, 1.0, 1.0, 1.0, 1.0, -1.0, 1.0, 1.0, 1.0, -1.0, 1.0, -1.0, 1.0, -1.0, -1.0, 1.0, 1.0, -1.0, -1.0, 1.0, 1.0]]
  Reward: 0.2795461118221283
  Account Value: None
  Done: False
  Policy Mean: [[76.9088363647461, 3.673914909362793, 64.45564270019531, 53.14973831176758, 117.6268081665039, 102.4747085571289, 75.93749237060547, 155.62783813476562, 27.252643585205078, 85.84884643554688, 90.0422134399414, 52.167694091796875, 34.91583251953125, -11.67236328125, 113.4697494506836, 35.38766098022461, 28.310312271118164, -4.356412410736084, 112.64815521240234, -4.073514461517334, 12.15839672088623, -36.449710845947266, -13.312460899353027, 140.39576721191406, 100.17021179199219, -2.2725119590759277, -80.66117095947266, 63.94870376586914, 115.15355682373047]]
  Policy Std: [[43844.8984375, 515550.875, 121949.6796875, 89716.4453125, 35223.109375, 363774.28125, 88782.4921875, 28417.400390625, 544453.4375, 67847.6484375, 159043.265625, 78901.9296875, 364476.09375, 270021.5625, 215201.53125, 154119.296875, 45780.5703125, 563088.9375, 189447.625, 121240.2265625, 428509.0625, 22923.458984375, 192233.625, 1016043.375, 950219.375, 950403.375, 366705.03125, 58515.27734375, 410836.65625]]

Step 181:
  Date/Day: 182
  Action: [[1.0, 1.0, 1.0, 1.0, 1.0, 1.0, 1.0, 1.0, 1.0, 1.0, 1.0, 1.0, 1.0, -1.0, 1.0, 1.0, 1.0, -1.0, 1.0, -1.0, 1.0, -1.0, -1.0, 1.0, 1.0, -1.0, -1.0, 1.0, 1.0]]
  Reward: -1.1844782829284668
  Account Value: None
  Done: False
  Policy Mean: [[76.9088363647461, 3.673914909362793, 64.45564270019531, 53.14973831176758, 117.6268081665039, 102.4747085571289, 75.93749237060547, 155.62783813476562, 27.252643585205078, 85.84884643554688, 90.0422134399414, 52.167694091796875, 34.91583251953125, -11.67236328125, 113.4697494506836, 35.38766098022461, 28.310312271118164, -4.356412410736084, 112.64815521240234, -4.073514461517334, 12.15839672088623, -36.449710845947266, -13.312460899353027, 140.39576721191406, 100.17021179199219, -2.2725119590759277, -80.66117095947266, 63.94870376586914, 115.15355682373047]]
  Policy Std: [[43844.8984375, 515550.875, 121949.6796875, 89716.4453125, 35223.109375, 363774.28125, 88782.4921875, 28417.400390625, 544453.4375, 67847.6484375, 159043.265625, 78901.9296875, 364476.09375, 270021.5625, 215201.53125, 154119.296875, 45780.5703125, 563088.9375, 189447.625, 121240.2265625, 428509.0625, 22923.458984375, 192233.625, 1016043.375, 950219.375, 950403.375, 366705.03125, 58515.27734375, 410836.65625]]

Step 182:
  Date/Day: 183
  Action: [[1.0, 1.0, 1.0, 1.0, 1.0, 1.0, 1.0, 1.0, 1.0, 1.0, 1.0, 1.0, 1.0, -1.0, 1.0, 1.0, 1.0, -1.0, 1.0, -1.0, 1.0, -1.0, -1.0, 1.0, 1.0, -1.0, -1.0, 1.0, 1.0]]
  Reward: 0.1454712450504303
  Account Value: None
  Done: False
  Policy Mean: [[76.9088363647461, 3.673914909362793, 64.45564270019531, 53.14973831176758, 117.6268081665039, 102.4747085571289, 75.93749237060547, 155.62783813476562, 27.252643585205078, 85.84884643554688, 90.0422134399414, 52.167694091796875, 34.91583251953125, -11.67236328125, 113.4697494506836, 35.38766098022461, 28.310312271118164, -4.356412410736084, 112.64815521240234, -4.073514461517334, 12.15839672088623, -36.449710845947266, -13.312460899353027, 140.39576721191406, 100.17021179199219, -2.2725119590759277, -80.66117095947266, 63.94870376586914, 115.15355682373047]]
  Policy Std: [[43844.8984375, 515550.875, 121949.6796875, 89716.4453125, 35223.109375, 363774.28125, 88782.4921875, 28417.400390625, 544453.4375, 67847.6484375, 159043.265625, 78901.9296875, 364476.09375, 270021.5625, 215201.53125, 154119.296875, 45780.5703125, 563088.9375, 189447.625, 121240.2265625, 428509.0625, 22923.458984375, 192233.625, 1016043.375, 950219.375, 950403.375, 366705.03125, 58515.27734375, 410836.65625]]

Step 183:
  Date/Day: 184
  Action: [[1.0, 1.0, 1.0, 1.0, 1.0, 1.0, 1.0, 1.0, 1.0, 1.0, 1.0, 1.0, 1.0, -1.0, 1.0, 1.0, 1.0, -1.0, 1.0, -1.0, 1.0, -1.0, -1.0, 1.0, 1.0, -1.0, -1.0, 1.0, 1.0]]
  Reward: 1.001613974571228
  Account Value: None
  Done: False
  Policy Mean: [[76.9088363647461, 3.673914909362793, 64.45564270019531, 53.14973831176758, 117.6268081665039, 102.4747085571289, 75.93749237060547, 155.62783813476562, 27.252643585205078, 85.84884643554688, 90.0422134399414, 52.167694091796875, 34.91583251953125, -11.67236328125, 113.4697494506836, 35.38766098022461, 28.310312271118164, -4.356412410736084, 112.64815521240234, -4.073514461517334, 12.15839672088623, -36.449710845947266, -13.312460899353027, 140.39576721191406, 100.17021179199219, -2.2725119590759277, -80.66117095947266, 63.94870376586914, 115.15355682373047]]
  Policy Std: [[43844.8984375, 515550.875, 121949.6796875, 89716.4453125, 35223.109375, 363774.28125, 88782.4921875, 28417.400390625, 544453.4375, 67847.6484375, 159043.265625, 78901.9296875, 364476.09375, 270021.5625, 215201.53125, 154119.296875, 45780.5703125, 563088.9375, 189447.625, 121240.2265625, 428509.0625, 22923.458984375, 192233.625, 1016043.375, 950219.375, 950403.375, 366705.03125, 58515.27734375, 410836.65625]]

Step 184:
  Date/Day: 185
  Action: [[1.0, 1.0, 1.0, 1.0, 1.0, 1.0, 1.0, 1.0, 1.0, 1.0, 1.0, 1.0, 1.0, -1.0, 1.0, 1.0, 1.0, -1.0, 1.0, -1.0, 1.0, -1.0, -1.0, 1.0, 1.0, -1.0, -1.0, 1.0, 1.0]]
  Reward: 1.6179219484329224
  Account Value: None
  Done: False
  Policy Mean: [[76.9088363647461, 3.673914909362793, 64.45564270019531, 53.14973831176758, 117.6268081665039, 102.4747085571289, 75.93749237060547, 155.62783813476562, 27.252643585205078, 85.84884643554688, 90.0422134399414, 52.167694091796875, 34.91583251953125, -11.67236328125, 113.4697494506836, 35.38766098022461, 28.310312271118164, -4.356412410736084, 112.64815521240234, -4.073514461517334, 12.15839672088623, -36.449710845947266, -13.312460899353027, 140.39576721191406, 100.17021179199219, -2.2725119590759277, -80.66117095947266, 63.94870376586914, 115.15355682373047]]
  Policy Std: [[43844.8984375, 515550.875, 121949.6796875, 89716.4453125, 35223.109375, 363774.28125, 88782.4921875, 28417.400390625, 544453.4375, 67847.6484375, 159043.265625, 78901.9296875, 364476.09375, 270021.5625, 215201.53125, 154119.296875, 45780.5703125, 563088.9375, 189447.625, 121240.2265625, 428509.0625, 22923.458984375, 192233.625, 1016043.375, 950219.375, 950403.375, 366705.03125, 58515.27734375, 410836.65625]]

Step 185:
  Date/Day: 186
  Action: [[1.0, 1.0, 1.0, 1.0, 1.0, 1.0, 1.0, 1.0, 1.0, 1.0, 1.0, 1.0, 1.0, -1.0, 1.0, 1.0, 1.0, -1.0, 1.0, -1.0, 1.0, -1.0, -1.0, 1.0, 1.0, -1.0, -1.0, 1.0, 1.0]]
  Reward: 0.2868267893791199
  Account Value: None
  Done: False
  Policy Mean: [[76.9088363647461, 3.673914909362793, 64.45564270019531, 53.14973831176758, 117.6268081665039, 102.4747085571289, 75.93749237060547, 155.62783813476562, 27.252643585205078, 85.84884643554688, 90.0422134399414, 52.167694091796875, 34.91583251953125, -11.67236328125, 113.4697494506836, 35.38766098022461, 28.310312271118164, -4.356412410736084, 112.64815521240234, -4.073514461517334, 12.15839672088623, -36.449710845947266, -13.312460899353027, 140.39576721191406, 100.17021179199219, -2.2725119590759277, -80.66117095947266, 63.94870376586914, 115.15355682373047]]
  Policy Std: [[43844.8984375, 515550.875, 121949.6796875, 89716.4453125, 35223.109375, 363774.28125, 88782.4921875, 28417.400390625, 544453.4375, 67847.6484375, 159043.265625, 78901.9296875, 364476.09375, 270021.5625, 215201.53125, 154119.296875, 45780.5703125, 563088.9375, 189447.625, 121240.2265625, 428509.0625, 22923.458984375, 192233.625, 1016043.375, 950219.375, 950403.375, 366705.03125, 58515.27734375, 410836.65625]]

Step 186:
  Date/Day: 187
  Action: [[1.0, 1.0, 1.0, 1.0, 1.0, 1.0, 1.0, 1.0, 1.0, 1.0, 1.0, 1.0, 1.0, -1.0, 1.0, 1.0, 1.0, -1.0, 1.0, -1.0, 1.0, -1.0, -1.0, 1.0, 1.0, -1.0, -1.0, 1.0, 1.0]]
  Reward: -0.2841027081012726
  Account Value: None
  Done: False
  Policy Mean: [[76.9088363647461, 3.673914909362793, 64.45564270019531, 53.14973831176758, 117.6268081665039, 102.4747085571289, 75.93749237060547, 155.62783813476562, 27.252643585205078, 85.84884643554688, 90.0422134399414, 52.167694091796875, 34.91583251953125, -11.67236328125, 113.4697494506836, 35.38766098022461, 28.310312271118164, -4.356412410736084, 112.64815521240234, -4.073514461517334, 12.15839672088623, -36.449710845947266, -13.312460899353027, 140.39576721191406, 100.17021179199219, -2.2725119590759277, -80.66117095947266, 63.94870376586914, 115.15355682373047]]
  Policy Std: [[43844.8984375, 515550.875, 121949.6796875, 89716.4453125, 35223.109375, 363774.28125, 88782.4921875, 28417.400390625, 544453.4375, 67847.6484375, 159043.265625, 78901.9296875, 364476.09375, 270021.5625, 215201.53125, 154119.296875, 45780.5703125, 563088.9375, 189447.625, 121240.2265625, 428509.0625, 22923.458984375, 192233.625, 1016043.375, 950219.375, 950403.375, 366705.03125, 58515.27734375, 410836.65625]]

Step 187:
  Date/Day: 188
  Action: [[1.0, 1.0, 1.0, 1.0, 1.0, 1.0, 1.0, 1.0, 1.0, 1.0, 1.0, 1.0, 1.0, -1.0, 1.0, 1.0, 1.0, -1.0, 1.0, -1.0, 1.0, -1.0, -1.0, 1.0, 1.0, -1.0, -1.0, 1.0, 1.0]]
  Reward: -0.308224081993103
  Account Value: None
  Done: False
  Policy Mean: [[76.9088363647461, 3.673914909362793, 64.45564270019531, 53.14973831176758, 117.6268081665039, 102.4747085571289, 75.93749237060547, 155.62783813476562, 27.252643585205078, 85.84884643554688, 90.0422134399414, 52.167694091796875, 34.91583251953125, -11.67236328125, 113.4697494506836, 35.38766098022461, 28.310312271118164, -4.356412410736084, 112.64815521240234, -4.073514461517334, 12.15839672088623, -36.449710845947266, -13.312460899353027, 140.39576721191406, 100.17021179199219, -2.2725119590759277, -80.66117095947266, 63.94870376586914, 115.15355682373047]]
  Policy Std: [[43844.8984375, 515550.875, 121949.6796875, 89716.4453125, 35223.109375, 363774.28125, 88782.4921875, 28417.400390625, 544453.4375, 67847.6484375, 159043.265625, 78901.9296875, 364476.09375, 270021.5625, 215201.53125, 154119.296875, 45780.5703125, 563088.9375, 189447.625, 121240.2265625, 428509.0625, 22923.458984375, 192233.625, 1016043.375, 950219.375, 950403.375, 366705.03125, 58515.27734375, 410836.65625]]

Step 188:
  Date/Day: 189
  Action: [[1.0, 1.0, 1.0, 1.0, 1.0, 1.0, 1.0, 1.0, 1.0, 1.0, 1.0, 1.0, 1.0, -1.0, 1.0, 1.0, 1.0, -1.0, 1.0, -1.0, 1.0, -1.0, -1.0, 1.0, 1.0, -1.0, -1.0, 1.0, 1.0]]
  Reward: 0.6189046502113342
  Account Value: None
  Done: False
  Policy Mean: [[76.9088363647461, 3.673914909362793, 64.45564270019531, 53.14973831176758, 117.6268081665039, 102.4747085571289, 75.93749237060547, 155.62783813476562, 27.252643585205078, 85.84884643554688, 90.0422134399414, 52.167694091796875, 34.91583251953125, -11.67236328125, 113.4697494506836, 35.38766098022461, 28.310312271118164, -4.356412410736084, 112.64815521240234, -4.073514461517334, 12.15839672088623, -36.449710845947266, -13.312460899353027, 140.39576721191406, 100.17021179199219, -2.2725119590759277, -80.66117095947266, 63.94870376586914, 115.15355682373047]]
  Policy Std: [[43844.8984375, 515550.875, 121949.6796875, 89716.4453125, 35223.109375, 363774.28125, 88782.4921875, 28417.400390625, 544453.4375, 67847.6484375, 159043.265625, 78901.9296875, 364476.09375, 270021.5625, 215201.53125, 154119.296875, 45780.5703125, 563088.9375, 189447.625, 121240.2265625, 428509.0625, 22923.458984375, 192233.625, 1016043.375, 950219.375, 950403.375, 366705.03125, 58515.27734375, 410836.65625]]

Step 189:
  Date/Day: 190
  Action: [[1.0, 1.0, 1.0, 1.0, 1.0, 1.0, 1.0, 1.0, 1.0, 1.0, 1.0, 1.0, 1.0, -1.0, 1.0, 1.0, 1.0, -1.0, 1.0, -1.0, 1.0, -1.0, -1.0, 1.0, 1.0, -1.0, -1.0, 1.0, 1.0]]
  Reward: 1.540356159210205
  Account Value: None
  Done: False
  Policy Mean: [[76.9088363647461, 3.673914909362793, 64.45564270019531, 53.14973831176758, 117.6268081665039, 102.4747085571289, 75.93749237060547, 155.62783813476562, 27.252643585205078, 85.84884643554688, 90.0422134399414, 52.167694091796875, 34.91583251953125, -11.67236328125, 113.4697494506836, 35.38766098022461, 28.310312271118164, -4.356412410736084, 112.64815521240234, -4.073514461517334, 12.15839672088623, -36.449710845947266, -13.312460899353027, 140.39576721191406, 100.17021179199219, -2.2725119590759277, -80.66117095947266, 63.94870376586914, 115.15355682373047]]
  Policy Std: [[43844.8984375, 515550.875, 121949.6796875, 89716.4453125, 35223.109375, 363774.28125, 88782.4921875, 28417.400390625, 544453.4375, 67847.6484375, 159043.265625, 78901.9296875, 364476.09375, 270021.5625, 215201.53125, 154119.296875, 45780.5703125, 563088.9375, 189447.625, 121240.2265625, 428509.0625, 22923.458984375, 192233.625, 1016043.375, 950219.375, 950403.375, 366705.03125, 58515.27734375, 410836.65625]]

Step 190:
  Date/Day: 191
  Action: [[1.0, 1.0, 1.0, 1.0, 1.0, 1.0, 1.0, 1.0, 1.0, 1.0, 1.0, 1.0, 1.0, -1.0, 1.0, 1.0, 1.0, -1.0, 1.0, -1.0, 1.0, -1.0, -1.0, 1.0, 1.0, -1.0, -1.0, 1.0, 1.0]]
  Reward: -0.5844301581382751
  Account Value: None
  Done: False
  Policy Mean: [[76.9088363647461, 3.673914909362793, 64.45564270019531, 53.14973831176758, 117.6268081665039, 102.4747085571289, 75.93749237060547, 155.62783813476562, 27.252643585205078, 85.84884643554688, 90.0422134399414, 52.167694091796875, 34.91583251953125, -11.67236328125, 113.4697494506836, 35.38766098022461, 28.310312271118164, -4.356412410736084, 112.64815521240234, -4.073514461517334, 12.15839672088623, -36.449710845947266, -13.312460899353027, 140.39576721191406, 100.17021179199219, -2.2725119590759277, -80.66117095947266, 63.94870376586914, 115.15355682373047]]
  Policy Std: [[43844.8984375, 515550.875, 121949.6796875, 89716.4453125, 35223.109375, 363774.28125, 88782.4921875, 28417.400390625, 544453.4375, 67847.6484375, 159043.265625, 78901.9296875, 364476.09375, 270021.5625, 215201.53125, 154119.296875, 45780.5703125, 563088.9375, 189447.625, 121240.2265625, 428509.0625, 22923.458984375, 192233.625, 1016043.375, 950219.375, 950403.375, 366705.03125, 58515.27734375, 410836.65625]]

Step 191:
  Date/Day: 192
  Action: [[1.0, 1.0, 1.0, 1.0, 1.0, 1.0, 1.0, 1.0, 1.0, 1.0, 1.0, 1.0, 1.0, -1.0, 1.0, 1.0, 1.0, -1.0, 1.0, -1.0, 1.0, -1.0, -1.0, 1.0, 1.0, -1.0, -1.0, 1.0, 1.0]]
  Reward: 0.05754481628537178
  Account Value: None
  Done: False
  Policy Mean: [[76.9088363647461, 3.673914909362793, 64.45564270019531, 53.14973831176758, 117.6268081665039, 102.4747085571289, 75.93749237060547, 155.62783813476562, 27.252643585205078, 85.84884643554688, 90.0422134399414, 52.167694091796875, 34.91583251953125, -11.67236328125, 113.4697494506836, 35.38766098022461, 28.310312271118164, -4.356412410736084, 112.64815521240234, -4.073514461517334, 12.15839672088623, -36.449710845947266, -13.312460899353027, 140.39576721191406, 100.17021179199219, -2.2725119590759277, -80.66117095947266, 63.94870376586914, 115.15355682373047]]
  Policy Std: [[43844.8984375, 515550.875, 121949.6796875, 89716.4453125, 35223.109375, 363774.28125, 88782.4921875, 28417.400390625, 544453.4375, 67847.6484375, 159043.265625, 78901.9296875, 364476.09375, 270021.5625, 215201.53125, 154119.296875, 45780.5703125, 563088.9375, 189447.625, 121240.2265625, 428509.0625, 22923.458984375, 192233.625, 1016043.375, 950219.375, 950403.375, 366705.03125, 58515.27734375, 410836.65625]]

Step 192:
  Date/Day: 193
  Action: [[1.0, 1.0, 1.0, 1.0, 1.0, 1.0, 1.0, 1.0, 1.0, 1.0, 1.0, 1.0, 1.0, -1.0, 1.0, 1.0, 1.0, -1.0, 1.0, -1.0, 1.0, -1.0, -1.0, 1.0, 1.0, -1.0, -1.0, 1.0, 1.0]]
  Reward: 0.43209800124168396
  Account Value: None
  Done: False
  Policy Mean: [[76.9088363647461, 3.673914909362793, 64.45564270019531, 53.14973831176758, 117.6268081665039, 102.4747085571289, 75.93749237060547, 155.62783813476562, 27.252643585205078, 85.84884643554688, 90.0422134399414, 52.167694091796875, 34.91583251953125, -11.67236328125, 113.4697494506836, 35.38766098022461, 28.310312271118164, -4.356412410736084, 112.64815521240234, -4.073514461517334, 12.15839672088623, -36.449710845947266, -13.312460899353027, 140.39576721191406, 100.17021179199219, -2.2725119590759277, -80.66117095947266, 63.94870376586914, 115.15355682373047]]
  Policy Std: [[43844.8984375, 515550.875, 121949.6796875, 89716.4453125, 35223.109375, 363774.28125, 88782.4921875, 28417.400390625, 544453.4375, 67847.6484375, 159043.265625, 78901.9296875, 364476.09375, 270021.5625, 215201.53125, 154119.296875, 45780.5703125, 563088.9375, 189447.625, 121240.2265625, 428509.0625, 22923.458984375, 192233.625, 1016043.375, 950219.375, 950403.375, 366705.03125, 58515.27734375, 410836.65625]]

Step 193:
  Date/Day: 194
  Action: [[1.0, 1.0, 1.0, 1.0, 1.0, 1.0, 1.0, 1.0, 1.0, 1.0, 1.0, 1.0, 1.0, -1.0, 1.0, 1.0, 1.0, -1.0, 1.0, -1.0, 1.0, -1.0, -1.0, 1.0, 1.0, -1.0, -1.0, 1.0, 1.0]]
  Reward: 1.3410427570343018
  Account Value: None
  Done: False
  Policy Mean: [[76.9088363647461, 3.673914909362793, 64.45564270019531, 53.14973831176758, 117.6268081665039, 102.4747085571289, 75.93749237060547, 155.62783813476562, 27.252643585205078, 85.84884643554688, 90.0422134399414, 52.167694091796875, 34.91583251953125, -11.67236328125, 113.4697494506836, 35.38766098022461, 28.310312271118164, -4.356412410736084, 112.64815521240234, -4.073514461517334, 12.15839672088623, -36.449710845947266, -13.312460899353027, 140.39576721191406, 100.17021179199219, -2.2725119590759277, -80.66117095947266, 63.94870376586914, 115.15355682373047]]
  Policy Std: [[43844.8984375, 515550.875, 121949.6796875, 89716.4453125, 35223.109375, 363774.28125, 88782.4921875, 28417.400390625, 544453.4375, 67847.6484375, 159043.265625, 78901.9296875, 364476.09375, 270021.5625, 215201.53125, 154119.296875, 45780.5703125, 563088.9375, 189447.625, 121240.2265625, 428509.0625, 22923.458984375, 192233.625, 1016043.375, 950219.375, 950403.375, 366705.03125, 58515.27734375, 410836.65625]]

Step 194:
  Date/Day: 195
  Action: [[1.0, 1.0, 1.0, 1.0, 1.0, 1.0, 1.0, 1.0, 1.0, 1.0, 1.0, 1.0, 1.0, -1.0, 1.0, 1.0, 1.0, -1.0, 1.0, -1.0, 1.0, -1.0, -1.0, 1.0, 1.0, -1.0, -1.0, 1.0, 1.0]]
  Reward: -0.17116698622703552
  Account Value: None
  Done: False
  Policy Mean: [[76.9088363647461, 3.673914909362793, 64.45564270019531, 53.14973831176758, 117.6268081665039, 102.4747085571289, 75.93749237060547, 155.62783813476562, 27.252643585205078, 85.84884643554688, 90.0422134399414, 52.167694091796875, 34.91583251953125, -11.67236328125, 113.4697494506836, 35.38766098022461, 28.310312271118164, -4.356412410736084, 112.64815521240234, -4.073514461517334, 12.15839672088623, -36.449710845947266, -13.312460899353027, 140.39576721191406, 100.17021179199219, -2.2725119590759277, -80.66117095947266, 63.94870376586914, 115.15355682373047]]
  Policy Std: [[43844.8984375, 515550.875, 121949.6796875, 89716.4453125, 35223.109375, 363774.28125, 88782.4921875, 28417.400390625, 544453.4375, 67847.6484375, 159043.265625, 78901.9296875, 364476.09375, 270021.5625, 215201.53125, 154119.296875, 45780.5703125, 563088.9375, 189447.625, 121240.2265625, 428509.0625, 22923.458984375, 192233.625, 1016043.375, 950219.375, 950403.375, 366705.03125, 58515.27734375, 410836.65625]]

Step 195:
  Date/Day: 196
  Action: [[1.0, 1.0, 1.0, 1.0, 1.0, 1.0, 1.0, 1.0, 1.0, 1.0, 1.0, 1.0, 1.0, -1.0, 1.0, 1.0, 1.0, -1.0, 1.0, -1.0, 1.0, -1.0, -1.0, 1.0, 1.0, -1.0, -1.0, 1.0, 1.0]]
  Reward: -0.13447630405426025
  Account Value: None
  Done: False
  Policy Mean: [[76.9088363647461, 3.673914909362793, 64.45564270019531, 53.14973831176758, 117.6268081665039, 102.4747085571289, 75.93749237060547, 155.62783813476562, 27.252643585205078, 85.84884643554688, 90.0422134399414, 52.167694091796875, 34.91583251953125, -11.67236328125, 113.4697494506836, 35.38766098022461, 28.310312271118164, -4.356412410736084, 112.64815521240234, -4.073514461517334, 12.15839672088623, -36.449710845947266, -13.312460899353027, 140.39576721191406, 100.17021179199219, -2.2725119590759277, -80.66117095947266, 63.94870376586914, 115.15355682373047]]
  Policy Std: [[43844.8984375, 515550.875, 121949.6796875, 89716.4453125, 35223.109375, 363774.28125, 88782.4921875, 28417.400390625, 544453.4375, 67847.6484375, 159043.265625, 78901.9296875, 364476.09375, 270021.5625, 215201.53125, 154119.296875, 45780.5703125, 563088.9375, 189447.625, 121240.2265625, 428509.0625, 22923.458984375, 192233.625, 1016043.375, 950219.375, 950403.375, 366705.03125, 58515.27734375, 410836.65625]]

Step 196:
  Date/Day: 197
  Action: [[1.0, 1.0, 1.0, 1.0, 1.0, 1.0, 1.0, 1.0, 1.0, 1.0, 1.0, 1.0, 1.0, -1.0, 1.0, 1.0, 1.0, -1.0, 1.0, -1.0, 1.0, -1.0, -1.0, 1.0, 1.0, -1.0, -1.0, 1.0, 1.0]]
  Reward: 0.26249536871910095
  Account Value: None
  Done: False
  Policy Mean: [[76.9088363647461, 3.673914909362793, 64.45564270019531, 53.14973831176758, 117.6268081665039, 102.4747085571289, 75.93749237060547, 155.62783813476562, 27.252643585205078, 85.84884643554688, 90.0422134399414, 52.167694091796875, 34.91583251953125, -11.67236328125, 113.4697494506836, 35.38766098022461, 28.310312271118164, -4.356412410736084, 112.64815521240234, -4.073514461517334, 12.15839672088623, -36.449710845947266, -13.312460899353027, 140.39576721191406, 100.17021179199219, -2.2725119590759277, -80.66117095947266, 63.94870376586914, 115.15355682373047]]
  Policy Std: [[43844.8984375, 515550.875, 121949.6796875, 89716.4453125, 35223.109375, 363774.28125, 88782.4921875, 28417.400390625, 544453.4375, 67847.6484375, 159043.265625, 78901.9296875, 364476.09375, 270021.5625, 215201.53125, 154119.296875, 45780.5703125, 563088.9375, 189447.625, 121240.2265625, 428509.0625, 22923.458984375, 192233.625, 1016043.375, 950219.375, 950403.375, 366705.03125, 58515.27734375, 410836.65625]]

Step 197:
  Date/Day: 198
  Action: [[1.0, 1.0, 1.0, 1.0, 1.0, 1.0, 1.0, 1.0, 1.0, 1.0, 1.0, 1.0, 1.0, -1.0, 1.0, 1.0, 1.0, -1.0, 1.0, -1.0, 1.0, -1.0, -1.0, 1.0, 1.0, -1.0, -1.0, 1.0, 1.0]]
  Reward: 1.2642210721969604
  Account Value: None
  Done: False
  Policy Mean: [[76.9088363647461, 3.673914909362793, 64.45564270019531, 53.14973831176758, 117.6268081665039, 102.4747085571289, 75.93749237060547, 155.62783813476562, 27.252643585205078, 85.84884643554688, 90.0422134399414, 52.167694091796875, 34.91583251953125, -11.67236328125, 113.4697494506836, 35.38766098022461, 28.310312271118164, -4.356412410736084, 112.64815521240234, -4.073514461517334, 12.15839672088623, -36.449710845947266, -13.312460899353027, 140.39576721191406, 100.17021179199219, -2.2725119590759277, -80.66117095947266, 63.94870376586914, 115.15355682373047]]
  Policy Std: [[43844.8984375, 515550.875, 121949.6796875, 89716.4453125, 35223.109375, 363774.28125, 88782.4921875, 28417.400390625, 544453.4375, 67847.6484375, 159043.265625, 78901.9296875, 364476.09375, 270021.5625, 215201.53125, 154119.296875, 45780.5703125, 563088.9375, 189447.625, 121240.2265625, 428509.0625, 22923.458984375, 192233.625, 1016043.375, 950219.375, 950403.375, 366705.03125, 58515.27734375, 410836.65625]]

Step 198:
  Date/Day: 199
  Action: [[1.0, 1.0, 1.0, 1.0, 1.0, 1.0, 1.0, 1.0, 1.0, 1.0, 1.0, 1.0, 1.0, -1.0, 1.0, 1.0, 1.0, -1.0, 1.0, -1.0, 1.0, -1.0, -1.0, 1.0, 1.0, -1.0, -1.0, 1.0, 1.0]]
  Reward: 0.6885906457901001
  Account Value: None
  Done: False
  Policy Mean: [[76.9088363647461, 3.673914909362793, 64.45564270019531, 53.14973831176758, 117.6268081665039, 102.4747085571289, 75.93749237060547, 155.62783813476562, 27.252643585205078, 85.84884643554688, 90.0422134399414, 52.167694091796875, 34.91583251953125, -11.67236328125, 113.4697494506836, 35.38766098022461, 28.310312271118164, -4.356412410736084, 112.64815521240234, -4.073514461517334, 12.15839672088623, -36.449710845947266, -13.312460899353027, 140.39576721191406, 100.17021179199219, -2.2725119590759277, -80.66117095947266, 63.94870376586914, 115.15355682373047]]
  Policy Std: [[43844.8984375, 515550.875, 121949.6796875, 89716.4453125, 35223.109375, 363774.28125, 88782.4921875, 28417.400390625, 544453.4375, 67847.6484375, 159043.265625, 78901.9296875, 364476.09375, 270021.5625, 215201.53125, 154119.296875, 45780.5703125, 563088.9375, 189447.625, 121240.2265625, 428509.0625, 22923.458984375, 192233.625, 1016043.375, 950219.375, 950403.375, 366705.03125, 58515.27734375, 410836.65625]]

Step 199:
  Date/Day: 200
  Action: [[1.0, 1.0, 1.0, 1.0, 1.0, 1.0, 1.0, 1.0, 1.0, 1.0, 1.0, 1.0, 1.0, -1.0, 1.0, 1.0, 1.0, -1.0, 1.0, -1.0, 1.0, -1.0, -1.0, 1.0, 1.0, -1.0, -1.0, 1.0, 1.0]]
  Reward: -0.4511851668357849
  Account Value: None
  Done: False
  Policy Mean: [[76.9088363647461, 3.673914909362793, 64.45564270019531, 53.14973831176758, 117.6268081665039, 102.4747085571289, 75.93749237060547, 155.62783813476562, 27.252643585205078, 85.84884643554688, 90.0422134399414, 52.167694091796875, 34.91583251953125, -11.67236328125, 113.4697494506836, 35.38766098022461, 28.310312271118164, -4.356412410736084, 112.64815521240234, -4.073514461517334, 12.15839672088623, -36.449710845947266, -13.312460899353027, 140.39576721191406, 100.17021179199219, -2.2725119590759277, -80.66117095947266, 63.94870376586914, 115.15355682373047]]
  Policy Std: [[43844.8984375, 515550.875, 121949.6796875, 89716.4453125, 35223.109375, 363774.28125, 88782.4921875, 28417.400390625, 544453.4375, 67847.6484375, 159043.265625, 78901.9296875, 364476.09375, 270021.5625, 215201.53125, 154119.296875, 45780.5703125, 563088.9375, 189447.625, 121240.2265625, 428509.0625, 22923.458984375, 192233.625, 1016043.375, 950219.375, 950403.375, 366705.03125, 58515.27734375, 410836.65625]]

Step 200:
  Date/Day: 201
  Action: [[1.0, 1.0, 1.0, 1.0, 1.0, 1.0, 1.0, 1.0, 1.0, 1.0, 1.0, 1.0, 1.0, -1.0, 1.0, 1.0, 1.0, -1.0, 1.0, -1.0, 1.0, -1.0, -1.0, 1.0, 1.0, -1.0, -1.0, 1.0, 1.0]]
  Reward: -0.8715413808822632
  Account Value: None
  Done: False
  Policy Mean: [[76.9088363647461, 3.673914909362793, 64.45564270019531, 53.14973831176758, 117.6268081665039, 102.4747085571289, 75.93749237060547, 155.62783813476562, 27.252643585205078, 85.84884643554688, 90.0422134399414, 52.167694091796875, 34.91583251953125, -11.67236328125, 113.4697494506836, 35.38766098022461, 28.310312271118164, -4.356412410736084, 112.64815521240234, -4.073514461517334, 12.15839672088623, -36.449710845947266, -13.312460899353027, 140.39576721191406, 100.17021179199219, -2.2725119590759277, -80.66117095947266, 63.94870376586914, 115.15355682373047]]
  Policy Std: [[43844.8984375, 515550.875, 121949.6796875, 89716.4453125, 35223.109375, 363774.28125, 88782.4921875, 28417.400390625, 544453.4375, 67847.6484375, 159043.265625, 78901.9296875, 364476.09375, 270021.5625, 215201.53125, 154119.296875, 45780.5703125, 563088.9375, 189447.625, 121240.2265625, 428509.0625, 22923.458984375, 192233.625, 1016043.375, 950219.375, 950403.375, 366705.03125, 58515.27734375, 410836.65625]]

Step 201:
  Date/Day: 202
  Action: [[1.0, 1.0, 1.0, 1.0, 1.0, 1.0, 1.0, 1.0, 1.0, 1.0, 1.0, 1.0, 1.0, -1.0, 1.0, 1.0, 1.0, -1.0, 1.0, -1.0, 1.0, -1.0, -1.0, 1.0, 1.0, -1.0, -1.0, 1.0, 1.0]]
  Reward: 1.2258210182189941
  Account Value: None
  Done: False
  Policy Mean: [[76.9088363647461, 3.673914909362793, 64.45564270019531, 53.14973831176758, 117.6268081665039, 102.4747085571289, 75.93749237060547, 155.62783813476562, 27.252643585205078, 85.84884643554688, 90.0422134399414, 52.167694091796875, 34.91583251953125, -11.67236328125, 113.4697494506836, 35.38766098022461, 28.310312271118164, -4.356412410736084, 112.64815521240234, -4.073514461517334, 12.15839672088623, -36.449710845947266, -13.312460899353027, 140.39576721191406, 100.17021179199219, -2.2725119590759277, -80.66117095947266, 63.94870376586914, 115.15355682373047]]
  Policy Std: [[43844.8984375, 515550.875, 121949.6796875, 89716.4453125, 35223.109375, 363774.28125, 88782.4921875, 28417.400390625, 544453.4375, 67847.6484375, 159043.265625, 78901.9296875, 364476.09375, 270021.5625, 215201.53125, 154119.296875, 45780.5703125, 563088.9375, 189447.625, 121240.2265625, 428509.0625, 22923.458984375, 192233.625, 1016043.375, 950219.375, 950403.375, 366705.03125, 58515.27734375, 410836.65625]]

Step 202:
  Date/Day: 203
  Action: [[1.0, 1.0, 1.0, 1.0, 1.0, 1.0, 1.0, 1.0, 1.0, 1.0, 1.0, 1.0, 1.0, -1.0, 1.0, 1.0, 1.0, -1.0, 1.0, -1.0, 1.0, -1.0, -1.0, 1.0, 1.0, -1.0, -1.0, 1.0, 1.0]]
  Reward: -1.2613459825515747
  Account Value: None
  Done: False
  Policy Mean: [[76.9088363647461, 3.673914909362793, 64.45564270019531, 53.14973831176758, 117.6268081665039, 102.4747085571289, 75.93749237060547, 155.62783813476562, 27.252643585205078, 85.84884643554688, 90.0422134399414, 52.167694091796875, 34.91583251953125, -11.67236328125, 113.4697494506836, 35.38766098022461, 28.310312271118164, -4.356412410736084, 112.64815521240234, -4.073514461517334, 12.15839672088623, -36.449710845947266, -13.312460899353027, 140.39576721191406, 100.17021179199219, -2.2725119590759277, -80.66117095947266, 63.94870376586914, 115.15355682373047]]
  Policy Std: [[43844.8984375, 515550.875, 121949.6796875, 89716.4453125, 35223.109375, 363774.28125, 88782.4921875, 28417.400390625, 544453.4375, 67847.6484375, 159043.265625, 78901.9296875, 364476.09375, 270021.5625, 215201.53125, 154119.296875, 45780.5703125, 563088.9375, 189447.625, 121240.2265625, 428509.0625, 22923.458984375, 192233.625, 1016043.375, 950219.375, 950403.375, 366705.03125, 58515.27734375, 410836.65625]]

Step 203:
  Date/Day: 204
  Action: [[1.0, 1.0, 1.0, 1.0, 1.0, 1.0, 1.0, 1.0, 1.0, 1.0, 1.0, 1.0, 1.0, -1.0, 1.0, 1.0, 1.0, -1.0, 1.0, -1.0, 1.0, -1.0, -1.0, 1.0, 1.0, -1.0, -1.0, 1.0, 1.0]]
  Reward: 1.0979171991348267
  Account Value: None
  Done: False
  Policy Mean: [[76.9088363647461, 3.673914909362793, 64.45564270019531, 53.14973831176758, 117.6268081665039, 102.4747085571289, 75.93749237060547, 155.62783813476562, 27.252643585205078, 85.84884643554688, 90.0422134399414, 52.167694091796875, 34.91583251953125, -11.67236328125, 113.4697494506836, 35.38766098022461, 28.310312271118164, -4.356412410736084, 112.64815521240234, -4.073514461517334, 12.15839672088623, -36.449710845947266, -13.312460899353027, 140.39576721191406, 100.17021179199219, -2.2725119590759277, -80.66117095947266, 63.94870376586914, 115.15355682373047]]
  Policy Std: [[43844.8984375, 515550.875, 121949.6796875, 89716.4453125, 35223.109375, 363774.28125, 88782.4921875, 28417.400390625, 544453.4375, 67847.6484375, 159043.265625, 78901.9296875, 364476.09375, 270021.5625, 215201.53125, 154119.296875, 45780.5703125, 563088.9375, 189447.625, 121240.2265625, 428509.0625, 22923.458984375, 192233.625, 1016043.375, 950219.375, 950403.375, 366705.03125, 58515.27734375, 410836.65625]]

Step 204:
  Date/Day: 205
  Action: [[1.0, 1.0, 1.0, 1.0, 1.0, 1.0, 1.0, 1.0, 1.0, 1.0, 1.0, 1.0, 1.0, -1.0, 1.0, 1.0, 1.0, -1.0, 1.0, -1.0, 1.0, -1.0, -1.0, 1.0, 1.0, -1.0, -1.0, 1.0, 1.0]]
  Reward: -0.2692098021507263
  Account Value: None
  Done: False
  Policy Mean: [[76.9088363647461, 3.6739423274993896, 64.45565795898438, 53.1497802734375, 117.62682342529297, 102.47473907470703, 75.93750762939453, 155.62786865234375, 27.25263214111328, 85.84886932373047, 90.04224395751953, 52.16769790649414, 34.91584014892578, -11.672367095947266, 113.46976470947266, 35.38766098022461, 28.310340881347656, -4.356403350830078, 112.6481704711914, -4.073502540588379, 12.158398628234863, -36.44969177246094, -13.31244945526123, 140.39576721191406, 100.1701889038086, -2.2725119590759277, -80.6611557006836, 63.948707580566406, 115.153564453125]]
  Policy Std: [[43844.8984375, 515550.875, 121949.6796875, 89716.4453125, 35223.109375, 363774.28125, 88782.4921875, 28417.400390625, 544453.4375, 67847.6484375, 159043.265625, 78901.9296875, 364476.09375, 270021.5625, 215201.53125, 154119.296875, 45780.5703125, 563088.9375, 189447.625, 121240.2265625, 428509.0625, 22923.458984375, 192233.625, 1016043.375, 950219.375, 950403.375, 366705.03125, 58515.27734375, 410836.65625]]

Step 205:
  Date/Day: 206
  Action: [[1.0, 1.0, 1.0, 1.0, 1.0, 1.0, 1.0, 1.0, 1.0, 1.0, 1.0, 1.0, 1.0, -1.0, 1.0, 1.0, 1.0, -1.0, 1.0, -1.0, 1.0, -1.0, -1.0, 1.0, 1.0, -1.0, -1.0, 1.0, 1.0]]
  Reward: -0.08533032238483429
  Account Value: None
  Done: False
  Policy Mean: [[76.9088363647461, 3.673914909362793, 64.45564270019531, 53.14973831176758, 117.6268081665039, 102.4747085571289, 75.93749237060547, 155.62783813476562, 27.252643585205078, 85.84884643554688, 90.0422134399414, 52.167694091796875, 34.91583251953125, -11.67236328125, 113.4697494506836, 35.38766098022461, 28.310312271118164, -4.356412410736084, 112.64815521240234, -4.073514461517334, 12.15839672088623, -36.449710845947266, -13.312460899353027, 140.39576721191406, 100.17021179199219, -2.2725119590759277, -80.66117095947266, 63.94870376586914, 115.15355682373047]]
  Policy Std: [[43844.8984375, 515550.875, 121949.6796875, 89716.4453125, 35223.109375, 363774.28125, 88782.4921875, 28417.400390625, 544453.4375, 67847.6484375, 159043.265625, 78901.9296875, 364476.09375, 270021.5625, 215201.53125, 154119.296875, 45780.5703125, 563088.9375, 189447.625, 121240.2265625, 428509.0625, 22923.458984375, 192233.625, 1016043.375, 950219.375, 950403.375, 366705.03125, 58515.27734375, 410836.65625]]

Step 206:
  Date/Day: 207
  Action: [[1.0, 1.0, 1.0, 1.0, 1.0, 1.0, 1.0, 1.0, 1.0, 1.0, 1.0, 1.0, 1.0, -1.0, 1.0, 1.0, 1.0, -1.0, 1.0, -1.0, 1.0, -1.0, -1.0, 1.0, 1.0, -1.0, -1.0, 1.0, 1.0]]
  Reward: -0.8115229606628418
  Account Value: None
  Done: False
  Policy Mean: [[76.9088363647461, 3.6739158630371094, 64.45564270019531, 53.14973831176758, 117.6268081665039, 102.4747085571289, 75.93749237060547, 155.62783813476562, 27.252643585205078, 85.84884643554688, 90.0422134399414, 52.167694091796875, 34.91583251953125, -11.67236328125, 113.46975708007812, 35.38766098022461, 28.310312271118164, -4.356411933898926, 112.64815521240234, -4.073513984680176, 12.15839672088623, -36.449710845947266, -13.312460899353027, 140.39576721191406, 100.17021179199219, -2.2725119590759277, -80.66117095947266, 63.94870376586914, 115.15355682373047]]
  Policy Std: [[43844.8984375, 515550.875, 121949.6796875, 89716.4453125, 35223.109375, 363774.28125, 88782.4921875, 28417.400390625, 544453.4375, 67847.6484375, 159043.265625, 78901.9296875, 364476.09375, 270021.5625, 215201.53125, 154119.296875, 45780.5703125, 563088.9375, 189447.625, 121240.2265625, 428509.0625, 22923.458984375, 192233.625, 1016043.375, 950219.375, 950403.375, 366705.03125, 58515.27734375, 410836.65625]]

Step 207:
  Date/Day: 208
  Action: [[1.0, 1.0, 1.0, 1.0, 1.0, 1.0, 1.0, 1.0, 1.0, 1.0, 1.0, 1.0, 1.0, -1.0, 1.0, 1.0, 1.0, -1.0, 1.0, -1.0, 1.0, -1.0, -1.0, 1.0, 1.0, -1.0, -1.0, 1.0, 1.0]]
  Reward: 0.9484170079231262
  Account Value: None
  Done: False
  Policy Mean: [[76.9088363647461, 3.673914909362793, 64.45564270019531, 53.14973831176758, 117.6268081665039, 102.4747085571289, 75.93749237060547, 155.62783813476562, 27.252643585205078, 85.84884643554688, 90.0422134399414, 52.167694091796875, 34.91583251953125, -11.67236328125, 113.4697494506836, 35.38766098022461, 28.310312271118164, -4.356412410736084, 112.64815521240234, -4.073514461517334, 12.15839672088623, -36.449710845947266, -13.312460899353027, 140.39576721191406, 100.17021179199219, -2.2725119590759277, -80.66117095947266, 63.94870376586914, 115.15355682373047]]
  Policy Std: [[43844.8984375, 515550.875, 121949.6796875, 89716.4453125, 35223.109375, 363774.28125, 88782.4921875, 28417.400390625, 544453.4375, 67847.6484375, 159043.265625, 78901.9296875, 364476.09375, 270021.5625, 215201.53125, 154119.296875, 45780.5703125, 563088.9375, 189447.625, 121240.2265625, 428509.0625, 22923.458984375, 192233.625, 1016043.375, 950219.375, 950403.375, 366705.03125, 58515.27734375, 410836.65625]]

Step 208:
  Date/Day: 209
  Action: [[1.0, 1.0, 1.0, 1.0, 1.0, 1.0, 1.0, 1.0, 1.0, 1.0, 1.0, 1.0, 1.0, -1.0, 1.0, 1.0, 1.0, -1.0, 1.0, -1.0, 1.0, -1.0, -1.0, 1.0, 1.0, -1.0, -1.0, 1.0, 1.0]]
  Reward: -0.7855607271194458
  Account Value: None
  Done: False
  Policy Mean: [[76.9088363647461, 3.673914909362793, 64.45564270019531, 53.14973831176758, 117.6268081665039, 102.4747085571289, 75.93749237060547, 155.62783813476562, 27.252643585205078, 85.84884643554688, 90.0422134399414, 52.167694091796875, 34.91583251953125, -11.67236328125, 113.4697494506836, 35.38766098022461, 28.310312271118164, -4.356412410736084, 112.64815521240234, -4.073514461517334, 12.15839672088623, -36.449710845947266, -13.312460899353027, 140.39576721191406, 100.17021179199219, -2.2725119590759277, -80.66117095947266, 63.94870376586914, 115.15355682373047]]
  Policy Std: [[43844.8984375, 515550.875, 121949.6796875, 89716.4453125, 35223.109375, 363774.28125, 88782.4921875, 28417.400390625, 544453.4375, 67847.6484375, 159043.265625, 78901.9296875, 364476.09375, 270021.5625, 215201.53125, 154119.296875, 45780.5703125, 563088.9375, 189447.625, 121240.2265625, 428509.0625, 22923.458984375, 192233.625, 1016043.375, 950219.375, 950403.375, 366705.03125, 58515.27734375, 410836.65625]]

Step 209:
  Date/Day: 210
  Action: [[1.0, 1.0, 1.0, 1.0, 1.0, 1.0, 1.0, 1.0, 1.0, 1.0, 1.0, 1.0, 1.0, -1.0, 1.0, 1.0, 1.0, -1.0, 1.0, -1.0, 1.0, -1.0, -1.0, 1.0, 1.0, -1.0, -1.0, 1.0, 1.0]]
  Reward: 1.0881162881851196
  Account Value: None
  Done: False
  Policy Mean: [[76.90914916992188, 3.6967225074768066, 64.4673843383789, 53.18506622314453, 117.64518737792969, 102.49601745605469, 75.94776916503906, 155.646484375, 27.24275016784668, 85.87191772460938, 90.06715393066406, 52.17296600341797, 34.92275619506836, -11.676591873168945, 113.47636413574219, 35.38975143432617, 28.335487365722656, -4.349004745483398, 112.6622543334961, -4.063650131225586, 12.159600257873535, -36.435733795166016, -13.303214073181152, 140.3895721435547, 100.15574645996094, -2.272819757461548, -80.64704132080078, 63.95220184326172, 115.15695190429688]]
  Policy Std: [[43844.8984375, 515550.875, 121949.6796875, 89716.4453125, 35223.109375, 363774.28125, 88782.4921875, 28417.400390625, 544453.4375, 67847.6484375, 159043.265625, 78901.9296875, 364476.09375, 270021.5625, 215201.53125, 154119.296875, 45780.5703125, 563088.9375, 189447.625, 121240.2265625, 428509.0625, 22923.458984375, 192233.625, 1016043.375, 950219.375, 950403.375, 366705.03125, 58515.27734375, 410836.65625]]

Step 210:
  Date/Day: 211
  Action: [[1.0, 1.0, 1.0, 1.0, 1.0, 1.0, 1.0, 1.0, 1.0, 1.0, 1.0, 1.0, 1.0, -1.0, 1.0, 1.0, 1.0, -1.0, 1.0, -1.0, 1.0, -1.0, -1.0, 1.0, 1.0, -1.0, -1.0, 1.0, 1.0]]
  Reward: 0.16489441692829132
  Account Value: None
  Done: False
  Policy Mean: [[76.9088363647461, 3.673914909362793, 64.45564270019531, 53.14973831176758, 117.6268081665039, 102.4747085571289, 75.93749237060547, 155.62783813476562, 27.252643585205078, 85.84884643554688, 90.0422134399414, 52.167694091796875, 34.91583251953125, -11.67236328125, 113.4697494506836, 35.38766098022461, 28.310312271118164, -4.356412410736084, 112.64815521240234, -4.073514461517334, 12.15839672088623, -36.449710845947266, -13.312460899353027, 140.39576721191406, 100.17021179199219, -2.2725119590759277, -80.66117095947266, 63.94870376586914, 115.15355682373047]]
  Policy Std: [[43844.8984375, 515550.875, 121949.6796875, 89716.4453125, 35223.109375, 363774.28125, 88782.4921875, 28417.400390625, 544453.4375, 67847.6484375, 159043.265625, 78901.9296875, 364476.09375, 270021.5625, 215201.53125, 154119.296875, 45780.5703125, 563088.9375, 189447.625, 121240.2265625, 428509.0625, 22923.458984375, 192233.625, 1016043.375, 950219.375, 950403.375, 366705.03125, 58515.27734375, 410836.65625]]

Step 211:
  Date/Day: 212
  Action: [[1.0, 1.0, 1.0, 1.0, 1.0, 1.0, 1.0, 1.0, 1.0, 1.0, 1.0, 1.0, 1.0, -1.0, 1.0, 1.0, 1.0, -1.0, 1.0, -1.0, 1.0, -1.0, -1.0, 1.0, 1.0, -1.0, -1.0, 1.0, 1.0]]
  Reward: 0.3895283043384552
  Account Value: None
  Done: False
  Policy Mean: [[76.9088363647461, 3.673914909362793, 64.45564270019531, 53.14973831176758, 117.6268081665039, 102.4747085571289, 75.93749237060547, 155.62783813476562, 27.252643585205078, 85.84884643554688, 90.0422134399414, 52.167694091796875, 34.91583251953125, -11.67236328125, 113.4697494506836, 35.38766098022461, 28.310312271118164, -4.356412410736084, 112.64815521240234, -4.073514461517334, 12.15839672088623, -36.449710845947266, -13.312460899353027, 140.39576721191406, 100.17021179199219, -2.2725119590759277, -80.66117095947266, 63.94870376586914, 115.15355682373047]]
  Policy Std: [[43844.8984375, 515550.875, 121949.6796875, 89716.4453125, 35223.109375, 363774.28125, 88782.4921875, 28417.400390625, 544453.4375, 67847.6484375, 159043.265625, 78901.9296875, 364476.09375, 270021.5625, 215201.53125, 154119.296875, 45780.5703125, 563088.9375, 189447.625, 121240.2265625, 428509.0625, 22923.458984375, 192233.625, 1016043.375, 950219.375, 950403.375, 366705.03125, 58515.27734375, 410836.65625]]

Step 212:
  Date/Day: 213
  Action: [[1.0, 1.0, 1.0, 1.0, 1.0, 1.0, 1.0, 1.0, 1.0, 1.0, 1.0, 1.0, 1.0, -1.0, 1.0, 1.0, 1.0, -1.0, 1.0, -1.0, 1.0, -1.0, -1.0, 1.0, 1.0, -1.0, -1.0, 1.0, 1.0]]
  Reward: 1.334590196609497
  Account Value: None
  Done: False
  Policy Mean: [[76.9088363647461, 3.673914909362793, 64.45564270019531, 53.14973831176758, 117.6268081665039, 102.4747085571289, 75.93749237060547, 155.62783813476562, 27.252643585205078, 85.84884643554688, 90.0422134399414, 52.167694091796875, 34.91583251953125, -11.67236328125, 113.4697494506836, 35.38766098022461, 28.310312271118164, -4.356412410736084, 112.64815521240234, -4.073514461517334, 12.15839672088623, -36.449710845947266, -13.312460899353027, 140.39576721191406, 100.17021179199219, -2.2725119590759277, -80.66117095947266, 63.94870376586914, 115.15355682373047]]
  Policy Std: [[43844.8984375, 515550.875, 121949.6796875, 89716.4453125, 35223.109375, 363774.28125, 88782.4921875, 28417.400390625, 544453.4375, 67847.6484375, 159043.265625, 78901.9296875, 364476.09375, 270021.5625, 215201.53125, 154119.296875, 45780.5703125, 563088.9375, 189447.625, 121240.2265625, 428509.0625, 22923.458984375, 192233.625, 1016043.375, 950219.375, 950403.375, 366705.03125, 58515.27734375, 410836.65625]]

Step 213:
  Date/Day: 214
  Action: [[1.0, 1.0, 1.0, 1.0, 1.0, 1.0, 1.0, 1.0, 1.0, 1.0, 1.0, 1.0, 1.0, -1.0, 1.0, 1.0, 1.0, -1.0, 1.0, -1.0, 1.0, -1.0, -1.0, 1.0, 1.0, -1.0, -1.0, 1.0, 1.0]]
  Reward: 0.9724068641662598
  Account Value: None
  Done: False
  Policy Mean: [[76.9088363647461, 3.673914909362793, 64.45564270019531, 53.14973831176758, 117.6268081665039, 102.4747085571289, 75.93749237060547, 155.62783813476562, 27.252643585205078, 85.84884643554688, 90.0422134399414, 52.167694091796875, 34.91583251953125, -11.67236328125, 113.4697494506836, 35.38766098022461, 28.310312271118164, -4.356412410736084, 112.64815521240234, -4.073514461517334, 12.15839672088623, -36.449710845947266, -13.312460899353027, 140.39576721191406, 100.17021179199219, -2.2725119590759277, -80.66117095947266, 63.94870376586914, 115.15355682373047]]
  Policy Std: [[43844.8984375, 515550.875, 121949.6796875, 89716.4453125, 35223.109375, 363774.28125, 88782.4921875, 28417.400390625, 544453.4375, 67847.6484375, 159043.265625, 78901.9296875, 364476.09375, 270021.5625, 215201.53125, 154119.296875, 45780.5703125, 563088.9375, 189447.625, 121240.2265625, 428509.0625, 22923.458984375, 192233.625, 1016043.375, 950219.375, 950403.375, 366705.03125, 58515.27734375, 410836.65625]]

Step 214:
  Date/Day: 215
  Action: [[1.0, 1.0, 1.0, 1.0, 1.0, 1.0, 1.0, 1.0, 1.0, 1.0, 1.0, 1.0, 1.0, -1.0, 1.0, 1.0, 1.0, -1.0, 1.0, -1.0, 1.0, -1.0, -1.0, 1.0, 1.0, -1.0, -1.0, 1.0, 1.0]]
  Reward: 0.006282057147473097
  Account Value: None
  Done: False
  Policy Mean: [[76.9088363647461, 3.673914909362793, 64.45564270019531, 53.14973831176758, 117.6268081665039, 102.4747085571289, 75.93749237060547, 155.62783813476562, 27.252643585205078, 85.84884643554688, 90.0422134399414, 52.167694091796875, 34.91583251953125, -11.67236328125, 113.4697494506836, 35.38766098022461, 28.310312271118164, -4.356412410736084, 112.64815521240234, -4.073514461517334, 12.15839672088623, -36.449710845947266, -13.312460899353027, 140.39576721191406, 100.17021179199219, -2.2725119590759277, -80.66117095947266, 63.94870376586914, 115.15355682373047]]
  Policy Std: [[43844.8984375, 515550.875, 121949.6796875, 89716.4453125, 35223.109375, 363774.28125, 88782.4921875, 28417.400390625, 544453.4375, 67847.6484375, 159043.265625, 78901.9296875, 364476.09375, 270021.5625, 215201.53125, 154119.296875, 45780.5703125, 563088.9375, 189447.625, 121240.2265625, 428509.0625, 22923.458984375, 192233.625, 1016043.375, 950219.375, 950403.375, 366705.03125, 58515.27734375, 410836.65625]]

Step 215:
  Date/Day: 216
  Action: [[1.0, 1.0, 1.0, 1.0, 1.0, 1.0, 1.0, 1.0, 1.0, 1.0, 1.0, 1.0, 1.0, -1.0, 1.0, 1.0, 1.0, -1.0, 1.0, -1.0, 1.0, -1.0, -1.0, 1.0, 1.0, -1.0, -1.0, 1.0, 1.0]]
  Reward: -2.158078908920288
  Account Value: None
  Done: False
  Policy Mean: [[76.9088363647461, 3.673914909362793, 64.45564270019531, 53.14973831176758, 117.6268081665039, 102.4747085571289, 75.93749237060547, 155.62783813476562, 27.252643585205078, 85.84884643554688, 90.0422134399414, 52.167694091796875, 34.91583251953125, -11.67236328125, 113.4697494506836, 35.38766098022461, 28.310312271118164, -4.356412410736084, 112.64815521240234, -4.073514461517334, 12.15839672088623, -36.449710845947266, -13.312460899353027, 140.39576721191406, 100.17021179199219, -2.2725119590759277, -80.66117095947266, 63.94870376586914, 115.15355682373047]]
  Policy Std: [[43844.8984375, 515550.875, 121949.6796875, 89716.4453125, 35223.109375, 363774.28125, 88782.4921875, 28417.400390625, 544453.4375, 67847.6484375, 159043.265625, 78901.9296875, 364476.09375, 270021.5625, 215201.53125, 154119.296875, 45780.5703125, 563088.9375, 189447.625, 121240.2265625, 428509.0625, 22923.458984375, 192233.625, 1016043.375, 950219.375, 950403.375, 366705.03125, 58515.27734375, 410836.65625]]

Step 216:
  Date/Day: 217
  Action: [[1.0, 1.0, 1.0, 1.0, 1.0, 1.0, 1.0, 1.0, 1.0, 1.0, 1.0, 1.0, 1.0, -1.0, 1.0, 1.0, 1.0, -1.0, 1.0, -1.0, 1.0, -1.0, -1.0, 1.0, 1.0, -1.0, -1.0, 1.0, 1.0]]
  Reward: -2.8249361515045166
  Account Value: None
  Done: False
  Policy Mean: [[76.9088363647461, 3.673914909362793, 64.45564270019531, 53.14973831176758, 117.6268081665039, 102.4747085571289, 75.93749237060547, 155.62783813476562, 27.252643585205078, 85.84884643554688, 90.0422134399414, 52.167694091796875, 34.91583251953125, -11.67236328125, 113.4697494506836, 35.38766098022461, 28.310312271118164, -4.356412410736084, 112.64815521240234, -4.073514461517334, 12.15839672088623, -36.449710845947266, -13.312460899353027, 140.39576721191406, 100.17021179199219, -2.2725119590759277, -80.66117095947266, 63.94870376586914, 115.15355682373047]]
  Policy Std: [[43844.8984375, 515550.875, 121949.6796875, 89716.4453125, 35223.109375, 363774.28125, 88782.4921875, 28417.400390625, 544453.4375, 67847.6484375, 159043.265625, 78901.9296875, 364476.09375, 270021.5625, 215201.53125, 154119.296875, 45780.5703125, 563088.9375, 189447.625, 121240.2265625, 428509.0625, 22923.458984375, 192233.625, 1016043.375, 950219.375, 950403.375, 366705.03125, 58515.27734375, 410836.65625]]

Step 217:
  Date/Day: 218
  Action: [[1.0, 1.0, 1.0, 1.0, 1.0, 1.0, 1.0, 1.0, 1.0, 1.0, 1.0, 1.0, 1.0, -1.0, 1.0, 1.0, 1.0, -1.0, 1.0, -1.0, 1.0, -1.0, -1.0, 1.0, 1.0, -1.0, -1.0, 1.0, 1.0]]
  Reward: 1.8973323106765747
  Account Value: None
  Done: False
  Policy Mean: [[76.90914916992188, 3.696723461151123, 64.4673843383789, 53.18507385253906, 117.64518737792969, 102.49601745605469, 75.94776916503906, 155.646484375, 27.242748260498047, 85.87191772460938, 90.06715393066406, 52.17296600341797, 34.92275619506836, -11.676592826843262, 113.47636413574219, 35.38975143432617, 28.33548927307129, -4.349004745483398, 112.6622543334961, -4.063649654388428, 12.159600257873535, -36.435733795166016, -13.303214073181152, 140.3895721435547, 100.15574645996094, -2.272819757461548, -80.64704132080078, 63.95220184326172, 115.15695190429688]]
  Policy Std: [[43844.8984375, 515550.875, 121949.6796875, 89716.4453125, 35223.109375, 363774.28125, 88782.4921875, 28417.400390625, 544453.4375, 67847.6484375, 159043.265625, 78901.9296875, 364476.09375, 270021.5625, 215201.53125, 154119.296875, 45780.5703125, 563088.9375, 189447.625, 121240.2265625, 428509.0625, 22923.458984375, 192233.625, 1016043.375, 950219.375, 950403.375, 366705.03125, 58515.27734375, 410836.65625]]

Step 218:
  Date/Day: 219
  Action: [[1.0, 1.0, 1.0, 1.0, 1.0, 1.0, 1.0, 1.0, 1.0, 1.0, 1.0, 1.0, 1.0, -1.0, 1.0, 1.0, 1.0, -1.0, 1.0, -1.0, 1.0, -1.0, -1.0, 1.0, 1.0, -1.0, -1.0, 1.0, 1.0]]
  Reward: 1.454271674156189
  Account Value: None
  Done: False
  Policy Mean: [[76.90914916992188, 3.696723461151123, 64.4673843383789, 53.18507385253906, 117.64518737792969, 102.49601745605469, 75.94776916503906, 155.646484375, 27.242748260498047, 85.87191772460938, 90.06715393066406, 52.17296600341797, 34.92275619506836, -11.676592826843262, 113.47636413574219, 35.38975143432617, 28.33548927307129, -4.349004745483398, 112.6622543334961, -4.063649654388428, 12.159600257873535, -36.435733795166016, -13.303214073181152, 140.3895721435547, 100.15574645996094, -2.272819757461548, -80.64704132080078, 63.95220184326172, 115.15695190429688]]
  Policy Std: [[43844.8984375, 515550.875, 121949.6796875, 89716.4453125, 35223.109375, 363774.28125, 88782.4921875, 28417.400390625, 544453.4375, 67847.6484375, 159043.265625, 78901.9296875, 364476.09375, 270021.5625, 215201.53125, 154119.296875, 45780.5703125, 563088.9375, 189447.625, 121240.2265625, 428509.0625, 22923.458984375, 192233.625, 1016043.375, 950219.375, 950403.375, 366705.03125, 58515.27734375, 410836.65625]]

Step 219:
  Date/Day: 220
  Action: [[1.0, 1.0, 1.0, 1.0, 1.0, 1.0, 1.0, 1.0, 1.0, 1.0, 1.0, 1.0, 1.0, -1.0, 1.0, 1.0, 1.0, -1.0, 1.0, -1.0, 1.0, -1.0, -1.0, 1.0, 1.0, -1.0, -1.0, 1.0, 1.0]]
  Reward: -0.3569174110889435
  Account Value: None
  Done: False
  Policy Mean: [[76.9088363647461, 3.673914909362793, 64.45564270019531, 53.14973831176758, 117.6268081665039, 102.4747085571289, 75.93749237060547, 155.62783813476562, 27.252643585205078, 85.84884643554688, 90.0422134399414, 52.167694091796875, 34.91583251953125, -11.67236328125, 113.4697494506836, 35.38766098022461, 28.310312271118164, -4.356412410736084, 112.64815521240234, -4.073514461517334, 12.15839672088623, -36.449710845947266, -13.312460899353027, 140.39576721191406, 100.17021179199219, -2.2725119590759277, -80.66117095947266, 63.94870376586914, 115.15355682373047]]
  Policy Std: [[43844.8984375, 515550.875, 121949.6796875, 89716.4453125, 35223.109375, 363774.28125, 88782.4921875, 28417.400390625, 544453.4375, 67847.6484375, 159043.265625, 78901.9296875, 364476.09375, 270021.5625, 215201.53125, 154119.296875, 45780.5703125, 563088.9375, 189447.625, 121240.2265625, 428509.0625, 22923.458984375, 192233.625, 1016043.375, 950219.375, 950403.375, 366705.03125, 58515.27734375, 410836.65625]]

Step 220:
  Date/Day: 221
  Action: [[1.0, 1.0, 1.0, 1.0, 1.0, 1.0, 1.0, 1.0, 1.0, 1.0, 1.0, 1.0, 1.0, -1.0, 1.0, 1.0, 1.0, -1.0, 1.0, -1.0, 1.0, -1.0, -1.0, 1.0, 1.0, -1.0, -1.0, 1.0, 1.0]]
  Reward: -1.0002155303955078
  Account Value: None
  Done: False
  Policy Mean: [[76.9088363647461, 3.673914909362793, 64.45564270019531, 53.14973831176758, 117.6268081665039, 102.4747085571289, 75.93749237060547, 155.62783813476562, 27.252643585205078, 85.84884643554688, 90.0422134399414, 52.167694091796875, 34.91583251953125, -11.67236328125, 113.4697494506836, 35.38766098022461, 28.310312271118164, -4.356412410736084, 112.64815521240234, -4.073514461517334, 12.15839672088623, -36.449710845947266, -13.312460899353027, 140.39576721191406, 100.17021179199219, -2.2725119590759277, -80.66117095947266, 63.94870376586914, 115.15355682373047]]
  Policy Std: [[43844.8984375, 515550.875, 121949.6796875, 89716.4453125, 35223.109375, 363774.28125, 88782.4921875, 28417.400390625, 544453.4375, 67847.6484375, 159043.265625, 78901.9296875, 364476.09375, 270021.5625, 215201.53125, 154119.296875, 45780.5703125, 563088.9375, 189447.625, 121240.2265625, 428509.0625, 22923.458984375, 192233.625, 1016043.375, 950219.375, 950403.375, 366705.03125, 58515.27734375, 410836.65625]]

Step 221:
  Date/Day: 222
  Action: [[1.0, 1.0, 1.0, 1.0, 1.0, 1.0, 1.0, 1.0, 1.0, 1.0, 1.0, 1.0, 1.0, -1.0, 1.0, 1.0, 1.0, -1.0, 1.0, -1.0, 1.0, -1.0, -1.0, 1.0, 1.0, -1.0, -1.0, 1.0, 1.0]]
  Reward: -0.5572713017463684
  Account Value: None
  Done: False
  Policy Mean: [[76.9088363647461, 3.673914909362793, 64.45564270019531, 53.14973831176758, 117.6268081665039, 102.4747085571289, 75.93749237060547, 155.62783813476562, 27.252643585205078, 85.84884643554688, 90.0422134399414, 52.167694091796875, 34.91583251953125, -11.67236328125, 113.4697494506836, 35.38766098022461, 28.310312271118164, -4.356412410736084, 112.64815521240234, -4.073514461517334, 12.15839672088623, -36.449710845947266, -13.312460899353027, 140.39576721191406, 100.17021179199219, -2.2725119590759277, -80.66117095947266, 63.94870376586914, 115.15355682373047]]
  Policy Std: [[43844.8984375, 515550.875, 121949.6796875, 89716.4453125, 35223.109375, 363774.28125, 88782.4921875, 28417.400390625, 544453.4375, 67847.6484375, 159043.265625, 78901.9296875, 364476.09375, 270021.5625, 215201.53125, 154119.296875, 45780.5703125, 563088.9375, 189447.625, 121240.2265625, 428509.0625, 22923.458984375, 192233.625, 1016043.375, 950219.375, 950403.375, 366705.03125, 58515.27734375, 410836.65625]]

Step 222:
  Date/Day: 223
  Action: [[1.0, 1.0, 1.0, 1.0, 1.0, 1.0, 1.0, 1.0, 1.0, 1.0, 1.0, 1.0, 1.0, -1.0, 1.0, 1.0, 1.0, -1.0, 1.0, -1.0, 1.0, -1.0, -1.0, 1.0, 1.0, -1.0, -1.0, 1.0, 1.0]]
  Reward: 0.7840774059295654
  Account Value: None
  Done: False
  Policy Mean: [[76.90914916992188, 3.696723461151123, 64.4673843383789, 53.18507385253906, 117.64518737792969, 102.49601745605469, 75.94776916503906, 155.646484375, 27.242748260498047, 85.87191772460938, 90.06715393066406, 52.17296600341797, 34.92275619506836, -11.676592826843262, 113.47636413574219, 35.38975143432617, 28.33548927307129, -4.349004745483398, 112.6622543334961, -4.063649654388428, 12.159600257873535, -36.435733795166016, -13.303214073181152, 140.3895721435547, 100.15574645996094, -2.272819757461548, -80.64704132080078, 63.95220184326172, 115.15695190429688]]
  Policy Std: [[43844.8984375, 515550.875, 121949.6796875, 89716.4453125, 35223.109375, 363774.28125, 88782.4921875, 28417.400390625, 544453.4375, 67847.6484375, 159043.265625, 78901.9296875, 364476.09375, 270021.5625, 215201.53125, 154119.296875, 45780.5703125, 563088.9375, 189447.625, 121240.2265625, 428509.0625, 22923.458984375, 192233.625, 1016043.375, 950219.375, 950403.375, 366705.03125, 58515.27734375, 410836.65625]]

Step 223:
  Date/Day: 224
  Action: [[1.0, 1.0, 1.0, 1.0, 1.0, 1.0, 1.0, 1.0, 1.0, 1.0, 1.0, 1.0, 1.0, -1.0, 1.0, 1.0, 1.0, -1.0, 1.0, -1.0, 1.0, -1.0, -1.0, 1.0, 1.0, -1.0, -1.0, 1.0, 1.0]]
  Reward: 0.5888420939445496
  Account Value: None
  Done: False
  Policy Mean: [[76.90906524658203, 3.6942644119262695, 64.4660873413086, 53.181331634521484, 117.6431884765625, 102.4936294555664, 75.94664001464844, 155.64439392089844, 27.24380111694336, 85.86947631835938, 90.06444549560547, 52.172454833984375, 34.9219970703125, -11.676102638244629, 113.47562408447266, 35.38954544067383, 28.332752227783203, -4.349733829498291, 112.66072845458984, -4.064659595489502, 12.159489631652832, -36.437156677246094, -13.304180145263672, 140.39015197753906, 100.15727233886719, -2.2727580070495605, -80.64849090576172, 63.95181655883789, 115.1565170288086]]
  Policy Std: [[43844.8984375, 515550.875, 121949.6796875, 89716.4453125, 35223.109375, 363774.28125, 88782.4921875, 28417.400390625, 544453.4375, 67847.6484375, 159043.265625, 78901.9296875, 364476.09375, 270021.5625, 215201.53125, 154119.296875, 45780.5703125, 563088.9375, 189447.625, 121240.2265625, 428509.0625, 22923.458984375, 192233.625, 1016043.375, 950219.375, 950403.375, 366705.03125, 58515.27734375, 410836.65625]]

Step 224:
  Date/Day: 225
  Action: [[1.0, 1.0, 1.0, 1.0, 1.0, 1.0, 1.0, 1.0, 1.0, 1.0, 1.0, 1.0, 1.0, -1.0, 1.0, 1.0, 1.0, -1.0, 1.0, -1.0, 1.0, -1.0, -1.0, 1.0, 1.0, -1.0, -1.0, 1.0, 1.0]]
  Reward: 0.7354813814163208
  Account Value: None
  Done: False
  Policy Mean: [[76.9088363647461, 3.673914909362793, 64.45564270019531, 53.14973831176758, 117.6268081665039, 102.4747085571289, 75.93749237060547, 155.62783813476562, 27.252643585205078, 85.84884643554688, 90.0422134399414, 52.167694091796875, 34.91583251953125, -11.67236328125, 113.4697494506836, 35.38766098022461, 28.310312271118164, -4.356412410736084, 112.64815521240234, -4.073514461517334, 12.15839672088623, -36.449710845947266, -13.312460899353027, 140.39576721191406, 100.17021179199219, -2.2725119590759277, -80.66117095947266, 63.94870376586914, 115.15355682373047]]
  Policy Std: [[43844.8984375, 515550.875, 121949.6796875, 89716.4453125, 35223.109375, 363774.28125, 88782.4921875, 28417.400390625, 544453.4375, 67847.6484375, 159043.265625, 78901.9296875, 364476.09375, 270021.5625, 215201.53125, 154119.296875, 45780.5703125, 563088.9375, 189447.625, 121240.2265625, 428509.0625, 22923.458984375, 192233.625, 1016043.375, 950219.375, 950403.375, 366705.03125, 58515.27734375, 410836.65625]]

Step 225:
  Date/Day: 226
  Action: [[1.0, 1.0, 1.0, 1.0, 1.0, 1.0, 1.0, 1.0, 1.0, 1.0, 1.0, 1.0, 1.0, -1.0, 1.0, 1.0, 1.0, -1.0, 1.0, -1.0, 1.0, -1.0, -1.0, 1.0, 1.0, -1.0, -1.0, 1.0, 1.0]]
  Reward: -0.276334285736084
  Account Value: None
  Done: False
  Policy Mean: [[76.9088363647461, 3.673914909362793, 64.45564270019531, 53.14973831176758, 117.6268081665039, 102.4747085571289, 75.93749237060547, 155.62783813476562, 27.252643585205078, 85.84884643554688, 90.0422134399414, 52.167694091796875, 34.91583251953125, -11.67236328125, 113.4697494506836, 35.38766098022461, 28.310312271118164, -4.356412410736084, 112.64815521240234, -4.073514461517334, 12.15839672088623, -36.449710845947266, -13.312460899353027, 140.39576721191406, 100.17021179199219, -2.2725119590759277, -80.66117095947266, 63.94870376586914, 115.15355682373047]]
  Policy Std: [[43844.8984375, 515550.875, 121949.6796875, 89716.4453125, 35223.109375, 363774.28125, 88782.4921875, 28417.400390625, 544453.4375, 67847.6484375, 159043.265625, 78901.9296875, 364476.09375, 270021.5625, 215201.53125, 154119.296875, 45780.5703125, 563088.9375, 189447.625, 121240.2265625, 428509.0625, 22923.458984375, 192233.625, 1016043.375, 950219.375, 950403.375, 366705.03125, 58515.27734375, 410836.65625]]

Step 226:
  Date/Day: 227
  Action: [[1.0, 1.0, 1.0, 1.0, 1.0, 1.0, 1.0, 1.0, 1.0, 1.0, 1.0, 1.0, 1.0, -1.0, 1.0, 1.0, 1.0, -1.0, 1.0, -1.0, 1.0, -1.0, -1.0, 1.0, 1.0, -1.0, -1.0, 1.0, 1.0]]
  Reward: 0.020250998437404633
  Account Value: None
  Done: False
  Policy Mean: [[76.9088363647461, 3.673914909362793, 64.45564270019531, 53.14973831176758, 117.6268081665039, 102.4747085571289, 75.93749237060547, 155.62783813476562, 27.252643585205078, 85.84884643554688, 90.0422134399414, 52.167694091796875, 34.91583251953125, -11.67236328125, 113.4697494506836, 35.38766098022461, 28.310312271118164, -4.356412410736084, 112.64815521240234, -4.073514461517334, 12.15839672088623, -36.449710845947266, -13.312460899353027, 140.39576721191406, 100.17021179199219, -2.2725119590759277, -80.66117095947266, 63.94870376586914, 115.15355682373047]]
  Policy Std: [[43844.8984375, 515550.875, 121949.6796875, 89716.4453125, 35223.109375, 363774.28125, 88782.4921875, 28417.400390625, 544453.4375, 67847.6484375, 159043.265625, 78901.9296875, 364476.09375, 270021.5625, 215201.53125, 154119.296875, 45780.5703125, 563088.9375, 189447.625, 121240.2265625, 428509.0625, 22923.458984375, 192233.625, 1016043.375, 950219.375, 950403.375, 366705.03125, 58515.27734375, 410836.65625]]

Step 227:
  Date/Day: 228
  Action: [[1.0, 1.0, 1.0, 1.0, 1.0, 1.0, 1.0, 1.0, 1.0, 1.0, 1.0, 1.0, 1.0, -1.0, 1.0, 1.0, 1.0, -1.0, 1.0, -1.0, 1.0, -1.0, -1.0, 1.0, 1.0, -1.0, -1.0, 1.0, 1.0]]
  Reward: 0.7317639589309692
  Account Value: None
  Done: False
  Policy Mean: [[76.9088363647461, 3.673914909362793, 64.45564270019531, 53.14973831176758, 117.6268081665039, 102.4747085571289, 75.93749237060547, 155.62783813476562, 27.252643585205078, 85.84884643554688, 90.0422134399414, 52.167694091796875, 34.91583251953125, -11.67236328125, 113.4697494506836, 35.38766098022461, 28.310312271118164, -4.356412410736084, 112.64815521240234, -4.073514461517334, 12.15839672088623, -36.449710845947266, -13.312460899353027, 140.39576721191406, 100.17021179199219, -2.2725119590759277, -80.66117095947266, 63.94870376586914, 115.15355682373047]]
  Policy Std: [[43844.8984375, 515550.875, 121949.6796875, 89716.4453125, 35223.109375, 363774.28125, 88782.4921875, 28417.400390625, 544453.4375, 67847.6484375, 159043.265625, 78901.9296875, 364476.09375, 270021.5625, 215201.53125, 154119.296875, 45780.5703125, 563088.9375, 189447.625, 121240.2265625, 428509.0625, 22923.458984375, 192233.625, 1016043.375, 950219.375, 950403.375, 366705.03125, 58515.27734375, 410836.65625]]

Step 228:
  Date/Day: 229
  Action: [[1.0, 1.0, 1.0, 1.0, 1.0, 1.0, 1.0, 1.0, 1.0, 1.0, 1.0, 1.0, 1.0, -1.0, 1.0, 1.0, 1.0, -1.0, 1.0, -1.0, 1.0, -1.0, -1.0, 1.0, 1.0, -1.0, -1.0, 1.0, 1.0]]
  Reward: 0.366939902305603
  Account Value: None
  Done: False
  Policy Mean: [[76.9088363647461, 3.673914909362793, 64.45564270019531, 53.14973831176758, 117.6268081665039, 102.4747085571289, 75.93749237060547, 155.62783813476562, 27.252643585205078, 85.84884643554688, 90.0422134399414, 52.167694091796875, 34.91583251953125, -11.67236328125, 113.4697494506836, 35.38766098022461, 28.310312271118164, -4.356412410736084, 112.64815521240234, -4.073514461517334, 12.15839672088623, -36.449710845947266, -13.312460899353027, 140.39576721191406, 100.17021179199219, -2.2725119590759277, -80.66117095947266, 63.94870376586914, 115.15355682373047]]
  Policy Std: [[43844.8984375, 515550.875, 121949.6796875, 89716.4453125, 35223.109375, 363774.28125, 88782.4921875, 28417.400390625, 544453.4375, 67847.6484375, 159043.265625, 78901.9296875, 364476.09375, 270021.5625, 215201.53125, 154119.296875, 45780.5703125, 563088.9375, 189447.625, 121240.2265625, 428509.0625, 22923.458984375, 192233.625, 1016043.375, 950219.375, 950403.375, 366705.03125, 58515.27734375, 410836.65625]]

Step 229:
  Date/Day: 230
  Action: [[1.0, 1.0, 1.0, 1.0, 1.0, 1.0, 1.0, 1.0, 1.0, 1.0, 1.0, 1.0, 1.0, -1.0, 1.0, 1.0, 1.0, -1.0, 1.0, -1.0, 1.0, -1.0, -1.0, 1.0, 1.0, -1.0, -1.0, 1.0, 1.0]]
  Reward: 0.2523951828479767
  Account Value: None
  Done: False
  Policy Mean: [[76.9088363647461, 3.673914909362793, 64.45564270019531, 53.14973831176758, 117.6268081665039, 102.4747085571289, 75.93749237060547, 155.62783813476562, 27.252643585205078, 85.84884643554688, 90.0422134399414, 52.167694091796875, 34.91583251953125, -11.67236328125, 113.4697494506836, 35.38766098022461, 28.310312271118164, -4.356412410736084, 112.64815521240234, -4.073514461517334, 12.15839672088623, -36.449710845947266, -13.312460899353027, 140.39576721191406, 100.17021179199219, -2.2725119590759277, -80.66117095947266, 63.94870376586914, 115.15355682373047]]
  Policy Std: [[43844.8984375, 515550.875, 121949.6796875, 89716.4453125, 35223.109375, 363774.28125, 88782.4921875, 28417.400390625, 544453.4375, 67847.6484375, 159043.265625, 78901.9296875, 364476.09375, 270021.5625, 215201.53125, 154119.296875, 45780.5703125, 563088.9375, 189447.625, 121240.2265625, 428509.0625, 22923.458984375, 192233.625, 1016043.375, 950219.375, 950403.375, 366705.03125, 58515.27734375, 410836.65625]]

Step 230:
  Date/Day: 231
  Action: [[1.0, 1.0, 1.0, 1.0, 1.0, 1.0, 1.0, 1.0, 1.0, 1.0, 1.0, 1.0, 1.0, -1.0, 1.0, 1.0, 1.0, -1.0, 1.0, -1.0, 1.0, -1.0, -1.0, 1.0, 1.0, -1.0, -1.0, 1.0, 1.0]]
  Reward: 0.020611796528100967
  Account Value: None
  Done: False
  Policy Mean: [[76.9088363647461, 3.673915147781372, 64.45564270019531, 53.14973831176758, 117.6268081665039, 102.4747085571289, 75.93749237060547, 155.62783813476562, 27.252643585205078, 85.84884643554688, 90.0422134399414, 52.167694091796875, 34.91583251953125, -11.67236328125, 113.4697494506836, 35.38766098022461, 28.310312271118164, -4.356412410736084, 112.64815521240234, -4.073514461517334, 12.15839672088623, -36.449710845947266, -13.312460899353027, 140.39576721191406, 100.17021179199219, -2.2725119590759277, -80.66117095947266, 63.94870376586914, 115.15355682373047]]
  Policy Std: [[43844.8984375, 515550.875, 121949.6796875, 89716.4453125, 35223.109375, 363774.28125, 88782.4921875, 28417.400390625, 544453.4375, 67847.6484375, 159043.265625, 78901.9296875, 364476.09375, 270021.5625, 215201.53125, 154119.296875, 45780.5703125, 563088.9375, 189447.625, 121240.2265625, 428509.0625, 22923.458984375, 192233.625, 1016043.375, 950219.375, 950403.375, 366705.03125, 58515.27734375, 410836.65625]]

Step 231:
  Date/Day: 232
  Action: [[1.0, 1.0, 1.0, 1.0, 1.0, 1.0, 1.0, 1.0, 1.0, 1.0, 1.0, 1.0, 1.0, -1.0, 1.0, 1.0, 1.0, -1.0, 1.0, -1.0, 1.0, -1.0, -1.0, 1.0, 1.0, -1.0, -1.0, 1.0, 1.0]]
  Reward: -0.148990660905838
  Account Value: None
  Done: False
  Policy Mean: [[76.9088363647461, 3.673915147781372, 64.45564270019531, 53.14973831176758, 117.6268081665039, 102.4747085571289, 75.93749237060547, 155.62783813476562, 27.252643585205078, 85.84884643554688, 90.0422134399414, 52.167694091796875, 34.91583251953125, -11.67236328125, 113.4697494506836, 35.38766098022461, 28.310312271118164, -4.356412410736084, 112.64815521240234, -4.073514461517334, 12.15839672088623, -36.449710845947266, -13.312460899353027, 140.39576721191406, 100.17021179199219, -2.2725119590759277, -80.66117095947266, 63.94870376586914, 115.15355682373047]]
  Policy Std: [[43844.8984375, 515550.875, 121949.6796875, 89716.4453125, 35223.109375, 363774.28125, 88782.4921875, 28417.400390625, 544453.4375, 67847.6484375, 159043.265625, 78901.9296875, 364476.09375, 270021.5625, 215201.53125, 154119.296875, 45780.5703125, 563088.9375, 189447.625, 121240.2265625, 428509.0625, 22923.458984375, 192233.625, 1016043.375, 950219.375, 950403.375, 366705.03125, 58515.27734375, 410836.65625]]

Step 232:
  Date/Day: 233
  Action: [[1.0, 1.0, 1.0, 1.0, 1.0, 1.0, 1.0, 1.0, 1.0, 1.0, 1.0, 1.0, 1.0, -1.0, 1.0, 1.0, 1.0, -1.0, 1.0, -1.0, 1.0, -1.0, -1.0, 1.0, 1.0, -1.0, -1.0, 1.0, 1.0]]
  Reward: 0.7228596806526184
  Account Value: None
  Done: False
  Policy Mean: [[76.90889739990234, 3.6824302673339844, 64.4599838256836, 53.1629638671875, 117.6336441040039, 102.48258209228516, 75.94129943847656, 155.63473510742188, 27.248933792114258, 85.85748291015625, 90.0514907836914, 52.16971206665039, 34.91839599609375, -11.673906326293945, 113.47218322753906, 35.388458251953125, 28.319686889648438, -4.353588104248047, 112.65341186523438, -4.069788932800293, 12.158856391906738, -36.44442367553711, -13.308978080749512, 140.3933563232422, 100.16476440429688, -2.2725956439971924, -80.65581512451172, 63.94998550415039, 115.1547622680664]]
  Policy Std: [[43844.8984375, 515550.875, 121949.6796875, 89716.4453125, 35223.109375, 363774.28125, 88782.4921875, 28417.400390625, 544453.4375, 67847.6484375, 159043.265625, 78901.9296875, 364476.09375, 270021.5625, 215201.53125, 154119.296875, 45780.5703125, 563088.9375, 189447.625, 121240.2265625, 428509.0625, 22923.458984375, 192233.625, 1016043.375, 950219.375, 950403.375, 366705.03125, 58515.27734375, 410836.65625]]

Step 233:
  Date/Day: 234
  Action: [[1.0, 1.0, 1.0, 1.0, 1.0, 1.0, 1.0, 1.0, 1.0, 1.0, 1.0, 1.0, 1.0, -1.0, 1.0, 1.0, 1.0, -1.0, 1.0, -1.0, 1.0, -1.0, -1.0, 1.0, 1.0, -1.0, -1.0, 1.0, 1.0]]
  Reward: -0.5596907734870911
  Account Value: None
  Done: False
  Policy Mean: [[76.9088363647461, 3.673914909362793, 64.45564270019531, 53.14973831176758, 117.6268081665039, 102.4747085571289, 75.93749237060547, 155.62783813476562, 27.252643585205078, 85.84884643554688, 90.0422134399414, 52.167694091796875, 34.91583251953125, -11.67236328125, 113.4697494506836, 35.38766098022461, 28.310312271118164, -4.356412410736084, 112.64815521240234, -4.073514461517334, 12.15839672088623, -36.449710845947266, -13.312460899353027, 140.39576721191406, 100.17021179199219, -2.2725119590759277, -80.66117095947266, 63.94870376586914, 115.15355682373047]]
  Policy Std: [[43844.8984375, 515550.875, 121949.6796875, 89716.4453125, 35223.109375, 363774.28125, 88782.4921875, 28417.400390625, 544453.4375, 67847.6484375, 159043.265625, 78901.9296875, 364476.09375, 270021.5625, 215201.53125, 154119.296875, 45780.5703125, 563088.9375, 189447.625, 121240.2265625, 428509.0625, 22923.458984375, 192233.625, 1016043.375, 950219.375, 950403.375, 366705.03125, 58515.27734375, 410836.65625]]

Step 234:
  Date/Day: 235
  Action: [[1.0, 1.0, 1.0, 1.0, 1.0, 1.0, 1.0, 1.0, 1.0, 1.0, 1.0, 1.0, 1.0, -1.0, 1.0, 1.0, 1.0, -1.0, 1.0, -1.0, 1.0, -1.0, -1.0, 1.0, 1.0, -1.0, -1.0, 1.0, 1.0]]
  Reward: -0.1273653358221054
  Account Value: None
  Done: False
  Policy Mean: [[76.9088363647461, 3.673914909362793, 64.45564270019531, 53.14973831176758, 117.6268081665039, 102.4747085571289, 75.93749237060547, 155.62783813476562, 27.252643585205078, 85.84884643554688, 90.0422134399414, 52.167694091796875, 34.91583251953125, -11.67236328125, 113.4697494506836, 35.38766098022461, 28.310312271118164, -4.356412410736084, 112.64815521240234, -4.073514461517334, 12.15839672088623, -36.449710845947266, -13.312460899353027, 140.39576721191406, 100.17021179199219, -2.2725119590759277, -80.66117095947266, 63.94870376586914, 115.15355682373047]]
  Policy Std: [[43844.8984375, 515550.875, 121949.6796875, 89716.4453125, 35223.109375, 363774.28125, 88782.4921875, 28417.400390625, 544453.4375, 67847.6484375, 159043.265625, 78901.9296875, 364476.09375, 270021.5625, 215201.53125, 154119.296875, 45780.5703125, 563088.9375, 189447.625, 121240.2265625, 428509.0625, 22923.458984375, 192233.625, 1016043.375, 950219.375, 950403.375, 366705.03125, 58515.27734375, 410836.65625]]

Step 235:
  Date/Day: 236
  Action: [[1.0, 1.0, 1.0, 1.0, 1.0, 1.0, 1.0, 1.0, 1.0, 1.0, 1.0, 1.0, 1.0, -1.0, 1.0, 1.0, 1.0, -1.0, 1.0, -1.0, 1.0, -1.0, -1.0, 1.0, 1.0, -1.0, -1.0, 1.0, 1.0]]
  Reward: -0.6694545745849609
  Account Value: None
  Done: False
  Policy Mean: [[76.90906524658203, 3.6943249702453613, 64.46611785888672, 53.181427001953125, 117.64323425292969, 102.49369049072266, 75.94666290283203, 155.64443969726562, 27.243776321411133, 85.86954498291016, 90.06452178955078, 52.17247009277344, 34.92201232910156, -11.676115036010742, 113.47563934326172, 35.389549255371094, 28.33281898498535, -4.349714756011963, 112.6607666015625, -4.064634323120117, 12.159492492675781, -36.43711853027344, -13.304156303405762, 140.39012145996094, 100.15723419189453, -2.272759199142456, -80.64844512939453, 63.95182418823242, 115.15653228759766]]
  Policy Std: [[43844.8984375, 515550.875, 121949.6796875, 89716.4453125, 35223.109375, 363774.28125, 88782.4921875, 28417.400390625, 544453.4375, 67847.6484375, 159043.265625, 78901.9296875, 364476.09375, 270021.5625, 215201.53125, 154119.296875, 45780.5703125, 563088.9375, 189447.625, 121240.2265625, 428509.0625, 22923.458984375, 192233.625, 1016043.375, 950219.375, 950403.375, 366705.03125, 58515.27734375, 410836.65625]]

Step 236:
  Date/Day: 237
  Action: [[1.0, 1.0, 1.0, 1.0, 1.0, 1.0, 1.0, 1.0, 1.0, 1.0, 1.0, 1.0, 1.0, -1.0, 1.0, 1.0, 1.0, -1.0, 1.0, -1.0, 1.0, -1.0, -1.0, 1.0, 1.0, -1.0, -1.0, 1.0, 1.0]]
  Reward: -0.03907916322350502
  Account Value: None
  Done: False
  Policy Mean: [[76.9088363647461, 3.673915147781372, 64.45564270019531, 53.14973831176758, 117.6268081665039, 102.4747085571289, 75.93749237060547, 155.62783813476562, 27.252643585205078, 85.84884643554688, 90.0422134399414, 52.167694091796875, 34.91583251953125, -11.67236328125, 113.4697494506836, 35.38766098022461, 28.310312271118164, -4.356412410736084, 112.64815521240234, -4.073514461517334, 12.15839672088623, -36.449710845947266, -13.312460899353027, 140.39576721191406, 100.17021179199219, -2.2725119590759277, -80.66117095947266, 63.94870376586914, 115.15355682373047]]
  Policy Std: [[43844.8984375, 515550.875, 121949.6796875, 89716.4453125, 35223.109375, 363774.28125, 88782.4921875, 28417.400390625, 544453.4375, 67847.6484375, 159043.265625, 78901.9296875, 364476.09375, 270021.5625, 215201.53125, 154119.296875, 45780.5703125, 563088.9375, 189447.625, 121240.2265625, 428509.0625, 22923.458984375, 192233.625, 1016043.375, 950219.375, 950403.375, 366705.03125, 58515.27734375, 410836.65625]]

Step 237:
  Date/Day: 238
  Action: [[1.0, 1.0, 1.0, 1.0, 1.0, 1.0, 1.0, 1.0, 1.0, 1.0, 1.0, 1.0, 1.0, -1.0, 1.0, 1.0, 1.0, -1.0, 1.0, -1.0, 1.0, -1.0, -1.0, 1.0, 1.0, -1.0, -1.0, 1.0, 1.0]]
  Reward: -0.05775068700313568
  Account Value: None
  Done: False
  Policy Mean: [[76.9088363647461, 3.673914909362793, 64.45564270019531, 53.14973831176758, 117.6268081665039, 102.4747085571289, 75.93749237060547, 155.62783813476562, 27.252643585205078, 85.84884643554688, 90.0422134399414, 52.167694091796875, 34.91583251953125, -11.67236328125, 113.4697494506836, 35.38766098022461, 28.310312271118164, -4.356412410736084, 112.64815521240234, -4.073514461517334, 12.15839672088623, -36.449710845947266, -13.312460899353027, 140.39576721191406, 100.17021179199219, -2.2725119590759277, -80.66117095947266, 63.94870376586914, 115.15355682373047]]
  Policy Std: [[43844.8984375, 515550.875, 121949.6796875, 89716.4453125, 35223.109375, 363774.28125, 88782.4921875, 28417.400390625, 544453.4375, 67847.6484375, 159043.265625, 78901.9296875, 364476.09375, 270021.5625, 215201.53125, 154119.296875, 45780.5703125, 563088.9375, 189447.625, 121240.2265625, 428509.0625, 22923.458984375, 192233.625, 1016043.375, 950219.375, 950403.375, 366705.03125, 58515.27734375, 410836.65625]]

Step 238:
  Date/Day: 239
  Action: [[1.0, 1.0, 1.0, 1.0, 1.0, 1.0, 1.0, 1.0, 1.0, 1.0, 1.0, 1.0, 1.0, -1.0, 1.0, 1.0, 1.0, -1.0, 1.0, -1.0, 1.0, -1.0, -1.0, 1.0, 1.0, -1.0, -1.0, 1.0, 1.0]]
  Reward: -0.2765547037124634
  Account Value: None
  Done: False
  Policy Mean: [[76.9088363647461, 3.673914909362793, 64.45564270019531, 53.14973831176758, 117.6268081665039, 102.4747085571289, 75.93749237060547, 155.62783813476562, 27.252643585205078, 85.84884643554688, 90.0422134399414, 52.167694091796875, 34.91583251953125, -11.67236328125, 113.4697494506836, 35.38766098022461, 28.310312271118164, -4.356412410736084, 112.64815521240234, -4.073514461517334, 12.15839672088623, -36.449710845947266, -13.312460899353027, 140.39576721191406, 100.17021179199219, -2.2725119590759277, -80.66117095947266, 63.94870376586914, 115.15355682373047]]
  Policy Std: [[43844.8984375, 515550.875, 121949.6796875, 89716.4453125, 35223.109375, 363774.28125, 88782.4921875, 28417.400390625, 544453.4375, 67847.6484375, 159043.265625, 78901.9296875, 364476.09375, 270021.5625, 215201.53125, 154119.296875, 45780.5703125, 563088.9375, 189447.625, 121240.2265625, 428509.0625, 22923.458984375, 192233.625, 1016043.375, 950219.375, 950403.375, 366705.03125, 58515.27734375, 410836.65625]]

Step 239:
  Date/Day: 240
  Action: [[1.0, 1.0, 1.0, 1.0, 1.0, 1.0, 1.0, 1.0, 1.0, 1.0, 1.0, 1.0, 1.0, -1.0, 1.0, 1.0, 1.0, -1.0, 1.0, -1.0, 1.0, -1.0, -1.0, 1.0, 1.0, -1.0, -1.0, 1.0, 1.0]]
  Reward: -0.364463746547699
  Account Value: None
  Done: False
  Policy Mean: [[76.9088363647461, 3.673914909362793, 64.45564270019531, 53.14973831176758, 117.6268081665039, 102.4747085571289, 75.93749237060547, 155.62783813476562, 27.252643585205078, 85.84884643554688, 90.0422134399414, 52.167694091796875, 34.91583251953125, -11.67236328125, 113.4697494506836, 35.38766098022461, 28.310312271118164, -4.356412410736084, 112.64815521240234, -4.073514461517334, 12.15839672088623, -36.449710845947266, -13.312460899353027, 140.39576721191406, 100.17021179199219, -2.2725119590759277, -80.66117095947266, 63.94870376586914, 115.15355682373047]]
  Policy Std: [[43844.8984375, 515550.875, 121949.6796875, 89716.4453125, 35223.109375, 363774.28125, 88782.4921875, 28417.400390625, 544453.4375, 67847.6484375, 159043.265625, 78901.9296875, 364476.09375, 270021.5625, 215201.53125, 154119.296875, 45780.5703125, 563088.9375, 189447.625, 121240.2265625, 428509.0625, 22923.458984375, 192233.625, 1016043.375, 950219.375, 950403.375, 366705.03125, 58515.27734375, 410836.65625]]

Step 240:
  Date/Day: 241
  Action: [[1.0, 1.0, 1.0, 1.0, 1.0, 1.0, 1.0, 1.0, 1.0, 1.0, 1.0, 1.0, 1.0, -1.0, 1.0, 1.0, 1.0, -1.0, 1.0, -1.0, 1.0, -1.0, -1.0, 1.0, 1.0, -1.0, -1.0, 1.0, 1.0]]
  Reward: -1.0935927629470825
  Account Value: None
  Done: False
  Policy Mean: [[76.9088363647461, 3.673914909362793, 64.45564270019531, 53.14973831176758, 117.6268081665039, 102.4747085571289, 75.93749237060547, 155.62783813476562, 27.252643585205078, 85.84884643554688, 90.0422134399414, 52.167694091796875, 34.91583251953125, -11.67236328125, 113.4697494506836, 35.38766098022461, 28.310312271118164, -4.356412410736084, 112.64815521240234, -4.073514461517334, 12.15839672088623, -36.449710845947266, -13.312460899353027, 140.39576721191406, 100.17021179199219, -2.2725119590759277, -80.66117095947266, 63.94870376586914, 115.15355682373047]]
  Policy Std: [[43844.8984375, 515550.875, 121949.6796875, 89716.4453125, 35223.109375, 363774.28125, 88782.4921875, 28417.400390625, 544453.4375, 67847.6484375, 159043.265625, 78901.9296875, 364476.09375, 270021.5625, 215201.53125, 154119.296875, 45780.5703125, 563088.9375, 189447.625, 121240.2265625, 428509.0625, 22923.458984375, 192233.625, 1016043.375, 950219.375, 950403.375, 366705.03125, 58515.27734375, 410836.65625]]

Step 241:
  Date/Day: 242
  Action: [[1.0, 1.0, 1.0, 1.0, 1.0, 1.0, 1.0, 1.0, 1.0, 1.0, 1.0, 1.0, 1.0, -1.0, 1.0, 1.0, 1.0, -1.0, 1.0, -1.0, 1.0, -1.0, -1.0, 1.0, 1.0, -1.0, -1.0, 1.0, 1.0]]
  Reward: -0.8974769115447998
  Account Value: None
  Done: False
  Policy Mean: [[76.91020202636719, 3.6941497325897217, 64.46658325195312, 53.1785888671875, 117.64315032958984, 102.4955062866211, 75.9469985961914, 155.6457061767578, 27.244216918945312, 85.86751556396484, 90.06450653076172, 52.170921325683594, 34.92216873168945, -11.676822662353516, 113.47582244873047, 35.38924789428711, 28.33321762084961, -4.351676940917969, 112.66064453125, -4.066215515136719, 12.158844947814941, -36.439422607421875, -13.304896354675293, 140.3920440673828, 100.15814208984375, -2.2733449935913086, -80.65061950683594, 63.95173263549805, 115.15758514404297]]
  Policy Std: [[43844.8984375, 515550.875, 121949.6796875, 89716.4453125, 35223.109375, 363774.28125, 88782.4921875, 28417.400390625, 544453.4375, 67847.6484375, 159043.265625, 78901.9296875, 364476.09375, 270021.5625, 215201.53125, 154119.296875, 45780.5703125, 563088.9375, 189447.625, 121240.2265625, 428509.0625, 22923.458984375, 192233.625, 1016043.375, 950219.375, 950403.375, 366705.03125, 58515.27734375, 410836.65625]]

Step 242:
  Date/Day: 243
  Action: [[1.0, 1.0, 1.0, 1.0, 1.0, 1.0, 1.0, 1.0, 1.0, 1.0, 1.0, 1.0, 1.0, -1.0, 1.0, 1.0, 1.0, -1.0, 1.0, -1.0, 1.0, -1.0, -1.0, 1.0, 1.0, -1.0, -1.0, 1.0, 1.0]]
  Reward: -2.1391971111297607
  Account Value: None
  Done: False
  Policy Mean: [[76.91020202636719, 3.6941497325897217, 64.46658325195312, 53.1785888671875, 117.64315032958984, 102.4955062866211, 75.9469985961914, 155.6457061767578, 27.244216918945312, 85.86751556396484, 90.06450653076172, 52.170921325683594, 34.92216873168945, -11.676822662353516, 113.47582244873047, 35.38924789428711, 28.33321762084961, -4.351676940917969, 112.66064453125, -4.066215515136719, 12.158844947814941, -36.439422607421875, -13.304896354675293, 140.3920440673828, 100.15814208984375, -2.2733449935913086, -80.65061950683594, 63.95173263549805, 115.15758514404297]]
  Policy Std: [[43844.8984375, 515550.875, 121949.6796875, 89716.4453125, 35223.109375, 363774.28125, 88782.4921875, 28417.400390625, 544453.4375, 67847.6484375, 159043.265625, 78901.9296875, 364476.09375, 270021.5625, 215201.53125, 154119.296875, 45780.5703125, 563088.9375, 189447.625, 121240.2265625, 428509.0625, 22923.458984375, 192233.625, 1016043.375, 950219.375, 950403.375, 366705.03125, 58515.27734375, 410836.65625]]

Step 243:
  Date/Day: 244
  Action: [[1.0, 1.0, 1.0, 1.0, 1.0, 1.0, 1.0, 1.0, 1.0, 1.0, 1.0, 1.0, 1.0, -1.0, 1.0, 1.0, 1.0, -1.0, 1.0, -1.0, 1.0, -1.0, -1.0, 1.0, 1.0, -1.0, -1.0, 1.0, 1.0]]
  Reward: 2.4866740703582764
  Account Value: None
  Done: False
  Policy Mean: [[76.91020202636719, 3.6941497325897217, 64.46658325195312, 53.1785888671875, 117.64315032958984, 102.4955062866211, 75.9469985961914, 155.6457061767578, 27.244216918945312, 85.86751556396484, 90.06450653076172, 52.170921325683594, 34.92216873168945, -11.676822662353516, 113.47582244873047, 35.38924789428711, 28.33321762084961, -4.351676940917969, 112.66064453125, -4.066215515136719, 12.158844947814941, -36.439422607421875, -13.304896354675293, 140.3920440673828, 100.15814208984375, -2.2733449935913086, -80.65061950683594, 63.95173263549805, 115.15758514404297]]
  Policy Std: [[43844.8984375, 515550.875, 121949.6796875, 89716.4453125, 35223.109375, 363774.28125, 88782.4921875, 28417.400390625, 544453.4375, 67847.6484375, 159043.265625, 78901.9296875, 364476.09375, 270021.5625, 215201.53125, 154119.296875, 45780.5703125, 563088.9375, 189447.625, 121240.2265625, 428509.0625, 22923.458984375, 192233.625, 1016043.375, 950219.375, 950403.375, 366705.03125, 58515.27734375, 410836.65625]]

Step 244:
  Date/Day: 245
  Action: [[1.0, 1.0, 1.0, 1.0, 1.0, 1.0, 1.0, 1.0, 1.0, 1.0, 1.0, 1.0, 1.0, -1.0, 1.0, 1.0, 1.0, -1.0, 1.0, -1.0, 1.0, -1.0, -1.0, 1.0, 1.0, -1.0, -1.0, 1.0, 1.0]]
  Reward: 0.22784365713596344
  Account Value: None
  Done: False
  Policy Mean: [[76.91020202636719, 3.6941497325897217, 64.46658325195312, 53.1785888671875, 117.64315032958984, 102.4955062866211, 75.9469985961914, 155.6457061767578, 27.244216918945312, 85.86751556396484, 90.06450653076172, 52.170921325683594, 34.92216873168945, -11.676822662353516, 113.47582244873047, 35.38924789428711, 28.33321762084961, -4.351676940917969, 112.66064453125, -4.066215515136719, 12.158844947814941, -36.439422607421875, -13.304896354675293, 140.3920440673828, 100.15814208984375, -2.2733449935913086, -80.65061950683594, 63.95173263549805, 115.15758514404297]]
  Policy Std: [[43844.8984375, 515550.875, 121949.6796875, 89716.4453125, 35223.109375, 363774.28125, 88782.4921875, 28417.400390625, 544453.4375, 67847.6484375, 159043.265625, 78901.9296875, 364476.09375, 270021.5625, 215201.53125, 154119.296875, 45780.5703125, 563088.9375, 189447.625, 121240.2265625, 428509.0625, 22923.458984375, 192233.625, 1016043.375, 950219.375, 950403.375, 366705.03125, 58515.27734375, 410836.65625]]

Step 245:
  Date/Day: 246
  Action: [[1.0, 1.0, 1.0, 1.0, 1.0, 1.0, 1.0, 1.0, 1.0, 1.0, 1.0, 1.0, 1.0, -1.0, 1.0, 1.0, 1.0, -1.0, 1.0, -1.0, 1.0, -1.0, -1.0, 1.0, 1.0, -1.0, -1.0, 1.0, 1.0]]
  Reward: -0.2928636372089386
  Account Value: None
  Done: False
  Policy Mean: [[76.9091567993164, 3.6967222690582275, 64.4673843383789, 53.18506622314453, 117.64518737792969, 102.49601745605469, 75.94776916503906, 155.646484375, 27.24275016784668, 85.87191772460938, 90.06715393066406, 52.17296600341797, 34.92275619506836, -11.676591873168945, 113.47636413574219, 35.38975143432617, 28.335487365722656, -4.349005222320557, 112.6622543334961, -4.063650131225586, 12.159600257873535, -36.435733795166016, -13.303214073181152, 140.3895721435547, 100.15574645996094, -2.272819757461548, -80.64704895019531, 63.95220184326172, 115.15695190429688]]
  Policy Std: [[43844.8984375, 515550.875, 121949.6796875, 89716.4453125, 35223.109375, 363774.28125, 88782.4921875, 28417.400390625, 544453.4375, 67847.6484375, 159043.265625, 78901.9296875, 364476.09375, 270021.5625, 215201.53125, 154119.296875, 45780.5703125, 563088.9375, 189447.625, 121240.2265625, 428509.0625, 22923.458984375, 192233.625, 1016043.375, 950219.375, 950403.375, 366705.03125, 58515.27734375, 410836.65625]]

Step 246:
  Date/Day: 247
  Action: [[1.0, 1.0, 1.0, 1.0, 1.0, 1.0, 1.0, 1.0, 1.0, 1.0, 1.0, 1.0, 1.0, -1.0, 1.0, 1.0, 1.0, -1.0, 1.0, -1.0, 1.0, -1.0, -1.0, 1.0, 1.0, -1.0, -1.0, 1.0, 1.0]]
  Reward: 1.3998912572860718
  Account Value: None
  Done: False
  Policy Mean: [[76.90914916992188, 3.696723461151123, 64.4673843383789, 53.18507385253906, 117.64518737792969, 102.49601745605469, 75.94776916503906, 155.646484375, 27.242748260498047, 85.87191772460938, 90.06715393066406, 52.17296600341797, 34.92275619506836, -11.676592826843262, 113.47636413574219, 35.38975143432617, 28.33548927307129, -4.349004745483398, 112.6622543334961, -4.063649654388428, 12.159600257873535, -36.435733795166016, -13.303214073181152, 140.3895721435547, 100.15574645996094, -2.272819757461548, -80.64704132080078, 63.95220184326172, 115.15695190429688]]
  Policy Std: [[43844.8984375, 515550.875, 121949.6796875, 89716.4453125, 35223.109375, 363774.28125, 88782.4921875, 28417.400390625, 544453.4375, 67847.6484375, 159043.265625, 78901.9296875, 364476.09375, 270021.5625, 215201.53125, 154119.296875, 45780.5703125, 563088.9375, 189447.625, 121240.2265625, 428509.0625, 22923.458984375, 192233.625, 1016043.375, 950219.375, 950403.375, 366705.03125, 58515.27734375, 410836.65625]]

Step 247:
  Date/Day: 248
  Action: [[1.0, 1.0, 1.0, 1.0, 1.0, 1.0, 1.0, 1.0, 1.0, 1.0, 1.0, 1.0, 1.0, -1.0, 1.0, 1.0, 1.0, -1.0, 1.0, -1.0, 1.0, -1.0, -1.0, 1.0, 1.0, -1.0, -1.0, 1.0, 1.0]]
  Reward: 0.44965019822120667
  Account Value: None
  Done: False
  Policy Mean: [[76.9088363647461, 3.673914909362793, 64.45564270019531, 53.14973831176758, 117.6268081665039, 102.4747085571289, 75.93749237060547, 155.62783813476562, 27.252643585205078, 85.84884643554688, 90.0422134399414, 52.167694091796875, 34.91583251953125, -11.67236328125, 113.4697494506836, 35.38766098022461, 28.310312271118164, -4.356412410736084, 112.64815521240234, -4.073514461517334, 12.15839672088623, -36.449710845947266, -13.312460899353027, 140.39576721191406, 100.17021179199219, -2.2725119590759277, -80.66117095947266, 63.94870376586914, 115.15355682373047]]
  Policy Std: [[43844.8984375, 515550.875, 121949.6796875, 89716.4453125, 35223.109375, 363774.28125, 88782.4921875, 28417.400390625, 544453.4375, 67847.6484375, 159043.265625, 78901.9296875, 364476.09375, 270021.5625, 215201.53125, 154119.296875, 45780.5703125, 563088.9375, 189447.625, 121240.2265625, 428509.0625, 22923.458984375, 192233.625, 1016043.375, 950219.375, 950403.375, 366705.03125, 58515.27734375, 410836.65625]]

Step 248:
  Date/Day: 249
  Action: [[1.0, 1.0, 1.0, 1.0, 1.0, 1.0, 1.0, 1.0, 1.0, 1.0, 1.0, 1.0, 1.0, -1.0, 1.0, 1.0, 1.0, -1.0, 1.0, -1.0, 1.0, -1.0, -1.0, 1.0, 1.0, -1.0, -1.0, 1.0, 1.0]]
  Reward: -0.5097063183784485
  Account Value: None
  Done: False
  Policy Mean: [[76.9088363647461, 3.673914909362793, 64.45564270019531, 53.14973831176758, 117.6268081665039, 102.4747085571289, 75.93749237060547, 155.62783813476562, 27.252643585205078, 85.84884643554688, 90.0422134399414, 52.167694091796875, 34.91583251953125, -11.67236328125, 113.4697494506836, 35.38766098022461, 28.310312271118164, -4.356412410736084, 112.64815521240234, -4.073514461517334, 12.15839672088623, -36.449710845947266, -13.312460899353027, 140.39576721191406, 100.17021179199219, -2.2725119590759277, -80.66117095947266, 63.94870376586914, 115.15355682373047]]
  Policy Std: [[43844.8984375, 515550.875, 121949.6796875, 89716.4453125, 35223.109375, 363774.28125, 88782.4921875, 28417.400390625, 544453.4375, 67847.6484375, 159043.265625, 78901.9296875, 364476.09375, 270021.5625, 215201.53125, 154119.296875, 45780.5703125, 563088.9375, 189447.625, 121240.2265625, 428509.0625, 22923.458984375, 192233.625, 1016043.375, 950219.375, 950403.375, 366705.03125, 58515.27734375, 410836.65625]]

Step 249:
  Date/Day: 250
  Action: [[1.0, 1.0, 1.0, 1.0, 1.0, 1.0, 1.0, 1.0, 1.0, 1.0, 1.0, 1.0, 1.0, -1.0, 1.0, 1.0, 1.0, -1.0, 1.0, -1.0, 1.0, -1.0, -1.0, 1.0, 1.0, -1.0, -1.0, 1.0, 1.0]]
  Reward: -0.05818536877632141
  Account Value: None
  Done: False
  Policy Mean: [[76.9088363647461, 3.673914909362793, 64.45564270019531, 53.14973831176758, 117.6268081665039, 102.4747085571289, 75.93749237060547, 155.62783813476562, 27.252643585205078, 85.84884643554688, 90.0422134399414, 52.167694091796875, 34.91583251953125, -11.67236328125, 113.4697494506836, 35.38766098022461, 28.310312271118164, -4.356412410736084, 112.64815521240234, -4.073514461517334, 12.15839672088623, -36.449710845947266, -13.312460899353027, 140.39576721191406, 100.17021179199219, -2.2725119590759277, -80.66117095947266, 63.94870376586914, 115.15355682373047]]
  Policy Std: [[43844.8984375, 515550.875, 121949.6796875, 89716.4453125, 35223.109375, 363774.28125, 88782.4921875, 28417.400390625, 544453.4375, 67847.6484375, 159043.265625, 78901.9296875, 364476.09375, 270021.5625, 215201.53125, 154119.296875, 45780.5703125, 563088.9375, 189447.625, 121240.2265625, 428509.0625, 22923.458984375, 192233.625, 1016043.375, 950219.375, 950403.375, 366705.03125, 58515.27734375, 410836.65625]]

Step 250:
  Date/Day: 251
  Action: [[1.0, 1.0, 1.0, 1.0, 1.0, 1.0, 1.0, 1.0, 1.0, 1.0, 1.0, 1.0, 1.0, -1.0, 1.0, 1.0, 1.0, -1.0, 1.0, -1.0, 1.0, -1.0, -1.0, 1.0, 1.0, -1.0, -1.0, 1.0, 1.0]]
  Reward: 1.0764962434768677
  Account Value: None
  Done: False
  Policy Mean: [[76.90914916992188, 3.696722984313965, 64.4673843383789, 53.18506622314453, 117.64518737792969, 102.49601745605469, 75.94776916503906, 155.646484375, 27.242748260498047, 85.87191772460938, 90.06715393066406, 52.17296600341797, 34.92275619506836, -11.676591873168945, 113.47636413574219, 35.38975143432617, 28.335487365722656, -4.349004745483398, 112.6622543334961, -4.063649654388428, 12.159600257873535, -36.435733795166016, -13.303214073181152, 140.3895721435547, 100.15574645996094, -2.272819757461548, -80.64704132080078, 63.95220184326172, 115.15695190429688]]
  Policy Std: [[43844.8984375, 515550.875, 121949.6796875, 89716.4453125, 35223.109375, 363774.28125, 88782.4921875, 28417.400390625, 544453.4375, 67847.6484375, 159043.265625, 78901.9296875, 364476.09375, 270021.5625, 215201.53125, 154119.296875, 45780.5703125, 563088.9375, 189447.625, 121240.2265625, 428509.0625, 22923.458984375, 192233.625, 1016043.375, 950219.375, 950403.375, 366705.03125, 58515.27734375, 410836.65625]]

Step 251:
  Date/Day: 252
  Action: [[1.0, 1.0, 1.0, 1.0, 1.0, 1.0, 1.0, 1.0, 1.0, 1.0, 1.0, 1.0, 1.0, -1.0, 1.0, 1.0, 1.0, -1.0, 1.0, -1.0, 1.0, -1.0, -1.0, 1.0, 1.0, -1.0, -1.0, 1.0, 1.0]]
  Reward: 0.4268655776977539
  Account Value: None
  Done: False
  Policy Mean: [[76.90914916992188, 3.696722984313965, 64.4673843383789, 53.18506622314453, 117.64518737792969, 102.49601745605469, 75.94776916503906, 155.646484375, 27.242748260498047, 85.87191772460938, 90.06715393066406, 52.17296600341797, 34.92275619506836, -11.676591873168945, 113.47636413574219, 35.38975143432617, 28.335487365722656, -4.349004745483398, 112.6622543334961, -4.063649654388428, 12.159600257873535, -36.435733795166016, -13.303214073181152, 140.3895721435547, 100.15574645996094, -2.272819757461548, -80.64704132080078, 63.95220184326172, 115.15695190429688]]
  Policy Std: [[43844.8984375, 515550.875, 121949.6796875, 89716.4453125, 35223.109375, 363774.28125, 88782.4921875, 28417.400390625, 544453.4375, 67847.6484375, 159043.265625, 78901.9296875, 364476.09375, 270021.5625, 215201.53125, 154119.296875, 45780.5703125, 563088.9375, 189447.625, 121240.2265625, 428509.0625, 22923.458984375, 192233.625, 1016043.375, 950219.375, 950403.375, 366705.03125, 58515.27734375, 410836.65625]]

Step 252:
  Date/Day: 253
  Action: [[1.0, 1.0, 1.0, 1.0, 1.0, 1.0, 1.0, 1.0, 1.0, 1.0, 1.0, 1.0, 1.0, -1.0, 1.0, 1.0, 1.0, -1.0, 1.0, -1.0, 1.0, -1.0, -1.0, 1.0, 1.0, -1.0, -1.0, 1.0, 1.0]]
  Reward: 0.597690999507904
  Account Value: None
  Done: False
  Policy Mean: [[76.9088363647461, 3.673914909362793, 64.45564270019531, 53.14973831176758, 117.6268081665039, 102.4747085571289, 75.93749237060547, 155.62783813476562, 27.252643585205078, 85.84884643554688, 90.0422134399414, 52.167694091796875, 34.91583251953125, -11.67236328125, 113.4697494506836, 35.38766098022461, 28.310312271118164, -4.356412410736084, 112.64815521240234, -4.073514461517334, 12.15839672088623, -36.449710845947266, -13.312460899353027, 140.39576721191406, 100.17021179199219, -2.2725119590759277, -80.66117095947266, 63.94870376586914, 115.15355682373047]]
  Policy Std: [[43844.8984375, 515550.875, 121949.6796875, 89716.4453125, 35223.109375, 363774.28125, 88782.4921875, 28417.400390625, 544453.4375, 67847.6484375, 159043.265625, 78901.9296875, 364476.09375, 270021.5625, 215201.53125, 154119.296875, 45780.5703125, 563088.9375, 189447.625, 121240.2265625, 428509.0625, 22923.458984375, 192233.625, 1016043.375, 950219.375, 950403.375, 366705.03125, 58515.27734375, 410836.65625]]

Step 253:
  Date/Day: 254
  Action: [[1.0, 1.0, 1.0, 1.0, 1.0, 1.0, 1.0, 1.0, 1.0, 1.0, 1.0, 1.0, 1.0, -1.0, 1.0, 1.0, 1.0, -1.0, 1.0, -1.0, 1.0, -1.0, -1.0, 1.0, 1.0, -1.0, -1.0, 1.0, 1.0]]
  Reward: -0.8963819146156311
  Account Value: None
  Done: False
  Policy Mean: [[76.9088363647461, 3.673914909362793, 64.45564270019531, 53.14973831176758, 117.6268081665039, 102.4747085571289, 75.93749237060547, 155.62783813476562, 27.252643585205078, 85.84884643554688, 90.0422134399414, 52.167694091796875, 34.91583251953125, -11.67236328125, 113.4697494506836, 35.38766098022461, 28.310312271118164, -4.356412410736084, 112.64815521240234, -4.073514461517334, 12.15839672088623, -36.449710845947266, -13.312460899353027, 140.39576721191406, 100.17021179199219, -2.2725119590759277, -80.66117095947266, 63.94870376586914, 115.15355682373047]]
  Policy Std: [[43844.8984375, 515550.875, 121949.6796875, 89716.4453125, 35223.109375, 363774.28125, 88782.4921875, 28417.400390625, 544453.4375, 67847.6484375, 159043.265625, 78901.9296875, 364476.09375, 270021.5625, 215201.53125, 154119.296875, 45780.5703125, 563088.9375, 189447.625, 121240.2265625, 428509.0625, 22923.458984375, 192233.625, 1016043.375, 950219.375, 950403.375, 366705.03125, 58515.27734375, 410836.65625]]

Step 254:
  Date/Day: 255
  Action: [[1.0, 1.0, 1.0, 1.0, 1.0, 1.0, 1.0, 1.0, 1.0, 1.0, 1.0, 1.0, 1.0, -1.0, 1.0, 1.0, 1.0, -1.0, 1.0, -1.0, 1.0, -1.0, -1.0, 1.0, 1.0, -1.0, -1.0, 1.0, 1.0]]
  Reward: 0.4349548816680908
  Account Value: None
  Done: False
  Policy Mean: [[76.91016387939453, 3.6478936672210693, 64.44342041015625, 53.10844039916992, 117.6072998046875, 102.4529800415039, 75.9271240234375, 155.60934448242188, 27.26486587524414, 85.82235717773438, 90.01500701904297, 52.161380767822266, 34.908355712890625, -11.668030738830566, 113.4640884399414, 35.38535690307617, 28.282047271728516, -4.3661651611328125, 112.63375854492188, -4.085593223571777, 12.15674877166748, -36.46760559082031, -13.323662757873535, 140.40621948242188, 100.18896484375, -2.272672414779663, -80.67996978759766, 63.945552825927734, 115.15188598632812]]
  Policy Std: [[43844.8984375, 515550.875, 121949.6796875, 89716.4453125, 35223.109375, 363774.28125, 88782.4921875, 28417.400390625, 544453.4375, 67847.6484375, 159043.265625, 78901.9296875, 364476.09375, 270021.5625, 215201.53125, 154119.296875, 45780.5703125, 563088.9375, 189447.625, 121240.2265625, 428509.0625, 22923.458984375, 192233.625, 1016043.375, 950219.375, 950403.375, 366705.03125, 58515.27734375, 410836.65625]]

Step 255:
  Date/Day: 256
  Action: [[1.0, 1.0, 1.0, 1.0, 1.0, 1.0, 1.0, 1.0, 1.0, 1.0, 1.0, 1.0, 1.0, -1.0, 1.0, 1.0, 1.0, -1.0, 1.0, -1.0, 1.0, -1.0, -1.0, 1.0, 1.0, -1.0, -1.0, 1.0, 1.0]]
  Reward: -1.061763048171997
  Account Value: None
  Done: False
  Policy Mean: [[76.91016387939453, 3.6478936672210693, 64.44342041015625, 53.10844039916992, 117.6072998046875, 102.4529800415039, 75.9271240234375, 155.60934448242188, 27.26486587524414, 85.82235717773438, 90.01500701904297, 52.161380767822266, 34.908355712890625, -11.668030738830566, 113.4640884399414, 35.38535690307617, 28.282047271728516, -4.3661651611328125, 112.63375854492188, -4.085593223571777, 12.15674877166748, -36.46760559082031, -13.323662757873535, 140.40621948242188, 100.18896484375, -2.272672414779663, -80.67996978759766, 63.945552825927734, 115.15188598632812]]
  Policy Std: [[43844.8984375, 515550.875, 121949.6796875, 89716.4453125, 35223.109375, 363774.28125, 88782.4921875, 28417.400390625, 544453.4375, 67847.6484375, 159043.265625, 78901.9296875, 364476.09375, 270021.5625, 215201.53125, 154119.296875, 45780.5703125, 563088.9375, 189447.625, 121240.2265625, 428509.0625, 22923.458984375, 192233.625, 1016043.375, 950219.375, 950403.375, 366705.03125, 58515.27734375, 410836.65625]]

Step 256:
  Date/Day: 257
  Action: [[1.0, 1.0, 1.0, 1.0, 1.0, 1.0, 1.0, 1.0, 1.0, 1.0, 1.0, 1.0, 1.0, -1.0, 1.0, 1.0, 1.0, -1.0, 1.0, -1.0, 1.0, -1.0, -1.0, 1.0, 1.0, -1.0, -1.0, 1.0, 1.0]]
  Reward: 1.8913873434066772
  Account Value: None
  Done: False
  Policy Mean: [[76.91014862060547, 3.6497786045074463, 64.4443588256836, 53.11134719848633, 117.6087646484375, 102.45467376708984, 75.92794036865234, 155.6107940673828, 27.264019012451172, 85.82424926757812, 90.01702880859375, 52.16181182861328, 34.90891647338867, -11.668373107910156, 113.4645767211914, 35.38552474975586, 28.28412628173828, -4.36553430557251, 112.63487243652344, -4.084774494171143, 12.156843185424805, -36.46641540527344, -13.322882652282715, 140.4055938720703, 100.18769836425781, -2.2726829051971436, -80.6787338256836, 63.9458122253418, 115.15211486816406]]
  Policy Std: [[43844.8984375, 515550.875, 121949.6796875, 89716.4453125, 35223.109375, 363774.28125, 88782.4921875, 28417.400390625, 544453.4375, 67847.6484375, 159043.265625, 78901.9296875, 364476.09375, 270021.5625, 215201.53125, 154119.296875, 45780.5703125, 563088.9375, 189447.625, 121240.2265625, 428509.0625, 22923.458984375, 192233.625, 1016043.375, 950219.375, 950403.375, 366705.03125, 58515.27734375, 410836.65625]]

Step 257:
  Date/Day: 258
  Action: [[1.0, 1.0, 1.0, 1.0, 1.0, 1.0, 1.0, 1.0, 1.0, 1.0, 1.0, 1.0, 1.0, -1.0, 1.0, 1.0, 1.0, -1.0, 1.0, -1.0, 1.0, -1.0, -1.0, 1.0, 1.0, -1.0, -1.0, 1.0, 1.0]]
  Reward: 0.5671700835227966
  Account Value: None
  Done: False
  Policy Mean: [[76.9088363647461, 3.673914909362793, 64.45564270019531, 53.14973831176758, 117.6268081665039, 102.4747085571289, 75.93749237060547, 155.62783813476562, 27.252643585205078, 85.84884643554688, 90.0422134399414, 52.167694091796875, 34.91583251953125, -11.67236328125, 113.4697494506836, 35.38766098022461, 28.310312271118164, -4.356412410736084, 112.64815521240234, -4.073514461517334, 12.15839672088623, -36.449710845947266, -13.312460899353027, 140.39576721191406, 100.17021179199219, -2.2725119590759277, -80.66117095947266, 63.94870376586914, 115.15355682373047]]
  Policy Std: [[43844.8984375, 515550.875, 121949.6796875, 89716.4453125, 35223.109375, 363774.28125, 88782.4921875, 28417.400390625, 544453.4375, 67847.6484375, 159043.265625, 78901.9296875, 364476.09375, 270021.5625, 215201.53125, 154119.296875, 45780.5703125, 563088.9375, 189447.625, 121240.2265625, 428509.0625, 22923.458984375, 192233.625, 1016043.375, 950219.375, 950403.375, 366705.03125, 58515.27734375, 410836.65625]]

Step 258:
  Date/Day: 259
  Action: [[1.0, 1.0, 1.0, 1.0, 1.0, 1.0, 1.0, 1.0, 1.0, 1.0, 1.0, 1.0, 1.0, -1.0, 1.0, 1.0, 1.0, -1.0, 1.0, -1.0, 1.0, -1.0, -1.0, 1.0, 1.0, -1.0, -1.0, 1.0, 1.0]]
  Reward: -0.5711512565612793
  Account Value: None
  Done: False
  Policy Mean: [[76.9088363647461, 3.673914909362793, 64.45564270019531, 53.14973831176758, 117.6268081665039, 102.4747085571289, 75.93749237060547, 155.62783813476562, 27.252643585205078, 85.84884643554688, 90.0422134399414, 52.167694091796875, 34.91583251953125, -11.67236328125, 113.4697494506836, 35.38766098022461, 28.310312271118164, -4.356412410736084, 112.64815521240234, -4.073514461517334, 12.15839672088623, -36.449710845947266, -13.312460899353027, 140.39576721191406, 100.17021179199219, -2.2725119590759277, -80.66117095947266, 63.94870376586914, 115.15355682373047]]
  Policy Std: [[43844.8984375, 515550.875, 121949.6796875, 89716.4453125, 35223.109375, 363774.28125, 88782.4921875, 28417.400390625, 544453.4375, 67847.6484375, 159043.265625, 78901.9296875, 364476.09375, 270021.5625, 215201.53125, 154119.296875, 45780.5703125, 563088.9375, 189447.625, 121240.2265625, 428509.0625, 22923.458984375, 192233.625, 1016043.375, 950219.375, 950403.375, 366705.03125, 58515.27734375, 410836.65625]]

Step 259:
  Date/Day: 260
  Action: [[1.0, 1.0, 1.0, 1.0, 1.0, 1.0, 1.0, 1.0, 1.0, 1.0, 1.0, 1.0, 1.0, -1.0, 1.0, 1.0, 1.0, -1.0, 1.0, -1.0, 1.0, -1.0, -1.0, 1.0, 1.0, -1.0, -1.0, 1.0, 1.0]]
  Reward: 0.09921537339687347
  Account Value: None
  Done: False
  Policy Mean: [[76.9088363647461, 3.673914909362793, 64.45564270019531, 53.14973831176758, 117.6268081665039, 102.4747085571289, 75.93749237060547, 155.62783813476562, 27.252643585205078, 85.84884643554688, 90.0422134399414, 52.167694091796875, 34.91583251953125, -11.67236328125, 113.4697494506836, 35.38766098022461, 28.310312271118164, -4.356412410736084, 112.64815521240234, -4.073514461517334, 12.15839672088623, -36.449710845947266, -13.312460899353027, 140.39576721191406, 100.17021179199219, -2.2725119590759277, -80.66117095947266, 63.94870376586914, 115.15355682373047]]
  Policy Std: [[43844.8984375, 515550.875, 121949.6796875, 89716.4453125, 35223.109375, 363774.28125, 88782.4921875, 28417.400390625, 544453.4375, 67847.6484375, 159043.265625, 78901.9296875, 364476.09375, 270021.5625, 215201.53125, 154119.296875, 45780.5703125, 563088.9375, 189447.625, 121240.2265625, 428509.0625, 22923.458984375, 192233.625, 1016043.375, 950219.375, 950403.375, 366705.03125, 58515.27734375, 410836.65625]]

Step 260:
  Date/Day: 261
  Action: [[1.0, 1.0, 1.0, 1.0, 1.0, 1.0, 1.0, 1.0, 1.0, 1.0, 1.0, 1.0, 1.0, -1.0, 1.0, 1.0, 1.0, -1.0, 1.0, -1.0, 1.0, -1.0, -1.0, 1.0, 1.0, -1.0, -1.0, 1.0, 1.0]]
  Reward: 0.20596468448638916
  Account Value: None
  Done: False
  Policy Mean: [[76.9088363647461, 3.673914909362793, 64.45564270019531, 53.14973831176758, 117.6268081665039, 102.4747085571289, 75.93749237060547, 155.62783813476562, 27.252643585205078, 85.84884643554688, 90.0422134399414, 52.167694091796875, 34.91583251953125, -11.67236328125, 113.4697494506836, 35.38766098022461, 28.310312271118164, -4.356412410736084, 112.64815521240234, -4.073514461517334, 12.15839672088623, -36.449710845947266, -13.312460899353027, 140.39576721191406, 100.17021179199219, -2.2725119590759277, -80.66117095947266, 63.94870376586914, 115.15355682373047]]
  Policy Std: [[43844.8984375, 515550.875, 121949.6796875, 89716.4453125, 35223.109375, 363774.28125, 88782.4921875, 28417.400390625, 544453.4375, 67847.6484375, 159043.265625, 78901.9296875, 364476.09375, 270021.5625, 215201.53125, 154119.296875, 45780.5703125, 563088.9375, 189447.625, 121240.2265625, 428509.0625, 22923.458984375, 192233.625, 1016043.375, 950219.375, 950403.375, 366705.03125, 58515.27734375, 410836.65625]]

Step 261:
  Date/Day: 262
  Action: [[1.0, 1.0, 1.0, 1.0, 1.0, 1.0, 1.0, 1.0, 1.0, 1.0, 1.0, 1.0, 1.0, -1.0, 1.0, 1.0, 1.0, -1.0, 1.0, -1.0, 1.0, -1.0, -1.0, 1.0, 1.0, -1.0, -1.0, 1.0, 1.0]]
  Reward: -1.192617416381836
  Account Value: None
  Done: False
  Policy Mean: [[76.9088363647461, 3.673914909362793, 64.45564270019531, 53.14973831176758, 117.6268081665039, 102.4747085571289, 75.93749237060547, 155.62783813476562, 27.252643585205078, 85.84884643554688, 90.0422134399414, 52.167694091796875, 34.91583251953125, -11.67236328125, 113.4697494506836, 35.38766098022461, 28.310312271118164, -4.356412410736084, 112.64815521240234, -4.073514461517334, 12.15839672088623, -36.449710845947266, -13.312460899353027, 140.39576721191406, 100.17021179199219, -2.2725119590759277, -80.66117095947266, 63.94870376586914, 115.15355682373047]]
  Policy Std: [[43844.8984375, 515550.875, 121949.6796875, 89716.4453125, 35223.109375, 363774.28125, 88782.4921875, 28417.400390625, 544453.4375, 67847.6484375, 159043.265625, 78901.9296875, 364476.09375, 270021.5625, 215201.53125, 154119.296875, 45780.5703125, 563088.9375, 189447.625, 121240.2265625, 428509.0625, 22923.458984375, 192233.625, 1016043.375, 950219.375, 950403.375, 366705.03125, 58515.27734375, 410836.65625]]

Step 262:
  Date/Day: 263
  Action: [[1.0, 1.0, 1.0, 1.0, 1.0, 1.0, 1.0, 1.0, 1.0, 1.0, 1.0, 1.0, 1.0, -1.0, 1.0, 1.0, 1.0, -1.0, 1.0, -1.0, 1.0, -1.0, -1.0, 1.0, 1.0, -1.0, -1.0, 1.0, 1.0]]
  Reward: -2.8631985187530518
  Account Value: None
  Done: False
  Policy Mean: [[76.9088363647461, 3.673914909362793, 64.45564270019531, 53.14973831176758, 117.6268081665039, 102.4747085571289, 75.93749237060547, 155.62783813476562, 27.252643585205078, 85.84884643554688, 90.0422134399414, 52.167694091796875, 34.91583251953125, -11.67236328125, 113.4697494506836, 35.38766098022461, 28.310312271118164, -4.356412410736084, 112.64815521240234, -4.073514461517334, 12.15839672088623, -36.449710845947266, -13.312460899353027, 140.39576721191406, 100.17021179199219, -2.2725119590759277, -80.66117095947266, 63.94870376586914, 115.15355682373047]]
  Policy Std: [[43844.8984375, 515550.875, 121949.6796875, 89716.4453125, 35223.109375, 363774.28125, 88782.4921875, 28417.400390625, 544453.4375, 67847.6484375, 159043.265625, 78901.9296875, 364476.09375, 270021.5625, 215201.53125, 154119.296875, 45780.5703125, 563088.9375, 189447.625, 121240.2265625, 428509.0625, 22923.458984375, 192233.625, 1016043.375, 950219.375, 950403.375, 366705.03125, 58515.27734375, 410836.65625]]

Step 263:
  Date/Day: 264
  Action: [[1.0, 1.0, 1.0, 1.0, 1.0, 1.0, 1.0, 1.0, 1.0, 1.0, 1.0, 1.0, 1.0, -1.0, 1.0, 1.0, 1.0, -1.0, 1.0, -1.0, 1.0, -1.0, -1.0, 1.0, 1.0, -1.0, -1.0, 1.0, 1.0]]
  Reward: 2.32499623298645
  Account Value: None
  Done: False
  Policy Mean: [[76.90914916992188, 3.696723461151123, 64.4673843383789, 53.18507385253906, 117.64518737792969, 102.49601745605469, 75.94776916503906, 155.646484375, 27.242748260498047, 85.87191772460938, 90.06715393066406, 52.17296600341797, 34.92275619506836, -11.676592826843262, 113.47636413574219, 35.38975143432617, 28.33548927307129, -4.349004745483398, 112.6622543334961, -4.063649654388428, 12.159600257873535, -36.435733795166016, -13.303214073181152, 140.3895721435547, 100.15574645996094, -2.272819757461548, -80.64704132080078, 63.95220184326172, 115.15695190429688]]
  Policy Std: [[43844.8984375, 515550.875, 121949.6796875, 89716.4453125, 35223.109375, 363774.28125, 88782.4921875, 28417.400390625, 544453.4375, 67847.6484375, 159043.265625, 78901.9296875, 364476.09375, 270021.5625, 215201.53125, 154119.296875, 45780.5703125, 563088.9375, 189447.625, 121240.2265625, 428509.0625, 22923.458984375, 192233.625, 1016043.375, 950219.375, 950403.375, 366705.03125, 58515.27734375, 410836.65625]]

Step 264:
  Date/Day: 265
  Action: [[1.0, 1.0, 1.0, 1.0, 1.0, 1.0, 1.0, 1.0, 1.0, 1.0, 1.0, 1.0, 1.0, -1.0, 1.0, 1.0, 1.0, -1.0, 1.0, -1.0, 1.0, -1.0, -1.0, 1.0, 1.0, -1.0, -1.0, 1.0, 1.0]]
  Reward: 1.1401093006134033
  Account Value: None
  Done: False
  Policy Mean: [[76.9088363647461, 3.673914909362793, 64.45564270019531, 53.14973831176758, 117.6268081665039, 102.4747085571289, 75.93749237060547, 155.62783813476562, 27.252643585205078, 85.84884643554688, 90.0422134399414, 52.167694091796875, 34.91583251953125, -11.67236328125, 113.4697494506836, 35.38766098022461, 28.310312271118164, -4.356412410736084, 112.64815521240234, -4.073514461517334, 12.15839672088623, -36.449710845947266, -13.312460899353027, 140.39576721191406, 100.17021179199219, -2.2725119590759277, -80.66117095947266, 63.94870376586914, 115.15355682373047]]
  Policy Std: [[43844.8984375, 515550.875, 121949.6796875, 89716.4453125, 35223.109375, 363774.28125, 88782.4921875, 28417.400390625, 544453.4375, 67847.6484375, 159043.265625, 78901.9296875, 364476.09375, 270021.5625, 215201.53125, 154119.296875, 45780.5703125, 563088.9375, 189447.625, 121240.2265625, 428509.0625, 22923.458984375, 192233.625, 1016043.375, 950219.375, 950403.375, 366705.03125, 58515.27734375, 410836.65625]]

Step 265:
  Date/Day: 266
  Action: [[1.0, 1.0, 1.0, 1.0, 1.0, 1.0, 1.0, 1.0, 1.0, 1.0, 1.0, 1.0, 1.0, -1.0, 1.0, 1.0, 1.0, -1.0, 1.0, -1.0, 1.0, -1.0, -1.0, 1.0, 1.0, -1.0, -1.0, 1.0, 1.0]]
  Reward: -0.02167319878935814
  Account Value: None
  Done: False
  Policy Mean: [[76.9088363647461, 3.673914909362793, 64.45564270019531, 53.14973831176758, 117.6268081665039, 102.4747085571289, 75.93749237060547, 155.62783813476562, 27.252643585205078, 85.84884643554688, 90.0422134399414, 52.167694091796875, 34.91583251953125, -11.67236328125, 113.4697494506836, 35.38766098022461, 28.310312271118164, -4.356412410736084, 112.64815521240234, -4.073514461517334, 12.15839672088623, -36.449710845947266, -13.312460899353027, 140.39576721191406, 100.17021179199219, -2.2725119590759277, -80.66117095947266, 63.94870376586914, 115.15355682373047]]
  Policy Std: [[43844.8984375, 515550.875, 121949.6796875, 89716.4453125, 35223.109375, 363774.28125, 88782.4921875, 28417.400390625, 544453.4375, 67847.6484375, 159043.265625, 78901.9296875, 364476.09375, 270021.5625, 215201.53125, 154119.296875, 45780.5703125, 563088.9375, 189447.625, 121240.2265625, 428509.0625, 22923.458984375, 192233.625, 1016043.375, 950219.375, 950403.375, 366705.03125, 58515.27734375, 410836.65625]]

Step 266:
  Date/Day: 267
  Action: [[1.0, 1.0, 1.0, 1.0, 1.0, 1.0, 1.0, 1.0, 1.0, 1.0, 1.0, 1.0, 1.0, -1.0, 1.0, 1.0, 1.0, -1.0, 1.0, -1.0, 1.0, -1.0, -1.0, 1.0, 1.0, -1.0, -1.0, 1.0, 1.0]]
  Reward: 0.8392521142959595
  Account Value: None
  Done: False
  Policy Mean: [[76.9088363647461, 3.673914909362793, 64.45564270019531, 53.14973831176758, 117.6268081665039, 102.4747085571289, 75.93749237060547, 155.62783813476562, 27.252643585205078, 85.84884643554688, 90.0422134399414, 52.167694091796875, 34.91583251953125, -11.67236328125, 113.4697494506836, 35.38766098022461, 28.310312271118164, -4.356412410736084, 112.64815521240234, -4.073514461517334, 12.15839672088623, -36.449710845947266, -13.312460899353027, 140.39576721191406, 100.17021179199219, -2.2725119590759277, -80.66117095947266, 63.94870376586914, 115.15355682373047]]
  Policy Std: [[43844.8984375, 515550.875, 121949.6796875, 89716.4453125, 35223.109375, 363774.28125, 88782.4921875, 28417.400390625, 544453.4375, 67847.6484375, 159043.265625, 78901.9296875, 364476.09375, 270021.5625, 215201.53125, 154119.296875, 45780.5703125, 563088.9375, 189447.625, 121240.2265625, 428509.0625, 22923.458984375, 192233.625, 1016043.375, 950219.375, 950403.375, 366705.03125, 58515.27734375, 410836.65625]]

Step 267:
  Date/Day: 268
  Action: [[1.0, 1.0, 1.0, 1.0, 1.0, 1.0, 1.0, 1.0, 1.0, 1.0, 1.0, 1.0, 1.0, -1.0, 1.0, 1.0, 1.0, -1.0, 1.0, -1.0, 1.0, -1.0, -1.0, 1.0, 1.0, -1.0, -1.0, 1.0, 1.0]]
  Reward: 0.21186091005802155
  Account Value: None
  Done: False
  Policy Mean: [[76.9088363647461, 3.673914909362793, 64.45564270019531, 53.14973831176758, 117.6268081665039, 102.4747085571289, 75.93749237060547, 155.62783813476562, 27.252643585205078, 85.84884643554688, 90.0422134399414, 52.167694091796875, 34.91583251953125, -11.67236328125, 113.4697494506836, 35.38766098022461, 28.310312271118164, -4.356412410736084, 112.64815521240234, -4.073514461517334, 12.15839672088623, -36.449710845947266, -13.312460899353027, 140.39576721191406, 100.17021179199219, -2.2725119590759277, -80.66117095947266, 63.94870376586914, 115.15355682373047]]
  Policy Std: [[43844.8984375, 515550.875, 121949.6796875, 89716.4453125, 35223.109375, 363774.28125, 88782.4921875, 28417.400390625, 544453.4375, 67847.6484375, 159043.265625, 78901.9296875, 364476.09375, 270021.5625, 215201.53125, 154119.296875, 45780.5703125, 563088.9375, 189447.625, 121240.2265625, 428509.0625, 22923.458984375, 192233.625, 1016043.375, 950219.375, 950403.375, 366705.03125, 58515.27734375, 410836.65625]]

Step 268:
  Date/Day: 269
  Action: [[1.0, 1.0, 1.0, 1.0, 1.0, 1.0, 1.0, 1.0, 1.0, 1.0, 1.0, 1.0, 1.0, -1.0, 1.0, 1.0, 1.0, -1.0, 1.0, -1.0, 1.0, -1.0, -1.0, 1.0, 1.0, -1.0, -1.0, 1.0, 1.0]]
  Reward: -0.5099237561225891
  Account Value: None
  Done: False
  Policy Mean: [[76.9088363647461, 3.673914909362793, 64.45564270019531, 53.14973831176758, 117.6268081665039, 102.4747085571289, 75.93749237060547, 155.62783813476562, 27.252643585205078, 85.84884643554688, 90.0422134399414, 52.167694091796875, 34.91583251953125, -11.67236328125, 113.4697494506836, 35.38766098022461, 28.310312271118164, -4.356412410736084, 112.64815521240234, -4.073514461517334, 12.15839672088623, -36.449710845947266, -13.312460899353027, 140.39576721191406, 100.17021179199219, -2.2725119590759277, -80.66117095947266, 63.94870376586914, 115.15355682373047]]
  Policy Std: [[43844.8984375, 515550.875, 121949.6796875, 89716.4453125, 35223.109375, 363774.28125, 88782.4921875, 28417.400390625, 544453.4375, 67847.6484375, 159043.265625, 78901.9296875, 364476.09375, 270021.5625, 215201.53125, 154119.296875, 45780.5703125, 563088.9375, 189447.625, 121240.2265625, 428509.0625, 22923.458984375, 192233.625, 1016043.375, 950219.375, 950403.375, 366705.03125, 58515.27734375, 410836.65625]]

Step 269:
  Date/Day: 270
  Action: [[1.0, 1.0, 1.0, 1.0, 1.0, 1.0, 1.0, 1.0, 1.0, 1.0, 1.0, 1.0, 1.0, -1.0, 1.0, 1.0, 1.0, -1.0, 1.0, -1.0, 1.0, -1.0, -1.0, 1.0, 1.0, -1.0, -1.0, 1.0, 1.0]]
  Reward: -0.39017441868782043
  Account Value: None
  Done: False
  Policy Mean: [[76.9088363647461, 3.673914909362793, 64.45564270019531, 53.14973831176758, 117.6268081665039, 102.4747085571289, 75.93749237060547, 155.62783813476562, 27.252643585205078, 85.84884643554688, 90.0422134399414, 52.167694091796875, 34.91583251953125, -11.67236328125, 113.4697494506836, 35.38766098022461, 28.310312271118164, -4.356412410736084, 112.64815521240234, -4.073514461517334, 12.15839672088623, -36.449710845947266, -13.312460899353027, 140.39576721191406, 100.17021179199219, -2.2725119590759277, -80.66117095947266, 63.94870376586914, 115.15355682373047]]
  Policy Std: [[43844.8984375, 515550.875, 121949.6796875, 89716.4453125, 35223.109375, 363774.28125, 88782.4921875, 28417.400390625, 544453.4375, 67847.6484375, 159043.265625, 78901.9296875, 364476.09375, 270021.5625, 215201.53125, 154119.296875, 45780.5703125, 563088.9375, 189447.625, 121240.2265625, 428509.0625, 22923.458984375, 192233.625, 1016043.375, 950219.375, 950403.375, 366705.03125, 58515.27734375, 410836.65625]]

Step 270:
  Date/Day: 271
  Action: [[1.0, 1.0, 1.0, 1.0, 1.0, 1.0, 1.0, 1.0, 1.0, 1.0, 1.0, 1.0, 1.0, -1.0, 1.0, 1.0, 1.0, -1.0, 1.0, -1.0, 1.0, -1.0, -1.0, 1.0, 1.0, -1.0, -1.0, 1.0, 1.0]]
  Reward: 0.5779807567596436
  Account Value: None
  Done: False
  Policy Mean: [[76.9088363647461, 3.673914909362793, 64.45564270019531, 53.14973831176758, 117.6268081665039, 102.4747085571289, 75.93749237060547, 155.62783813476562, 27.252643585205078, 85.84884643554688, 90.0422134399414, 52.167694091796875, 34.91583251953125, -11.67236328125, 113.4697494506836, 35.38766098022461, 28.310312271118164, -4.356412410736084, 112.64815521240234, -4.073514461517334, 12.15839672088623, -36.449710845947266, -13.312460899353027, 140.39576721191406, 100.17021179199219, -2.2725119590759277, -80.66117095947266, 63.94870376586914, 115.15355682373047]]
  Policy Std: [[43844.8984375, 515550.875, 121949.6796875, 89716.4453125, 35223.109375, 363774.28125, 88782.4921875, 28417.400390625, 544453.4375, 67847.6484375, 159043.265625, 78901.9296875, 364476.09375, 270021.5625, 215201.53125, 154119.296875, 45780.5703125, 563088.9375, 189447.625, 121240.2265625, 428509.0625, 22923.458984375, 192233.625, 1016043.375, 950219.375, 950403.375, 366705.03125, 58515.27734375, 410836.65625]]

Step 271:
  Date/Day: 272
  Action: [[1.0, 1.0, 1.0, 1.0, 1.0, 1.0, 1.0, 1.0, 1.0, 1.0, 1.0, 1.0, 1.0, -1.0, 1.0, 1.0, 1.0, -1.0, 1.0, -1.0, 1.0, -1.0, -1.0, 1.0, 1.0, -1.0, -1.0, 1.0, 1.0]]
  Reward: -0.6643368601799011
  Account Value: None
  Done: False
  Policy Mean: [[76.9088363647461, 3.673914909362793, 64.45564270019531, 53.14973831176758, 117.6268081665039, 102.4747085571289, 75.93749237060547, 155.62783813476562, 27.252643585205078, 85.84884643554688, 90.0422134399414, 52.167694091796875, 34.91583251953125, -11.67236328125, 113.4697494506836, 35.38766098022461, 28.310312271118164, -4.356412410736084, 112.64815521240234, -4.073514461517334, 12.15839672088623, -36.449710845947266, -13.312460899353027, 140.39576721191406, 100.17021179199219, -2.2725119590759277, -80.66117095947266, 63.94870376586914, 115.15355682373047]]
  Policy Std: [[43844.8984375, 515550.875, 121949.6796875, 89716.4453125, 35223.109375, 363774.28125, 88782.4921875, 28417.400390625, 544453.4375, 67847.6484375, 159043.265625, 78901.9296875, 364476.09375, 270021.5625, 215201.53125, 154119.296875, 45780.5703125, 563088.9375, 189447.625, 121240.2265625, 428509.0625, 22923.458984375, 192233.625, 1016043.375, 950219.375, 950403.375, 366705.03125, 58515.27734375, 410836.65625]]

Step 272:
  Date/Day: 273
  Action: [[1.0, 1.0, 1.0, 1.0, 1.0, 1.0, 1.0, 1.0, 1.0, 1.0, 1.0, 1.0, 1.0, -1.0, 1.0, 1.0, 1.0, -1.0, 1.0, -1.0, 1.0, -1.0, -1.0, 1.0, 1.0, -1.0, -1.0, 1.0, 1.0]]
  Reward: -0.12484515458345413
  Account Value: None
  Done: False
  Policy Mean: [[76.9088363647461, 3.673914909362793, 64.45564270019531, 53.14973831176758, 117.6268081665039, 102.4747085571289, 75.93749237060547, 155.62783813476562, 27.252643585205078, 85.84884643554688, 90.0422134399414, 52.167694091796875, 34.91583251953125, -11.67236328125, 113.4697494506836, 35.38766098022461, 28.310312271118164, -4.356412410736084, 112.64815521240234, -4.073514461517334, 12.15839672088623, -36.449710845947266, -13.312460899353027, 140.39576721191406, 100.17021179199219, -2.2725119590759277, -80.66117095947266, 63.94870376586914, 115.15355682373047]]
  Policy Std: [[43844.8984375, 515550.875, 121949.6796875, 89716.4453125, 35223.109375, 363774.28125, 88782.4921875, 28417.400390625, 544453.4375, 67847.6484375, 159043.265625, 78901.9296875, 364476.09375, 270021.5625, 215201.53125, 154119.296875, 45780.5703125, 563088.9375, 189447.625, 121240.2265625, 428509.0625, 22923.458984375, 192233.625, 1016043.375, 950219.375, 950403.375, 366705.03125, 58515.27734375, 410836.65625]]

Step 273:
  Date/Day: 274
  Action: [[1.0, 1.0, 1.0, 1.0, 1.0, 1.0, 1.0, 1.0, 1.0, 1.0, 1.0, 1.0, 1.0, -1.0, 1.0, 1.0, 1.0, -1.0, 1.0, -1.0, 1.0, -1.0, -1.0, 1.0, 1.0, -1.0, -1.0, 1.0, 1.0]]
  Reward: 1.3913086652755737
  Account Value: None
  Done: False
  Policy Mean: [[76.9088363647461, 3.673914909362793, 64.45564270019531, 53.14973831176758, 117.6268081665039, 102.4747085571289, 75.93749237060547, 155.62783813476562, 27.252643585205078, 85.84884643554688, 90.0422134399414, 52.167694091796875, 34.91583251953125, -11.67236328125, 113.4697494506836, 35.38766098022461, 28.310312271118164, -4.356412410736084, 112.64815521240234, -4.073514461517334, 12.15839672088623, -36.449710845947266, -13.312460899353027, 140.39576721191406, 100.17021179199219, -2.2725119590759277, -80.66117095947266, 63.94870376586914, 115.15355682373047]]
  Policy Std: [[43844.8984375, 515550.875, 121949.6796875, 89716.4453125, 35223.109375, 363774.28125, 88782.4921875, 28417.400390625, 544453.4375, 67847.6484375, 159043.265625, 78901.9296875, 364476.09375, 270021.5625, 215201.53125, 154119.296875, 45780.5703125, 563088.9375, 189447.625, 121240.2265625, 428509.0625, 22923.458984375, 192233.625, 1016043.375, 950219.375, 950403.375, 366705.03125, 58515.27734375, 410836.65625]]

Step 274:
  Date/Day: 275
  Action: [[1.0, 1.0, 1.0, 1.0, 1.0, 1.0, 1.0, 1.0, 1.0, 1.0, 1.0, 1.0, 1.0, -1.0, 1.0, 1.0, 1.0, -1.0, 1.0, -1.0, 1.0, -1.0, -1.0, 1.0, 1.0, -1.0, -1.0, 1.0, 1.0]]
  Reward: -1.3228747844696045
  Account Value: None
  Done: False
  Policy Mean: [[76.9088363647461, 3.673914909362793, 64.45564270019531, 53.14973831176758, 117.6268081665039, 102.4747085571289, 75.93749237060547, 155.62783813476562, 27.252643585205078, 85.84884643554688, 90.0422134399414, 52.167694091796875, 34.91583251953125, -11.67236328125, 113.4697494506836, 35.38766098022461, 28.310312271118164, -4.356412410736084, 112.64815521240234, -4.073514461517334, 12.15839672088623, -36.449710845947266, -13.312460899353027, 140.39576721191406, 100.17021179199219, -2.2725119590759277, -80.66117095947266, 63.94870376586914, 115.15355682373047]]
  Policy Std: [[43844.8984375, 515550.875, 121949.6796875, 89716.4453125, 35223.109375, 363774.28125, 88782.4921875, 28417.400390625, 544453.4375, 67847.6484375, 159043.265625, 78901.9296875, 364476.09375, 270021.5625, 215201.53125, 154119.296875, 45780.5703125, 563088.9375, 189447.625, 121240.2265625, 428509.0625, 22923.458984375, 192233.625, 1016043.375, 950219.375, 950403.375, 366705.03125, 58515.27734375, 410836.65625]]

Step 275:
  Date/Day: 276
  Action: [[1.0, 1.0, 1.0, 1.0, 1.0, 1.0, 1.0, 1.0, 1.0, 1.0, 1.0, 1.0, 1.0, -1.0, 1.0, 1.0, 1.0, -1.0, 1.0, -1.0, 1.0, -1.0, -1.0, 1.0, 1.0, -1.0, -1.0, 1.0, 1.0]]
  Reward: 0.9871297478675842
  Account Value: None
  Done: False
  Policy Mean: [[76.9088363647461, 3.673914909362793, 64.45564270019531, 53.14973831176758, 117.6268081665039, 102.4747085571289, 75.93749237060547, 155.62783813476562, 27.252643585205078, 85.84884643554688, 90.0422134399414, 52.167694091796875, 34.91583251953125, -11.67236328125, 113.4697494506836, 35.38766098022461, 28.310312271118164, -4.356412410736084, 112.64815521240234, -4.073514461517334, 12.15839672088623, -36.449710845947266, -13.312460899353027, 140.39576721191406, 100.17021179199219, -2.2725119590759277, -80.66117095947266, 63.94870376586914, 115.15355682373047]]
  Policy Std: [[43844.8984375, 515550.875, 121949.6796875, 89716.4453125, 35223.109375, 363774.28125, 88782.4921875, 28417.400390625, 544453.4375, 67847.6484375, 159043.265625, 78901.9296875, 364476.09375, 270021.5625, 215201.53125, 154119.296875, 45780.5703125, 563088.9375, 189447.625, 121240.2265625, 428509.0625, 22923.458984375, 192233.625, 1016043.375, 950219.375, 950403.375, 366705.03125, 58515.27734375, 410836.65625]]

Step 276:
  Date/Day: 277
  Action: [[1.0, 1.0, 1.0, 1.0, 1.0, 1.0, 1.0, 1.0, 1.0, 1.0, 1.0, 1.0, 1.0, -1.0, 1.0, 1.0, 1.0, -1.0, 1.0, -1.0, 1.0, -1.0, -1.0, 1.0, 1.0, -1.0, -1.0, 1.0, 1.0]]
  Reward: 0.6955147385597229
  Account Value: None
  Done: False
  Policy Mean: [[76.9088363647461, 3.673914909362793, 64.45564270019531, 53.14973831176758, 117.6268081665039, 102.4747085571289, 75.93749237060547, 155.62783813476562, 27.252643585205078, 85.84884643554688, 90.0422134399414, 52.167694091796875, 34.91583251953125, -11.67236328125, 113.4697494506836, 35.38766098022461, 28.310312271118164, -4.356412410736084, 112.64815521240234, -4.073514461517334, 12.15839672088623, -36.449710845947266, -13.312460899353027, 140.39576721191406, 100.17021179199219, -2.2725119590759277, -80.66117095947266, 63.94870376586914, 115.15355682373047]]
  Policy Std: [[43844.8984375, 515550.875, 121949.6796875, 89716.4453125, 35223.109375, 363774.28125, 88782.4921875, 28417.400390625, 544453.4375, 67847.6484375, 159043.265625, 78901.9296875, 364476.09375, 270021.5625, 215201.53125, 154119.296875, 45780.5703125, 563088.9375, 189447.625, 121240.2265625, 428509.0625, 22923.458984375, 192233.625, 1016043.375, 950219.375, 950403.375, 366705.03125, 58515.27734375, 410836.65625]]

Step 277:
  Date/Day: 278
  Action: [[1.0, 1.0, 1.0, 1.0, 1.0, 1.0, 1.0, 1.0, 1.0, 1.0, 1.0, 1.0, 1.0, -1.0, 1.0, 1.0, 1.0, -1.0, 1.0, -1.0, 1.0, -1.0, -1.0, 1.0, 1.0, -1.0, -1.0, 1.0, 1.0]]
  Reward: -0.372286319732666
  Account Value: None
  Done: False
  Policy Mean: [[76.9088363647461, 3.673914909362793, 64.45564270019531, 53.14973831176758, 117.6268081665039, 102.4747085571289, 75.93749237060547, 155.62783813476562, 27.252643585205078, 85.84884643554688, 90.0422134399414, 52.167694091796875, 34.91583251953125, -11.67236328125, 113.4697494506836, 35.38766098022461, 28.310312271118164, -4.356412410736084, 112.64815521240234, -4.073514461517334, 12.15839672088623, -36.449710845947266, -13.312460899353027, 140.39576721191406, 100.17021179199219, -2.2725119590759277, -80.66117095947266, 63.94870376586914, 115.15355682373047]]
  Policy Std: [[43844.8984375, 515550.875, 121949.6796875, 89716.4453125, 35223.109375, 363774.28125, 88782.4921875, 28417.400390625, 544453.4375, 67847.6484375, 159043.265625, 78901.9296875, 364476.09375, 270021.5625, 215201.53125, 154119.296875, 45780.5703125, 563088.9375, 189447.625, 121240.2265625, 428509.0625, 22923.458984375, 192233.625, 1016043.375, 950219.375, 950403.375, 366705.03125, 58515.27734375, 410836.65625]]

Step 278:
  Date/Day: 279
  Action: [[1.0, 1.0, 1.0, 1.0, 1.0, 1.0, 1.0, 1.0, 1.0, 1.0, 1.0, 1.0, 1.0, -1.0, 1.0, 1.0, 1.0, -1.0, 1.0, -1.0, 1.0, -1.0, -1.0, 1.0, 1.0, -1.0, -1.0, 1.0, 1.0]]
  Reward: 0.8160372376441956
  Account Value: None
  Done: False
  Policy Mean: [[76.9088363647461, 3.673914909362793, 64.45564270019531, 53.14973831176758, 117.6268081665039, 102.4747085571289, 75.93749237060547, 155.62783813476562, 27.252643585205078, 85.84884643554688, 90.0422134399414, 52.167694091796875, 34.91583251953125, -11.67236328125, 113.4697494506836, 35.38766098022461, 28.310312271118164, -4.356412410736084, 112.64815521240234, -4.073514461517334, 12.15839672088623, -36.449710845947266, -13.312460899353027, 140.39576721191406, 100.17021179199219, -2.2725119590759277, -80.66117095947266, 63.94870376586914, 115.15355682373047]]
  Policy Std: [[43844.8984375, 515550.875, 121949.6796875, 89716.4453125, 35223.109375, 363774.28125, 88782.4921875, 28417.400390625, 544453.4375, 67847.6484375, 159043.265625, 78901.9296875, 364476.09375, 270021.5625, 215201.53125, 154119.296875, 45780.5703125, 563088.9375, 189447.625, 121240.2265625, 428509.0625, 22923.458984375, 192233.625, 1016043.375, 950219.375, 950403.375, 366705.03125, 58515.27734375, 410836.65625]]

Step 279:
  Date/Day: 280
  Action: [[1.0, 1.0, 1.0, 1.0, 1.0, 1.0, 1.0, 1.0, 1.0, 1.0, 1.0, 1.0, 1.0, -1.0, 1.0, 1.0, 1.0, -1.0, 1.0, -1.0, 1.0, -1.0, -1.0, 1.0, 1.0, -1.0, -1.0, 1.0, 1.0]]
  Reward: 1.034342646598816
  Account Value: None
  Done: False
  Policy Mean: [[76.9088363647461, 3.673914909362793, 64.45564270019531, 53.14973831176758, 117.6268081665039, 102.4747085571289, 75.93749237060547, 155.62783813476562, 27.252643585205078, 85.84884643554688, 90.0422134399414, 52.167694091796875, 34.91583251953125, -11.67236328125, 113.4697494506836, 35.38766098022461, 28.310312271118164, -4.356412410736084, 112.64815521240234, -4.073514461517334, 12.15839672088623, -36.449710845947266, -13.312460899353027, 140.39576721191406, 100.17021179199219, -2.2725119590759277, -80.66117095947266, 63.94870376586914, 115.15355682373047]]
  Policy Std: [[43844.8984375, 515550.875, 121949.6796875, 89716.4453125, 35223.109375, 363774.28125, 88782.4921875, 28417.400390625, 544453.4375, 67847.6484375, 159043.265625, 78901.9296875, 364476.09375, 270021.5625, 215201.53125, 154119.296875, 45780.5703125, 563088.9375, 189447.625, 121240.2265625, 428509.0625, 22923.458984375, 192233.625, 1016043.375, 950219.375, 950403.375, 366705.03125, 58515.27734375, 410836.65625]]

Step 280:
  Date/Day: 281
  Action: [[1.0, 1.0, 1.0, 1.0, 1.0, 1.0, 1.0, 1.0, 1.0, 1.0, 1.0, 1.0, 1.0, -1.0, 1.0, 1.0, 1.0, -1.0, 1.0, -1.0, 1.0, -1.0, -1.0, 1.0, 1.0, -1.0, -1.0, 1.0, 1.0]]
  Reward: 0.1719168722629547
  Account Value: None
  Done: False
  Policy Mean: [[76.9088363647461, 3.673914909362793, 64.45564270019531, 53.14973831176758, 117.6268081665039, 102.4747085571289, 75.93749237060547, 155.62783813476562, 27.252643585205078, 85.84884643554688, 90.0422134399414, 52.167694091796875, 34.91583251953125, -11.67236328125, 113.4697494506836, 35.38766098022461, 28.310312271118164, -4.356412410736084, 112.64815521240234, -4.073514461517334, 12.15839672088623, -36.449710845947266, -13.312460899353027, 140.39576721191406, 100.17021179199219, -2.2725119590759277, -80.66117095947266, 63.94870376586914, 115.15355682373047]]
  Policy Std: [[43844.8984375, 515550.875, 121949.6796875, 89716.4453125, 35223.109375, 363774.28125, 88782.4921875, 28417.400390625, 544453.4375, 67847.6484375, 159043.265625, 78901.9296875, 364476.09375, 270021.5625, 215201.53125, 154119.296875, 45780.5703125, 563088.9375, 189447.625, 121240.2265625, 428509.0625, 22923.458984375, 192233.625, 1016043.375, 950219.375, 950403.375, 366705.03125, 58515.27734375, 410836.65625]]

Step 281:
  Date/Day: 282
  Action: [[1.0, 1.0, 1.0, 1.0, 1.0, 1.0, 1.0, 1.0, 1.0, 1.0, 1.0, 1.0, 1.0, -1.0, 1.0, 1.0, 1.0, -1.0, 1.0, -1.0, 1.0, -1.0, -1.0, 1.0, 1.0, -1.0, -1.0, 1.0, 1.0]]
  Reward: -0.031153235584497452
  Account Value: None
  Done: False
  Policy Mean: [[76.9088363647461, 3.673914909362793, 64.45564270019531, 53.14973831176758, 117.6268081665039, 102.4747085571289, 75.93749237060547, 155.62783813476562, 27.252643585205078, 85.84884643554688, 90.0422134399414, 52.167694091796875, 34.91583251953125, -11.67236328125, 113.4697494506836, 35.38766098022461, 28.310312271118164, -4.356412410736084, 112.64815521240234, -4.073514461517334, 12.15839672088623, -36.449710845947266, -13.312460899353027, 140.39576721191406, 100.17021179199219, -2.2725119590759277, -80.66117095947266, 63.94870376586914, 115.15355682373047]]
  Policy Std: [[43844.8984375, 515550.875, 121949.6796875, 89716.4453125, 35223.109375, 363774.28125, 88782.4921875, 28417.400390625, 544453.4375, 67847.6484375, 159043.265625, 78901.9296875, 364476.09375, 270021.5625, 215201.53125, 154119.296875, 45780.5703125, 563088.9375, 189447.625, 121240.2265625, 428509.0625, 22923.458984375, 192233.625, 1016043.375, 950219.375, 950403.375, 366705.03125, 58515.27734375, 410836.65625]]

Step 282:
  Date/Day: 283
  Action: [[1.0, 1.0, 1.0, 1.0, 1.0, 1.0, 1.0, 1.0, 1.0, 1.0, 1.0, 1.0, 1.0, -1.0, 1.0, 1.0, 1.0, -1.0, 1.0, -1.0, 1.0, -1.0, -1.0, 1.0, 1.0, -1.0, -1.0, 1.0, 1.0]]
  Reward: 0.4698489308357239
  Account Value: None
  Done: False
  Policy Mean: [[76.9088363647461, 3.673914909362793, 64.45564270019531, 53.14973831176758, 117.6268081665039, 102.4747085571289, 75.93749237060547, 155.62783813476562, 27.252643585205078, 85.84884643554688, 90.0422134399414, 52.167694091796875, 34.91583251953125, -11.67236328125, 113.4697494506836, 35.38766098022461, 28.310312271118164, -4.356412410736084, 112.64815521240234, -4.073514461517334, 12.15839672088623, -36.449710845947266, -13.312460899353027, 140.39576721191406, 100.17021179199219, -2.2725119590759277, -80.66117095947266, 63.94870376586914, 115.15355682373047]]
  Policy Std: [[43844.8984375, 515550.875, 121949.6796875, 89716.4453125, 35223.109375, 363774.28125, 88782.4921875, 28417.400390625, 544453.4375, 67847.6484375, 159043.265625, 78901.9296875, 364476.09375, 270021.5625, 215201.53125, 154119.296875, 45780.5703125, 563088.9375, 189447.625, 121240.2265625, 428509.0625, 22923.458984375, 192233.625, 1016043.375, 950219.375, 950403.375, 366705.03125, 58515.27734375, 410836.65625]]

Step 283:
  Date/Day: 284
  Action: [[1.0, 1.0, 1.0, 1.0, 1.0, 1.0, 1.0, 1.0, 1.0, 1.0, 1.0, 1.0, 1.0, -1.0, 1.0, 1.0, 1.0, -1.0, 1.0, -1.0, 1.0, -1.0, -1.0, 1.0, 1.0, -1.0, -1.0, 1.0, 1.0]]
  Reward: -1.2117979526519775
  Account Value: None
  Done: False
  Policy Mean: [[76.9088363647461, 3.673914909362793, 64.45564270019531, 53.14973831176758, 117.6268081665039, 102.4747085571289, 75.93749237060547, 155.62783813476562, 27.252643585205078, 85.84884643554688, 90.0422134399414, 52.167694091796875, 34.91583251953125, -11.67236328125, 113.4697494506836, 35.38766098022461, 28.310312271118164, -4.356412410736084, 112.64815521240234, -4.073514461517334, 12.15839672088623, -36.449710845947266, -13.312460899353027, 140.39576721191406, 100.17021179199219, -2.2725119590759277, -80.66117095947266, 63.94870376586914, 115.15355682373047]]
  Policy Std: [[43844.8984375, 515550.875, 121949.6796875, 89716.4453125, 35223.109375, 363774.28125, 88782.4921875, 28417.400390625, 544453.4375, 67847.6484375, 159043.265625, 78901.9296875, 364476.09375, 270021.5625, 215201.53125, 154119.296875, 45780.5703125, 563088.9375, 189447.625, 121240.2265625, 428509.0625, 22923.458984375, 192233.625, 1016043.375, 950219.375, 950403.375, 366705.03125, 58515.27734375, 410836.65625]]

Step 284:
  Date/Day: 285
  Action: [[1.0, 1.0, 1.0, 1.0, 1.0, 1.0, 1.0, 1.0, 1.0, 1.0, 1.0, 1.0, 1.0, -1.0, 1.0, 1.0, 1.0, -1.0, 1.0, -1.0, 1.0, -1.0, -1.0, 1.0, 1.0, -1.0, -1.0, 1.0, 1.0]]
  Reward: -1.413420557975769
  Account Value: None
  Done: False
  Policy Mean: [[76.9088363647461, 3.673914909362793, 64.45564270019531, 53.14973831176758, 117.6268081665039, 102.4747085571289, 75.93749237060547, 155.62783813476562, 27.252643585205078, 85.84884643554688, 90.0422134399414, 52.167694091796875, 34.91583251953125, -11.67236328125, 113.4697494506836, 35.38766098022461, 28.310312271118164, -4.356412410736084, 112.64815521240234, -4.073514461517334, 12.15839672088623, -36.449710845947266, -13.312460899353027, 140.39576721191406, 100.17021179199219, -2.2725119590759277, -80.66117095947266, 63.94870376586914, 115.15355682373047]]
  Policy Std: [[43844.8984375, 515550.875, 121949.6796875, 89716.4453125, 35223.109375, 363774.28125, 88782.4921875, 28417.400390625, 544453.4375, 67847.6484375, 159043.265625, 78901.9296875, 364476.09375, 270021.5625, 215201.53125, 154119.296875, 45780.5703125, 563088.9375, 189447.625, 121240.2265625, 428509.0625, 22923.458984375, 192233.625, 1016043.375, 950219.375, 950403.375, 366705.03125, 58515.27734375, 410836.65625]]

Step 285:
  Date/Day: 286
  Action: [[1.0, 1.0, 1.0, 1.0, 1.0, 1.0, 1.0, 1.0, 1.0, 1.0, 1.0, 1.0, 1.0, -1.0, 1.0, 1.0, 1.0, -1.0, 1.0, -1.0, 1.0, -1.0, -1.0, 1.0, 1.0, -1.0, -1.0, 1.0, 1.0]]
  Reward: -0.015965759754180908
  Account Value: None
  Done: False
  Policy Mean: [[76.9088363647461, 3.673914909362793, 64.45564270019531, 53.14973831176758, 117.6268081665039, 102.4747085571289, 75.93749237060547, 155.62783813476562, 27.252643585205078, 85.84884643554688, 90.0422134399414, 52.167694091796875, 34.91583251953125, -11.67236328125, 113.4697494506836, 35.38766098022461, 28.310312271118164, -4.356412410736084, 112.64815521240234, -4.073514461517334, 12.15839672088623, -36.449710845947266, -13.312460899353027, 140.39576721191406, 100.17021179199219, -2.2725119590759277, -80.66117095947266, 63.94870376586914, 115.15355682373047]]
  Policy Std: [[43844.8984375, 515550.875, 121949.6796875, 89716.4453125, 35223.109375, 363774.28125, 88782.4921875, 28417.400390625, 544453.4375, 67847.6484375, 159043.265625, 78901.9296875, 364476.09375, 270021.5625, 215201.53125, 154119.296875, 45780.5703125, 563088.9375, 189447.625, 121240.2265625, 428509.0625, 22923.458984375, 192233.625, 1016043.375, 950219.375, 950403.375, 366705.03125, 58515.27734375, 410836.65625]]

Step 286:
  Date/Day: 287
  Action: [[1.0, 1.0, 1.0, 1.0, 1.0, 1.0, 1.0, 1.0, 1.0, 1.0, 1.0, 1.0, 1.0, -1.0, 1.0, 1.0, 1.0, -1.0, 1.0, -1.0, 1.0, -1.0, -1.0, 1.0, 1.0, -1.0, -1.0, 1.0, 1.0]]
  Reward: 1.1051664352416992
  Account Value: None
  Done: False
  Policy Mean: [[76.91020202636719, 3.6941497325897217, 64.46658325195312, 53.1785888671875, 117.64315032958984, 102.4955062866211, 75.9469985961914, 155.6457061767578, 27.244216918945312, 85.86751556396484, 90.06450653076172, 52.170921325683594, 34.92216873168945, -11.676822662353516, 113.47582244873047, 35.38924789428711, 28.33321762084961, -4.351676940917969, 112.66064453125, -4.066215515136719, 12.158844947814941, -36.439422607421875, -13.304896354675293, 140.3920440673828, 100.15814208984375, -2.2733449935913086, -80.65061950683594, 63.95173263549805, 115.15758514404297]]
  Policy Std: [[43844.8984375, 515550.875, 121949.6796875, 89716.4453125, 35223.109375, 363774.28125, 88782.4921875, 28417.400390625, 544453.4375, 67847.6484375, 159043.265625, 78901.9296875, 364476.09375, 270021.5625, 215201.53125, 154119.296875, 45780.5703125, 563088.9375, 189447.625, 121240.2265625, 428509.0625, 22923.458984375, 192233.625, 1016043.375, 950219.375, 950403.375, 366705.03125, 58515.27734375, 410836.65625]]

Step 287:
  Date/Day: 288
  Action: [[1.0, 1.0, 1.0, 1.0, 1.0, 1.0, 1.0, 1.0, 1.0, 1.0, 1.0, 1.0, 1.0, -1.0, 1.0, 1.0, 1.0, -1.0, 1.0, -1.0, 1.0, -1.0, -1.0, 1.0, 1.0, -1.0, -1.0, 1.0, 1.0]]
  Reward: 0.7217410206794739
  Account Value: None
  Done: False
  Policy Mean: [[76.91016387939453, 3.6479105949401855, 64.44342803955078, 53.10846710205078, 117.60730743408203, 102.45299530029297, 75.92713165283203, 155.60934448242188, 27.26485824584961, 85.82238006591797, 90.01502227783203, 52.1613883972168, 34.90835952758789, -11.668033599853516, 113.4640884399414, 35.38536071777344, 28.282066345214844, -4.366158485412598, 112.63377380371094, -4.085585117340088, 12.15674877166748, -36.46759033203125, -13.323655128479004, 140.4062042236328, 100.18894958496094, -2.272672176361084, -80.6799545288086, 63.945556640625, 115.15189361572266]]
  Policy Std: [[43844.8984375, 515550.875, 121949.6796875, 89716.4453125, 35223.109375, 363774.28125, 88782.4921875, 28417.400390625, 544453.4375, 67847.6484375, 159043.265625, 78901.9296875, 364476.09375, 270021.5625, 215201.53125, 154119.296875, 45780.5703125, 563088.9375, 189447.625, 121240.2265625, 428509.0625, 22923.458984375, 192233.625, 1016043.375, 950219.375, 950403.375, 366705.03125, 58515.27734375, 410836.65625]]

Step 288:
  Date/Day: 289
  Action: [[1.0, 1.0, 1.0, 1.0, 1.0, 1.0, 1.0, 1.0, 1.0, 1.0, 1.0, 1.0, 1.0, -1.0, 1.0, 1.0, 1.0, -1.0, 1.0, -1.0, 1.0, -1.0, -1.0, 1.0, 1.0, -1.0, -1.0, 1.0, 1.0]]
  Reward: 0.103815957903862
  Account Value: None
  Done: False
  Policy Mean: [[76.9088363647461, 3.673914909362793, 64.45564270019531, 53.14973831176758, 117.6268081665039, 102.4747085571289, 75.93749237060547, 155.62783813476562, 27.252643585205078, 85.84884643554688, 90.0422134399414, 52.167694091796875, 34.91583251953125, -11.67236328125, 113.4697494506836, 35.38766098022461, 28.310312271118164, -4.356412410736084, 112.64815521240234, -4.073514461517334, 12.15839672088623, -36.449710845947266, -13.312460899353027, 140.39576721191406, 100.17021179199219, -2.2725119590759277, -80.66117095947266, 63.94870376586914, 115.15355682373047]]
  Policy Std: [[43844.8984375, 515550.875, 121949.6796875, 89716.4453125, 35223.109375, 363774.28125, 88782.4921875, 28417.400390625, 544453.4375, 67847.6484375, 159043.265625, 78901.9296875, 364476.09375, 270021.5625, 215201.53125, 154119.296875, 45780.5703125, 563088.9375, 189447.625, 121240.2265625, 428509.0625, 22923.458984375, 192233.625, 1016043.375, 950219.375, 950403.375, 366705.03125, 58515.27734375, 410836.65625]]

Step 289:
  Date/Day: 290
  Action: [[1.0, 1.0, 1.0, 1.0, 1.0, 1.0, 1.0, 1.0, 1.0, 1.0, 1.0, 1.0, 1.0, -1.0, 1.0, 1.0, 1.0, -1.0, 1.0, -1.0, 1.0, -1.0, -1.0, 1.0, 1.0, -1.0, -1.0, 1.0, 1.0]]
  Reward: 0.20202027261257172
  Account Value: None
  Done: False
  Policy Mean: [[76.9088363647461, 3.673914909362793, 64.45564270019531, 53.14973831176758, 117.6268081665039, 102.4747085571289, 75.93749237060547, 155.62783813476562, 27.252643585205078, 85.84884643554688, 90.0422134399414, 52.167694091796875, 34.91583251953125, -11.67236328125, 113.4697494506836, 35.38766098022461, 28.310312271118164, -4.356412410736084, 112.64815521240234, -4.073514461517334, 12.15839672088623, -36.449710845947266, -13.312460899353027, 140.39576721191406, 100.17021179199219, -2.2725119590759277, -80.66117095947266, 63.94870376586914, 115.15355682373047]]
  Policy Std: [[43844.8984375, 515550.875, 121949.6796875, 89716.4453125, 35223.109375, 363774.28125, 88782.4921875, 28417.400390625, 544453.4375, 67847.6484375, 159043.265625, 78901.9296875, 364476.09375, 270021.5625, 215201.53125, 154119.296875, 45780.5703125, 563088.9375, 189447.625, 121240.2265625, 428509.0625, 22923.458984375, 192233.625, 1016043.375, 950219.375, 950403.375, 366705.03125, 58515.27734375, 410836.65625]]

Step 290:
  Date/Day: 291
  Action: [[1.0, 1.0, 1.0, 1.0, 1.0, 1.0, 1.0, 1.0, 1.0, 1.0, 1.0, 1.0, 1.0, -1.0, 1.0, 1.0, 1.0, -1.0, 1.0, -1.0, 1.0, -1.0, -1.0, 1.0, 1.0, -1.0, -1.0, 1.0, 1.0]]
  Reward: -0.7070329189300537
  Account Value: None
  Done: False
  Policy Mean: [[76.9088363647461, 3.673914909362793, 64.45564270019531, 53.14973831176758, 117.6268081665039, 102.4747085571289, 75.93749237060547, 155.62783813476562, 27.252643585205078, 85.84884643554688, 90.0422134399414, 52.167694091796875, 34.91583251953125, -11.67236328125, 113.4697494506836, 35.38766098022461, 28.310312271118164, -4.356412410736084, 112.64815521240234, -4.073514461517334, 12.15839672088623, -36.449710845947266, -13.312460899353027, 140.39576721191406, 100.17021179199219, -2.2725119590759277, -80.66117095947266, 63.94870376586914, 115.15355682373047]]
  Policy Std: [[43844.8984375, 515550.875, 121949.6796875, 89716.4453125, 35223.109375, 363774.28125, 88782.4921875, 28417.400390625, 544453.4375, 67847.6484375, 159043.265625, 78901.9296875, 364476.09375, 270021.5625, 215201.53125, 154119.296875, 45780.5703125, 563088.9375, 189447.625, 121240.2265625, 428509.0625, 22923.458984375, 192233.625, 1016043.375, 950219.375, 950403.375, 366705.03125, 58515.27734375, 410836.65625]]

Step 291:
  Date/Day: 292
  Action: [[1.0, 1.0, 1.0, 1.0, 1.0, 1.0, 1.0, 1.0, 1.0, 1.0, 1.0, 1.0, 1.0, -1.0, 1.0, 1.0, 1.0, -1.0, 1.0, -1.0, 1.0, -1.0, -1.0, 1.0, 1.0, -1.0, -1.0, 1.0, 1.0]]
  Reward: 0.9660508632659912
  Account Value: None
  Done: False
  Policy Mean: [[76.9088363647461, 3.673914909362793, 64.45564270019531, 53.14973831176758, 117.6268081665039, 102.4747085571289, 75.93749237060547, 155.62783813476562, 27.252643585205078, 85.84884643554688, 90.0422134399414, 52.167694091796875, 34.91583251953125, -11.67236328125, 113.4697494506836, 35.38766098022461, 28.310312271118164, -4.356412410736084, 112.64815521240234, -4.073514461517334, 12.15839672088623, -36.449710845947266, -13.312460899353027, 140.39576721191406, 100.17021179199219, -2.2725119590759277, -80.66117095947266, 63.94870376586914, 115.15355682373047]]
  Policy Std: [[43844.8984375, 515550.875, 121949.6796875, 89716.4453125, 35223.109375, 363774.28125, 88782.4921875, 28417.400390625, 544453.4375, 67847.6484375, 159043.265625, 78901.9296875, 364476.09375, 270021.5625, 215201.53125, 154119.296875, 45780.5703125, 563088.9375, 189447.625, 121240.2265625, 428509.0625, 22923.458984375, 192233.625, 1016043.375, 950219.375, 950403.375, 366705.03125, 58515.27734375, 410836.65625]]

Step 292:
  Date/Day: 293
  Action: [[1.0, 1.0, 1.0, 1.0, 1.0, 1.0, 1.0, 1.0, 1.0, 1.0, 1.0, 1.0, 1.0, -1.0, 1.0, 1.0, 1.0, -1.0, 1.0, -1.0, 1.0, -1.0, -1.0, 1.0, 1.0, -1.0, -1.0, 1.0, 1.0]]
  Reward: -0.1190728172659874
  Account Value: None
  Done: False
  Policy Mean: [[76.9088363647461, 3.673914909362793, 64.45564270019531, 53.14973831176758, 117.6268081665039, 102.4747085571289, 75.93749237060547, 155.62783813476562, 27.252643585205078, 85.84884643554688, 90.0422134399414, 52.167694091796875, 34.91583251953125, -11.67236328125, 113.4697494506836, 35.38766098022461, 28.310312271118164, -4.356412410736084, 112.64815521240234, -4.073514461517334, 12.15839672088623, -36.449710845947266, -13.312460899353027, 140.39576721191406, 100.17021179199219, -2.2725119590759277, -80.66117095947266, 63.94870376586914, 115.15355682373047]]
  Policy Std: [[43844.8984375, 515550.875, 121949.6796875, 89716.4453125, 35223.109375, 363774.28125, 88782.4921875, 28417.400390625, 544453.4375, 67847.6484375, 159043.265625, 78901.9296875, 364476.09375, 270021.5625, 215201.53125, 154119.296875, 45780.5703125, 563088.9375, 189447.625, 121240.2265625, 428509.0625, 22923.458984375, 192233.625, 1016043.375, 950219.375, 950403.375, 366705.03125, 58515.27734375, 410836.65625]]

Step 293:
  Date/Day: 294
  Action: [[1.0, 1.0, 1.0, 1.0, 1.0, 1.0, 1.0, 1.0, 1.0, 1.0, 1.0, 1.0, 1.0, -1.0, 1.0, 1.0, 1.0, -1.0, 1.0, -1.0, 1.0, -1.0, -1.0, 1.0, 1.0, -1.0, -1.0, 1.0, 1.0]]
  Reward: 0.031297989189624786
  Account Value: None
  Done: False
  Policy Mean: [[76.9088363647461, 3.673914909362793, 64.45564270019531, 53.14973831176758, 117.6268081665039, 102.4747085571289, 75.93749237060547, 155.62783813476562, 27.252643585205078, 85.84884643554688, 90.0422134399414, 52.167694091796875, 34.91583251953125, -11.67236328125, 113.4697494506836, 35.38766098022461, 28.310312271118164, -4.356412410736084, 112.64815521240234, -4.073514461517334, 12.15839672088623, -36.449710845947266, -13.312460899353027, 140.39576721191406, 100.17021179199219, -2.2725119590759277, -80.66117095947266, 63.94870376586914, 115.15355682373047]]
  Policy Std: [[43844.8984375, 515550.875, 121949.6796875, 89716.4453125, 35223.109375, 363774.28125, 88782.4921875, 28417.400390625, 544453.4375, 67847.6484375, 159043.265625, 78901.9296875, 364476.09375, 270021.5625, 215201.53125, 154119.296875, 45780.5703125, 563088.9375, 189447.625, 121240.2265625, 428509.0625, 22923.458984375, 192233.625, 1016043.375, 950219.375, 950403.375, 366705.03125, 58515.27734375, 410836.65625]]

Step 294:
  Date/Day: 295
  Action: [[1.0, 1.0, 1.0, 1.0, 1.0, 1.0, 1.0, 1.0, 1.0, 1.0, 1.0, 1.0, 1.0, -1.0, 1.0, 1.0, 1.0, -1.0, 1.0, -1.0, 1.0, -1.0, -1.0, 1.0, 1.0, -1.0, -1.0, 1.0, 1.0]]
  Reward: -0.23218487203121185
  Account Value: None
  Done: False
  Policy Mean: [[76.9088363647461, 3.673914909362793, 64.45564270019531, 53.14973831176758, 117.6268081665039, 102.4747085571289, 75.93749237060547, 155.62783813476562, 27.252643585205078, 85.84884643554688, 90.0422134399414, 52.167694091796875, 34.91583251953125, -11.67236328125, 113.4697494506836, 35.38766098022461, 28.310312271118164, -4.356412410736084, 112.64815521240234, -4.073514461517334, 12.15839672088623, -36.449710845947266, -13.312460899353027, 140.39576721191406, 100.17021179199219, -2.2725119590759277, -80.66117095947266, 63.94870376586914, 115.15355682373047]]
  Policy Std: [[43844.8984375, 515550.875, 121949.6796875, 89716.4453125, 35223.109375, 363774.28125, 88782.4921875, 28417.400390625, 544453.4375, 67847.6484375, 159043.265625, 78901.9296875, 364476.09375, 270021.5625, 215201.53125, 154119.296875, 45780.5703125, 563088.9375, 189447.625, 121240.2265625, 428509.0625, 22923.458984375, 192233.625, 1016043.375, 950219.375, 950403.375, 366705.03125, 58515.27734375, 410836.65625]]

Step 295:
  Date/Day: 296
  Action: [[1.0, 1.0, 1.0, 1.0, 1.0, 1.0, 1.0, 1.0, 1.0, 1.0, 1.0, 1.0, 1.0, -1.0, 1.0, 1.0, 1.0, -1.0, 1.0, -1.0, 1.0, -1.0, -1.0, 1.0, 1.0, -1.0, -1.0, 1.0, 1.0]]
  Reward: 0.799149751663208
  Account Value: None
  Done: False
  Policy Mean: [[76.9088363647461, 3.673915147781372, 64.45564270019531, 53.14973831176758, 117.6268081665039, 102.4747085571289, 75.93749237060547, 155.62783813476562, 27.252643585205078, 85.84884643554688, 90.0422134399414, 52.167694091796875, 34.91583251953125, -11.67236328125, 113.4697494506836, 35.38766098022461, 28.310312271118164, -4.356412410736084, 112.64815521240234, -4.073514461517334, 12.15839672088623, -36.449710845947266, -13.312460899353027, 140.39576721191406, 100.17021179199219, -2.2725119590759277, -80.66117095947266, 63.94870376586914, 115.15355682373047]]
  Policy Std: [[43844.8984375, 515550.875, 121949.6796875, 89716.4453125, 35223.109375, 363774.28125, 88782.4921875, 28417.400390625, 544453.4375, 67847.6484375, 159043.265625, 78901.9296875, 364476.09375, 270021.5625, 215201.53125, 154119.296875, 45780.5703125, 563088.9375, 189447.625, 121240.2265625, 428509.0625, 22923.458984375, 192233.625, 1016043.375, 950219.375, 950403.375, 366705.03125, 58515.27734375, 410836.65625]]

Step 296:
  Date/Day: 297
  Action: [[1.0, 1.0, 1.0, 1.0, 1.0, 1.0, 1.0, 1.0, 1.0, 1.0, 1.0, 1.0, 1.0, -1.0, 1.0, 1.0, 1.0, -1.0, 1.0, -1.0, 1.0, -1.0, -1.0, 1.0, 1.0, -1.0, -1.0, 1.0, 1.0]]
  Reward: -0.3097497522830963
  Account Value: None
  Done: False
  Policy Mean: [[76.9088363647461, 3.673914909362793, 64.45564270019531, 53.14973831176758, 117.6268081665039, 102.4747085571289, 75.93749237060547, 155.62783813476562, 27.252643585205078, 85.84884643554688, 90.0422134399414, 52.167694091796875, 34.91583251953125, -11.67236328125, 113.4697494506836, 35.38766098022461, 28.310312271118164, -4.356412410736084, 112.64815521240234, -4.073514461517334, 12.15839672088623, -36.449710845947266, -13.312460899353027, 140.39576721191406, 100.17021179199219, -2.2725119590759277, -80.66117095947266, 63.94870376586914, 115.15355682373047]]
  Policy Std: [[43844.8984375, 515550.875, 121949.6796875, 89716.4453125, 35223.109375, 363774.28125, 88782.4921875, 28417.400390625, 544453.4375, 67847.6484375, 159043.265625, 78901.9296875, 364476.09375, 270021.5625, 215201.53125, 154119.296875, 45780.5703125, 563088.9375, 189447.625, 121240.2265625, 428509.0625, 22923.458984375, 192233.625, 1016043.375, 950219.375, 950403.375, 366705.03125, 58515.27734375, 410836.65625]]

Step 297:
  Date/Day: 298
  Action: [[1.0, 1.0, 1.0, 1.0, 1.0, 1.0, 1.0, 1.0, 1.0, 1.0, 1.0, 1.0, 1.0, -1.0, 1.0, 1.0, 1.0, -1.0, 1.0, -1.0, 1.0, -1.0, -1.0, 1.0, 1.0, -1.0, -1.0, 1.0, 1.0]]
  Reward: -1.2080574035644531
  Account Value: None
  Done: False
  Policy Mean: [[76.9088363647461, 3.673914909362793, 64.45564270019531, 53.14973831176758, 117.6268081665039, 102.4747085571289, 75.93749237060547, 155.62783813476562, 27.252643585205078, 85.84884643554688, 90.0422134399414, 52.167694091796875, 34.91583251953125, -11.67236328125, 113.4697494506836, 35.38766098022461, 28.310312271118164, -4.356412410736084, 112.64815521240234, -4.073514461517334, 12.15839672088623, -36.449710845947266, -13.312460899353027, 140.39576721191406, 100.17021179199219, -2.2725119590759277, -80.66117095947266, 63.94870376586914, 115.15355682373047]]
  Policy Std: [[43844.8984375, 515550.875, 121949.6796875, 89716.4453125, 35223.109375, 363774.28125, 88782.4921875, 28417.400390625, 544453.4375, 67847.6484375, 159043.265625, 78901.9296875, 364476.09375, 270021.5625, 215201.53125, 154119.296875, 45780.5703125, 563088.9375, 189447.625, 121240.2265625, 428509.0625, 22923.458984375, 192233.625, 1016043.375, 950219.375, 950403.375, 366705.03125, 58515.27734375, 410836.65625]]

Step 298:
  Date/Day: 299
  Action: [[1.0, 1.0, 1.0, 1.0, 1.0, 1.0, 1.0, 1.0, 1.0, 1.0, 1.0, 1.0, 1.0, -1.0, 1.0, 1.0, 1.0, -1.0, 1.0, -1.0, 1.0, -1.0, -1.0, 1.0, 1.0, -1.0, -1.0, 1.0, 1.0]]
  Reward: -0.3917212188243866
  Account Value: None
  Done: False
  Policy Mean: [[76.90914916992188, 3.696723461151123, 64.4673843383789, 53.18507385253906, 117.64518737792969, 102.49601745605469, 75.94776916503906, 155.646484375, 27.242748260498047, 85.87191772460938, 90.06715393066406, 52.17296600341797, 34.92275619506836, -11.676592826843262, 113.47636413574219, 35.38975143432617, 28.33548927307129, -4.349004745483398, 112.6622543334961, -4.063649654388428, 12.159600257873535, -36.435733795166016, -13.303214073181152, 140.3895721435547, 100.15574645996094, -2.272819757461548, -80.64704132080078, 63.95220184326172, 115.15695190429688]]
  Policy Std: [[43844.8984375, 515550.875, 121949.6796875, 89716.4453125, 35223.109375, 363774.28125, 88782.4921875, 28417.400390625, 544453.4375, 67847.6484375, 159043.265625, 78901.9296875, 364476.09375, 270021.5625, 215201.53125, 154119.296875, 45780.5703125, 563088.9375, 189447.625, 121240.2265625, 428509.0625, 22923.458984375, 192233.625, 1016043.375, 950219.375, 950403.375, 366705.03125, 58515.27734375, 410836.65625]]

Step 299:
  Date/Day: 300
  Action: [[1.0, 1.0, 1.0, 1.0, 1.0, 1.0, 1.0, 1.0, 1.0, 1.0, 1.0, 1.0, 1.0, -1.0, 1.0, 1.0, 1.0, -1.0, 1.0, -1.0, 1.0, -1.0, -1.0, 1.0, 1.0, -1.0, -1.0, 1.0, 1.0]]
  Reward: -0.6537407636642456
  Account Value: None
  Done: False
  Policy Mean: [[76.90914916992188, 3.696723461151123, 64.4673843383789, 53.18507385253906, 117.64518737792969, 102.49601745605469, 75.94776916503906, 155.646484375, 27.242748260498047, 85.87191772460938, 90.06715393066406, 52.17296600341797, 34.92275619506836, -11.676592826843262, 113.47636413574219, 35.38975143432617, 28.33548927307129, -4.349004745483398, 112.6622543334961, -4.063649654388428, 12.159600257873535, -36.435733795166016, -13.303214073181152, 140.3895721435547, 100.15574645996094, -2.272819757461548, -80.64704132080078, 63.95220184326172, 115.15695190429688]]
  Policy Std: [[43844.8984375, 515550.875, 121949.6796875, 89716.4453125, 35223.109375, 363774.28125, 88782.4921875, 28417.400390625, 544453.4375, 67847.6484375, 159043.265625, 78901.9296875, 364476.09375, 270021.5625, 215201.53125, 154119.296875, 45780.5703125, 563088.9375, 189447.625, 121240.2265625, 428509.0625, 22923.458984375, 192233.625, 1016043.375, 950219.375, 950403.375, 366705.03125, 58515.27734375, 410836.65625]]

Step 300:
  Date/Day: 301
  Action: [[1.0, 1.0, 1.0, 1.0, 1.0, 1.0, 1.0, 1.0, 1.0, 1.0, 1.0, 1.0, 1.0, -1.0, 1.0, 1.0, 1.0, -1.0, 1.0, -1.0, 1.0, -1.0, -1.0, 1.0, 1.0, -1.0, -1.0, 1.0, 1.0]]
  Reward: -1.2727899551391602
  Account Value: None
  Done: False
  Policy Mean: [[76.90914916992188, 3.696723461151123, 64.4673843383789, 53.18507385253906, 117.64518737792969, 102.49601745605469, 75.94776916503906, 155.646484375, 27.242748260498047, 85.87191772460938, 90.06715393066406, 52.17296600341797, 34.92275619506836, -11.676592826843262, 113.47636413574219, 35.38975143432617, 28.33548927307129, -4.349004745483398, 112.6622543334961, -4.063649654388428, 12.159600257873535, -36.435733795166016, -13.303214073181152, 140.3895721435547, 100.15574645996094, -2.272819757461548, -80.64704132080078, 63.95220184326172, 115.15695190429688]]
  Policy Std: [[43844.8984375, 515550.875, 121949.6796875, 89716.4453125, 35223.109375, 363774.28125, 88782.4921875, 28417.400390625, 544453.4375, 67847.6484375, 159043.265625, 78901.9296875, 364476.09375, 270021.5625, 215201.53125, 154119.296875, 45780.5703125, 563088.9375, 189447.625, 121240.2265625, 428509.0625, 22923.458984375, 192233.625, 1016043.375, 950219.375, 950403.375, 366705.03125, 58515.27734375, 410836.65625]]

Step 301:
  Date/Day: 302
  Action: [[1.0, 1.0, 1.0, 1.0, 1.0, 1.0, 1.0, 1.0, 1.0, 1.0, 1.0, 1.0, 1.0, -1.0, 1.0, 1.0, 1.0, -1.0, 1.0, -1.0, 1.0, -1.0, -1.0, 1.0, 1.0, -1.0, -1.0, 1.0, 1.0]]
  Reward: 1.2988097667694092
  Account Value: None
  Done: False
  Policy Mean: [[76.90914916992188, 3.696723461151123, 64.4673843383789, 53.18507385253906, 117.64518737792969, 102.49601745605469, 75.94776916503906, 155.646484375, 27.242748260498047, 85.87191772460938, 90.06715393066406, 52.17296600341797, 34.92275619506836, -11.676592826843262, 113.47636413574219, 35.38975143432617, 28.33548927307129, -4.349004745483398, 112.6622543334961, -4.063649654388428, 12.159600257873535, -36.435733795166016, -13.303214073181152, 140.3895721435547, 100.15574645996094, -2.272819757461548, -80.64704132080078, 63.95220184326172, 115.15695190429688]]
  Policy Std: [[43844.8984375, 515550.875, 121949.6796875, 89716.4453125, 35223.109375, 363774.28125, 88782.4921875, 28417.400390625, 544453.4375, 67847.6484375, 159043.265625, 78901.9296875, 364476.09375, 270021.5625, 215201.53125, 154119.296875, 45780.5703125, 563088.9375, 189447.625, 121240.2265625, 428509.0625, 22923.458984375, 192233.625, 1016043.375, 950219.375, 950403.375, 366705.03125, 58515.27734375, 410836.65625]]

Step 302:
  Date/Day: 303
  Action: [[1.0, 1.0, 1.0, 1.0, 1.0, 1.0, 1.0, 1.0, 1.0, 1.0, 1.0, 1.0, 1.0, -1.0, 1.0, 1.0, 1.0, -1.0, 1.0, -1.0, 1.0, -1.0, -1.0, 1.0, 1.0, -1.0, -1.0, 1.0, 1.0]]
  Reward: -1.1884535551071167
  Account Value: None
  Done: False
  Policy Mean: [[76.90914916992188, 3.696723461151123, 64.4673843383789, 53.18507385253906, 117.64518737792969, 102.49601745605469, 75.94776916503906, 155.646484375, 27.242748260498047, 85.87191772460938, 90.06715393066406, 52.17296600341797, 34.92275619506836, -11.676592826843262, 113.47636413574219, 35.38975143432617, 28.33548927307129, -4.349004745483398, 112.6622543334961, -4.063649654388428, 12.159600257873535, -36.435733795166016, -13.303214073181152, 140.3895721435547, 100.15574645996094, -2.272819757461548, -80.64704132080078, 63.95220184326172, 115.15695190429688]]
  Policy Std: [[43844.8984375, 515550.875, 121949.6796875, 89716.4453125, 35223.109375, 363774.28125, 88782.4921875, 28417.400390625, 544453.4375, 67847.6484375, 159043.265625, 78901.9296875, 364476.09375, 270021.5625, 215201.53125, 154119.296875, 45780.5703125, 563088.9375, 189447.625, 121240.2265625, 428509.0625, 22923.458984375, 192233.625, 1016043.375, 950219.375, 950403.375, 366705.03125, 58515.27734375, 410836.65625]]

Step 303:
  Date/Day: 304
  Action: [[1.0, 1.0, 1.0, 1.0, 1.0, 1.0, 1.0, 1.0, 1.0, 1.0, 1.0, 1.0, 1.0, -1.0, 1.0, 1.0, 1.0, -1.0, 1.0, -1.0, 1.0, -1.0, -1.0, 1.0, 1.0, -1.0, -1.0, 1.0, 1.0]]
  Reward: 1.1603178977966309
  Account Value: None
  Done: False
  Policy Mean: [[76.91020202636719, 3.6941497325897217, 64.46658325195312, 53.1785888671875, 117.64315032958984, 102.4955062866211, 75.9469985961914, 155.6457061767578, 27.244216918945312, 85.86751556396484, 90.06450653076172, 52.170921325683594, 34.92216873168945, -11.676822662353516, 113.47582244873047, 35.38924789428711, 28.33321762084961, -4.351676940917969, 112.66064453125, -4.066215515136719, 12.158844947814941, -36.439422607421875, -13.304896354675293, 140.3920440673828, 100.15814208984375, -2.2733449935913086, -80.65061950683594, 63.95173263549805, 115.15758514404297]]
  Policy Std: [[43844.8984375, 515550.875, 121949.6796875, 89716.4453125, 35223.109375, 363774.28125, 88782.4921875, 28417.400390625, 544453.4375, 67847.6484375, 159043.265625, 78901.9296875, 364476.09375, 270021.5625, 215201.53125, 154119.296875, 45780.5703125, 563088.9375, 189447.625, 121240.2265625, 428509.0625, 22923.458984375, 192233.625, 1016043.375, 950219.375, 950403.375, 366705.03125, 58515.27734375, 410836.65625]]

Step 304:
  Date/Day: 305
  Action: [[1.0, 1.0, 1.0, 1.0, 1.0, 1.0, 1.0, 1.0, 1.0, 1.0, 1.0, 1.0, 1.0, -1.0, 1.0, 1.0, 1.0, -1.0, 1.0, -1.0, 1.0, -1.0, -1.0, 1.0, 1.0, -1.0, -1.0, 1.0, 1.0]]
  Reward: -0.2677668333053589
  Account Value: None
  Done: False
  Policy Mean: [[76.90914916992188, 3.696723461151123, 64.4673843383789, 53.18507385253906, 117.64518737792969, 102.49601745605469, 75.94776916503906, 155.646484375, 27.242748260498047, 85.87191772460938, 90.06715393066406, 52.17296600341797, 34.92275619506836, -11.676592826843262, 113.47636413574219, 35.38975143432617, 28.33548927307129, -4.349004745483398, 112.6622543334961, -4.063649654388428, 12.159600257873535, -36.435733795166016, -13.303214073181152, 140.3895721435547, 100.15574645996094, -2.272819757461548, -80.64704132080078, 63.95220184326172, 115.15695190429688]]
  Policy Std: [[43844.8984375, 515550.875, 121949.6796875, 89716.4453125, 35223.109375, 363774.28125, 88782.4921875, 28417.400390625, 544453.4375, 67847.6484375, 159043.265625, 78901.9296875, 364476.09375, 270021.5625, 215201.53125, 154119.296875, 45780.5703125, 563088.9375, 189447.625, 121240.2265625, 428509.0625, 22923.458984375, 192233.625, 1016043.375, 950219.375, 950403.375, 366705.03125, 58515.27734375, 410836.65625]]

Step 305:
  Date/Day: 306
  Action: [[1.0, 1.0, 1.0, 1.0, 1.0, 1.0, 1.0, 1.0, 1.0, 1.0, 1.0, 1.0, 1.0, -1.0, 1.0, 1.0, 1.0, -1.0, 1.0, -1.0, 1.0, -1.0, -1.0, 1.0, 1.0, -1.0, -1.0, 1.0, 1.0]]
  Reward: -0.585310697555542
  Account Value: None
  Done: False
  Policy Mean: [[76.90914916992188, 3.696723461151123, 64.4673843383789, 53.18507385253906, 117.64518737792969, 102.49601745605469, 75.94776916503906, 155.646484375, 27.242748260498047, 85.87191772460938, 90.06715393066406, 52.17296600341797, 34.92275619506836, -11.676592826843262, 113.47636413574219, 35.38975143432617, 28.33548927307129, -4.349004745483398, 112.6622543334961, -4.063649654388428, 12.159600257873535, -36.435733795166016, -13.303214073181152, 140.3895721435547, 100.15574645996094, -2.272819757461548, -80.64704132080078, 63.95220184326172, 115.15695190429688]]
  Policy Std: [[43844.8984375, 515550.875, 121949.6796875, 89716.4453125, 35223.109375, 363774.28125, 88782.4921875, 28417.400390625, 544453.4375, 67847.6484375, 159043.265625, 78901.9296875, 364476.09375, 270021.5625, 215201.53125, 154119.296875, 45780.5703125, 563088.9375, 189447.625, 121240.2265625, 428509.0625, 22923.458984375, 192233.625, 1016043.375, 950219.375, 950403.375, 366705.03125, 58515.27734375, 410836.65625]]

Step 306:
  Date/Day: 307
  Action: [[1.0, 1.0, 1.0, 1.0, 1.0, 1.0, 1.0, 1.0, 1.0, 1.0, 1.0, 1.0, 1.0, -1.0, 1.0, 1.0, 1.0, -1.0, 1.0, -1.0, 1.0, -1.0, -1.0, 1.0, 1.0, -1.0, -1.0, 1.0, 1.0]]
  Reward: -2.6314985752105713
  Account Value: None
  Done: False
  Policy Mean: [[76.91020202636719, 3.6941497325897217, 64.46658325195312, 53.1785888671875, 117.64315032958984, 102.4955062866211, 75.9469985961914, 155.6457061767578, 27.244216918945312, 85.86751556396484, 90.06450653076172, 52.170921325683594, 34.92216873168945, -11.676822662353516, 113.47582244873047, 35.38924789428711, 28.33321762084961, -4.351676940917969, 112.66064453125, -4.066215515136719, 12.158844947814941, -36.439422607421875, -13.304896354675293, 140.3920440673828, 100.15814208984375, -2.2733449935913086, -80.65061950683594, 63.95173263549805, 115.15758514404297]]
  Policy Std: [[43844.8984375, 515550.875, 121949.6796875, 89716.4453125, 35223.109375, 363774.28125, 88782.4921875, 28417.400390625, 544453.4375, 67847.6484375, 159043.265625, 78901.9296875, 364476.09375, 270021.5625, 215201.53125, 154119.296875, 45780.5703125, 563088.9375, 189447.625, 121240.2265625, 428509.0625, 22923.458984375, 192233.625, 1016043.375, 950219.375, 950403.375, 366705.03125, 58515.27734375, 410836.65625]]

Step 307:
  Date/Day: 308
  Action: [[1.0, 1.0, 1.0, 1.0, 1.0, 1.0, 1.0, 1.0, 1.0, 1.0, 1.0, 1.0, 1.0, -1.0, 1.0, 1.0, 1.0, -1.0, 1.0, -1.0, 1.0, -1.0, -1.0, 1.0, 1.0, -1.0, -1.0, 1.0, 1.0]]
  Reward: -0.2706722617149353
  Account Value: None
  Done: False
  Policy Mean: [[76.91020202636719, 3.6941497325897217, 64.46658325195312, 53.1785888671875, 117.64315032958984, 102.4955062866211, 75.9469985961914, 155.6457061767578, 27.244216918945312, 85.86751556396484, 90.06450653076172, 52.170921325683594, 34.92216873168945, -11.676822662353516, 113.47582244873047, 35.38924789428711, 28.33321762084961, -4.351676940917969, 112.66064453125, -4.066215515136719, 12.158844947814941, -36.439422607421875, -13.304896354675293, 140.3920440673828, 100.15814208984375, -2.2733449935913086, -80.65061950683594, 63.95173263549805, 115.15758514404297]]
  Policy Std: [[43844.8984375, 515550.875, 121949.6796875, 89716.4453125, 35223.109375, 363774.28125, 88782.4921875, 28417.400390625, 544453.4375, 67847.6484375, 159043.265625, 78901.9296875, 364476.09375, 270021.5625, 215201.53125, 154119.296875, 45780.5703125, 563088.9375, 189447.625, 121240.2265625, 428509.0625, 22923.458984375, 192233.625, 1016043.375, 950219.375, 950403.375, 366705.03125, 58515.27734375, 410836.65625]]

Step 308:
  Date/Day: 309
  Action: [[1.0, 1.0, 1.0, 1.0, 1.0, 1.0, 1.0, 1.0, 1.0, 1.0, 1.0, 1.0, 1.0, -1.0, 1.0, 1.0, 1.0, -1.0, 1.0, -1.0, 1.0, -1.0, -1.0, 1.0, 1.0, -1.0, -1.0, 1.0, 1.0]]
  Reward: 1.260489821434021
  Account Value: None
  Done: False
  Policy Mean: [[76.91020202636719, 3.6941497325897217, 64.46658325195312, 53.1785888671875, 117.64315032958984, 102.4955062866211, 75.9469985961914, 155.6457061767578, 27.244216918945312, 85.86751556396484, 90.06450653076172, 52.170921325683594, 34.92216873168945, -11.676822662353516, 113.47582244873047, 35.38924789428711, 28.33321762084961, -4.351676940917969, 112.66064453125, -4.066215515136719, 12.158844947814941, -36.439422607421875, -13.304896354675293, 140.3920440673828, 100.15814208984375, -2.2733449935913086, -80.65061950683594, 63.95173263549805, 115.15758514404297]]
  Policy Std: [[43844.8984375, 515550.875, 121949.6796875, 89716.4453125, 35223.109375, 363774.28125, 88782.4921875, 28417.400390625, 544453.4375, 67847.6484375, 159043.265625, 78901.9296875, 364476.09375, 270021.5625, 215201.53125, 154119.296875, 45780.5703125, 563088.9375, 189447.625, 121240.2265625, 428509.0625, 22923.458984375, 192233.625, 1016043.375, 950219.375, 950403.375, 366705.03125, 58515.27734375, 410836.65625]]

Step 309:
  Date/Day: 310
  Action: [[1.0, 1.0, 1.0, 1.0, 1.0, 1.0, 1.0, 1.0, 1.0, 1.0, 1.0, 1.0, 1.0, -1.0, 1.0, 1.0, 1.0, -1.0, 1.0, -1.0, 1.0, -1.0, -1.0, 1.0, 1.0, -1.0, -1.0, 1.0, 1.0]]
  Reward: 1.9162288904190063
  Account Value: None
  Done: False
  Policy Mean: [[76.91020202636719, 3.6941497325897217, 64.46658325195312, 53.1785888671875, 117.64315032958984, 102.4955062866211, 75.9469985961914, 155.6457061767578, 27.244216918945312, 85.86751556396484, 90.06450653076172, 52.170921325683594, 34.92216873168945, -11.676822662353516, 113.47582244873047, 35.38924789428711, 28.33321762084961, -4.351676940917969, 112.66064453125, -4.066215515136719, 12.158844947814941, -36.439422607421875, -13.304896354675293, 140.3920440673828, 100.15814208984375, -2.2733449935913086, -80.65061950683594, 63.95173263549805, 115.15758514404297]]
  Policy Std: [[43844.8984375, 515550.875, 121949.6796875, 89716.4453125, 35223.109375, 363774.28125, 88782.4921875, 28417.400390625, 544453.4375, 67847.6484375, 159043.265625, 78901.9296875, 364476.09375, 270021.5625, 215201.53125, 154119.296875, 45780.5703125, 563088.9375, 189447.625, 121240.2265625, 428509.0625, 22923.458984375, 192233.625, 1016043.375, 950219.375, 950403.375, 366705.03125, 58515.27734375, 410836.65625]]

Step 310:
  Date/Day: 311
  Action: [[1.0, 1.0, 1.0, 1.0, 1.0, 1.0, 1.0, 1.0, 1.0, 1.0, 1.0, 1.0, 1.0, -1.0, 1.0, 1.0, 1.0, -1.0, 1.0, -1.0, 1.0, -1.0, -1.0, 1.0, 1.0, -1.0, -1.0, 1.0, 1.0]]
  Reward: 0.31399399042129517
  Account Value: None
  Done: False
  Policy Mean: [[76.91016387939453, 3.6479146480560303, 64.44342803955078, 53.10847091674805, 117.60730743408203, 102.45299530029297, 75.92713165283203, 155.60934448242188, 27.264856338500977, 85.8223876953125, 90.01502990722656, 52.1613883972168, 34.90835952758789, -11.668034553527832, 113.46409606933594, 35.38536071777344, 28.28207015991211, -4.3661580085754395, 112.63377380371094, -4.0855841636657715, 12.15674877166748, -36.46759033203125, -13.323654174804688, 140.4062042236328, 100.18894958496094, -2.272672414779663, -80.6799545288086, 63.945560455322266, 115.15189361572266]]
  Policy Std: [[43844.8984375, 515550.875, 121949.6796875, 89716.4453125, 35223.109375, 363774.28125, 88782.4921875, 28417.400390625, 544453.4375, 67847.6484375, 159043.265625, 78901.9296875, 364476.09375, 270021.5625, 215201.53125, 154119.296875, 45780.5703125, 563088.9375, 189447.625, 121240.2265625, 428509.0625, 22923.458984375, 192233.625, 1016043.375, 950219.375, 950403.375, 366705.03125, 58515.27734375, 410836.65625]]

Step 311:
  Date/Day: 312
  Action: [[1.0, 1.0, 1.0, 1.0, 1.0, 1.0, 1.0, 1.0, 1.0, 1.0, 1.0, 1.0, 1.0, -1.0, 1.0, 1.0, 1.0, -1.0, 1.0, -1.0, 1.0, -1.0, -1.0, 1.0, 1.0, -1.0, -1.0, 1.0, 1.0]]
  Reward: 0.2726983428001404
  Account Value: None
  Done: False
  Policy Mean: [[76.91016387939453, 3.6478936672210693, 64.44342041015625, 53.10844039916992, 117.6072998046875, 102.4529800415039, 75.9271240234375, 155.60934448242188, 27.26486587524414, 85.82235717773438, 90.01500701904297, 52.161380767822266, 34.908355712890625, -11.668030738830566, 113.4640884399414, 35.38535690307617, 28.282047271728516, -4.3661651611328125, 112.63375854492188, -4.085593223571777, 12.15674877166748, -36.46760559082031, -13.323662757873535, 140.40621948242188, 100.18896484375, -2.272672414779663, -80.67996978759766, 63.945552825927734, 115.15188598632812]]
  Policy Std: [[43844.8984375, 515550.875, 121949.6796875, 89716.4453125, 35223.109375, 363774.28125, 88782.4921875, 28417.400390625, 544453.4375, 67847.6484375, 159043.265625, 78901.9296875, 364476.09375, 270021.5625, 215201.53125, 154119.296875, 45780.5703125, 563088.9375, 189447.625, 121240.2265625, 428509.0625, 22923.458984375, 192233.625, 1016043.375, 950219.375, 950403.375, 366705.03125, 58515.27734375, 410836.65625]]

Step 312:
  Date/Day: 313
  Action: [[1.0, 1.0, 1.0, 1.0, 1.0, 1.0, 1.0, 1.0, 1.0, 1.0, 1.0, 1.0, 1.0, -1.0, 1.0, 1.0, 1.0, -1.0, 1.0, -1.0, 1.0, -1.0, -1.0, 1.0, 1.0, -1.0, -1.0, 1.0, 1.0]]
  Reward: -2.4413514137268066
  Account Value: None
  Done: False
  Policy Mean: [[76.9088363647461, 3.673914909362793, 64.45564270019531, 53.14973831176758, 117.6268081665039, 102.4747085571289, 75.93749237060547, 155.62783813476562, 27.252643585205078, 85.84884643554688, 90.0422134399414, 52.167694091796875, 34.91583251953125, -11.67236328125, 113.4697494506836, 35.38766098022461, 28.310312271118164, -4.356412410736084, 112.64815521240234, -4.073514461517334, 12.15839672088623, -36.449710845947266, -13.312460899353027, 140.39576721191406, 100.17021179199219, -2.2725119590759277, -80.66117095947266, 63.94870376586914, 115.15355682373047]]
  Policy Std: [[43844.8984375, 515550.875, 121949.6796875, 89716.4453125, 35223.109375, 363774.28125, 88782.4921875, 28417.400390625, 544453.4375, 67847.6484375, 159043.265625, 78901.9296875, 364476.09375, 270021.5625, 215201.53125, 154119.296875, 45780.5703125, 563088.9375, 189447.625, 121240.2265625, 428509.0625, 22923.458984375, 192233.625, 1016043.375, 950219.375, 950403.375, 366705.03125, 58515.27734375, 410836.65625]]

Step 313:
  Date/Day: 314
  Action: [[1.0, 1.0, 1.0, 1.0, 1.0, 1.0, 1.0, 1.0, 1.0, 1.0, 1.0, 1.0, 1.0, -1.0, 1.0, 1.0, 1.0, -1.0, 1.0, -1.0, 1.0, -1.0, -1.0, 1.0, 1.0, -1.0, -1.0, 1.0, 1.0]]
  Reward: 0.3347407579421997
  Account Value: None
  Done: False
  Policy Mean: [[76.90914916992188, 3.696723461151123, 64.4673843383789, 53.18507385253906, 117.64518737792969, 102.49601745605469, 75.94776916503906, 155.646484375, 27.242748260498047, 85.87191772460938, 90.06715393066406, 52.17296600341797, 34.92275619506836, -11.676592826843262, 113.47636413574219, 35.38975143432617, 28.33548927307129, -4.349004745483398, 112.6622543334961, -4.063649654388428, 12.159600257873535, -36.435733795166016, -13.303214073181152, 140.3895721435547, 100.15574645996094, -2.272819757461548, -80.64704132080078, 63.95220184326172, 115.15695190429688]]
  Policy Std: [[43844.8984375, 515550.875, 121949.6796875, 89716.4453125, 35223.109375, 363774.28125, 88782.4921875, 28417.400390625, 544453.4375, 67847.6484375, 159043.265625, 78901.9296875, 364476.09375, 270021.5625, 215201.53125, 154119.296875, 45780.5703125, 563088.9375, 189447.625, 121240.2265625, 428509.0625, 22923.458984375, 192233.625, 1016043.375, 950219.375, 950403.375, 366705.03125, 58515.27734375, 410836.65625]]

Step 314:
  Date/Day: 315
  Action: [[1.0, 1.0, 1.0, 1.0, 1.0, 1.0, 1.0, 1.0, 1.0, 1.0, 1.0, 1.0, 1.0, -1.0, 1.0, 1.0, 1.0, -1.0, 1.0, -1.0, 1.0, -1.0, -1.0, 1.0, 1.0, -1.0, -1.0, 1.0, 1.0]]
  Reward: -2.3533239364624023
  Account Value: None
  Done: False
  Policy Mean: [[76.90914916992188, 3.696723461151123, 64.4673843383789, 53.18507385253906, 117.64518737792969, 102.49601745605469, 75.94776916503906, 155.646484375, 27.242748260498047, 85.87191772460938, 90.06715393066406, 52.17296600341797, 34.92275619506836, -11.676592826843262, 113.47636413574219, 35.38975143432617, 28.33548927307129, -4.349004745483398, 112.6622543334961, -4.063649654388428, 12.159600257873535, -36.435733795166016, -13.303214073181152, 140.3895721435547, 100.15574645996094, -2.272819757461548, -80.64704132080078, 63.95220184326172, 115.15695190429688]]
  Policy Std: [[43844.8984375, 515550.875, 121949.6796875, 89716.4453125, 35223.109375, 363774.28125, 88782.4921875, 28417.400390625, 544453.4375, 67847.6484375, 159043.265625, 78901.9296875, 364476.09375, 270021.5625, 215201.53125, 154119.296875, 45780.5703125, 563088.9375, 189447.625, 121240.2265625, 428509.0625, 22923.458984375, 192233.625, 1016043.375, 950219.375, 950403.375, 366705.03125, 58515.27734375, 410836.65625]]

Step 315:
  Date/Day: 316
  Action: [[1.0, 1.0, 1.0, 1.0, 1.0, 1.0, 1.0, 1.0, 1.0, 1.0, 1.0, 1.0, 1.0, -1.0, 1.0, 1.0, 1.0, -1.0, 1.0, -1.0, 1.0, -1.0, -1.0, 1.0, 1.0, -1.0, -1.0, 1.0, 1.0]]
  Reward: 1.6712920665740967
  Account Value: None
  Done: False
  Policy Mean: [[76.91020202636719, 3.6941497325897217, 64.46658325195312, 53.1785888671875, 117.64315032958984, 102.4955062866211, 75.9469985961914, 155.6457061767578, 27.244216918945312, 85.86751556396484, 90.06450653076172, 52.170921325683594, 34.92216873168945, -11.676822662353516, 113.47582244873047, 35.38924789428711, 28.33321762084961, -4.351676940917969, 112.66064453125, -4.066215515136719, 12.158844947814941, -36.439422607421875, -13.304896354675293, 140.3920440673828, 100.15814208984375, -2.2733449935913086, -80.65061950683594, 63.95173263549805, 115.15758514404297]]
  Policy Std: [[43844.8984375, 515550.875, 121949.6796875, 89716.4453125, 35223.109375, 363774.28125, 88782.4921875, 28417.400390625, 544453.4375, 67847.6484375, 159043.265625, 78901.9296875, 364476.09375, 270021.5625, 215201.53125, 154119.296875, 45780.5703125, 563088.9375, 189447.625, 121240.2265625, 428509.0625, 22923.458984375, 192233.625, 1016043.375, 950219.375, 950403.375, 366705.03125, 58515.27734375, 410836.65625]]

Step 316:
  Date/Day: 317
  Action: [[1.0, 1.0, 1.0, 1.0, 1.0, 1.0, 1.0, 1.0, 1.0, 1.0, 1.0, 1.0, 1.0, -1.0, 1.0, 1.0, 1.0, -1.0, 1.0, -1.0, 1.0, -1.0, -1.0, 1.0, 1.0, -1.0, -1.0, 1.0, 1.0]]
  Reward: -1.4509929418563843
  Account Value: None
  Done: False
  Policy Mean: [[76.90914916992188, 3.696723461151123, 64.4673843383789, 53.18507385253906, 117.64518737792969, 102.49601745605469, 75.94776916503906, 155.646484375, 27.242748260498047, 85.87191772460938, 90.06715393066406, 52.17296600341797, 34.92275619506836, -11.676592826843262, 113.47636413574219, 35.38975143432617, 28.33548927307129, -4.349004745483398, 112.6622543334961, -4.063649654388428, 12.159600257873535, -36.435733795166016, -13.303214073181152, 140.3895721435547, 100.15574645996094, -2.272819757461548, -80.64704132080078, 63.95220184326172, 115.15695190429688]]
  Policy Std: [[43844.8984375, 515550.875, 121949.6796875, 89716.4453125, 35223.109375, 363774.28125, 88782.4921875, 28417.400390625, 544453.4375, 67847.6484375, 159043.265625, 78901.9296875, 364476.09375, 270021.5625, 215201.53125, 154119.296875, 45780.5703125, 563088.9375, 189447.625, 121240.2265625, 428509.0625, 22923.458984375, 192233.625, 1016043.375, 950219.375, 950403.375, 366705.03125, 58515.27734375, 410836.65625]]

Step 317:
  Date/Day: 318
  Action: [[1.0, 1.0, 1.0, 1.0, 1.0, 1.0, 1.0, 1.0, 1.0, 1.0, 1.0, 1.0, 1.0, -1.0, 1.0, 1.0, 1.0, -1.0, 1.0, -1.0, 1.0, -1.0, -1.0, 1.0, 1.0, -1.0, -1.0, 1.0, 1.0]]
  Reward: 1.4792125225067139
  Account Value: None
  Done: False
  Policy Mean: [[76.90914916992188, 3.696723461151123, 64.4673843383789, 53.18507385253906, 117.64518737792969, 102.49601745605469, 75.94776916503906, 155.646484375, 27.242748260498047, 85.87191772460938, 90.06715393066406, 52.17296600341797, 34.92275619506836, -11.676592826843262, 113.47636413574219, 35.38975143432617, 28.33548927307129, -4.349004745483398, 112.6622543334961, -4.063649654388428, 12.159600257873535, -36.435733795166016, -13.303214073181152, 140.3895721435547, 100.15574645996094, -2.272819757461548, -80.64704132080078, 63.95220184326172, 115.15695190429688]]
  Policy Std: [[43844.8984375, 515550.875, 121949.6796875, 89716.4453125, 35223.109375, 363774.28125, 88782.4921875, 28417.400390625, 544453.4375, 67847.6484375, 159043.265625, 78901.9296875, 364476.09375, 270021.5625, 215201.53125, 154119.296875, 45780.5703125, 563088.9375, 189447.625, 121240.2265625, 428509.0625, 22923.458984375, 192233.625, 1016043.375, 950219.375, 950403.375, 366705.03125, 58515.27734375, 410836.65625]]

Step 318:
  Date/Day: 319
  Action: [[1.0, 1.0, 1.0, 1.0, 1.0, 1.0, 1.0, 1.0, 1.0, 1.0, 1.0, 1.0, 1.0, -1.0, 1.0, 1.0, 1.0, -1.0, 1.0, -1.0, 1.0, -1.0, -1.0, 1.0, 1.0, -1.0, -1.0, 1.0, 1.0]]
  Reward: 0.48067617416381836
  Account Value: None
  Done: False
  Policy Mean: [[76.90914916992188, 3.696723461151123, 64.4673843383789, 53.18507385253906, 117.64518737792969, 102.49601745605469, 75.94776916503906, 155.646484375, 27.242748260498047, 85.87191772460938, 90.06715393066406, 52.17296600341797, 34.92275619506836, -11.676592826843262, 113.47636413574219, 35.38975143432617, 28.33548927307129, -4.349004745483398, 112.6622543334961, -4.063649654388428, 12.159600257873535, -36.435733795166016, -13.303214073181152, 140.3895721435547, 100.15574645996094, -2.272819757461548, -80.64704132080078, 63.95220184326172, 115.15695190429688]]
  Policy Std: [[43844.8984375, 515550.875, 121949.6796875, 89716.4453125, 35223.109375, 363774.28125, 88782.4921875, 28417.400390625, 544453.4375, 67847.6484375, 159043.265625, 78901.9296875, 364476.09375, 270021.5625, 215201.53125, 154119.296875, 45780.5703125, 563088.9375, 189447.625, 121240.2265625, 428509.0625, 22923.458984375, 192233.625, 1016043.375, 950219.375, 950403.375, 366705.03125, 58515.27734375, 410836.65625]]

Step 319:
  Date/Day: 320
  Action: [[1.0, 1.0, 1.0, 1.0, 1.0, 1.0, 1.0, 1.0, 1.0, 1.0, 1.0, 1.0, 1.0, -1.0, 1.0, 1.0, 1.0, -1.0, 1.0, -1.0, 1.0, -1.0, -1.0, 1.0, 1.0, -1.0, -1.0, 1.0, 1.0]]
  Reward: 1.3802229166030884
  Account Value: None
  Done: False
  Policy Mean: [[76.90914916992188, 3.696723461151123, 64.4673843383789, 53.18507385253906, 117.64518737792969, 102.49601745605469, 75.94776916503906, 155.646484375, 27.242748260498047, 85.87191772460938, 90.06715393066406, 52.17296600341797, 34.92275619506836, -11.676592826843262, 113.47636413574219, 35.38975143432617, 28.33548927307129, -4.349004745483398, 112.6622543334961, -4.063649654388428, 12.159600257873535, -36.435733795166016, -13.303214073181152, 140.3895721435547, 100.15574645996094, -2.272819757461548, -80.64704132080078, 63.95220184326172, 115.15695190429688]]
  Policy Std: [[43844.8984375, 515550.875, 121949.6796875, 89716.4453125, 35223.109375, 363774.28125, 88782.4921875, 28417.400390625, 544453.4375, 67847.6484375, 159043.265625, 78901.9296875, 364476.09375, 270021.5625, 215201.53125, 154119.296875, 45780.5703125, 563088.9375, 189447.625, 121240.2265625, 428509.0625, 22923.458984375, 192233.625, 1016043.375, 950219.375, 950403.375, 366705.03125, 58515.27734375, 410836.65625]]

Step 320:
  Date/Day: 321
  Action: [[1.0, 1.0, 1.0, 1.0, 1.0, 1.0, 1.0, 1.0, 1.0, 1.0, 1.0, 1.0, 1.0, -1.0, 1.0, 1.0, 1.0, -1.0, 1.0, -1.0, 1.0, -1.0, -1.0, 1.0, 1.0, -1.0, -1.0, 1.0, 1.0]]
  Reward: 0.05812006816267967
  Account Value: None
  Done: False
  Policy Mean: [[76.9088363647461, 3.673914909362793, 64.45564270019531, 53.14973831176758, 117.6268081665039, 102.4747085571289, 75.93749237060547, 155.62783813476562, 27.252643585205078, 85.84884643554688, 90.0422134399414, 52.167694091796875, 34.91583251953125, -11.67236328125, 113.4697494506836, 35.38766098022461, 28.310312271118164, -4.356412410736084, 112.64815521240234, -4.073514461517334, 12.15839672088623, -36.449710845947266, -13.312460899353027, 140.39576721191406, 100.17021179199219, -2.2725119590759277, -80.66117095947266, 63.94870376586914, 115.15355682373047]]
  Policy Std: [[43844.8984375, 515550.875, 121949.6796875, 89716.4453125, 35223.109375, 363774.28125, 88782.4921875, 28417.400390625, 544453.4375, 67847.6484375, 159043.265625, 78901.9296875, 364476.09375, 270021.5625, 215201.53125, 154119.296875, 45780.5703125, 563088.9375, 189447.625, 121240.2265625, 428509.0625, 22923.458984375, 192233.625, 1016043.375, 950219.375, 950403.375, 366705.03125, 58515.27734375, 410836.65625]]

Step 321:
  Date/Day: 322
  Action: [[1.0, 1.0, 1.0, 1.0, 1.0, 1.0, 1.0, 1.0, 1.0, 1.0, 1.0, 1.0, 1.0, -1.0, 1.0, 1.0, 1.0, -1.0, 1.0, -1.0, 1.0, -1.0, -1.0, 1.0, 1.0, -1.0, -1.0, 1.0, 1.0]]
  Reward: -0.8435083627700806
  Account Value: None
  Done: False
  Policy Mean: [[76.9088363647461, 3.673914909362793, 64.45564270019531, 53.14973831176758, 117.6268081665039, 102.4747085571289, 75.93749237060547, 155.62783813476562, 27.252643585205078, 85.84884643554688, 90.0422134399414, 52.167694091796875, 34.91583251953125, -11.67236328125, 113.4697494506836, 35.38766098022461, 28.310312271118164, -4.356412410736084, 112.64815521240234, -4.073514461517334, 12.15839672088623, -36.449710845947266, -13.312460899353027, 140.39576721191406, 100.17021179199219, -2.2725119590759277, -80.66117095947266, 63.94870376586914, 115.15355682373047]]
  Policy Std: [[43844.8984375, 515550.875, 121949.6796875, 89716.4453125, 35223.109375, 363774.28125, 88782.4921875, 28417.400390625, 544453.4375, 67847.6484375, 159043.265625, 78901.9296875, 364476.09375, 270021.5625, 215201.53125, 154119.296875, 45780.5703125, 563088.9375, 189447.625, 121240.2265625, 428509.0625, 22923.458984375, 192233.625, 1016043.375, 950219.375, 950403.375, 366705.03125, 58515.27734375, 410836.65625]]

Step 322:
  Date/Day: 323
  Action: [[1.0, 1.0, 1.0, 1.0, 1.0, 1.0, 1.0, 1.0, 1.0, 1.0, 1.0, 1.0, 1.0, -1.0, 1.0, 1.0, 1.0, -1.0, 1.0, -1.0, 1.0, -1.0, -1.0, 1.0, 1.0, -1.0, -1.0, 1.0, 1.0]]
  Reward: -0.4516264796257019
  Account Value: None
  Done: False
  Policy Mean: [[76.9088363647461, 3.673914909362793, 64.45564270019531, 53.14973831176758, 117.6268081665039, 102.4747085571289, 75.93749237060547, 155.62783813476562, 27.252643585205078, 85.84884643554688, 90.0422134399414, 52.167694091796875, 34.91583251953125, -11.67236328125, 113.4697494506836, 35.38766098022461, 28.310312271118164, -4.356412410736084, 112.64815521240234, -4.073514461517334, 12.15839672088623, -36.449710845947266, -13.312460899353027, 140.39576721191406, 100.17021179199219, -2.2725119590759277, -80.66117095947266, 63.94870376586914, 115.15355682373047]]
  Policy Std: [[43844.8984375, 515550.875, 121949.6796875, 89716.4453125, 35223.109375, 363774.28125, 88782.4921875, 28417.400390625, 544453.4375, 67847.6484375, 159043.265625, 78901.9296875, 364476.09375, 270021.5625, 215201.53125, 154119.296875, 45780.5703125, 563088.9375, 189447.625, 121240.2265625, 428509.0625, 22923.458984375, 192233.625, 1016043.375, 950219.375, 950403.375, 366705.03125, 58515.27734375, 410836.65625]]

Step 323:
  Date/Day: 324
  Action: [[1.0, 1.0, 1.0, 1.0, 1.0, 1.0, 1.0, 1.0, 1.0, 1.0, 1.0, 1.0, 1.0, -1.0, 1.0, 1.0, 1.0, -1.0, 1.0, -1.0, 1.0, -1.0, -1.0, 1.0, 1.0, -1.0, -1.0, 1.0, 1.0]]
  Reward: 0.08634888380765915
  Account Value: None
  Done: False
  Policy Mean: [[76.9088363647461, 3.673914909362793, 64.45564270019531, 53.14973831176758, 117.6268081665039, 102.4747085571289, 75.93749237060547, 155.62783813476562, 27.252643585205078, 85.84884643554688, 90.0422134399414, 52.167694091796875, 34.91583251953125, -11.67236328125, 113.4697494506836, 35.38766098022461, 28.310312271118164, -4.356412410736084, 112.64815521240234, -4.073514461517334, 12.15839672088623, -36.449710845947266, -13.312460899353027, 140.39576721191406, 100.17021179199219, -2.2725119590759277, -80.66117095947266, 63.94870376586914, 115.15355682373047]]
  Policy Std: [[43844.8984375, 515550.875, 121949.6796875, 89716.4453125, 35223.109375, 363774.28125, 88782.4921875, 28417.400390625, 544453.4375, 67847.6484375, 159043.265625, 78901.9296875, 364476.09375, 270021.5625, 215201.53125, 154119.296875, 45780.5703125, 563088.9375, 189447.625, 121240.2265625, 428509.0625, 22923.458984375, 192233.625, 1016043.375, 950219.375, 950403.375, 366705.03125, 58515.27734375, 410836.65625]]

Step 324:
  Date/Day: 325
  Action: [[1.0, 1.0, 1.0, 1.0, 1.0, 1.0, 1.0, 1.0, 1.0, 1.0, 1.0, 1.0, 1.0, -1.0, 1.0, 1.0, 1.0, -1.0, 1.0, -1.0, 1.0, -1.0, -1.0, 1.0, 1.0, -1.0, -1.0, 1.0, 1.0]]
  Reward: 2.408684730529785
  Account Value: None
  Done: False
  Policy Mean: [[76.90914916992188, 3.696723461151123, 64.4673843383789, 53.18507385253906, 117.64518737792969, 102.49601745605469, 75.94776916503906, 155.646484375, 27.242748260498047, 85.87191772460938, 90.06715393066406, 52.17296600341797, 34.92275619506836, -11.676592826843262, 113.47636413574219, 35.38975143432617, 28.33548927307129, -4.349004745483398, 112.6622543334961, -4.063649654388428, 12.159600257873535, -36.435733795166016, -13.303214073181152, 140.3895721435547, 100.15574645996094, -2.272819757461548, -80.64704132080078, 63.95220184326172, 115.15695190429688]]
  Policy Std: [[43844.8984375, 515550.875, 121949.6796875, 89716.4453125, 35223.109375, 363774.28125, 88782.4921875, 28417.400390625, 544453.4375, 67847.6484375, 159043.265625, 78901.9296875, 364476.09375, 270021.5625, 215201.53125, 154119.296875, 45780.5703125, 563088.9375, 189447.625, 121240.2265625, 428509.0625, 22923.458984375, 192233.625, 1016043.375, 950219.375, 950403.375, 366705.03125, 58515.27734375, 410836.65625]]

Step 325:
  Date/Day: 326
  Action: [[1.0, 1.0, 1.0, 1.0, 1.0, 1.0, 1.0, 1.0, 1.0, 1.0, 1.0, 1.0, 1.0, -1.0, 1.0, 1.0, 1.0, -1.0, 1.0, -1.0, 1.0, -1.0, -1.0, 1.0, 1.0, -1.0, -1.0, 1.0, 1.0]]
  Reward: 1.644388198852539
  Account Value: None
  Done: False
  Policy Mean: [[76.9088363647461, 3.673914909362793, 64.45564270019531, 53.14973831176758, 117.6268081665039, 102.4747085571289, 75.93749237060547, 155.62783813476562, 27.252643585205078, 85.84884643554688, 90.0422134399414, 52.167694091796875, 34.91583251953125, -11.67236328125, 113.4697494506836, 35.38766098022461, 28.310312271118164, -4.356412410736084, 112.64815521240234, -4.073514461517334, 12.15839672088623, -36.449710845947266, -13.312460899353027, 140.39576721191406, 100.17021179199219, -2.2725119590759277, -80.66117095947266, 63.94870376586914, 115.15355682373047]]
  Policy Std: [[43844.8984375, 515550.875, 121949.6796875, 89716.4453125, 35223.109375, 363774.28125, 88782.4921875, 28417.400390625, 544453.4375, 67847.6484375, 159043.265625, 78901.9296875, 364476.09375, 270021.5625, 215201.53125, 154119.296875, 45780.5703125, 563088.9375, 189447.625, 121240.2265625, 428509.0625, 22923.458984375, 192233.625, 1016043.375, 950219.375, 950403.375, 366705.03125, 58515.27734375, 410836.65625]]

Step 326:
  Date/Day: 327
  Action: [[1.0, 1.0, 1.0, 1.0, 1.0, 1.0, 1.0, 1.0, 1.0, 1.0, 1.0, 1.0, 1.0, -1.0, 1.0, 1.0, 1.0, -1.0, 1.0, -1.0, 1.0, -1.0, -1.0, 1.0, 1.0, -1.0, -1.0, 1.0, 1.0]]
  Reward: -0.08627431094646454
  Account Value: None
  Done: False
  Policy Mean: [[76.9088363647461, 3.673914909362793, 64.45564270019531, 53.14973831176758, 117.6268081665039, 102.4747085571289, 75.93749237060547, 155.62783813476562, 27.252643585205078, 85.84884643554688, 90.0422134399414, 52.167694091796875, 34.91583251953125, -11.67236328125, 113.4697494506836, 35.38766098022461, 28.310312271118164, -4.356412410736084, 112.64815521240234, -4.073514461517334, 12.15839672088623, -36.449710845947266, -13.312460899353027, 140.39576721191406, 100.17021179199219, -2.2725119590759277, -80.66117095947266, 63.94870376586914, 115.15355682373047]]
  Policy Std: [[43844.8984375, 515550.875, 121949.6796875, 89716.4453125, 35223.109375, 363774.28125, 88782.4921875, 28417.400390625, 544453.4375, 67847.6484375, 159043.265625, 78901.9296875, 364476.09375, 270021.5625, 215201.53125, 154119.296875, 45780.5703125, 563088.9375, 189447.625, 121240.2265625, 428509.0625, 22923.458984375, 192233.625, 1016043.375, 950219.375, 950403.375, 366705.03125, 58515.27734375, 410836.65625]]

Step 327:
  Date/Day: 328
  Action: [[1.0, 1.0, 1.0, 1.0, 1.0, 1.0, 1.0, 1.0, 1.0, 1.0, 1.0, 1.0, 1.0, -1.0, 1.0, 1.0, 1.0, -1.0, 1.0, -1.0, 1.0, -1.0, -1.0, 1.0, 1.0, -1.0, -1.0, 1.0, 1.0]]
  Reward: 0.8486882448196411
  Account Value: None
  Done: False
  Policy Mean: [[76.9088363647461, 3.673914909362793, 64.45564270019531, 53.14973831176758, 117.6268081665039, 102.4747085571289, 75.93749237060547, 155.62783813476562, 27.252643585205078, 85.84884643554688, 90.0422134399414, 52.167694091796875, 34.91583251953125, -11.67236328125, 113.4697494506836, 35.38766098022461, 28.310312271118164, -4.356412410736084, 112.64815521240234, -4.073514461517334, 12.15839672088623, -36.449710845947266, -13.312460899353027, 140.39576721191406, 100.17021179199219, -2.2725119590759277, -80.66117095947266, 63.94870376586914, 115.15355682373047]]
  Policy Std: [[43844.8984375, 515550.875, 121949.6796875, 89716.4453125, 35223.109375, 363774.28125, 88782.4921875, 28417.400390625, 544453.4375, 67847.6484375, 159043.265625, 78901.9296875, 364476.09375, 270021.5625, 215201.53125, 154119.296875, 45780.5703125, 563088.9375, 189447.625, 121240.2265625, 428509.0625, 22923.458984375, 192233.625, 1016043.375, 950219.375, 950403.375, 366705.03125, 58515.27734375, 410836.65625]]

Step 328:
  Date/Day: 329
  Action: [[1.0, 1.0, 1.0, 1.0, 1.0, 1.0, 1.0, 1.0, 1.0, 1.0, 1.0, 1.0, 1.0, -1.0, 1.0, 1.0, 1.0, -1.0, 1.0, -1.0, 1.0, -1.0, -1.0, 1.0, 1.0, -1.0, -1.0, 1.0, 1.0]]
  Reward: 0.8337962031364441
  Account Value: None
  Done: False
  Policy Mean: [[76.9088363647461, 3.673914909362793, 64.45564270019531, 53.14973831176758, 117.6268081665039, 102.4747085571289, 75.93749237060547, 155.62783813476562, 27.252643585205078, 85.84884643554688, 90.0422134399414, 52.167694091796875, 34.91583251953125, -11.67236328125, 113.4697494506836, 35.38766098022461, 28.310312271118164, -4.356412410736084, 112.64815521240234, -4.073514461517334, 12.15839672088623, -36.449710845947266, -13.312460899353027, 140.39576721191406, 100.17021179199219, -2.2725119590759277, -80.66117095947266, 63.94870376586914, 115.15355682373047]]
  Policy Std: [[43844.8984375, 515550.875, 121949.6796875, 89716.4453125, 35223.109375, 363774.28125, 88782.4921875, 28417.400390625, 544453.4375, 67847.6484375, 159043.265625, 78901.9296875, 364476.09375, 270021.5625, 215201.53125, 154119.296875, 45780.5703125, 563088.9375, 189447.625, 121240.2265625, 428509.0625, 22923.458984375, 192233.625, 1016043.375, 950219.375, 950403.375, 366705.03125, 58515.27734375, 410836.65625]]

Step 329:
  Date/Day: 330
  Action: [[1.0, 1.0, 1.0, 1.0, 1.0, 1.0, 1.0, 1.0, 1.0, 1.0, 1.0, 1.0, 1.0, -1.0, 1.0, 1.0, 1.0, -1.0, 1.0, -1.0, 1.0, -1.0, -1.0, 1.0, 1.0, -1.0, -1.0, 1.0, 1.0]]
  Reward: 0.10985928773880005
  Account Value: None
  Done: False
  Policy Mean: [[76.9088363647461, 3.673914909362793, 64.45564270019531, 53.14973831176758, 117.6268081665039, 102.4747085571289, 75.93749237060547, 155.62783813476562, 27.252643585205078, 85.84884643554688, 90.0422134399414, 52.167694091796875, 34.91583251953125, -11.67236328125, 113.4697494506836, 35.38766098022461, 28.310312271118164, -4.356412410736084, 112.64815521240234, -4.073514461517334, 12.15839672088623, -36.449710845947266, -13.312460899353027, 140.39576721191406, 100.17021179199219, -2.2725119590759277, -80.66117095947266, 63.94870376586914, 115.15355682373047]]
  Policy Std: [[43844.8984375, 515550.875, 121949.6796875, 89716.4453125, 35223.109375, 363774.28125, 88782.4921875, 28417.400390625, 544453.4375, 67847.6484375, 159043.265625, 78901.9296875, 364476.09375, 270021.5625, 215201.53125, 154119.296875, 45780.5703125, 563088.9375, 189447.625, 121240.2265625, 428509.0625, 22923.458984375, 192233.625, 1016043.375, 950219.375, 950403.375, 366705.03125, 58515.27734375, 410836.65625]]

Step 330:
  Date/Day: 331
  Action: [[1.0, 1.0, 1.0, 1.0, 1.0, 1.0, 1.0, 1.0, 1.0, 1.0, 1.0, 1.0, 1.0, -1.0, 1.0, 1.0, 1.0, -1.0, 1.0, -1.0, 1.0, -1.0, -1.0, 1.0, 1.0, -1.0, -1.0, 1.0, 1.0]]
  Reward: 0.6531444787979126
  Account Value: None
  Done: False
  Policy Mean: [[76.9088363647461, 3.673914909362793, 64.45564270019531, 53.14973831176758, 117.6268081665039, 102.4747085571289, 75.93749237060547, 155.62783813476562, 27.252643585205078, 85.84884643554688, 90.0422134399414, 52.167694091796875, 34.91583251953125, -11.67236328125, 113.4697494506836, 35.38766098022461, 28.310312271118164, -4.356412410736084, 112.64815521240234, -4.073514461517334, 12.15839672088623, -36.449710845947266, -13.312460899353027, 140.39576721191406, 100.17021179199219, -2.2725119590759277, -80.66117095947266, 63.94870376586914, 115.15355682373047]]
  Policy Std: [[43844.8984375, 515550.875, 121949.6796875, 89716.4453125, 35223.109375, 363774.28125, 88782.4921875, 28417.400390625, 544453.4375, 67847.6484375, 159043.265625, 78901.9296875, 364476.09375, 270021.5625, 215201.53125, 154119.296875, 45780.5703125, 563088.9375, 189447.625, 121240.2265625, 428509.0625, 22923.458984375, 192233.625, 1016043.375, 950219.375, 950403.375, 366705.03125, 58515.27734375, 410836.65625]]

Step 331:
  Date/Day: 332
  Action: [[1.0, 1.0, 1.0, 1.0, 1.0, 1.0, 1.0, 1.0, 1.0, 1.0, 1.0, 1.0, 1.0, -1.0, 1.0, 1.0, 1.0, -1.0, 1.0, -1.0, 1.0, -1.0, -1.0, 1.0, 1.0, -1.0, -1.0, 1.0, 1.0]]
  Reward: 0.2526676654815674
  Account Value: None
  Done: False
  Policy Mean: [[76.9088363647461, 3.673914909362793, 64.45564270019531, 53.14973831176758, 117.6268081665039, 102.4747085571289, 75.93749237060547, 155.62783813476562, 27.252643585205078, 85.84884643554688, 90.0422134399414, 52.167694091796875, 34.91583251953125, -11.67236328125, 113.4697494506836, 35.38766098022461, 28.310312271118164, -4.356412410736084, 112.64815521240234, -4.073514461517334, 12.15839672088623, -36.449710845947266, -13.312460899353027, 140.39576721191406, 100.17021179199219, -2.2725119590759277, -80.66117095947266, 63.94870376586914, 115.15355682373047]]
  Policy Std: [[43844.8984375, 515550.875, 121949.6796875, 89716.4453125, 35223.109375, 363774.28125, 88782.4921875, 28417.400390625, 544453.4375, 67847.6484375, 159043.265625, 78901.9296875, 364476.09375, 270021.5625, 215201.53125, 154119.296875, 45780.5703125, 563088.9375, 189447.625, 121240.2265625, 428509.0625, 22923.458984375, 192233.625, 1016043.375, 950219.375, 950403.375, 366705.03125, 58515.27734375, 410836.65625]]

Step 332:
  Date/Day: 333
  Action: [[1.0, 1.0, 1.0, 1.0, 1.0, 1.0, 1.0, 1.0, 1.0, 1.0, 1.0, 1.0, 1.0, -1.0, 1.0, 1.0, 1.0, -1.0, 1.0, -1.0, 1.0, -1.0, -1.0, 1.0, 1.0, -1.0, -1.0, 1.0, 1.0]]
  Reward: 0.14004899561405182
  Account Value: None
  Done: False
  Policy Mean: [[76.9088363647461, 3.673914909362793, 64.45564270019531, 53.14973831176758, 117.6268081665039, 102.4747085571289, 75.93749237060547, 155.62783813476562, 27.252643585205078, 85.84884643554688, 90.0422134399414, 52.167694091796875, 34.91583251953125, -11.67236328125, 113.4697494506836, 35.38766098022461, 28.310312271118164, -4.356412410736084, 112.64815521240234, -4.073514461517334, 12.15839672088623, -36.449710845947266, -13.312460899353027, 140.39576721191406, 100.17021179199219, -2.2725119590759277, -80.66117095947266, 63.94870376586914, 115.15355682373047]]
  Policy Std: [[43844.8984375, 515550.875, 121949.6796875, 89716.4453125, 35223.109375, 363774.28125, 88782.4921875, 28417.400390625, 544453.4375, 67847.6484375, 159043.265625, 78901.9296875, 364476.09375, 270021.5625, 215201.53125, 154119.296875, 45780.5703125, 563088.9375, 189447.625, 121240.2265625, 428509.0625, 22923.458984375, 192233.625, 1016043.375, 950219.375, 950403.375, 366705.03125, 58515.27734375, 410836.65625]]

Step 333:
  Date/Day: 334
  Action: [[1.0, 1.0, 1.0, 1.0, 1.0, 1.0, 1.0, 1.0, 1.0, 1.0, 1.0, 1.0, 1.0, -1.0, 1.0, 1.0, 1.0, -1.0, 1.0, -1.0, 1.0, -1.0, -1.0, 1.0, 1.0, -1.0, -1.0, 1.0, 1.0]]
  Reward: -0.610401451587677
  Account Value: None
  Done: False
  Policy Mean: [[76.9088363647461, 3.673914909362793, 64.45564270019531, 53.14973831176758, 117.6268081665039, 102.4747085571289, 75.93749237060547, 155.62783813476562, 27.252643585205078, 85.84884643554688, 90.0422134399414, 52.167694091796875, 34.91583251953125, -11.67236328125, 113.4697494506836, 35.38766098022461, 28.310312271118164, -4.356412410736084, 112.64815521240234, -4.073514461517334, 12.15839672088623, -36.449710845947266, -13.312460899353027, 140.39576721191406, 100.17021179199219, -2.2725119590759277, -80.66117095947266, 63.94870376586914, 115.15355682373047]]
  Policy Std: [[43844.8984375, 515550.875, 121949.6796875, 89716.4453125, 35223.109375, 363774.28125, 88782.4921875, 28417.400390625, 544453.4375, 67847.6484375, 159043.265625, 78901.9296875, 364476.09375, 270021.5625, 215201.53125, 154119.296875, 45780.5703125, 563088.9375, 189447.625, 121240.2265625, 428509.0625, 22923.458984375, 192233.625, 1016043.375, 950219.375, 950403.375, 366705.03125, 58515.27734375, 410836.65625]]

Step 334:
  Date/Day: 0
  Action: [[1.0, 1.0, 1.0, 1.0, 1.0, 1.0, 1.0, 1.0, 1.0, 1.0, 1.0, 1.0, 1.0, -1.0, 1.0, 1.0, 1.0, -1.0, 1.0, -1.0, 1.0, -1.0, -1.0, 1.0, 1.0, -1.0, -1.0, 1.0, 1.0]]
  Reward: -0.610401451587677
  Account Value: None
  Done: True
  Policy Mean: [[76.9088363647461, 3.6739156246185303, 64.45564270019531, 53.14973831176758, 117.6268081665039, 102.4747085571289, 75.93749237060547, 155.62783813476562, 27.252643585205078, 85.84884643554688, 90.0422134399414, 52.167694091796875, 34.91583251953125, -11.67236328125, 113.46975708007812, 35.38766098022461, 28.310312271118164, -4.356411933898926, 112.64815521240234, -4.073513984680176, 12.15839672088623, -36.449710845947266, -13.312460899353027, 140.39576721191406, 100.17021179199219, -2.2725119590759277, -80.66117095947266, 63.94870376586914, 115.15355682373047]]
  Policy Std: [[43844.8984375, 515550.875, 121949.6796875, 89716.4453125, 35223.109375, 363774.28125, 88782.4921875, 28417.400390625, 544453.4375, 67847.6484375, 159043.265625, 78901.9296875, 364476.09375, 270021.5625, 215201.53125, 154119.296875, 45780.5703125, 563088.9375, 189447.625, 121240.2265625, 428509.0625, 22923.458984375, 192233.625, 1016043.375, 950219.375, 950403.375, 366705.03125, 58515.27734375, 410836.65625]]

PERFORMANCE METRICS:
----------------------------------------
Max Single Step Reward: 3.373261
Min Single Step Reward: -3.485147
Reward Standard Deviation: 1.078978

PERIOD SUMMARY:
----------------------------------------
Model was trained on data from 2009-01-02 to 2020-06-30
Training period duration: 4197 days (11.49 years)
Episode tested on data from 2020-07-01 to 2021-10-27

================================================================================
Report generated on: 2025-07-28 16:09:42
================================================================================
