================================================================================
DEEP REINFORCEMENT LEARNING TRADING EPISODE REPORT
================================================================================
Generated: 2025-07-28 16:33:06
Report ID: 250728_1633

MODEL INFORMATION:
----------------------------------------
Model Name: A2C
Model Class: A2C
Timesteps: 100
Timesteps Formatted: 100
Deterministic Prediction: True

POLICY INFORMATION:
----------------------------------------
Policy Class: ActorCriticPolicy
Policy Type: stable_baselines3.common.policies.ActorCriticPolicy
Has Mlp Extractor: True
Mlp Extractor Type: MlpExtractor
Network Architecture: {'pi': [64, 64], 'vf': [64, 64]}
Activation Function: <class 'torch.nn.modules.activation.Tanh'>

Features Extractor:
  Type: FlattenExtractor
  Parameters: 0
  Structure:
    Layer 0: Flatten

Policy Network:
  Parameters: 22,848
  Layers:
    Layer 0: Linear (291 -> 64)
    Layer 1: Tanh
    Layer 2: Linear (64 -> 64)
    Layer 3: Tanh

Value Network:
  Parameters: 22,848
  Layers:
    Layer 0: Linear (291 -> 64)
    Layer 1: Tanh
    Layer 2: Linear (64 -> 64)
    Layer 3: Tanh

Action Network:
  Type: Linear
  Parameters: 1,885
  Structure: Linear(in_features=64, out_features=29, bias=True)
  Action Distribution: DiagGaussianDistribution

Value Network (Output):
  Type: Linear
  Parameters: 65
  Structure: Linear(in_features=64, out_features=1, bias=True)

Parameter Summary:
  Total Parameters: 47,675
  Trainable Parameters: 47,675

MODEL HYPER-PARAMETERS:
----------------------------------------
Learning Rate: 0.0007
Gamma: 0.99
Gae Lambda: 1.0
Ent Coef: 0.01
Vf Coef: 0.25
Max Grad Norm: 0.1
N Steps: 5
Action Noise: None
Tensorboard Log: None
Verbose: 2
Optimizer Type: RMSprop
Optimizer Group 0 Lr: 0.0007
Optimizer Group 0 Momentum: 0
Optimizer Group 0 Alpha: 0.99
Optimizer Group 0 Eps: 1e-05
Optimizer Group 0 Centered: False
Optimizer Group 0 Weight Decay: 0
Optimizer Group 0 Capturable: False
Optimizer Group 0 Foreach: None
Optimizer Group 0 Maximize: False
Optimizer Group 0 Differentiable: False
Net Arch: {'pi': [64, 64], 'vf': [64, 64]}
Activation Fn: <class 'torch.nn.modules.activation.Tanh'>
Features Extractor Class: FlattenExtractor
Normalize Advantage: False
Use Sde: False
Num Timesteps: 100
Device: cpu

TRAINING PERIOD INFORMATION:
----------------------------------------
Train Start Date: 2009-01-02
Train End Date: 2020-06-30
Test Start Date: 2020-07-01
Test End Date: 2021-10-27
Training Duration Days: 4197
Training Duration Years: 11.490759753593428

ENVIRONMENT INFORMATION:
----------------------------------------
Environment Class: StockTradingEnv
Data Length: 335
Initial Amount: 1000000
Stock Dimension: 29
Action Space: Box(-1.0, 1.0, (29,), float32)
State Space: 291

EPISODE SUMMARY:
----------------------------------------
Total Steps: 335
Total Reward: 29.510632
Average Reward per Step: 0.088091
Episode Completion: Full Episode

DETAILED STEP TRACE:
----------------------------------------
Step 0:
  Date/Day: 1
  Action: [[0.6600452661514282, -0.46098122000694275, -0.6421411037445068, -0.6980519890785217, 0.11489205062389374, 0.6199304461479187, 0.7249311208724976, -0.11508935689926147, 0.16208823025226593, -0.5409497618675232, 0.47809359431266785, 0.05655178800225258, -0.6505163311958313, 0.697479784488678, 0.37183132767677307, 0.23843176662921906, -0.037897106260061264, 0.27271518111228943, 0.48314836621284485, 0.13948121666908264, -0.6020016074180603, 0.17749455571174622, 0.6209320425987244, -0.151439368724823, -0.5047097206115723, 1.0, -0.4513241648674011, -0.5273517370223999, 0.2709004878997803]]
  Reward: 0.030742062255740166
  Account Value: None
  Done: False
  Policy Mean: [[0.6600452661514282, -0.46098122000694275, -0.6421411037445068, -0.6980519890785217, 0.11489205062389374, 0.6199304461479187, 0.7249311208724976, -0.11508935689926147, 0.16208823025226593, -0.5409497618675232, 0.47809359431266785, 0.05655178800225258, -0.6505163311958313, 0.697479784488678, 0.37183132767677307, 0.23843176662921906, -0.037897106260061264, 0.27271518111228943, 0.48314836621284485, 0.13948121666908264, -0.6020016074180603, 0.17749455571174622, 0.6209320425987244, -0.151439368724823, -0.5047097206115723, 1.076357126235962, -0.4513241648674011, -0.5273517370223999, 0.2709004878997803]]
  Policy Std: [[1.0034284591674805, 0.976804256439209, 0.9804749488830566, 0.9932587146759033, 1.0121442079544067, 1.0039632320404053, 1.0009573698043823, 1.0025033950805664, 0.9955798983573914, 0.9826322197914124, 0.9936424493789673, 0.9887740015983582, 0.9989004135131836, 1.038902997970581, 0.9870384931564331, 1.0012420415878296, 0.9875728487968445, 0.9975731372833252, 0.998661994934082, 0.9784038066864014, 0.995770275592804, 0.996944785118103, 0.9970985651016235, 0.99070805311203, 1.0111769437789917, 0.9880393743515015, 1.0210251808166504, 1.0141289234161377, 0.9971608519554138]]

Step 1:
  Date/Day: 2
  Action: [[0.6600452661514282, -0.46098122000694275, -0.6421411037445068, -0.6980519890785217, 0.11489205062389374, 0.6199304461479187, 0.7249311208724976, -0.11508935689926147, 0.16208823025226593, -0.5409497618675232, 0.47809359431266785, 0.05655178800225258, -0.6505163311958313, 0.697479784488678, 0.37183132767677307, 0.23843176662921906, -0.037897106260061264, 0.27271518111228943, 0.48314836621284485, 0.13948121666908264, -0.6020016074180603, 0.17749455571174622, 0.6209320425987244, -0.151439368724823, -0.5047097206115723, 1.0, -0.4513241648674011, -0.5273517370223999, 0.2709004878997803]]
  Reward: 0.23743562400341034
  Account Value: None
  Done: False
  Policy Mean: [[0.6600452661514282, -0.46098122000694275, -0.6421411037445068, -0.6980519890785217, 0.11489205062389374, 0.6199304461479187, 0.7249311208724976, -0.11508935689926147, 0.16208823025226593, -0.5409497618675232, 0.47809359431266785, 0.05655178800225258, -0.6505163311958313, 0.697479784488678, 0.37183132767677307, 0.23843176662921906, -0.037897106260061264, 0.27271518111228943, 0.48314836621284485, 0.13948121666908264, -0.6020016074180603, 0.17749455571174622, 0.6209320425987244, -0.151439368724823, -0.5047097206115723, 1.076357126235962, -0.4513241648674011, -0.5273517370223999, 0.2709004878997803]]
  Policy Std: [[1.0034284591674805, 0.976804256439209, 0.9804749488830566, 0.9932587146759033, 1.0121442079544067, 1.0039632320404053, 1.0009573698043823, 1.0025033950805664, 0.9955798983573914, 0.9826322197914124, 0.9936424493789673, 0.9887740015983582, 0.9989004135131836, 1.038902997970581, 0.9870384931564331, 1.0012420415878296, 0.9875728487968445, 0.9975731372833252, 0.998661994934082, 0.9784038066864014, 0.995770275592804, 0.996944785118103, 0.9970985651016235, 0.99070805311203, 1.0111769437789917, 0.9880393743515015, 1.0210251808166504, 1.0141289234161377, 0.9971608519554138]]

Step 2:
  Date/Day: 3
  Action: [[0.6600452661514282, -0.46098122000694275, -0.6421411037445068, -0.6980519890785217, 0.11489205062389374, 0.6199304461479187, 0.7249311208724976, -0.11508935689926147, 0.16208823025226593, -0.5409497618675232, 0.47809359431266785, 0.05655178800225258, -0.6505163311958313, 0.697479784488678, 0.37183132767677307, 0.23843176662921906, -0.037897106260061264, 0.27271518111228943, 0.48314836621284485, 0.13948121666908264, -0.6020016074180603, 0.17749455571174622, 0.6209320425987244, -0.151439368724823, -0.5047097206115723, 1.0, -0.4513241648674011, -0.5273517370223999, 0.2709004878997803]]
  Reward: -0.2529084086418152
  Account Value: None
  Done: False
  Policy Mean: [[0.6600452661514282, -0.46098122000694275, -0.6421411037445068, -0.6980519890785217, 0.11489205062389374, 0.6199304461479187, 0.7249311208724976, -0.11508935689926147, 0.16208823025226593, -0.5409497618675232, 0.47809359431266785, 0.05655178800225258, -0.6505163311958313, 0.697479784488678, 0.37183132767677307, 0.23843176662921906, -0.037897106260061264, 0.27271518111228943, 0.48314836621284485, 0.13948121666908264, -0.6020016074180603, 0.17749455571174622, 0.6209320425987244, -0.151439368724823, -0.5047097206115723, 1.076357126235962, -0.4513241648674011, -0.5273517370223999, 0.2709004878997803]]
  Policy Std: [[1.0034284591674805, 0.976804256439209, 0.9804749488830566, 0.9932587146759033, 1.0121442079544067, 1.0039632320404053, 1.0009573698043823, 1.0025033950805664, 0.9955798983573914, 0.9826322197914124, 0.9936424493789673, 0.9887740015983582, 0.9989004135131836, 1.038902997970581, 0.9870384931564331, 1.0012420415878296, 0.9875728487968445, 0.9975731372833252, 0.998661994934082, 0.9784038066864014, 0.995770275592804, 0.996944785118103, 0.9970985651016235, 0.99070805311203, 1.0111769437789917, 0.9880393743515015, 1.0210251808166504, 1.0141289234161377, 0.9971608519554138]]

Step 3:
  Date/Day: 4
  Action: [[0.6600452661514282, -0.46098122000694275, -0.6421411037445068, -0.6980519890785217, 0.11489205062389374, 0.6199304461479187, 0.7249311208724976, -0.11508935689926147, 0.16208823025226593, -0.5409497618675232, 0.47809359431266785, 0.05655178800225258, -0.6505163311958313, 0.697479784488678, 0.37183132767677307, 0.23843176662921906, -0.037897106260061264, 0.27271518111228943, 0.48314836621284485, 0.13948121666908264, -0.6020016074180603, 0.17749455571174622, 0.6209320425987244, -0.151439368724823, -0.5047097206115723, 1.0, -0.4513241648674011, -0.5273517370223999, 0.2709004878997803]]
  Reward: 0.2536596655845642
  Account Value: None
  Done: False
  Policy Mean: [[0.6600452661514282, -0.46098122000694275, -0.6421411037445068, -0.6980519890785217, 0.11489205062389374, 0.6199304461479187, 0.7249311208724976, -0.11508935689926147, 0.16208823025226593, -0.5409497618675232, 0.47809359431266785, 0.05655178800225258, -0.6505163311958313, 0.697479784488678, 0.37183132767677307, 0.23843176662921906, -0.037897106260061264, 0.27271518111228943, 0.48314836621284485, 0.13948121666908264, -0.6020016074180603, 0.17749455571174622, 0.6209320425987244, -0.151439368724823, -0.5047097206115723, 1.076357126235962, -0.4513241648674011, -0.5273517370223999, 0.2709004878997803]]
  Policy Std: [[1.0034284591674805, 0.976804256439209, 0.9804749488830566, 0.9932587146759033, 1.0121442079544067, 1.0039632320404053, 1.0009573698043823, 1.0025033950805664, 0.9955798983573914, 0.9826322197914124, 0.9936424493789673, 0.9887740015983582, 0.9989004135131836, 1.038902997970581, 0.9870384931564331, 1.0012420415878296, 0.9875728487968445, 0.9975731372833252, 0.998661994934082, 0.9784038066864014, 0.995770275592804, 0.996944785118103, 0.9970985651016235, 0.99070805311203, 1.0111769437789917, 0.9880393743515015, 1.0210251808166504, 1.0141289234161377, 0.9971608519554138]]

Step 4:
  Date/Day: 5
  Action: [[0.6600452661514282, -0.46098122000694275, -0.6421411037445068, -0.6980519890785217, 0.11489205062389374, 0.6199304461479187, 0.7249311208724976, -0.11508935689926147, 0.16208823025226593, -0.5409497618675232, 0.47809359431266785, 0.05655178800225258, -0.6505163311958313, 0.697479784488678, 0.37183132767677307, 0.23843176662921906, -0.037897106260061264, 0.27271518111228943, 0.48314836621284485, 0.13948121666908264, -0.6020016074180603, 0.17749455571174622, 0.6209320425987244, -0.151439368724823, -0.5047097206115723, 1.0, -0.4513241648674011, -0.5273517370223999, 0.2709004878997803]]
  Reward: -0.26101553440093994
  Account Value: None
  Done: False
  Policy Mean: [[0.6600452661514282, -0.46098122000694275, -0.6421411037445068, -0.6980519890785217, 0.11489205062389374, 0.6199304461479187, 0.7249311208724976, -0.11508935689926147, 0.16208823025226593, -0.5409497618675232, 0.47809359431266785, 0.05655178800225258, -0.6505163311958313, 0.697479784488678, 0.37183132767677307, 0.23843176662921906, -0.037897106260061264, 0.27271518111228943, 0.48314836621284485, 0.13948121666908264, -0.6020016074180603, 0.17749455571174622, 0.6209320425987244, -0.151439368724823, -0.5047097206115723, 1.076357126235962, -0.4513241648674011, -0.5273517370223999, 0.2709004878997803]]
  Policy Std: [[1.0034284591674805, 0.976804256439209, 0.9804749488830566, 0.9932587146759033, 1.0121442079544067, 1.0039632320404053, 1.0009573698043823, 1.0025033950805664, 0.9955798983573914, 0.9826322197914124, 0.9936424493789673, 0.9887740015983582, 0.9989004135131836, 1.038902997970581, 0.9870384931564331, 1.0012420415878296, 0.9875728487968445, 0.9975731372833252, 0.998661994934082, 0.9784038066864014, 0.995770275592804, 0.996944785118103, 0.9970985651016235, 0.99070805311203, 1.0111769437789917, 0.9880393743515015, 1.0210251808166504, 1.0141289234161377, 0.9971608519554138]]

Step 5:
  Date/Day: 6
  Action: [[0.6600452661514282, -0.46098122000694275, -0.6421411037445068, -0.6980519890785217, 0.11489205062389374, 0.6199304461479187, 0.7249311208724976, -0.11508935689926147, 0.16208823025226593, -0.5409497618675232, 0.47809359431266785, 0.05655178800225258, -0.6505163311958313, 0.697479784488678, 0.37183132767677307, 0.23843176662921906, -0.037897106260061264, 0.27271518111228943, 0.48314836621284485, 0.13948121666908264, -0.6020016074180603, 0.17749455571174622, 0.6209320425987244, -0.151439368724823, -0.5047097206115723, 1.0, -0.4513241648674011, -0.5273517370223999, 0.2709004878997803]]
  Reward: 0.30038419365882874
  Account Value: None
  Done: False
  Policy Mean: [[0.6600452661514282, -0.46098122000694275, -0.6421411037445068, -0.6980519890785217, 0.11489205062389374, 0.6199304461479187, 0.7249311208724976, -0.11508935689926147, 0.16208823025226593, -0.5409497618675232, 0.47809359431266785, 0.05655178800225258, -0.6505163311958313, 0.697479784488678, 0.37183132767677307, 0.23843176662921906, -0.037897106260061264, 0.27271518111228943, 0.48314836621284485, 0.13948121666908264, -0.6020016074180603, 0.17749455571174622, 0.6209320425987244, -0.151439368724823, -0.5047097206115723, 1.076357126235962, -0.4513241648674011, -0.5273517370223999, 0.2709004878997803]]
  Policy Std: [[1.0034284591674805, 0.976804256439209, 0.9804749488830566, 0.9932587146759033, 1.0121442079544067, 1.0039632320404053, 1.0009573698043823, 1.0025033950805664, 0.9955798983573914, 0.9826322197914124, 0.9936424493789673, 0.9887740015983582, 0.9989004135131836, 1.038902997970581, 0.9870384931564331, 1.0012420415878296, 0.9875728487968445, 0.9975731372833252, 0.998661994934082, 0.9784038066864014, 0.995770275592804, 0.996944785118103, 0.9970985651016235, 0.99070805311203, 1.0111769437789917, 0.9880393743515015, 1.0210251808166504, 1.0141289234161377, 0.9971608519554138]]

Step 6:
  Date/Day: 7
  Action: [[0.6600452661514282, -0.46098122000694275, -0.6421411037445068, -0.6980519890785217, 0.11489205062389374, 0.6199304461479187, 0.7249311208724976, -0.11508935689926147, 0.16208823025226593, -0.5409497618675232, 0.47809359431266785, 0.05655178800225258, -0.6505163311958313, 0.697479784488678, 0.37183132767677307, 0.23843176662921906, -0.037897106260061264, 0.27271518111228943, 0.48314836621284485, 0.13948121666908264, -0.6020016074180603, 0.17749455571174622, 0.6209320425987244, -0.151439368724823, -0.5047097206115723, 1.0, -0.4513241648674011, -0.5273517370223999, 0.2709004878997803]]
  Reward: -0.7031576037406921
  Account Value: None
  Done: False
  Policy Mean: [[0.6600452661514282, -0.46098122000694275, -0.6421411037445068, -0.6980519890785217, 0.11489205062389374, 0.6199304461479187, 0.7249311208724976, -0.11508935689926147, 0.16208823025226593, -0.5409497618675232, 0.47809359431266785, 0.05655178800225258, -0.6505163311958313, 0.697479784488678, 0.37183132767677307, 0.23843176662921906, -0.037897106260061264, 0.27271518111228943, 0.48314836621284485, 0.13948121666908264, -0.6020016074180603, 0.17749455571174622, 0.6209320425987244, -0.151439368724823, -0.5047097206115723, 1.076357126235962, -0.4513241648674011, -0.5273517370223999, 0.2709004878997803]]
  Policy Std: [[1.0034284591674805, 0.976804256439209, 0.9804749488830566, 0.9932587146759033, 1.0121442079544067, 1.0039632320404053, 1.0009573698043823, 1.0025033950805664, 0.9955798983573914, 0.9826322197914124, 0.9936424493789673, 0.9887740015983582, 0.9989004135131836, 1.038902997970581, 0.9870384931564331, 1.0012420415878296, 0.9875728487968445, 0.9975731372833252, 0.998661994934082, 0.9784038066864014, 0.995770275592804, 0.996944785118103, 0.9970985651016235, 0.99070805311203, 1.0111769437789917, 0.9880393743515015, 1.0210251808166504, 1.0141289234161377, 0.9971608519554138]]

Step 7:
  Date/Day: 8
  Action: [[0.6600452661514282, -0.46098122000694275, -0.6421411037445068, -0.6980519890785217, 0.11489205062389374, 0.6199304461479187, 0.7249311208724976, -0.11508935689926147, 0.16208823025226593, -0.5409497618675232, 0.47809359431266785, 0.05655178800225258, -0.6505163311958313, 0.697479784488678, 0.37183132767677307, 0.23843176662921906, -0.037897106260061264, 0.27271518111228943, 0.48314836621284485, 0.13948121666908264, -0.6020016074180603, 0.17749455571174622, 0.6209320425987244, -0.151439368724823, -0.5047097206115723, 1.0, -0.4513241648674011, -0.5273517370223999, 0.2709004878997803]]
  Reward: 1.346719741821289
  Account Value: None
  Done: False
  Policy Mean: [[0.6600452661514282, -0.46098122000694275, -0.6421411037445068, -0.6980519890785217, 0.11489205062389374, 0.6199304461479187, 0.7249311208724976, -0.11508935689926147, 0.16208823025226593, -0.5409497618675232, 0.47809359431266785, 0.05655178800225258, -0.6505163311958313, 0.697479784488678, 0.37183132767677307, 0.23843176662921906, -0.037897106260061264, 0.27271518111228943, 0.48314836621284485, 0.13948121666908264, -0.6020016074180603, 0.17749455571174622, 0.6209320425987244, -0.151439368724823, -0.5047097206115723, 1.076357126235962, -0.4513241648674011, -0.5273517370223999, 0.2709004878997803]]
  Policy Std: [[1.0034284591674805, 0.976804256439209, 0.9804749488830566, 0.9932587146759033, 1.0121442079544067, 1.0039632320404053, 1.0009573698043823, 1.0025033950805664, 0.9955798983573914, 0.9826322197914124, 0.9936424493789673, 0.9887740015983582, 0.9989004135131836, 1.038902997970581, 0.9870384931564331, 1.0012420415878296, 0.9875728487968445, 0.9975731372833252, 0.998661994934082, 0.9784038066864014, 0.995770275592804, 0.996944785118103, 0.9970985651016235, 0.99070805311203, 1.0111769437789917, 0.9880393743515015, 1.0210251808166504, 1.0141289234161377, 0.9971608519554138]]

Step 8:
  Date/Day: 9
  Action: [[0.6600452661514282, -0.46098122000694275, -0.6421411037445068, -0.6980519890785217, 0.11489205062389374, 0.6199304461479187, 0.7249311208724976, -0.11508935689926147, 0.16208823025226593, -0.5409497618675232, 0.47809359431266785, 0.05655178800225258, -0.6505163311958313, 0.697479784488678, 0.37183132767677307, 0.23843176662921906, -0.037897106260061264, 0.27271518111228943, 0.48314836621284485, 0.13948121666908264, -0.6020016074180603, 0.17749455571174622, 0.6209320425987244, -0.151439368724823, -0.5047097206115723, 1.0, -0.4513241648674011, -0.5273517370223999, 0.2709004878997803]]
  Reward: 0.4107108414173126
  Account Value: None
  Done: False
  Policy Mean: [[0.6600452661514282, -0.46098122000694275, -0.6421411037445068, -0.6980519890785217, 0.11489205062389374, 0.6199304461479187, 0.7249311208724976, -0.11508935689926147, 0.16208823025226593, -0.5409497618675232, 0.47809359431266785, 0.05655178800225258, -0.6505163311958313, 0.697479784488678, 0.37183132767677307, 0.23843176662921906, -0.037897106260061264, 0.27271518111228943, 0.48314836621284485, 0.13948121666908264, -0.6020016074180603, 0.17749455571174622, 0.6209320425987244, -0.151439368724823, -0.5047097206115723, 1.076357126235962, -0.4513241648674011, -0.5273517370223999, 0.2709004878997803]]
  Policy Std: [[1.0034284591674805, 0.976804256439209, 0.9804749488830566, 0.9932587146759033, 1.0121442079544067, 1.0039632320404053, 1.0009573698043823, 1.0025033950805664, 0.9955798983573914, 0.9826322197914124, 0.9936424493789673, 0.9887740015983582, 0.9989004135131836, 1.038902997970581, 0.9870384931564331, 1.0012420415878296, 0.9875728487968445, 0.9975731372833252, 0.998661994934082, 0.9784038066864014, 0.995770275592804, 0.996944785118103, 0.9970985651016235, 0.99070805311203, 1.0111769437789917, 0.9880393743515015, 1.0210251808166504, 1.0141289234161377, 0.9971608519554138]]

Step 9:
  Date/Day: 10
  Action: [[0.6600452661514282, -0.46098122000694275, -0.6421411037445068, -0.6980519890785217, 0.11489205062389374, 0.6199304461479187, 0.7249311208724976, -0.11508935689926147, 0.16208823025226593, -0.5409497618675232, 0.47809359431266785, 0.05655178800225258, -0.6505163311958313, 0.697479784488678, 0.37183132767677307, 0.23843176662921906, -0.037897106260061264, 0.27271518111228943, 0.48314836621284485, 0.13948121666908264, -0.6020016074180603, 0.17749455571174622, 0.6209320425987244, -0.151439368724823, -0.5047097206115723, 1.0, -0.4513241648674011, -0.5273517370223999, 0.2709004878997803]]
  Reward: -0.5134142637252808
  Account Value: None
  Done: False
  Policy Mean: [[0.6600452661514282, -0.46098122000694275, -0.6421411037445068, -0.6980519890785217, 0.11489205062389374, 0.6199304461479187, 0.7249311208724976, -0.11508935689926147, 0.16208823025226593, -0.5409497618675232, 0.47809359431266785, 0.05655178800225258, -0.6505163311958313, 0.697479784488678, 0.37183132767677307, 0.23843176662921906, -0.037897106260061264, 0.27271518111228943, 0.48314836621284485, 0.13948121666908264, -0.6020016074180603, 0.17749455571174622, 0.6209320425987244, -0.151439368724823, -0.5047097206115723, 1.076357126235962, -0.4513241648674011, -0.5273517370223999, 0.2709004878997803]]
  Policy Std: [[1.0034284591674805, 0.976804256439209, 0.9804749488830566, 0.9932587146759033, 1.0121442079544067, 1.0039632320404053, 1.0009573698043823, 1.0025033950805664, 0.9955798983573914, 0.9826322197914124, 0.9936424493789673, 0.9887740015983582, 0.9989004135131836, 1.038902997970581, 0.9870384931564331, 1.0012420415878296, 0.9875728487968445, 0.9975731372833252, 0.998661994934082, 0.9784038066864014, 0.995770275592804, 0.996944785118103, 0.9970985651016235, 0.99070805311203, 1.0111769437789917, 0.9880393743515015, 1.0210251808166504, 1.0141289234161377, 0.9971608519554138]]

Step 10:
  Date/Day: 11
  Action: [[0.6600452661514282, -0.46098122000694275, -0.6421411037445068, -0.6980519890785217, 0.11489205062389374, 0.6199304461479187, 0.7249311208724976, -0.11508935689926147, 0.16208823025226593, -0.5409497618675232, 0.47809359431266785, 0.05655178800225258, -0.6505163311958313, 0.697479784488678, 0.37183132767677307, 0.23843176662921906, -0.037897106260061264, 0.27271518111228943, 0.48314836621284485, 0.13948121666908264, -0.6020016074180603, 0.17749455571174622, 0.6209320425987244, -0.151439368724823, -0.5047097206115723, 1.0, -0.4513241648674011, -0.5273517370223999, 0.2709004878997803]]
  Reward: 0.5072236657142639
  Account Value: None
  Done: False
  Policy Mean: [[0.6600452661514282, -0.46098122000694275, -0.6421411037445068, -0.6980519890785217, 0.11489205062389374, 0.6199304461479187, 0.7249311208724976, -0.11508935689926147, 0.16208823025226593, -0.5409497618675232, 0.47809359431266785, 0.05655178800225258, -0.6505163311958313, 0.697479784488678, 0.37183132767677307, 0.23843176662921906, -0.037897106260061264, 0.27271518111228943, 0.48314836621284485, 0.13948121666908264, -0.6020016074180603, 0.17749455571174622, 0.6209320425987244, -0.151439368724823, -0.5047097206115723, 1.076357126235962, -0.4513241648674011, -0.5273517370223999, 0.2709004878997803]]
  Policy Std: [[1.0034284591674805, 0.976804256439209, 0.9804749488830566, 0.9932587146759033, 1.0121442079544067, 1.0039632320404053, 1.0009573698043823, 1.0025033950805664, 0.9955798983573914, 0.9826322197914124, 0.9936424493789673, 0.9887740015983582, 0.9989004135131836, 1.038902997970581, 0.9870384931564331, 1.0012420415878296, 0.9875728487968445, 0.9975731372833252, 0.998661994934082, 0.9784038066864014, 0.995770275592804, 0.996944785118103, 0.9970985651016235, 0.99070805311203, 1.0111769437789917, 0.9880393743515015, 1.0210251808166504, 1.0141289234161377, 0.9971608519554138]]

Step 11:
  Date/Day: 12
  Action: [[0.33820152282714844, -0.2561628520488739, -0.3256272077560425, -0.36760786175727844, 0.05929270386695862, 0.3147301971912384, 0.37575551867485046, -0.06193770840764046, 0.06948211044073105, -0.2953055799007416, 0.22817817330360413, -0.003443240188062191, -0.34300345182418823, 0.3668811321258545, 0.15966549515724182, 0.11570699512958527, 0.003800534177571535, 0.12307915836572647, 0.20144885778427124, 0.06015176326036453, -0.3130609393119812, 0.10627493262290955, 0.2883543372154236, -0.07407601922750473, -0.25662922859191895, 0.5201326608657837, -0.2068364918231964, -0.27183616161346436, 0.137991800904274]]
  Reward: 0.819100558757782
  Account Value: None
  Done: False
  Policy Mean: [[0.33820152282714844, -0.2561628520488739, -0.3256272077560425, -0.36760786175727844, 0.05929270386695862, 0.3147301971912384, 0.37575551867485046, -0.06193770840764046, 0.06948211044073105, -0.2953055799007416, 0.22817817330360413, -0.003443240188062191, -0.34300345182418823, 0.3668811321258545, 0.15966549515724182, 0.11570699512958527, 0.003800534177571535, 0.12307915836572647, 0.20144885778427124, 0.06015176326036453, -0.3130609393119812, 0.10627493262290955, 0.2883543372154236, -0.07407601922750473, -0.25662922859191895, 0.5201326608657837, -0.2068364918231964, -0.27183616161346436, 0.137991800904274]]
  Policy Std: [[1.0034284591674805, 0.976804256439209, 0.9804749488830566, 0.9932587146759033, 1.0121442079544067, 1.0039632320404053, 1.0009573698043823, 1.0025033950805664, 0.9955798983573914, 0.9826322197914124, 0.9936424493789673, 0.9887740015983582, 0.9989004135131836, 1.038902997970581, 0.9870384931564331, 1.0012420415878296, 0.9875728487968445, 0.9975731372833252, 0.998661994934082, 0.9784038066864014, 0.995770275592804, 0.996944785118103, 0.9970985651016235, 0.99070805311203, 1.0111769437789917, 0.9880393743515015, 1.0210251808166504, 1.0141289234161377, 0.9971608519554138]]

Step 12:
  Date/Day: 13
  Action: [[0.10751691460609436, -0.09189968556165695, -0.09769698232412338, -0.10907464474439621, 0.015229830518364906, 0.1066836342215538, 0.12184922397136688, -0.019776150584220886, 0.023998863995075226, -0.10618229955434799, 0.07692398130893707, 0.004472698085010052, -0.08792147040367126, 0.11954860389232635, 0.06383111327886581, 0.029790211468935013, -0.027918409556150436, 0.031165536493062973, 0.07688141614198685, 0.016981635242700577, -0.07885582745075226, 0.016476912423968315, 0.08972685784101486, -0.017457619309425354, -0.09322547167539597, 0.1565515100955963, -0.07619871199131012, -0.11308364570140839, 0.055754438042640686]]
  Reward: -0.2661207616329193
  Account Value: None
  Done: False
  Policy Mean: [[0.10751691460609436, -0.09189968556165695, -0.09769698232412338, -0.10907464474439621, 0.015229830518364906, 0.1066836342215538, 0.12184922397136688, -0.019776150584220886, 0.023998863995075226, -0.10618229955434799, 0.07692398130893707, 0.004472698085010052, -0.08792147040367126, 0.11954860389232635, 0.06383111327886581, 0.029790211468935013, -0.027918409556150436, 0.031165536493062973, 0.07688141614198685, 0.016981635242700577, -0.07885582745075226, 0.016476912423968315, 0.08972685784101486, -0.017457619309425354, -0.09322547167539597, 0.1565515100955963, -0.07619871199131012, -0.11308364570140839, 0.055754438042640686]]
  Policy Std: [[1.0034284591674805, 0.976804256439209, 0.9804749488830566, 0.9932587146759033, 1.0121442079544067, 1.0039632320404053, 1.0009573698043823, 1.0025033950805664, 0.9955798983573914, 0.9826322197914124, 0.9936424493789673, 0.9887740015983582, 0.9989004135131836, 1.038902997970581, 0.9870384931564331, 1.0012420415878296, 0.9875728487968445, 0.9975731372833252, 0.998661994934082, 0.9784038066864014, 0.995770275592804, 0.996944785118103, 0.9970985651016235, 0.99070805311203, 1.0111769437789917, 0.9880393743515015, 1.0210251808166504, 1.0141289234161377, 0.9971608519554138]]

Step 13:
  Date/Day: 14
  Action: [[0.10730443894863129, -0.08775316923856735, -0.09759095311164856, -0.11187641322612762, 0.01831202581524849, 0.10360024124383926, 0.1201210469007492, -0.018652159720659256, 0.01851409301161766, -0.1062726303935051, 0.07162334769964218, 0.0008813014719635248, -0.09171069413423538, 0.11230558156967163, 0.05417456477880478, 0.024397555738687515, -0.018431298434734344, 0.030067292973399162, 0.07146245986223221, 0.0166047140955925, -0.08053784817457199, 0.018229927867650986, 0.08725880086421967, -0.01619483344256878, -0.09165715426206589, 0.1509225070476532, -0.07638812810182571, -0.107550710439682, 0.055563852190971375]]
  Reward: 0.7664239406585693
  Account Value: None
  Done: False
  Policy Mean: [[0.10730443894863129, -0.08775316923856735, -0.09759095311164856, -0.11187641322612762, 0.01831202581524849, 0.10360024124383926, 0.1201210469007492, -0.018652159720659256, 0.01851409301161766, -0.1062726303935051, 0.07162334769964218, 0.0008813014719635248, -0.09171069413423538, 0.11230558156967163, 0.05417456477880478, 0.024397555738687515, -0.018431298434734344, 0.030067292973399162, 0.07146245986223221, 0.0166047140955925, -0.08053784817457199, 0.018229927867650986, 0.08725880086421967, -0.01619483344256878, -0.09165715426206589, 0.1509225070476532, -0.07638812810182571, -0.107550710439682, 0.055563852190971375]]
  Policy Std: [[1.0034284591674805, 0.976804256439209, 0.9804749488830566, 0.9932587146759033, 1.0121442079544067, 1.0039632320404053, 1.0009573698043823, 1.0025033950805664, 0.9955798983573914, 0.9826322197914124, 0.9936424493789673, 0.9887740015983582, 0.9989004135131836, 1.038902997970581, 0.9870384931564331, 1.0012420415878296, 0.9875728487968445, 0.9975731372833252, 0.998661994934082, 0.9784038066864014, 0.995770275592804, 0.996944785118103, 0.9970985651016235, 0.99070805311203, 1.0111769437789917, 0.9880393743515015, 1.0210251808166504, 1.0141289234161377, 0.9971608519554138]]

Step 14:
  Date/Day: 15
  Action: [[0.11255808174610138, -0.09185218811035156, -0.1010679304599762, -0.11900489032268524, 0.017492152750492096, 0.10297627002000809, 0.11909875273704529, -0.01793668232858181, 0.010198617354035378, -0.11140314489603043, 0.07293154299259186, -0.010891487821936607, -0.09984321892261505, 0.11817420274019241, 0.04201094061136246, 0.017976300790905952, -0.007364694029092789, 0.030607258901000023, 0.06185601279139519, 0.013986201025545597, -0.08551754057407379, 0.02238914743065834, 0.08850514888763428, -0.018142174929380417, -0.09334506094455719, 0.15008392930030823, -0.06842608004808426, -0.10655222833156586, 0.058238573372364044]]
  Reward: -0.7659081220626831
  Account Value: None
  Done: False
  Policy Mean: [[0.11255808174610138, -0.09185218811035156, -0.1010679304599762, -0.11900489032268524, 0.017492152750492096, 0.10297627002000809, 0.11909875273704529, -0.01793668232858181, 0.010198617354035378, -0.11140314489603043, 0.07293154299259186, -0.010891487821936607, -0.09984321892261505, 0.11817420274019241, 0.04201094061136246, 0.017976300790905952, -0.007364694029092789, 0.030607258901000023, 0.06185601279139519, 0.013986201025545597, -0.08551754057407379, 0.02238914743065834, 0.08850514888763428, -0.018142174929380417, -0.09334506094455719, 0.15008392930030823, -0.06842608004808426, -0.10655222833156586, 0.058238573372364044]]
  Policy Std: [[1.0034284591674805, 0.976804256439209, 0.9804749488830566, 0.9932587146759033, 1.0121442079544067, 1.0039632320404053, 1.0009573698043823, 1.0025033950805664, 0.9955798983573914, 0.9826322197914124, 0.9936424493789673, 0.9887740015983582, 0.9989004135131836, 1.038902997970581, 0.9870384931564331, 1.0012420415878296, 0.9875728487968445, 0.9975731372833252, 0.998661994934082, 0.9784038066864014, 0.995770275592804, 0.996944785118103, 0.9970985651016235, 0.99070805311203, 1.0111769437789917, 0.9880393743515015, 1.0210251808166504, 1.0141289234161377, 0.9971608519554138]]

Step 15:
  Date/Day: 16
  Action: [[0.11475253105163574, -0.09187645465135574, -0.10701626539230347, -0.12834078073501587, 0.022179732099175453, 0.10484187304973602, 0.1324511468410492, -0.015770938247442245, 0.01694202795624733, -0.11208123713731766, 0.08102888613939285, -0.004216447938233614, -0.1069350391626358, 0.12036196142435074, 0.043628934770822525, 0.023401878774166107, -0.0059613874182105064, 0.027618978172540665, 0.06975498795509338, 0.019058581441640854, -0.09240853786468506, 0.027521882206201553, 0.09604059904813766, -0.023573366925120354, -0.1030350923538208, 0.16635343432426453, -0.07615353167057037, -0.10586629807949066, 0.059168748557567596]]
  Reward: -1.0196218490600586
  Account Value: None
  Done: False
  Policy Mean: [[0.11475253105163574, -0.09187645465135574, -0.10701626539230347, -0.12834078073501587, 0.022179732099175453, 0.10484187304973602, 0.1324511468410492, -0.015770938247442245, 0.01694202795624733, -0.11208123713731766, 0.08102888613939285, -0.004216447938233614, -0.1069350391626358, 0.12036196142435074, 0.043628934770822525, 0.023401878774166107, -0.0059613874182105064, 0.027618978172540665, 0.06975498795509338, 0.019058581441640854, -0.09240853786468506, 0.027521882206201553, 0.09604059904813766, -0.023573366925120354, -0.1030350923538208, 0.16635343432426453, -0.07615353167057037, -0.10586629807949066, 0.059168748557567596]]
  Policy Std: [[1.0034284591674805, 0.976804256439209, 0.9804749488830566, 0.9932587146759033, 1.0121442079544067, 1.0039632320404053, 1.0009573698043823, 1.0025033950805664, 0.9955798983573914, 0.9826322197914124, 0.9936424493789673, 0.9887740015983582, 0.9989004135131836, 1.038902997970581, 0.9870384931564331, 1.0012420415878296, 0.9875728487968445, 0.9975731372833252, 0.998661994934082, 0.9784038066864014, 0.995770275592804, 0.996944785118103, 0.9970985651016235, 0.99070805311203, 1.0111769437789917, 0.9880393743515015, 1.0210251808166504, 1.0141289234161377, 0.9971608519554138]]

Step 16:
  Date/Day: 17
  Action: [[0.12966544926166534, -0.11759486049413681, -0.13409601151943207, -0.1616028994321823, 0.03367147967219353, 0.14192350208759308, 0.18260560929775238, -0.020259160548448563, 0.0363912358880043, -0.14041288197040558, 0.10599221289157867, 0.012065114453434944, -0.15195448696613312, 0.1614382565021515, 0.0822371244430542, 0.040922895073890686, -0.016162725165486336, 0.033276718109846115, 0.09232530742883682, 0.03079107031226158, -0.13079994916915894, 0.03663456439971924, 0.12486941367387772, -0.028684085234999657, -0.11296513676643372, 0.23901773989200592, -0.10170084238052368, -0.12379813194274902, 0.06526941806077957]]
  Reward: 0.8067212700843811
  Account Value: None
  Done: False
  Policy Mean: [[0.12966544926166534, -0.11759486049413681, -0.13409601151943207, -0.1616028994321823, 0.03367147967219353, 0.14192350208759308, 0.18260560929775238, -0.020259160548448563, 0.0363912358880043, -0.14041288197040558, 0.10599221289157867, 0.012065114453434944, -0.15195448696613312, 0.1614382565021515, 0.0822371244430542, 0.040922895073890686, -0.016162725165486336, 0.033276718109846115, 0.09232530742883682, 0.03079107031226158, -0.13079994916915894, 0.03663456439971924, 0.12486941367387772, -0.028684085234999657, -0.11296513676643372, 0.23901773989200592, -0.10170084238052368, -0.12379813194274902, 0.06526941806077957]]
  Policy Std: [[1.0034284591674805, 0.976804256439209, 0.9804749488830566, 0.9932587146759033, 1.0121442079544067, 1.0039632320404053, 1.0009573698043823, 1.0025033950805664, 0.9955798983573914, 0.9826322197914124, 0.9936424493789673, 0.9887740015983582, 0.9989004135131836, 1.038902997970581, 0.9870384931564331, 1.0012420415878296, 0.9875728487968445, 0.9975731372833252, 0.998661994934082, 0.9784038066864014, 0.995770275592804, 0.996944785118103, 0.9970985651016235, 0.99070805311203, 1.0111769437789917, 0.9880393743515015, 1.0210251808166504, 1.0141289234161377, 0.9971608519554138]]

Step 17:
  Date/Day: 18
  Action: [[0.13370263576507568, -0.1166696771979332, -0.13436578214168549, -0.1494961977005005, 0.027335291728377342, 0.13690683245658875, 0.15978220105171204, -0.024342946708202362, 0.029910659417510033, -0.1361880749464035, 0.09983541071414948, 0.0008495203219354153, -0.12557218968868256, 0.1564362645149231, 0.07370653003454208, 0.03509439527988434, -0.023201091215014458, 0.04263205826282501, 0.09434738010168076, 0.019452068954706192, -0.11361561715602875, 0.03414670750498772, 0.12103445827960968, -0.02596733160316944, -0.11106614023447037, 0.20762647688388824, -0.09298472106456757, -0.13171833753585815, 0.06695941090583801]]
  Reward: -0.8570135235786438
  Account Value: None
  Done: False
  Policy Mean: [[0.13370263576507568, -0.1166696771979332, -0.13436578214168549, -0.1494961977005005, 0.027335291728377342, 0.13690683245658875, 0.15978220105171204, -0.024342946708202362, 0.029910659417510033, -0.1361880749464035, 0.09983541071414948, 0.0008495203219354153, -0.12557218968868256, 0.1564362645149231, 0.07370653003454208, 0.03509439527988434, -0.023201091215014458, 0.04263205826282501, 0.09434738010168076, 0.019452068954706192, -0.11361561715602875, 0.03414670750498772, 0.12103445827960968, -0.02596733160316944, -0.11106614023447037, 0.20762647688388824, -0.09298472106456757, -0.13171833753585815, 0.06695941090583801]]
  Policy Std: [[1.0034284591674805, 0.976804256439209, 0.9804749488830566, 0.9932587146759033, 1.0121442079544067, 1.0039632320404053, 1.0009573698043823, 1.0025033950805664, 0.9955798983573914, 0.9826322197914124, 0.9936424493789673, 0.9887740015983582, 0.9989004135131836, 1.038902997970581, 0.9870384931564331, 1.0012420415878296, 0.9875728487968445, 0.9975731372833252, 0.998661994934082, 0.9784038066864014, 0.995770275592804, 0.996944785118103, 0.9970985651016235, 0.99070805311203, 1.0111769437789917, 0.9880393743515015, 1.0210251808166504, 1.0141289234161377, 0.9971608519554138]]

Step 18:
  Date/Day: 19
  Action: [[0.11725479364395142, -0.10201743245124817, -0.1192026138305664, -0.13460400700569153, 0.020916782319545746, 0.12195467948913574, 0.1489228755235672, -0.01724524423480034, 0.027384158223867416, -0.12554799020290375, 0.08525634557008743, 0.006749523337930441, -0.11914310604333878, 0.14475376904010773, 0.06384807080030441, 0.03514210134744644, -0.022440262138843536, 0.030587002635002136, 0.08178430050611496, 0.021539349108934402, -0.10232482850551605, 0.02667340263724327, 0.102750264108181, -0.026201924309134483, -0.10408739000558853, 0.18748079240322113, -0.08201318979263306, -0.11383380740880966, 0.0596015602350235]]
  Reward: 0.6515046954154968
  Account Value: None
  Done: False
  Policy Mean: [[0.11725479364395142, -0.10201743245124817, -0.1192026138305664, -0.13460400700569153, 0.020916782319545746, 0.12195467948913574, 0.1489228755235672, -0.01724524423480034, 0.027384158223867416, -0.12554799020290375, 0.08525634557008743, 0.006749523337930441, -0.11914310604333878, 0.14475376904010773, 0.06384807080030441, 0.03514210134744644, -0.022440262138843536, 0.030587002635002136, 0.08178430050611496, 0.021539349108934402, -0.10232482850551605, 0.02667340263724327, 0.102750264108181, -0.026201924309134483, -0.10408739000558853, 0.18748079240322113, -0.08201318979263306, -0.11383380740880966, 0.0596015602350235]]
  Policy Std: [[1.0034284591674805, 0.976804256439209, 0.9804749488830566, 0.9932587146759033, 1.0121442079544067, 1.0039632320404053, 1.0009573698043823, 1.0025033950805664, 0.9955798983573914, 0.9826322197914124, 0.9936424493789673, 0.9887740015983582, 0.9989004135131836, 1.038902997970581, 0.9870384931564331, 1.0012420415878296, 0.9875728487968445, 0.9975731372833252, 0.998661994934082, 0.9784038066864014, 0.995770275592804, 0.996944785118103, 0.9970985651016235, 0.99070805311203, 1.0111769437789917, 0.9880393743515015, 1.0210251808166504, 1.0141289234161377, 0.9971608519554138]]

Step 19:
  Date/Day: 20
  Action: [[0.1337026059627533, -0.1166696697473526, -0.1343657672405243, -0.1494961678981781, 0.027335278689861298, 0.13690680265426636, 0.15978218615055084, -0.024342935532331467, 0.029910661280155182, -0.1361880600452423, 0.09983538091182709, 0.000849530566483736, -0.12557220458984375, 0.1564362794160843, 0.07370651513338089, 0.03509439155459404, -0.023201091215014458, 0.04263204336166382, 0.09434736520051956, 0.01945207267999649, -0.11361561715602875, 0.03414669632911682, 0.12103445082902908, -0.02596733346581459, -0.11106614023447037, 0.20762646198272705, -0.09298471361398697, -0.13171832263469696, 0.06695941090583801]]
  Reward: -0.6556087732315063
  Account Value: None
  Done: False
  Policy Mean: [[0.1337026059627533, -0.1166696697473526, -0.1343657672405243, -0.1494961678981781, 0.027335278689861298, 0.13690680265426636, 0.15978218615055084, -0.024342935532331467, 0.029910661280155182, -0.1361880600452423, 0.09983538091182709, 0.000849530566483736, -0.12557220458984375, 0.1564362794160843, 0.07370651513338089, 0.03509439155459404, -0.023201091215014458, 0.04263204336166382, 0.09434736520051956, 0.01945207267999649, -0.11361561715602875, 0.03414669632911682, 0.12103445082902908, -0.02596733346581459, -0.11106614023447037, 0.20762646198272705, -0.09298471361398697, -0.13171832263469696, 0.06695941090583801]]
  Policy Std: [[1.0034284591674805, 0.976804256439209, 0.9804749488830566, 0.9932587146759033, 1.0121442079544067, 1.0039632320404053, 1.0009573698043823, 1.0025033950805664, 0.9955798983573914, 0.9826322197914124, 0.9936424493789673, 0.9887740015983582, 0.9989004135131836, 1.038902997970581, 0.9870384931564331, 1.0012420415878296, 0.9875728487968445, 0.9975731372833252, 0.998661994934082, 0.9784038066864014, 0.995770275592804, 0.996944785118103, 0.9970985651016235, 0.99070805311203, 1.0111769437789917, 0.9880393743515015, 1.0210251808166504, 1.0141289234161377, 0.9971608519554138]]

Step 20:
  Date/Day: 21
  Action: [[0.13503029942512512, -0.11133863776922226, -0.14295752346515656, -0.15678271651268005, 0.027346843853592873, 0.1426256150007248, 0.17777316272258759, -0.020750155672430992, 0.033671725541353226, -0.14253666996955872, 0.09703712165355682, 0.016624003648757935, -0.14336171746253967, 0.16953054070472717, 0.08194255083799362, 0.04300974681973457, -0.02697739377617836, 0.03992322087287903, 0.10571152716875076, 0.031226057559251785, -0.12326003611087799, 0.03561722859740257, 0.12314914911985397, -0.02558460272848606, -0.11782386898994446, 0.23648853600025177, -0.09884951263666153, -0.1329898089170456, 0.06974537670612335]]
  Reward: 0.3263595402240753
  Account Value: None
  Done: False
  Policy Mean: [[0.13503029942512512, -0.11133863776922226, -0.14295752346515656, -0.15678271651268005, 0.027346843853592873, 0.1426256150007248, 0.17777316272258759, -0.020750155672430992, 0.033671725541353226, -0.14253666996955872, 0.09703712165355682, 0.016624003648757935, -0.14336171746253967, 0.16953054070472717, 0.08194255083799362, 0.04300974681973457, -0.02697739377617836, 0.03992322087287903, 0.10571152716875076, 0.031226057559251785, -0.12326003611087799, 0.03561722859740257, 0.12314914911985397, -0.02558460272848606, -0.11782386898994446, 0.23648853600025177, -0.09884951263666153, -0.1329898089170456, 0.06974537670612335]]
  Policy Std: [[1.0034284591674805, 0.976804256439209, 0.9804749488830566, 0.9932587146759033, 1.0121442079544067, 1.0039632320404053, 1.0009573698043823, 1.0025033950805664, 0.9955798983573914, 0.9826322197914124, 0.9936424493789673, 0.9887740015983582, 0.9989004135131836, 1.038902997970581, 0.9870384931564331, 1.0012420415878296, 0.9875728487968445, 0.9975731372833252, 0.998661994934082, 0.9784038066864014, 0.995770275592804, 0.996944785118103, 0.9970985651016235, 0.99070805311203, 1.0111769437789917, 0.9880393743515015, 1.0210251808166504, 1.0141289234161377, 0.9971608519554138]]

Step 21:
  Date/Day: 22
  Action: [[0.14022499322891235, -0.11268723756074905, -0.1459582895040512, -0.15896348655223846, 0.02831592597067356, 0.1471303403377533, 0.19021664559841156, -0.019142262637615204, 0.03479545935988426, -0.1449052393436432, 0.10028772056102753, 0.02650555968284607, -0.15258827805519104, 0.17192117869853973, 0.0890808254480362, 0.04426387697458267, -0.03286634013056755, 0.03758539259433746, 0.11459309607744217, 0.038601361215114594, -0.1279301941394806, 0.03282803297042847, 0.13674062490463257, -0.02735527791082859, -0.12677599489688873, 0.25834888219833374, -0.105662040412426, -0.13890232145786285, 0.0727124735713005]]
  Reward: 0.9315504431724548
  Account Value: None
  Done: False
  Policy Mean: [[0.14022499322891235, -0.11268723756074905, -0.1459582895040512, -0.15896348655223846, 0.02831592597067356, 0.1471303403377533, 0.19021664559841156, -0.019142262637615204, 0.03479545935988426, -0.1449052393436432, 0.10028772056102753, 0.02650555968284607, -0.15258827805519104, 0.17192117869853973, 0.0890808254480362, 0.04426387697458267, -0.03286634013056755, 0.03758539259433746, 0.11459309607744217, 0.038601361215114594, -0.1279301941394806, 0.03282803297042847, 0.13674062490463257, -0.02735527791082859, -0.12677599489688873, 0.25834888219833374, -0.105662040412426, -0.13890232145786285, 0.0727124735713005]]
  Policy Std: [[1.0034284591674805, 0.976804256439209, 0.9804749488830566, 0.9932587146759033, 1.0121442079544067, 1.0039632320404053, 1.0009573698043823, 1.0025033950805664, 0.9955798983573914, 0.9826322197914124, 0.9936424493789673, 0.9887740015983582, 0.9989004135131836, 1.038902997970581, 0.9870384931564331, 1.0012420415878296, 0.9875728487968445, 0.9975731372833252, 0.998661994934082, 0.9784038066864014, 0.995770275592804, 0.996944785118103, 0.9970985651016235, 0.99070805311203, 1.0111769437789917, 0.9880393743515015, 1.0210251808166504, 1.0141289234161377, 0.9971608519554138]]

Step 22:
  Date/Day: 23
  Action: [[0.15632039308547974, -0.1341012567281723, -0.14411236345767975, -0.1604551374912262, 0.028987940400838852, 0.15483035147190094, 0.18305200338363647, -0.026990706101059914, 0.037979502230882645, -0.14940565824508667, 0.11356261372566223, 0.012637658976018429, -0.14071257412433624, 0.17349544167518616, 0.08800146728754044, 0.04237016662955284, -0.035840168595314026, 0.04665175825357437, 0.11521238088607788, 0.028220772743225098, -0.12456928193569183, 0.0361378975212574, 0.1440601944923401, -0.03366975858807564, -0.12990176677703857, 0.24738754332065582, -0.10790469497442245, -0.1500173807144165, 0.07770707458257675]]
  Reward: 0.6515437364578247
  Account Value: None
  Done: False
  Policy Mean: [[0.15632039308547974, -0.1341012567281723, -0.14411236345767975, -0.1604551374912262, 0.028987940400838852, 0.15483035147190094, 0.18305200338363647, -0.026990706101059914, 0.037979502230882645, -0.14940565824508667, 0.11356261372566223, 0.012637658976018429, -0.14071257412433624, 0.17349544167518616, 0.08800146728754044, 0.04237016662955284, -0.035840168595314026, 0.04665175825357437, 0.11521238088607788, 0.028220772743225098, -0.12456928193569183, 0.0361378975212574, 0.1440601944923401, -0.03366975858807564, -0.12990176677703857, 0.24738754332065582, -0.10790469497442245, -0.1500173807144165, 0.07770707458257675]]
  Policy Std: [[1.0034284591674805, 0.976804256439209, 0.9804749488830566, 0.9932587146759033, 1.0121442079544067, 1.0039632320404053, 1.0009573698043823, 1.0025033950805664, 0.9955798983573914, 0.9826322197914124, 0.9936424493789673, 0.9887740015983582, 0.9989004135131836, 1.038902997970581, 0.9870384931564331, 1.0012420415878296, 0.9875728487968445, 0.9975731372833252, 0.998661994934082, 0.9784038066864014, 0.995770275592804, 0.996944785118103, 0.9970985651016235, 0.99070805311203, 1.0111769437789917, 0.9880393743515015, 1.0210251808166504, 1.0141289234161377, 0.9971608519554138]]

Step 23:
  Date/Day: 24
  Action: [[0.15922857820987701, -0.13558758795261383, -0.14594821631908417, -0.16574043035507202, 0.026524459943175316, 0.15523649752140045, 0.1814652979373932, -0.026681866496801376, 0.03706914931535721, -0.14992374181747437, 0.11660376191139221, 0.004897027276456356, -0.14203213155269623, 0.17416521906852722, 0.08563204854726791, 0.045280978083610535, -0.024523627012968063, 0.049717165529727936, 0.10974793881177902, 0.02567502111196518, -0.1272822767496109, 0.039103616029024124, 0.1404557228088379, -0.03480323776602745, -0.1300770789384842, 0.24405193328857422, -0.10681015998125076, -0.1478533297777176, 0.0777941569685936]]
  Reward: 0.9824491739273071
  Account Value: None
  Done: False
  Policy Mean: [[0.15922857820987701, -0.13558758795261383, -0.14594821631908417, -0.16574043035507202, 0.026524459943175316, 0.15523649752140045, 0.1814652979373932, -0.026681866496801376, 0.03706914931535721, -0.14992374181747437, 0.11660376191139221, 0.004897027276456356, -0.14203213155269623, 0.17416521906852722, 0.08563204854726791, 0.045280978083610535, -0.024523627012968063, 0.049717165529727936, 0.10974793881177902, 0.02567502111196518, -0.1272822767496109, 0.039103616029024124, 0.1404557228088379, -0.03480323776602745, -0.1300770789384842, 0.24405193328857422, -0.10681015998125076, -0.1478533297777176, 0.0777941569685936]]
  Policy Std: [[1.0034284591674805, 0.976804256439209, 0.9804749488830566, 0.9932587146759033, 1.0121442079544067, 1.0039632320404053, 1.0009573698043823, 1.0025033950805664, 0.9955798983573914, 0.9826322197914124, 0.9936424493789673, 0.9887740015983582, 0.9989004135131836, 1.038902997970581, 0.9870384931564331, 1.0012420415878296, 0.9875728487968445, 0.9975731372833252, 0.998661994934082, 0.9784038066864014, 0.995770275592804, 0.996944785118103, 0.9970985651016235, 0.99070805311203, 1.0111769437789917, 0.9880393743515015, 1.0210251808166504, 1.0141289234161377, 0.9971608519554138]]

Step 24:
  Date/Day: 25
  Action: [[0.08549162745475769, -0.0780521109700203, -0.07513207942247391, -0.10106971859931946, 0.022176524624228477, 0.08945237100124359, 0.11297503113746643, -0.014395023696124554, 0.018085315823554993, -0.09563370794057846, 0.06505747884511948, 0.004726001061499119, -0.08882443606853485, 0.09421378374099731, 0.04403143376111984, 0.013153411448001862, -0.016181066632270813, 0.0131265539675951, 0.0590057335793972, 0.018443934619426727, -0.07168728113174438, 0.02173033356666565, 0.07517257332801819, -0.015995975583791733, -0.07361261546611786, 0.14112715423107147, -0.06932266056537628, -0.08926105499267578, 0.04813477396965027]]
  Reward: 1.1290605068206787
  Account Value: None
  Done: False
  Policy Mean: [[0.08549162745475769, -0.0780521109700203, -0.07513207942247391, -0.10106971859931946, 0.022176524624228477, 0.08945237100124359, 0.11297503113746643, -0.014395023696124554, 0.018085315823554993, -0.09563370794057846, 0.06505747884511948, 0.004726001061499119, -0.08882443606853485, 0.09421378374099731, 0.04403143376111984, 0.013153411448001862, -0.016181066632270813, 0.0131265539675951, 0.0590057335793972, 0.018443934619426727, -0.07168728113174438, 0.02173033356666565, 0.07517257332801819, -0.015995975583791733, -0.07361261546611786, 0.14112715423107147, -0.06932266056537628, -0.08926105499267578, 0.04813477396965027]]
  Policy Std: [[1.0034284591674805, 0.976804256439209, 0.9804749488830566, 0.9932587146759033, 1.0121442079544067, 1.0039632320404053, 1.0009573698043823, 1.0025033950805664, 0.9955798983573914, 0.9826322197914124, 0.9936424493789673, 0.9887740015983582, 0.9989004135131836, 1.038902997970581, 0.9870384931564331, 1.0012420415878296, 0.9875728487968445, 0.9975731372833252, 0.998661994934082, 0.9784038066864014, 0.995770275592804, 0.996944785118103, 0.9970985651016235, 0.99070805311203, 1.0111769437789917, 0.9880393743515015, 1.0210251808166504, 1.0141289234161377, 0.9971608519554138]]

Step 25:
  Date/Day: 26
  Action: [[0.09077224135398865, -0.07959898561239243, -0.08185676485300064, -0.11055326461791992, 0.026303160935640335, 0.09371916949748993, 0.12484487891197205, -0.015179089270532131, 0.02182498387992382, -0.09871290624141693, 0.07268601655960083, 0.00859393086284399, -0.09626884013414383, 0.09929319471120834, 0.048278216272592545, 0.01746745966374874, -0.01615520566701889, 0.013941888697445393, 0.06693705916404724, 0.022007569670677185, -0.07907219231128693, 0.025178905576467514, 0.08347080647945404, -0.018307063728570938, -0.08175483345985413, 0.15645726025104523, -0.07696585357189178, -0.09234736859798431, 0.050133176147937775]]
  Reward: -0.5109758377075195
  Account Value: None
  Done: False
  Policy Mean: [[0.09077224135398865, -0.07959898561239243, -0.08185676485300064, -0.11055326461791992, 0.026303160935640335, 0.09371916949748993, 0.12484487891197205, -0.015179089270532131, 0.02182498387992382, -0.09871290624141693, 0.07268601655960083, 0.00859393086284399, -0.09626884013414383, 0.09929319471120834, 0.048278216272592545, 0.01746745966374874, -0.01615520566701889, 0.013941888697445393, 0.06693705916404724, 0.022007569670677185, -0.07907219231128693, 0.025178905576467514, 0.08347080647945404, -0.018307063728570938, -0.08175483345985413, 0.15645726025104523, -0.07696585357189178, -0.09234736859798431, 0.050133176147937775]]
  Policy Std: [[1.0034284591674805, 0.976804256439209, 0.9804749488830566, 0.9932587146759033, 1.0121442079544067, 1.0039632320404053, 1.0009573698043823, 1.0025033950805664, 0.9955798983573914, 0.9826322197914124, 0.9936424493789673, 0.9887740015983582, 0.9989004135131836, 1.038902997970581, 0.9870384931564331, 1.0012420415878296, 0.9875728487968445, 0.9975731372833252, 0.998661994934082, 0.9784038066864014, 0.995770275592804, 0.996944785118103, 0.9970985651016235, 0.99070805311203, 1.0111769437789917, 0.9880393743515015, 1.0210251808166504, 1.0141289234161377, 0.9971608519554138]]

Step 26:
  Date/Day: 27
  Action: [[0.10058702528476715, -0.08540332317352295, -0.09641966223716736, -0.12810948491096497, 0.035431571304798126, 0.10386624187231064, 0.13836325705051422, -0.01837732642889023, 0.026469171047210693, -0.10561143606901169, 0.08428896218538284, 0.01142125204205513, -0.10731033980846405, 0.11337326467037201, 0.056986525654792786, 0.021052658557891846, -0.01987558603286743, 0.02110130339860916, 0.07496850192546844, 0.024621371179819107, -0.09036478400230408, 0.029747266322374344, 0.09873301535844803, -0.019260209053754807, -0.09106642007827759, 0.17545293271541595, -0.08708053827285767, -0.0974942296743393, 0.04977702349424362]]
  Reward: 0.539271354675293
  Account Value: None
  Done: False
  Policy Mean: [[0.10058702528476715, -0.08540332317352295, -0.09641966223716736, -0.12810948491096497, 0.035431571304798126, 0.10386624187231064, 0.13836325705051422, -0.01837732642889023, 0.026469171047210693, -0.10561143606901169, 0.08428896218538284, 0.01142125204205513, -0.10731033980846405, 0.11337326467037201, 0.056986525654792786, 0.021052658557891846, -0.01987558603286743, 0.02110130339860916, 0.07496850192546844, 0.024621371179819107, -0.09036478400230408, 0.029747266322374344, 0.09873301535844803, -0.019260209053754807, -0.09106642007827759, 0.17545293271541595, -0.08708053827285767, -0.0974942296743393, 0.04977702349424362]]
  Policy Std: [[1.0034284591674805, 0.976804256439209, 0.9804749488830566, 0.9932587146759033, 1.0121442079544067, 1.0039632320404053, 1.0009573698043823, 1.0025033950805664, 0.9955798983573914, 0.9826322197914124, 0.9936424493789673, 0.9887740015983582, 0.9989004135131836, 1.038902997970581, 0.9870384931564331, 1.0012420415878296, 0.9875728487968445, 0.9975731372833252, 0.998661994934082, 0.9784038066864014, 0.995770275592804, 0.996944785118103, 0.9970985651016235, 0.99070805311203, 1.0111769437789917, 0.9880393743515015, 1.0210251808166504, 1.0141289234161377, 0.9971608519554138]]

Step 27:
  Date/Day: 28
  Action: [[0.12150818109512329, -0.10010221600532532, -0.11287764459848404, -0.1550307422876358, 0.04037686437368393, 0.1233757883310318, 0.1602572351694107, -0.018340222537517548, 0.03396684676408768, -0.11881568282842636, 0.0997011661529541, 0.010699784383177757, -0.12740576267242432, 0.13936617970466614, 0.06842117756605148, 0.0325673371553421, -0.010311744175851345, 0.03481267765164375, 0.08594457060098648, 0.029706168919801712, -0.11726158857345581, 0.040621642023324966, 0.11742294579744339, -0.03370123729109764, -0.10903027653694153, 0.21122796833515167, -0.10049426555633545, -0.10836657136678696, 0.05562049150466919]]
  Reward: -0.4975089430809021
  Account Value: None
  Done: False
  Policy Mean: [[0.12150818109512329, -0.10010221600532532, -0.11287764459848404, -0.1550307422876358, 0.04037686437368393, 0.1233757883310318, 0.1602572351694107, -0.018340222537517548, 0.03396684676408768, -0.11881568282842636, 0.0997011661529541, 0.010699784383177757, -0.12740576267242432, 0.13936617970466614, 0.06842117756605148, 0.0325673371553421, -0.010311744175851345, 0.03481267765164375, 0.08594457060098648, 0.029706168919801712, -0.11726158857345581, 0.040621642023324966, 0.11742294579744339, -0.03370123729109764, -0.10903027653694153, 0.21122796833515167, -0.10049426555633545, -0.10836657136678696, 0.05562049150466919]]
  Policy Std: [[1.0034284591674805, 0.976804256439209, 0.9804749488830566, 0.9932587146759033, 1.0121442079544067, 1.0039632320404053, 1.0009573698043823, 1.0025033950805664, 0.9955798983573914, 0.9826322197914124, 0.9936424493789673, 0.9887740015983582, 0.9989004135131836, 1.038902997970581, 0.9870384931564331, 1.0012420415878296, 0.9875728487968445, 0.9975731372833252, 0.998661994934082, 0.9784038066864014, 0.995770275592804, 0.996944785118103, 0.9970985651016235, 0.99070805311203, 1.0111769437789917, 0.9880393743515015, 1.0210251808166504, 1.0141289234161377, 0.9971608519554138]]

Step 28:
  Date/Day: 29
  Action: [[0.12953831255435944, -0.10821802169084549, -0.12193360924720764, -0.16495949029922485, 0.03163884952664375, 0.1338578462600708, 0.17519275844097137, -0.02456904575228691, 0.029374346137046814, -0.14015749096870422, 0.08873970806598663, 0.0013888180255889893, -0.1576429009437561, 0.1658923178911209, 0.06494776159524918, 0.03724587708711624, 0.00012386194430291653, 0.03742324560880661, 0.07911943644285202, 0.030836038291454315, -0.13850057125091553, 0.0469360388815403, 0.12247353047132492, -0.028313621878623962, -0.10741688311100006, 0.22737830877304077, -0.09587167203426361, -0.1167469397187233, 0.06694164127111435]]
  Reward: 1.2619682550430298
  Account Value: None
  Done: False
  Policy Mean: [[0.12953831255435944, -0.10821802169084549, -0.12193360924720764, -0.16495949029922485, 0.03163884952664375, 0.1338578462600708, 0.17519275844097137, -0.02456904575228691, 0.029374346137046814, -0.14015749096870422, 0.08873970806598663, 0.0013888180255889893, -0.1576429009437561, 0.1658923178911209, 0.06494776159524918, 0.03724587708711624, 0.00012386194430291653, 0.03742324560880661, 0.07911943644285202, 0.030836038291454315, -0.13850057125091553, 0.0469360388815403, 0.12247353047132492, -0.028313621878623962, -0.10741688311100006, 0.22737830877304077, -0.09587167203426361, -0.1167469397187233, 0.06694164127111435]]
  Policy Std: [[1.0034284591674805, 0.976804256439209, 0.9804749488830566, 0.9932587146759033, 1.0121442079544067, 1.0039632320404053, 1.0009573698043823, 1.0025033950805664, 0.9955798983573914, 0.9826322197914124, 0.9936424493789673, 0.9887740015983582, 0.9989004135131836, 1.038902997970581, 0.9870384931564331, 1.0012420415878296, 0.9875728487968445, 0.9975731372833252, 0.998661994934082, 0.9784038066864014, 0.995770275592804, 0.996944785118103, 0.9970985651016235, 0.99070805311203, 1.0111769437789917, 0.9880393743515015, 1.0210251808166504, 1.0141289234161377, 0.9971608519554138]]

Step 29:
  Date/Day: 30
  Action: [[0.09991228580474854, -0.08909779042005539, -0.09941679239273071, -0.12625053524971008, 0.03042866662144661, 0.1117454320192337, 0.14347082376480103, -0.01928643323481083, 0.027406729757785797, -0.10753031820058823, 0.08326952159404755, 0.016231253743171692, -0.11128801107406616, 0.1200326606631279, 0.06581778079271317, 0.02266153320670128, -0.01628703996539116, 0.022695081308484077, 0.078377865254879, 0.02664615586400032, -0.09584364295005798, 0.029314298182725906, 0.10138159245252609, -0.01832301914691925, -0.09495596587657928, 0.1862994283437729, -0.08883686363697052, -0.10236562788486481, 0.054249562323093414]]
  Reward: -0.1735687404870987
  Account Value: None
  Done: False
  Policy Mean: [[0.09991228580474854, -0.08909779042005539, -0.09941679239273071, -0.12625053524971008, 0.03042866662144661, 0.1117454320192337, 0.14347082376480103, -0.01928643323481083, 0.027406729757785797, -0.10753031820058823, 0.08326952159404755, 0.016231253743171692, -0.11128801107406616, 0.1200326606631279, 0.06581778079271317, 0.02266153320670128, -0.01628703996539116, 0.022695081308484077, 0.078377865254879, 0.02664615586400032, -0.09584364295005798, 0.029314298182725906, 0.10138159245252609, -0.01832301914691925, -0.09495596587657928, 0.1862994283437729, -0.08883686363697052, -0.10236562788486481, 0.054249562323093414]]
  Policy Std: [[1.0034284591674805, 0.976804256439209, 0.9804749488830566, 0.9932587146759033, 1.0121442079544067, 1.0039632320404053, 1.0009573698043823, 1.0025033950805664, 0.9955798983573914, 0.9826322197914124, 0.9936424493789673, 0.9887740015983582, 0.9989004135131836, 1.038902997970581, 0.9870384931564331, 1.0012420415878296, 0.9875728487968445, 0.9975731372833252, 0.998661994934082, 0.9784038066864014, 0.995770275592804, 0.996944785118103, 0.9970985651016235, 0.99070805311203, 1.0111769437789917, 0.9880393743515015, 1.0210251808166504, 1.0141289234161377, 0.9971608519554138]]

Step 30:
  Date/Day: 31
  Action: [[0.10412193834781647, -0.08914802223443985, -0.0996827483177185, -0.1294824779033661, 0.03636753186583519, 0.11513672024011612, 0.1662161946296692, -0.013781297020614147, 0.044319190084934235, -0.1067095473408699, 0.08667401969432831, 0.028097212314605713, -0.1270536184310913, 0.12825307250022888, 0.0820833072066307, 0.03952256962656975, -0.015456704422831535, 0.028688210994005203, 0.08960038423538208, 0.03180515021085739, -0.11600381135940552, 0.03133148327469826, 0.10720306634902954, -0.02373688854277134, -0.09779927879571915, 0.2135830968618393, -0.09892386943101883, -0.10006363689899445, 0.056453458964824677]]
  Reward: -0.2677266001701355
  Account Value: None
  Done: False
  Policy Mean: [[0.10412193834781647, -0.08914802223443985, -0.0996827483177185, -0.1294824779033661, 0.03636753186583519, 0.11513672024011612, 0.1662161946296692, -0.013781297020614147, 0.044319190084934235, -0.1067095473408699, 0.08667401969432831, 0.028097212314605713, -0.1270536184310913, 0.12825307250022888, 0.0820833072066307, 0.03952256962656975, -0.015456704422831535, 0.028688210994005203, 0.08960038423538208, 0.03180515021085739, -0.11600381135940552, 0.03133148327469826, 0.10720306634902954, -0.02373688854277134, -0.09779927879571915, 0.2135830968618393, -0.09892386943101883, -0.10006363689899445, 0.056453458964824677]]
  Policy Std: [[1.0034284591674805, 0.976804256439209, 0.9804749488830566, 0.9932587146759033, 1.0121442079544067, 1.0039632320404053, 1.0009573698043823, 1.0025033950805664, 0.9955798983573914, 0.9826322197914124, 0.9936424493789673, 0.9887740015983582, 0.9989004135131836, 1.038902997970581, 0.9870384931564331, 1.0012420415878296, 0.9875728487968445, 0.9975731372833252, 0.998661994934082, 0.9784038066864014, 0.995770275592804, 0.996944785118103, 0.9970985651016235, 0.99070805311203, 1.0111769437789917, 0.9880393743515015, 1.0210251808166504, 1.0141289234161377, 0.9971608519554138]]

Step 31:
  Date/Day: 32
  Action: [[0.10600551217794418, -0.09274947643280029, -0.10138630121946335, -0.13541385531425476, 0.03524104133248329, 0.11460427194833755, 0.16483883559703827, -0.013688421808183193, 0.03671269118785858, -0.11180481314659119, 0.08740638196468353, 0.017781691625714302, -0.13527721166610718, 0.13512012362480164, 0.07256239652633667, 0.034786488860845566, -0.005307283252477646, 0.02944190800189972, 0.08045854419469833, 0.02923712134361267, -0.12076057493686676, 0.03815463185310364, 0.10816548764705658, -0.025635523721575737, -0.09906874597072601, 0.2118464857339859, -0.09232629090547562, -0.09849707782268524, 0.05877463519573212]]
  Reward: 0.8697726130485535
  Account Value: None
  Done: False
  Policy Mean: [[0.10600551217794418, -0.09274947643280029, -0.10138630121946335, -0.13541385531425476, 0.03524104133248329, 0.11460427194833755, 0.16483883559703827, -0.013688421808183193, 0.03671269118785858, -0.11180481314659119, 0.08740638196468353, 0.017781691625714302, -0.13527721166610718, 0.13512012362480164, 0.07256239652633667, 0.034786488860845566, -0.005307283252477646, 0.02944190800189972, 0.08045854419469833, 0.02923712134361267, -0.12076057493686676, 0.03815463185310364, 0.10816548764705658, -0.025635523721575737, -0.09906874597072601, 0.2118464857339859, -0.09232629090547562, -0.09849707782268524, 0.05877463519573212]]
  Policy Std: [[1.0034284591674805, 0.976804256439209, 0.9804749488830566, 0.9932587146759033, 1.0121442079544067, 1.0039632320404053, 1.0009573698043823, 1.0025033950805664, 0.9955798983573914, 0.9826322197914124, 0.9936424493789673, 0.9887740015983582, 0.9989004135131836, 1.038902997970581, 0.9870384931564331, 1.0012420415878296, 0.9875728487968445, 0.9975731372833252, 0.998661994934082, 0.9784038066864014, 0.995770275592804, 0.996944785118103, 0.9970985651016235, 0.99070805311203, 1.0111769437789917, 0.9880393743515015, 1.0210251808166504, 1.0141289234161377, 0.9971608519554138]]

Step 32:
  Date/Day: 33
  Action: [[0.15717437863349915, -0.13078106939792633, -0.14440616965293884, -0.17948642373085022, 0.028269514441490173, 0.1481633335351944, 0.1997442990541458, -0.01850520446896553, 0.044797901064157486, -0.14944875240325928, 0.11701422184705734, 0.012137407436966896, -0.16634035110473633, 0.18814831972122192, 0.08501162379980087, 0.051057908684015274, -0.001232542097568512, 0.04884978383779526, 0.09982670843601227, 0.03395818918943405, -0.1553512066602707, 0.04489259049296379, 0.14064526557922363, -0.046984169632196426, -0.1379445493221283, 0.26504167914390564, -0.1040525734424591, -0.1330392211675644, 0.07718820869922638]]
  Reward: 0.40513384342193604
  Account Value: None
  Done: False
  Policy Mean: [[0.15717437863349915, -0.13078106939792633, -0.14440616965293884, -0.17948642373085022, 0.028269514441490173, 0.1481633335351944, 0.1997442990541458, -0.01850520446896553, 0.044797901064157486, -0.14944875240325928, 0.11701422184705734, 0.012137407436966896, -0.16634035110473633, 0.18814831972122192, 0.08501162379980087, 0.051057908684015274, -0.001232542097568512, 0.04884978383779526, 0.09982670843601227, 0.03395818918943405, -0.1553512066602707, 0.04489259049296379, 0.14064526557922363, -0.046984169632196426, -0.1379445493221283, 0.26504167914390564, -0.1040525734424591, -0.1330392211675644, 0.07718820869922638]]
  Policy Std: [[1.0034284591674805, 0.976804256439209, 0.9804749488830566, 0.9932587146759033, 1.0121442079544067, 1.0039632320404053, 1.0009573698043823, 1.0025033950805664, 0.9955798983573914, 0.9826322197914124, 0.9936424493789673, 0.9887740015983582, 0.9989004135131836, 1.038902997970581, 0.9870384931564331, 1.0012420415878296, 0.9875728487968445, 0.9975731372833252, 0.998661994934082, 0.9784038066864014, 0.995770275592804, 0.996944785118103, 0.9970985651016235, 0.99070805311203, 1.0111769437789917, 0.9880393743515015, 1.0210251808166504, 1.0141289234161377, 0.9971608519554138]]

Step 33:
  Date/Day: 34
  Action: [[0.1640789806842804, -0.13151702284812927, -0.14846259355545044, -0.17928920686244965, 0.025927942246198654, 0.1441345363855362, 0.18735042214393616, -0.020320452749729156, 0.03387191891670227, -0.15403617918491364, 0.1121203750371933, -0.005812728777527809, -0.16697999835014343, 0.18593640625476837, 0.07080616801977158, 0.047746848315000534, 0.002052231691777706, 0.052109815180301666, 0.08958534896373749, 0.027507103979587555, -0.1529645174741745, 0.044740159064531326, 0.13598793745040894, -0.044026199728250504, -0.13260303437709808, 0.24922341108322144, -0.09666810184717178, -0.13712404668331146, 0.07825584709644318]]
  Reward: 0.03312839940190315
  Account Value: None
  Done: False
  Policy Mean: [[0.1640789806842804, -0.13151702284812927, -0.14846259355545044, -0.17928920686244965, 0.025927942246198654, 0.1441345363855362, 0.18735042214393616, -0.020320452749729156, 0.03387191891670227, -0.15403617918491364, 0.1121203750371933, -0.005812728777527809, -0.16697999835014343, 0.18593640625476837, 0.07080616801977158, 0.047746848315000534, 0.002052231691777706, 0.052109815180301666, 0.08958534896373749, 0.027507103979587555, -0.1529645174741745, 0.044740159064531326, 0.13598793745040894, -0.044026199728250504, -0.13260303437709808, 0.24922341108322144, -0.09666810184717178, -0.13712404668331146, 0.07825584709644318]]
  Policy Std: [[1.0034284591674805, 0.976804256439209, 0.9804749488830566, 0.9932587146759033, 1.0121442079544067, 1.0039632320404053, 1.0009573698043823, 1.0025033950805664, 0.9955798983573914, 0.9826322197914124, 0.9936424493789673, 0.9887740015983582, 0.9989004135131836, 1.038902997970581, 0.9870384931564331, 1.0012420415878296, 0.9875728487968445, 0.9975731372833252, 0.998661994934082, 0.9784038066864014, 0.995770275592804, 0.996944785118103, 0.9970985651016235, 0.99070805311203, 1.0111769437789917, 0.9880393743515015, 1.0210251808166504, 1.0141289234161377, 0.9971608519554138]]

Step 34:
  Date/Day: 35
  Action: [[0.11493264883756638, -0.09228844195604324, -0.09652913361787796, -0.1116107776761055, 0.015879042446613312, 0.10302478075027466, 0.12546660006046295, -0.017674630507826805, 0.024970952421426773, -0.10779552906751633, 0.07105384767055511, -0.002879907377064228, -0.09899602085351944, 0.12656119465827942, 0.05751945450901985, 0.03307964280247688, -0.016139129176735878, 0.037587910890579224, 0.06820593774318695, 0.016170751303434372, -0.09149472415447235, 0.023710492998361588, 0.08837341517210007, -0.021966204047203064, -0.0893070325255394, 0.1601203978061676, -0.06983710825443268, -0.10966160893440247, 0.05971123278141022]]
  Reward: 0.7912830710411072
  Account Value: None
  Done: False
  Policy Mean: [[0.11493264883756638, -0.09228844195604324, -0.09652913361787796, -0.1116107776761055, 0.015879042446613312, 0.10302478075027466, 0.12546660006046295, -0.017674630507826805, 0.024970952421426773, -0.10779552906751633, 0.07105384767055511, -0.002879907377064228, -0.09899602085351944, 0.12656119465827942, 0.05751945450901985, 0.03307964280247688, -0.016139129176735878, 0.037587910890579224, 0.06820593774318695, 0.016170751303434372, -0.09149472415447235, 0.023710492998361588, 0.08837341517210007, -0.021966204047203064, -0.0893070325255394, 0.1601203978061676, -0.06983710825443268, -0.10966160893440247, 0.05971123278141022]]
  Policy Std: [[1.0034284591674805, 0.976804256439209, 0.9804749488830566, 0.9932587146759033, 1.0121442079544067, 1.0039632320404053, 1.0009573698043823, 1.0025033950805664, 0.9955798983573914, 0.9826322197914124, 0.9936424493789673, 0.9887740015983582, 0.9989004135131836, 1.038902997970581, 0.9870384931564331, 1.0012420415878296, 0.9875728487968445, 0.9975731372833252, 0.998661994934082, 0.9784038066864014, 0.995770275592804, 0.996944785118103, 0.9970985651016235, 0.99070805311203, 1.0111769437789917, 0.9880393743515015, 1.0210251808166504, 1.0141289234161377, 0.9971608519554138]]

Step 35:
  Date/Day: 36
  Action: [[0.07510792464017868, -0.06914421916007996, -0.07360761612653732, -0.07783344388008118, 0.02289978414773941, 0.08570083230733871, 0.12014096975326538, -0.012567607685923576, 0.03495447337627411, -0.08085361868143082, 0.061002910137176514, 0.029328366741538048, -0.07201028615236282, 0.0956621915102005, 0.06805474311113358, 0.025556674227118492, -0.045526158064603806, 0.019335420802235603, 0.08397992700338364, 0.021334540098905563, -0.063782699406147, 0.010927505791187286, 0.0834868773818016, -0.008983727544546127, -0.07776040583848953, 0.15084286034107208, -0.07495197653770447, -0.0902760848402977, 0.04790885001420975]]
  Reward: 0.6415038108825684
  Account Value: None
  Done: False
  Policy Mean: [[0.07510792464017868, -0.06914421916007996, -0.07360761612653732, -0.07783344388008118, 0.02289978414773941, 0.08570083230733871, 0.12014096975326538, -0.012567607685923576, 0.03495447337627411, -0.08085361868143082, 0.061002910137176514, 0.029328366741538048, -0.07201028615236282, 0.0956621915102005, 0.06805474311113358, 0.025556674227118492, -0.045526158064603806, 0.019335420802235603, 0.08397992700338364, 0.021334540098905563, -0.063782699406147, 0.010927505791187286, 0.0834868773818016, -0.008983727544546127, -0.07776040583848953, 0.15084286034107208, -0.07495197653770447, -0.0902760848402977, 0.04790885001420975]]
  Policy Std: [[1.0034284591674805, 0.976804256439209, 0.9804749488830566, 0.9932587146759033, 1.0121442079544067, 1.0039632320404053, 1.0009573698043823, 1.0025033950805664, 0.9955798983573914, 0.9826322197914124, 0.9936424493789673, 0.9887740015983582, 0.9989004135131836, 1.038902997970581, 0.9870384931564331, 1.0012420415878296, 0.9875728487968445, 0.9975731372833252, 0.998661994934082, 0.9784038066864014, 0.995770275592804, 0.996944785118103, 0.9970985651016235, 0.99070805311203, 1.0111769437789917, 0.9880393743515015, 1.0210251808166504, 1.0141289234161377, 0.9971608519554138]]

Step 36:
  Date/Day: 37
  Action: [[0.14943572878837585, -0.11974259465932846, -0.1373300701379776, -0.15574663877487183, 0.01664646528661251, 0.14699742197990417, 0.17635858058929443, -0.021410444751381874, 0.03479836508631706, -0.14810621738433838, 0.09629791229963303, 0.014966970309615135, -0.1470295488834381, 0.17202965915203094, 0.0791153684258461, 0.05087452381849289, -0.029393672943115234, 0.04013529419898987, 0.10263022035360336, 0.031222719699144363, -0.12417159229516983, 0.025488942861557007, 0.1290217638015747, -0.03028084710240364, -0.13474330306053162, 0.23744671046733856, -0.09824113547801971, -0.14029572904109955, 0.07431304454803467]]
  Reward: 0.9827371835708618
  Account Value: None
  Done: False
  Policy Mean: [[0.14943572878837585, -0.11974259465932846, -0.1373300701379776, -0.15574663877487183, 0.01664646528661251, 0.14699742197990417, 0.17635858058929443, -0.021410444751381874, 0.03479836508631706, -0.14810621738433838, 0.09629791229963303, 0.014966970309615135, -0.1470295488834381, 0.17202965915203094, 0.0791153684258461, 0.05087452381849289, -0.029393672943115234, 0.04013529419898987, 0.10263022035360336, 0.031222719699144363, -0.12417159229516983, 0.025488942861557007, 0.1290217638015747, -0.03028084710240364, -0.13474330306053162, 0.23744671046733856, -0.09824113547801971, -0.14029572904109955, 0.07431304454803467]]
  Policy Std: [[1.0034284591674805, 0.976804256439209, 0.9804749488830566, 0.9932587146759033, 1.0121442079544067, 1.0039632320404053, 1.0009573698043823, 1.0025033950805664, 0.9955798983573914, 0.9826322197914124, 0.9936424493789673, 0.9887740015983582, 0.9989004135131836, 1.038902997970581, 0.9870384931564331, 1.0012420415878296, 0.9875728487968445, 0.9975731372833252, 0.998661994934082, 0.9784038066864014, 0.995770275592804, 0.996944785118103, 0.9970985651016235, 0.99070805311203, 1.0111769437789917, 0.9880393743515015, 1.0210251808166504, 1.0141289234161377, 0.9971608519554138]]

Step 37:
  Date/Day: 38
  Action: [[0.13123753666877747, -0.1103258952498436, -0.11674131453037262, -0.13658608496189117, 0.013527870178222656, 0.12484049052000046, 0.15379099547863007, -0.022075222805142403, 0.030996937304735184, -0.12984921038150787, 0.0832061618566513, 0.0010854927822947502, -0.13052019476890564, 0.15509529411792755, 0.06708287447690964, 0.041882358491420746, -0.017911532893776894, 0.03982577472925186, 0.08488930016756058, 0.020748447626829147, -0.11124250292778015, 0.028178952634334564, 0.11054512113332748, -0.022017160430550575, -0.11038623750209808, 0.20016315579414368, -0.08246883749961853, -0.1255977749824524, 0.0709541067481041]]
  Reward: 0.5996535420417786
  Account Value: None
  Done: False
  Policy Mean: [[0.13123753666877747, -0.1103258952498436, -0.11674131453037262, -0.13658608496189117, 0.013527870178222656, 0.12484049052000046, 0.15379099547863007, -0.022075222805142403, 0.030996937304735184, -0.12984921038150787, 0.0832061618566513, 0.0010854927822947502, -0.13052019476890564, 0.15509529411792755, 0.06708287447690964, 0.041882358491420746, -0.017911532893776894, 0.03982577472925186, 0.08488930016756058, 0.020748447626829147, -0.11124250292778015, 0.028178952634334564, 0.11054512113332748, -0.022017160430550575, -0.11038623750209808, 0.20016315579414368, -0.08246883749961853, -0.1255977749824524, 0.0709541067481041]]
  Policy Std: [[1.0034284591674805, 0.976804256439209, 0.9804749488830566, 0.9932587146759033, 1.0121442079544067, 1.0039632320404053, 1.0009573698043823, 1.0025033950805664, 0.9955798983573914, 0.9826322197914124, 0.9936424493789673, 0.9887740015983582, 0.9989004135131836, 1.038902997970581, 0.9870384931564331, 1.0012420415878296, 0.9875728487968445, 0.9975731372833252, 0.998661994934082, 0.9784038066864014, 0.995770275592804, 0.996944785118103, 0.9970985651016235, 0.99070805311203, 1.0111769437789917, 0.9880393743515015, 1.0210251808166504, 1.0141289234161377, 0.9971608519554138]]

Step 38:
  Date/Day: 39
  Action: [[0.1136501133441925, -0.09454845637083054, -0.10248972475528717, -0.12331894040107727, 0.01625271700322628, 0.10804729908704758, 0.13658174872398376, -0.01939943991601467, 0.02303101122379303, -0.11720044165849686, 0.0697631984949112, -0.0012361779808998108, -0.1180102676153183, 0.13143417239189148, 0.05225668475031853, 0.030974267050623894, -0.012650182470679283, 0.030447011813521385, 0.07308606803417206, 0.01833474636077881, -0.09719228744506836, 0.02377178892493248, 0.09663831442594528, -0.016863491386175156, -0.09632004052400589, 0.17304003238677979, -0.07717852294445038, -0.10815142095088959, 0.06383339315652847]]
  Reward: 4.505997180938721
  Account Value: None
  Done: False
  Policy Mean: [[0.1136501133441925, -0.09454845637083054, -0.10248972475528717, -0.12331894040107727, 0.01625271700322628, 0.10804729908704758, 0.13658174872398376, -0.01939943991601467, 0.02303101122379303, -0.11720044165849686, 0.0697631984949112, -0.0012361779808998108, -0.1180102676153183, 0.13143417239189148, 0.05225668475031853, 0.030974267050623894, -0.012650182470679283, 0.030447011813521385, 0.07308606803417206, 0.01833474636077881, -0.09719228744506836, 0.02377178892493248, 0.09663831442594528, -0.016863491386175156, -0.09632004052400589, 0.17304003238677979, -0.07717852294445038, -0.10815142095088959, 0.06383339315652847]]
  Policy Std: [[1.0034284591674805, 0.976804256439209, 0.9804749488830566, 0.9932587146759033, 1.0121442079544067, 1.0039632320404053, 1.0009573698043823, 1.0025033950805664, 0.9955798983573914, 0.9826322197914124, 0.9936424493789673, 0.9887740015983582, 0.9989004135131836, 1.038902997970581, 0.9870384931564331, 1.0012420415878296, 0.9875728487968445, 0.9975731372833252, 0.998661994934082, 0.9784038066864014, 0.995770275592804, 0.996944785118103, 0.9970985651016235, 0.99070805311203, 1.0111769437789917, 0.9880393743515015, 1.0210251808166504, 1.0141289234161377, 0.9971608519554138]]

Step 39:
  Date/Day: 40
  Action: [[0.11792662739753723, -0.10094641149044037, -0.09692969918251038, -0.09958523511886597, 0.021609606221318245, 0.11465539038181305, 0.13809442520141602, -0.016674377024173737, 0.031921062618494034, -0.10717875510454178, 0.07719945907592773, 0.018987180665135384, -0.0956273302435875, 0.12779751420021057, 0.0695028081536293, 0.032528966665267944, -0.035151757299900055, 0.03958239406347275, 0.09199909120798111, 0.017251726239919662, -0.08345196396112442, 0.017997147515416145, 0.10443998873233795, -0.018984561786055565, -0.09893424063920975, 0.16903771460056305, -0.0761626735329628, -0.11169727891683578, 0.05672170966863632]]
  Reward: 0.34168165922164917
  Account Value: None
  Done: False
  Policy Mean: [[0.11792662739753723, -0.10094641149044037, -0.09692969918251038, -0.09958523511886597, 0.021609606221318245, 0.11465539038181305, 0.13809442520141602, -0.016674377024173737, 0.031921062618494034, -0.10717875510454178, 0.07719945907592773, 0.018987180665135384, -0.0956273302435875, 0.12779751420021057, 0.0695028081536293, 0.032528966665267944, -0.035151757299900055, 0.03958239406347275, 0.09199909120798111, 0.017251726239919662, -0.08345196396112442, 0.017997147515416145, 0.10443998873233795, -0.018984561786055565, -0.09893424063920975, 0.16903771460056305, -0.0761626735329628, -0.11169727891683578, 0.05672170966863632]]
  Policy Std: [[1.0034284591674805, 0.976804256439209, 0.9804749488830566, 0.9932587146759033, 1.0121442079544067, 1.0039632320404053, 1.0009573698043823, 1.0025033950805664, 0.9955798983573914, 0.9826322197914124, 0.9936424493789673, 0.9887740015983582, 0.9989004135131836, 1.038902997970581, 0.9870384931564331, 1.0012420415878296, 0.9875728487968445, 0.9975731372833252, 0.998661994934082, 0.9784038066864014, 0.995770275592804, 0.996944785118103, 0.9970985651016235, 0.99070805311203, 1.0111769437789917, 0.9880393743515015, 1.0210251808166504, 1.0141289234161377, 0.9971608519554138]]

Step 40:
  Date/Day: 41
  Action: [[0.0645601823925972, -0.06313445419073105, -0.04942696541547775, -0.05373544245958328, 0.01859734207391739, 0.07037922739982605, 0.09129340946674347, -0.008991288021206856, 0.02465903013944626, -0.06879479438066483, 0.04655157029628754, 0.017127392813563347, -0.056749917566776276, 0.07338795065879822, 0.04417566582560539, 0.01787056028842926, -0.029569361358880997, 0.01754707098007202, 0.05477049574255943, 0.012745319865643978, -0.052685026079416275, 0.010774577036499977, 0.06001773104071617, -0.009174920618534088, -0.052764102816581726, 0.10563179850578308, -0.04682285711169243, -0.07107648998498917, 0.034615449607372284]]
  Reward: 0.5076614618301392
  Account Value: None
  Done: False
  Policy Mean: [[0.0645601823925972, -0.06313445419073105, -0.04942696541547775, -0.05373544245958328, 0.01859734207391739, 0.07037922739982605, 0.09129340946674347, -0.008991288021206856, 0.02465903013944626, -0.06879479438066483, 0.04655157029628754, 0.017127392813563347, -0.056749917566776276, 0.07338795065879822, 0.04417566582560539, 0.01787056028842926, -0.029569361358880997, 0.01754707098007202, 0.05477049574255943, 0.012745319865643978, -0.052685026079416275, 0.010774577036499977, 0.06001773104071617, -0.009174920618534088, -0.052764102816581726, 0.10563179850578308, -0.04682285711169243, -0.07107648998498917, 0.034615449607372284]]
  Policy Std: [[1.0034284591674805, 0.976804256439209, 0.9804749488830566, 0.9932587146759033, 1.0121442079544067, 1.0039632320404053, 1.0009573698043823, 1.0025033950805664, 0.9955798983573914, 0.9826322197914124, 0.9936424493789673, 0.9887740015983582, 0.9989004135131836, 1.038902997970581, 0.9870384931564331, 1.0012420415878296, 0.9875728487968445, 0.9975731372833252, 0.998661994934082, 0.9784038066864014, 0.995770275592804, 0.996944785118103, 0.9970985651016235, 0.99070805311203, 1.0111769437789917, 0.9880393743515015, 1.0210251808166504, 1.0141289234161377, 0.9971608519554138]]

Step 41:
  Date/Day: 42
  Action: [[0.059361569583415985, -0.05728781968355179, -0.05780281126499176, -0.08285020291805267, 0.023114554584026337, 0.06559526175260544, 0.1142994612455368, -0.011024820618331432, 0.03263978660106659, -0.07086252421140671, 0.055217716842889786, 0.023965060710906982, -0.07789346575737, 0.07893916964530945, 0.05410180613398552, 0.022459091618657112, -0.024127822369337082, 0.0046616122126579285, 0.057683058083057404, 0.02562219277024269, -0.06258314102888107, 0.018985627219080925, 0.06445102393627167, -0.010391526855528355, -0.06515838205814362, 0.13321895897388458, -0.06469051539897919, -0.07051677256822586, 0.04112144559621811]]
  Reward: -0.4048796594142914
  Account Value: None
  Done: False
  Policy Mean: [[0.059361569583415985, -0.05728781968355179, -0.05780281126499176, -0.08285020291805267, 0.023114554584026337, 0.06559526175260544, 0.1142994612455368, -0.011024820618331432, 0.03263978660106659, -0.07086252421140671, 0.055217716842889786, 0.023965060710906982, -0.07789346575737, 0.07893916964530945, 0.05410180613398552, 0.022459091618657112, -0.024127822369337082, 0.0046616122126579285, 0.057683058083057404, 0.02562219277024269, -0.06258314102888107, 0.018985627219080925, 0.06445102393627167, -0.010391526855528355, -0.06515838205814362, 0.13321895897388458, -0.06469051539897919, -0.07051677256822586, 0.04112144559621811]]
  Policy Std: [[1.0034284591674805, 0.976804256439209, 0.9804749488830566, 0.9932587146759033, 1.0121442079544067, 1.0039632320404053, 1.0009573698043823, 1.0025033950805664, 0.9955798983573914, 0.9826322197914124, 0.9936424493789673, 0.9887740015983582, 0.9989004135131836, 1.038902997970581, 0.9870384931564331, 1.0012420415878296, 0.9875728487968445, 0.9975731372833252, 0.998661994934082, 0.9784038066864014, 0.995770275592804, 0.996944785118103, 0.9970985651016235, 0.99070805311203, 1.0111769437789917, 0.9880393743515015, 1.0210251808166504, 1.0141289234161377, 0.9971608519554138]]

Step 42:
  Date/Day: 43
  Action: [[0.08222432434558868, -0.07259481400251389, -0.06982062011957169, -0.08061448484659195, 0.013038329780101776, 0.08005008846521378, 0.10365189611911774, -0.013637572526931763, 0.022796886041760445, -0.08399762213230133, 0.05559920892119408, 0.00913722813129425, -0.07135218381881714, 0.09717927873134613, 0.05454258620738983, 0.023501282557845116, -0.027484772726893425, 0.022399475798010826, 0.06300850212574005, 0.014823485165834427, -0.06053820252418518, 0.011574764735996723, 0.068244569003582, -0.010534841567277908, -0.07447676360607147, 0.12390055507421494, -0.06034303829073906, -0.08977161347866058, 0.04911469668149948]]
  Reward: 1.472172498703003
  Account Value: None
  Done: False
  Policy Mean: [[0.08222432434558868, -0.07259481400251389, -0.06982062011957169, -0.08061448484659195, 0.013038329780101776, 0.08005008846521378, 0.10365189611911774, -0.013637572526931763, 0.022796886041760445, -0.08399762213230133, 0.05559920892119408, 0.00913722813129425, -0.07135218381881714, 0.09717927873134613, 0.05454258620738983, 0.023501282557845116, -0.027484772726893425, 0.022399475798010826, 0.06300850212574005, 0.014823485165834427, -0.06053820252418518, 0.011574764735996723, 0.068244569003582, -0.010534841567277908, -0.07447676360607147, 0.12390055507421494, -0.06034303829073906, -0.08977161347866058, 0.04911469668149948]]
  Policy Std: [[1.0034284591674805, 0.976804256439209, 0.9804749488830566, 0.9932587146759033, 1.0121442079544067, 1.0039632320404053, 1.0009573698043823, 1.0025033950805664, 0.9955798983573914, 0.9826322197914124, 0.9936424493789673, 0.9887740015983582, 0.9989004135131836, 1.038902997970581, 0.9870384931564331, 1.0012420415878296, 0.9875728487968445, 0.9975731372833252, 0.998661994934082, 0.9784038066864014, 0.995770275592804, 0.996944785118103, 0.9970985651016235, 0.99070805311203, 1.0111769437789917, 0.9880393743515015, 1.0210251808166504, 1.0141289234161377, 0.9971608519554138]]

Step 43:
  Date/Day: 44
  Action: [[0.10668222606182098, -0.08561580628156662, -0.1000884547829628, -0.11376295983791351, 0.02011883072555065, 0.10560429096221924, 0.15526582300662994, -0.011478092521429062, 0.04126888886094093, -0.10778447240591049, 0.07424294948577881, 0.03633042797446251, -0.11631815135478973, 0.1306106150150299, 0.07216397672891617, 0.04097087308764458, -0.03639708086848259, 0.021295858547091484, 0.09159719944000244, 0.03454301133751869, -0.09407960623502731, 0.018760092556476593, 0.10135592520236969, -0.025127654895186424, -0.11239655315876007, 0.19776171445846558, -0.08568364381790161, -0.10258723050355911, 0.057376936078071594]]
  Reward: 0.8718223571777344
  Account Value: None
  Done: False
  Policy Mean: [[0.10668222606182098, -0.08561580628156662, -0.1000884547829628, -0.11376295983791351, 0.02011883072555065, 0.10560429096221924, 0.15526582300662994, -0.011478092521429062, 0.04126888886094093, -0.10778447240591049, 0.07424294948577881, 0.03633042797446251, -0.11631815135478973, 0.1306106150150299, 0.07216397672891617, 0.04097087308764458, -0.03639708086848259, 0.021295858547091484, 0.09159719944000244, 0.03454301133751869, -0.09407960623502731, 0.018760092556476593, 0.10135592520236969, -0.025127654895186424, -0.11239655315876007, 0.19776171445846558, -0.08568364381790161, -0.10258723050355911, 0.057376936078071594]]
  Policy Std: [[1.0034284591674805, 0.976804256439209, 0.9804749488830566, 0.9932587146759033, 1.0121442079544067, 1.0039632320404053, 1.0009573698043823, 1.0025033950805664, 0.9955798983573914, 0.9826322197914124, 0.9936424493789673, 0.9887740015983582, 0.9989004135131836, 1.038902997970581, 0.9870384931564331, 1.0012420415878296, 0.9875728487968445, 0.9975731372833252, 0.998661994934082, 0.9784038066864014, 0.995770275592804, 0.996944785118103, 0.9970985651016235, 0.99070805311203, 1.0111769437789917, 0.9880393743515015, 1.0210251808166504, 1.0141289234161377, 0.9971608519554138]]

Step 44:
  Date/Day: 45
  Action: [[0.09715555608272552, -0.07628141343593597, -0.08162952214479446, -0.09554299712181091, 0.01713462918996811, 0.08537422865629196, 0.10553739964962006, -0.015157898887991905, 0.016684819012880325, -0.0931859090924263, 0.056520819664001465, -0.004175628535449505, -0.08544471114873886, 0.10159949958324432, 0.040860265493392944, 0.021163592115044594, -0.010771363973617554, 0.028608927503228188, 0.053956128656864166, 0.01370143424719572, -0.07698415964841843, 0.019610580056905746, 0.07259450852870941, -0.01449121255427599, -0.07441436499357224, 0.12867271900177002, -0.060872483998537064, -0.09263215959072113, 0.05196680128574371]]
  Reward: -4.0401153564453125
  Account Value: None
  Done: False
  Policy Mean: [[0.09715555608272552, -0.07628141343593597, -0.08162952214479446, -0.09554299712181091, 0.01713462918996811, 0.08537422865629196, 0.10553739964962006, -0.015157898887991905, 0.016684819012880325, -0.0931859090924263, 0.056520819664001465, -0.004175628535449505, -0.08544471114873886, 0.10159949958324432, 0.040860265493392944, 0.021163592115044594, -0.010771363973617554, 0.028608927503228188, 0.053956128656864166, 0.01370143424719572, -0.07698415964841843, 0.019610580056905746, 0.07259450852870941, -0.01449121255427599, -0.07441436499357224, 0.12867271900177002, -0.060872483998537064, -0.09263215959072113, 0.05196680128574371]]
  Policy Std: [[1.0034284591674805, 0.976804256439209, 0.9804749488830566, 0.9932587146759033, 1.0121442079544067, 1.0039632320404053, 1.0009573698043823, 1.0025033950805664, 0.9955798983573914, 0.9826322197914124, 0.9936424493789673, 0.9887740015983582, 0.9989004135131836, 1.038902997970581, 0.9870384931564331, 1.0012420415878296, 0.9875728487968445, 0.9975731372833252, 0.998661994934082, 0.9784038066864014, 0.995770275592804, 0.996944785118103, 0.9970985651016235, 0.99070805311203, 1.0111769437789917, 0.9880393743515015, 1.0210251808166504, 1.0141289234161377, 0.9971608519554138]]

Step 45:
  Date/Day: 46
  Action: [[0.1470584124326706, -0.11581030488014221, -0.1292439103126526, -0.15286706387996674, 0.017937298864126205, 0.13188156485557556, 0.15939199924468994, -0.02401946298778057, 0.0263556856662035, -0.14194048941135406, 0.08501090109348297, -0.012178285047411919, -0.14793729782104492, 0.16163110733032227, 0.055412743240594864, 0.041631780564785004, -0.0025069587863981724, 0.04499082267284393, 0.07904259860515594, 0.020615682005882263, -0.12922969460487366, 0.03520455211400986, 0.11653991788625717, -0.02668786607682705, -0.11117935180664062, 0.2091783881187439, -0.08615170419216156, -0.12876415252685547, 0.07496660202741623]]
  Reward: -1.5889309644699097
  Account Value: None
  Done: False
  Policy Mean: [[0.1470584124326706, -0.11581030488014221, -0.1292439103126526, -0.15286706387996674, 0.017937298864126205, 0.13188156485557556, 0.15939199924468994, -0.02401946298778057, 0.0263556856662035, -0.14194048941135406, 0.08501090109348297, -0.012178285047411919, -0.14793729782104492, 0.16163110733032227, 0.055412743240594864, 0.041631780564785004, -0.0025069587863981724, 0.04499082267284393, 0.07904259860515594, 0.020615682005882263, -0.12922969460487366, 0.03520455211400986, 0.11653991788625717, -0.02668786607682705, -0.11117935180664062, 0.2091783881187439, -0.08615170419216156, -0.12876415252685547, 0.07496660202741623]]
  Policy Std: [[1.0034284591674805, 0.976804256439209, 0.9804749488830566, 0.9932587146759033, 1.0121442079544067, 1.0039632320404053, 1.0009573698043823, 1.0025033950805664, 0.9955798983573914, 0.9826322197914124, 0.9936424493789673, 0.9887740015983582, 0.9989004135131836, 1.038902997970581, 0.9870384931564331, 1.0012420415878296, 0.9875728487968445, 0.9975731372833252, 0.998661994934082, 0.9784038066864014, 0.995770275592804, 0.996944785118103, 0.9970985651016235, 0.99070805311203, 1.0111769437789917, 0.9880393743515015, 1.0210251808166504, 1.0141289234161377, 0.9971608519554138]]

Step 46:
  Date/Day: 47
  Action: [[0.11473977565765381, -0.09538347274065018, -0.10351616144180298, -0.1245320737361908, 0.01621543988585472, 0.10899259150028229, 0.13766346871852875, -0.019555123522877693, 0.02318071573972702, -0.11824200302362442, 0.07033009827136993, -0.0014947704039514065, -0.11936695873737335, 0.13269942998886108, 0.05245586857199669, 0.031387992203235626, -0.012353351339697838, 0.030829671770334244, 0.07347756624221802, 0.018463144078850746, -0.09834413230419159, 0.02415018528699875, 0.09756115823984146, -0.01715538278222084, -0.09709518402814865, 0.17470677196979523, -0.07762107253074646, -0.10890370607376099, 0.06432761996984482]]
  Reward: -2.598554849624634
  Account Value: None
  Done: False
  Policy Mean: [[0.11473977565765381, -0.09538347274065018, -0.10351616144180298, -0.1245320737361908, 0.01621543988585472, 0.10899259150028229, 0.13766346871852875, -0.019555123522877693, 0.02318071573972702, -0.11824200302362442, 0.07033009827136993, -0.0014947704039514065, -0.11936695873737335, 0.13269942998886108, 0.05245586857199669, 0.031387992203235626, -0.012353351339697838, 0.030829671770334244, 0.07347756624221802, 0.018463144078850746, -0.09834413230419159, 0.02415018528699875, 0.09756115823984146, -0.01715538278222084, -0.09709518402814865, 0.17470677196979523, -0.07762107253074646, -0.10890370607376099, 0.06432761996984482]]
  Policy Std: [[1.0034284591674805, 0.976804256439209, 0.9804749488830566, 0.9932587146759033, 1.0121442079544067, 1.0039632320404053, 1.0009573698043823, 1.0025033950805664, 0.9955798983573914, 0.9826322197914124, 0.9936424493789673, 0.9887740015983582, 0.9989004135131836, 1.038902997970581, 0.9870384931564331, 1.0012420415878296, 0.9875728487968445, 0.9975731372833252, 0.998661994934082, 0.9784038066864014, 0.995770275592804, 0.996944785118103, 0.9970985651016235, 0.99070805311203, 1.0111769437789917, 0.9880393743515015, 1.0210251808166504, 1.0141289234161377, 0.9971608519554138]]

Step 47:
  Date/Day: 48
  Action: [[0.13390038907527924, -0.10177942365407944, -0.13641893863677979, -0.15295575559139252, 0.0286884643137455, 0.1354834884405136, 0.18842892348766327, -0.01755407638847828, 0.0351407490670681, -0.1351248025894165, 0.08652672171592712, 0.023273933678865433, -0.15796694159507751, 0.1626712828874588, 0.07588565349578857, 0.046077560633420944, -0.022867094725370407, 0.03619692474603653, 0.10279226303100586, 0.04129651188850403, -0.12993338704109192, 0.02937282621860504, 0.13072097301483154, -0.02222914807498455, -0.12244691699743271, 0.2511395514011383, -0.10275349020957947, -0.12148728966712952, 0.0725100189447403]]
  Reward: 2.394540548324585
  Account Value: None
  Done: False
  Policy Mean: [[0.13390038907527924, -0.10177942365407944, -0.13641893863677979, -0.15295575559139252, 0.0286884643137455, 0.1354834884405136, 0.18842892348766327, -0.01755407638847828, 0.0351407490670681, -0.1351248025894165, 0.08652672171592712, 0.023273933678865433, -0.15796694159507751, 0.1626712828874588, 0.07588565349578857, 0.046077560633420944, -0.022867094725370407, 0.03619692474603653, 0.10279226303100586, 0.04129651188850403, -0.12993338704109192, 0.02937282621860504, 0.13072097301483154, -0.02222914807498455, -0.12244691699743271, 0.2511395514011383, -0.10275349020957947, -0.12148728966712952, 0.0725100189447403]]
  Policy Std: [[1.0034284591674805, 0.976804256439209, 0.9804749488830566, 0.9932587146759033, 1.0121442079544067, 1.0039632320404053, 1.0009573698043823, 1.0025033950805664, 0.9955798983573914, 0.9826322197914124, 0.9936424493789673, 0.9887740015983582, 0.9989004135131836, 1.038902997970581, 0.9870384931564331, 1.0012420415878296, 0.9875728487968445, 0.9975731372833252, 0.998661994934082, 0.9784038066864014, 0.995770275592804, 0.996944785118103, 0.9970985651016235, 0.99070805311203, 1.0111769437789917, 0.9880393743515015, 1.0210251808166504, 1.0141289234161377, 0.9971608519554138]]

Step 48:
  Date/Day: 49
  Action: [[0.11429896950721741, -0.09038642793893814, -0.1066647544503212, -0.12342846393585205, 0.01772712729871273, 0.11301275342702866, 0.15321163833141327, -0.013839785009622574, 0.02772245928645134, -0.12055149674415588, 0.06829380244016647, 0.018008194863796234, -0.13077087700366974, 0.1379915028810501, 0.057890769094228745, 0.03894631564617157, -0.023825673386454582, 0.026933249086141586, 0.08324698358774185, 0.02984730154275894, -0.10409152507781982, 0.019352255389094353, 0.1035713478922844, -0.020391840487718582, -0.10895973443984985, 0.19908149540424347, -0.08364581316709518, -0.10538066923618317, 0.06344462931156158]]
  Reward: -1.483596920967102
  Account Value: None
  Done: False
  Policy Mean: [[0.11429896950721741, -0.09038642793893814, -0.1066647544503212, -0.12342846393585205, 0.01772712729871273, 0.11301275342702866, 0.15321163833141327, -0.013839785009622574, 0.02772245928645134, -0.12055149674415588, 0.06829380244016647, 0.018008194863796234, -0.13077087700366974, 0.1379915028810501, 0.057890769094228745, 0.03894631564617157, -0.023825673386454582, 0.026933249086141586, 0.08324698358774185, 0.02984730154275894, -0.10409152507781982, 0.019352255389094353, 0.1035713478922844, -0.020391840487718582, -0.10895973443984985, 0.19908149540424347, -0.08364581316709518, -0.10538066923618317, 0.06344462931156158]]
  Policy Std: [[1.0034284591674805, 0.976804256439209, 0.9804749488830566, 0.9932587146759033, 1.0121442079544067, 1.0039632320404053, 1.0009573698043823, 1.0025033950805664, 0.9955798983573914, 0.9826322197914124, 0.9936424493789673, 0.9887740015983582, 0.9989004135131836, 1.038902997970581, 0.9870384931564331, 1.0012420415878296, 0.9875728487968445, 0.9975731372833252, 0.998661994934082, 0.9784038066864014, 0.995770275592804, 0.996944785118103, 0.9970985651016235, 0.99070805311203, 1.0111769437789917, 0.9880393743515015, 1.0210251808166504, 1.0141289234161377, 0.9971608519554138]]

Step 49:
  Date/Day: 50
  Action: [[0.12407290935516357, -0.09741347283124924, -0.1280653327703476, -0.14494231343269348, 0.02831132896244526, 0.12689979374408722, 0.17887479066848755, -0.01841232366859913, 0.03312988951802254, -0.13145212829113007, 0.07578395307064056, 0.0181425791233778, -0.1534392237663269, 0.15677957236766815, 0.0672256201505661, 0.03931427374482155, -0.022102639079093933, 0.030040793120861053, 0.09088114649057388, 0.03780826926231384, -0.12430644035339355, 0.031225167214870453, 0.11825698614120483, -0.021373452618718147, -0.11419174820184708, 0.23013025522232056, -0.09233500063419342, -0.11370588839054108, 0.06670893728733063]]
  Reward: 0.12815266847610474
  Account Value: None
  Done: False
  Policy Mean: [[0.12407290935516357, -0.09741347283124924, -0.1280653327703476, -0.14494231343269348, 0.02831132896244526, 0.12689979374408722, 0.17887479066848755, -0.01841232366859913, 0.03312988951802254, -0.13145212829113007, 0.07578395307064056, 0.0181425791233778, -0.1534392237663269, 0.15677957236766815, 0.0672256201505661, 0.03931427374482155, -0.022102639079093933, 0.030040793120861053, 0.09088114649057388, 0.03780826926231384, -0.12430644035339355, 0.031225167214870453, 0.11825698614120483, -0.021373452618718147, -0.11419174820184708, 0.23013025522232056, -0.09233500063419342, -0.11370588839054108, 0.06670893728733063]]
  Policy Std: [[1.0034284591674805, 0.976804256439209, 0.9804749488830566, 0.9932587146759033, 1.0121442079544067, 1.0039632320404053, 1.0009573698043823, 1.0025033950805664, 0.9955798983573914, 0.9826322197914124, 0.9936424493789673, 0.9887740015983582, 0.9989004135131836, 1.038902997970581, 0.9870384931564331, 1.0012420415878296, 0.9875728487968445, 0.9975731372833252, 0.998661994934082, 0.9784038066864014, 0.995770275592804, 0.996944785118103, 0.9970985651016235, 0.99070805311203, 1.0111769437789917, 0.9880393743515015, 1.0210251808166504, 1.0141289234161377, 0.9971608519554138]]

Step 50:
  Date/Day: 51
  Action: [[0.09952013194561005, -0.08490283787250519, -0.09907093644142151, -0.11816465854644775, 0.02202361822128296, 0.10454297065734863, 0.1507694125175476, -0.0133291557431221, 0.02912280522286892, -0.11174756288528442, 0.05992601811885834, 0.015927713364362717, -0.12704627215862274, 0.12863147258758545, 0.05310746282339096, 0.03220757842063904, -0.020254455506801605, 0.01950988546013832, 0.07253286987543106, 0.029013972729444504, -0.10079658031463623, 0.021947890520095825, 0.09547141939401627, -0.019453229382634163, -0.09949904680252075, 0.1846458464860916, -0.07608620077371597, -0.09174273908138275, 0.05550490319728851]]
  Reward: 1.5218324661254883
  Account Value: None
  Done: False
  Policy Mean: [[0.09952013194561005, -0.08490283787250519, -0.09907093644142151, -0.11816465854644775, 0.02202361822128296, 0.10454297065734863, 0.1507694125175476, -0.0133291557431221, 0.02912280522286892, -0.11174756288528442, 0.05992601811885834, 0.015927713364362717, -0.12704627215862274, 0.12863147258758545, 0.05310746282339096, 0.03220757842063904, -0.020254455506801605, 0.01950988546013832, 0.07253286987543106, 0.029013972729444504, -0.10079658031463623, 0.021947890520095825, 0.09547141939401627, -0.019453229382634163, -0.09949904680252075, 0.1846458464860916, -0.07608620077371597, -0.09174273908138275, 0.05550490319728851]]
  Policy Std: [[1.0034284591674805, 0.976804256439209, 0.9804749488830566, 0.9932587146759033, 1.0121442079544067, 1.0039632320404053, 1.0009573698043823, 1.0025033950805664, 0.9955798983573914, 0.9826322197914124, 0.9936424493789673, 0.9887740015983582, 0.9989004135131836, 1.038902997970581, 0.9870384931564331, 1.0012420415878296, 0.9875728487968445, 0.9975731372833252, 0.998661994934082, 0.9784038066864014, 0.995770275592804, 0.996944785118103, 0.9970985651016235, 0.99070805311203, 1.0111769437789917, 0.9880393743515015, 1.0210251808166504, 1.0141289234161377, 0.9971608519554138]]

Step 51:
  Date/Day: 52
  Action: [[0.09952005743980408, -0.08490276336669922, -0.09907085448503494, -0.1181645467877388, 0.022023610770702362, 0.10454284399747849, 0.1507692188024521, -0.013329149223864079, 0.029122725129127502, -0.11174747347831726, 0.059925928711891174, 0.01592763140797615, -0.12704618275165558, 0.1286313533782959, 0.05310733988881111, 0.03220752254128456, -0.02025442011654377, 0.01950983703136444, 0.07253274321556091, 0.029013928025960922, -0.10079649090766907, 0.02194785326719284, 0.09547130018472672, -0.019453179091215134, -0.0994989350438118, 0.1846456080675125, -0.07608610391616821, -0.09174265712499619, 0.05550485849380493]]
  Reward: 0.5458455681800842
  Account Value: None
  Done: False
  Policy Mean: [[0.09952005743980408, -0.08490276336669922, -0.09907085448503494, -0.1181645467877388, 0.022023610770702362, 0.10454284399747849, 0.1507692188024521, -0.013329149223864079, 0.029122725129127502, -0.11174747347831726, 0.059925928711891174, 0.01592763140797615, -0.12704618275165558, 0.1286313533782959, 0.05310733988881111, 0.03220752254128456, -0.02025442011654377, 0.01950983703136444, 0.07253274321556091, 0.029013928025960922, -0.10079649090766907, 0.02194785326719284, 0.09547130018472672, -0.019453179091215134, -0.0994989350438118, 0.1846456080675125, -0.07608610391616821, -0.09174265712499619, 0.05550485849380493]]
  Policy Std: [[1.0034284591674805, 0.976804256439209, 0.9804749488830566, 0.9932587146759033, 1.0121442079544067, 1.0039632320404053, 1.0009573698043823, 1.0025033950805664, 0.9955798983573914, 0.9826322197914124, 0.9936424493789673, 0.9887740015983582, 0.9989004135131836, 1.038902997970581, 0.9870384931564331, 1.0012420415878296, 0.9875728487968445, 0.9975731372833252, 0.998661994934082, 0.9784038066864014, 0.995770275592804, 0.996944785118103, 0.9970985651016235, 0.99070805311203, 1.0111769437789917, 0.9880393743515015, 1.0210251808166504, 1.0141289234161377, 0.9971608519554138]]

Step 52:
  Date/Day: 53
  Action: [[0.11470325291156769, -0.09767124801874161, -0.11591511964797974, -0.13713039457798004, 0.024641573429107666, 0.12433107197284698, 0.17578597366809845, -0.014580460265278816, 0.0387546606361866, -0.12445313483476639, 0.0750081017613411, 0.02648201212286949, -0.1442185640335083, 0.1507723331451416, 0.07081679999828339, 0.04099041223526001, -0.022605396807193756, 0.027181750163435936, 0.09182532131671906, 0.03560694679617882, -0.11798930168151855, 0.02825450524687767, 0.11601651459932327, -0.027078965678811073, -0.11908749490976334, 0.22124597430229187, -0.09119103103876114, -0.10338699817657471, 0.061294443905353546]]
  Reward: -0.3574282228946686
  Account Value: None
  Done: False
  Policy Mean: [[0.11470325291156769, -0.09767124801874161, -0.11591511964797974, -0.13713039457798004, 0.024641573429107666, 0.12433107197284698, 0.17578597366809845, -0.014580460265278816, 0.0387546606361866, -0.12445313483476639, 0.0750081017613411, 0.02648201212286949, -0.1442185640335083, 0.1507723331451416, 0.07081679999828339, 0.04099041223526001, -0.022605396807193756, 0.027181750163435936, 0.09182532131671906, 0.03560694679617882, -0.11798930168151855, 0.02825450524687767, 0.11601651459932327, -0.027078965678811073, -0.11908749490976334, 0.22124597430229187, -0.09119103103876114, -0.10338699817657471, 0.061294443905353546]]
  Policy Std: [[1.0034284591674805, 0.976804256439209, 0.9804749488830566, 0.9932587146759033, 1.0121442079544067, 1.0039632320404053, 1.0009573698043823, 1.0025033950805664, 0.9955798983573914, 0.9826322197914124, 0.9936424493789673, 0.9887740015983582, 0.9989004135131836, 1.038902997970581, 0.9870384931564331, 1.0012420415878296, 0.9875728487968445, 0.9975731372833252, 0.998661994934082, 0.9784038066864014, 0.995770275592804, 0.996944785118103, 0.9970985651016235, 0.99070805311203, 1.0111769437789917, 0.9880393743515015, 1.0210251808166504, 1.0141289234161377, 0.9971608519554138]]

Step 53:
  Date/Day: 54
  Action: [[0.1307440549135208, -0.1064169630408287, -0.12605202198028564, -0.14528684318065643, 0.022377915680408478, 0.1352250725030899, 0.1790943294763565, -0.01674867980182171, 0.038537636399269104, -0.13409090042114258, 0.08191747963428497, 0.025597359985113144, -0.15085989236831665, 0.164871484041214, 0.07534727454185486, 0.043092481791973114, -0.024030594155192375, 0.035530418157577515, 0.09779957681894302, 0.03526967763900757, -0.12445857375860214, 0.028826944530010223, 0.12308529019355774, -0.028769154101610184, -0.1289755254983902, 0.2327536791563034, -0.0951976329088211, -0.11586319655179977, 0.06651172786951065]]
  Reward: -0.645218014717102
  Account Value: None
  Done: False
  Policy Mean: [[0.1307440549135208, -0.1064169630408287, -0.12605202198028564, -0.14528684318065643, 0.022377915680408478, 0.1352250725030899, 0.1790943294763565, -0.01674867980182171, 0.038537636399269104, -0.13409090042114258, 0.08191747963428497, 0.025597359985113144, -0.15085989236831665, 0.164871484041214, 0.07534727454185486, 0.043092481791973114, -0.024030594155192375, 0.035530418157577515, 0.09779957681894302, 0.03526967763900757, -0.12445857375860214, 0.028826944530010223, 0.12308529019355774, -0.028769154101610184, -0.1289755254983902, 0.2327536791563034, -0.0951976329088211, -0.11586319655179977, 0.06651172786951065]]
  Policy Std: [[1.0034284591674805, 0.976804256439209, 0.9804749488830566, 0.9932587146759033, 1.0121442079544067, 1.0039632320404053, 1.0009573698043823, 1.0025033950805664, 0.9955798983573914, 0.9826322197914124, 0.9936424493789673, 0.9887740015983582, 0.9989004135131836, 1.038902997970581, 0.9870384931564331, 1.0012420415878296, 0.9875728487968445, 0.9975731372833252, 0.998661994934082, 0.9784038066864014, 0.995770275592804, 0.996944785118103, 0.9970985651016235, 0.99070805311203, 1.0111769437789917, 0.9880393743515015, 1.0210251808166504, 1.0141289234161377, 0.9971608519554138]]

Step 54:
  Date/Day: 55
  Action: [[0.1395476907491684, -0.11599201709032059, -0.1378776878118515, -0.1631988286972046, 0.03303117677569389, 0.1483275145292282, 0.20572035014629364, -0.01718701608479023, 0.045257072895765305, -0.14124120771884918, 0.09689911454916, 0.03202452510595322, -0.17550863325595856, 0.17972828447818756, 0.08803398162126541, 0.048684798181056976, -0.020566117018461227, 0.039113931357860565, 0.10883105546236038, 0.038441251963377, -0.14575009047985077, 0.03470596298575401, 0.1365596503019333, -0.03374846652150154, -0.14030304551124573, 0.2664152979850769, -0.10860767960548401, -0.11999990791082382, 0.0686531588435173]]
  Reward: -1.2293096780776978
  Account Value: None
  Done: False
  Policy Mean: [[0.1395476907491684, -0.11599201709032059, -0.1378776878118515, -0.1631988286972046, 0.03303117677569389, 0.1483275145292282, 0.20572035014629364, -0.01718701608479023, 0.045257072895765305, -0.14124120771884918, 0.09689911454916, 0.03202452510595322, -0.17550863325595856, 0.17972828447818756, 0.08803398162126541, 0.048684798181056976, -0.020566117018461227, 0.039113931357860565, 0.10883105546236038, 0.038441251963377, -0.14575009047985077, 0.03470596298575401, 0.1365596503019333, -0.03374846652150154, -0.14030304551124573, 0.2664152979850769, -0.10860767960548401, -0.11999990791082382, 0.0686531588435173]]
  Policy Std: [[1.0034284591674805, 0.976804256439209, 0.9804749488830566, 0.9932587146759033, 1.0121442079544067, 1.0039632320404053, 1.0009573698043823, 1.0025033950805664, 0.9955798983573914, 0.9826322197914124, 0.9936424493789673, 0.9887740015983582, 0.9989004135131836, 1.038902997970581, 0.9870384931564331, 1.0012420415878296, 0.9875728487968445, 0.9975731372833252, 0.998661994934082, 0.9784038066864014, 0.995770275592804, 0.996944785118103, 0.9970985651016235, 0.99070805311203, 1.0111769437789917, 0.9880393743515015, 1.0210251808166504, 1.0141289234161377, 0.9971608519554138]]

Step 55:
  Date/Day: 56
  Action: [[0.16856823861598969, -0.13806316256523132, -0.16713492572307587, -0.19554735720157623, 0.03187837824225426, 0.17309917509555817, 0.2225760966539383, -0.021626830101013184, 0.04515581950545311, -0.16549886763095856, 0.11608735471963882, 0.024136897176504135, -0.19751758873462677, 0.20425623655319214, 0.09351911395788193, 0.05527936667203903, -0.014577215537428856, 0.04907168447971344, 0.11813922226428986, 0.04084118828177452, -0.16619299352169037, 0.04165598377585411, 0.1549605429172516, -0.041808608919382095, -0.15971963107585907, 0.29806187748908997, -0.11966437101364136, -0.14190416038036346, 0.07878141105175018]]
  Reward: -1.3523427248001099
  Account Value: None
  Done: False
  Policy Mean: [[0.16856823861598969, -0.13806316256523132, -0.16713492572307587, -0.19554735720157623, 0.03187837824225426, 0.17309917509555817, 0.2225760966539383, -0.021626830101013184, 0.04515581950545311, -0.16549886763095856, 0.11608735471963882, 0.024136897176504135, -0.19751758873462677, 0.20425623655319214, 0.09351911395788193, 0.05527936667203903, -0.014577215537428856, 0.04907168447971344, 0.11813922226428986, 0.04084118828177452, -0.16619299352169037, 0.04165598377585411, 0.1549605429172516, -0.041808608919382095, -0.15971963107585907, 0.29806187748908997, -0.11966437101364136, -0.14190416038036346, 0.07878141105175018]]
  Policy Std: [[1.0034284591674805, 0.976804256439209, 0.9804749488830566, 0.9932587146759033, 1.0121442079544067, 1.0039632320404053, 1.0009573698043823, 1.0025033950805664, 0.9955798983573914, 0.9826322197914124, 0.9936424493789673, 0.9887740015983582, 0.9989004135131836, 1.038902997970581, 0.9870384931564331, 1.0012420415878296, 0.9875728487968445, 0.9975731372833252, 0.998661994934082, 0.9784038066864014, 0.995770275592804, 0.996944785118103, 0.9970985651016235, 0.99070805311203, 1.0111769437789917, 0.9880393743515015, 1.0210251808166504, 1.0141289234161377, 0.9971608519554138]]

Step 56:
  Date/Day: 57
  Action: [[0.16530387103557587, -0.13052481412887573, -0.1730688512325287, -0.1923510879278183, 0.03232258930802345, 0.1723841279745102, 0.2241804301738739, -0.02347409352660179, 0.046390581876039505, -0.166673481464386, 0.11389978975057602, 0.027542002499103546, -0.1904570460319519, 0.20332065224647522, 0.09675861150026321, 0.05835861340165138, -0.021518567577004433, 0.04923979192972183, 0.12594357132911682, 0.0473824143409729, -0.16286058723926544, 0.04435976967215538, 0.16040053963661194, -0.03581813722848892, -0.15631867945194244, 0.3067030906677246, -0.12238546460866928, -0.14550305902957916, 0.08069410920143127]]
  Reward: 0.9592339396476746
  Account Value: None
  Done: False
  Policy Mean: [[0.16530387103557587, -0.13052481412887573, -0.1730688512325287, -0.1923510879278183, 0.03232258930802345, 0.1723841279745102, 0.2241804301738739, -0.02347409352660179, 0.046390581876039505, -0.166673481464386, 0.11389978975057602, 0.027542002499103546, -0.1904570460319519, 0.20332065224647522, 0.09675861150026321, 0.05835861340165138, -0.021518567577004433, 0.04923979192972183, 0.12594357132911682, 0.0473824143409729, -0.16286058723926544, 0.04435976967215538, 0.16040053963661194, -0.03581813722848892, -0.15631867945194244, 0.3067030906677246, -0.12238546460866928, -0.14550305902957916, 0.08069410920143127]]
  Policy Std: [[1.0034284591674805, 0.976804256439209, 0.9804749488830566, 0.9932587146759033, 1.0121442079544067, 1.0039632320404053, 1.0009573698043823, 1.0025033950805664, 0.9955798983573914, 0.9826322197914124, 0.9936424493789673, 0.9887740015983582, 0.9989004135131836, 1.038902997970581, 0.9870384931564331, 1.0012420415878296, 0.9875728487968445, 0.9975731372833252, 0.998661994934082, 0.9784038066864014, 0.995770275592804, 0.996944785118103, 0.9970985651016235, 0.99070805311203, 1.0111769437789917, 0.9880393743515015, 1.0210251808166504, 1.0141289234161377, 0.9971608519554138]]

Step 57:
  Date/Day: 58
  Action: [[0.18476971983909607, -0.14583265781402588, -0.19712792336940765, -0.22288206219673157, 0.04002499580383301, 0.19087189435958862, 0.25783228874206543, -0.02613983303308487, 0.05774775147438049, -0.18330180644989014, 0.13401645421981812, 0.03485269099473953, -0.21538034081459045, 0.22446909546852112, 0.11162407696247101, 0.06655728816986084, -0.024332650005817413, 0.05303818732500076, 0.14700809121131897, 0.055392030626535416, -0.18428771197795868, 0.05226251855492592, 0.1852942705154419, -0.04477037116885185, -0.17740236222743988, 0.3525800108909607, -0.14382794499397278, -0.16271062195301056, 0.08929348737001419]]
  Reward: -2.501237392425537
  Account Value: None
  Done: False
  Policy Mean: [[0.18476971983909607, -0.14583265781402588, -0.19712792336940765, -0.22288206219673157, 0.04002499580383301, 0.19087189435958862, 0.25783228874206543, -0.02613983303308487, 0.05774775147438049, -0.18330180644989014, 0.13401645421981812, 0.03485269099473953, -0.21538034081459045, 0.22446909546852112, 0.11162407696247101, 0.06655728816986084, -0.024332650005817413, 0.05303818732500076, 0.14700809121131897, 0.055392030626535416, -0.18428771197795868, 0.05226251855492592, 0.1852942705154419, -0.04477037116885185, -0.17740236222743988, 0.3525800108909607, -0.14382794499397278, -0.16271062195301056, 0.08929348737001419]]
  Policy Std: [[1.0034284591674805, 0.976804256439209, 0.9804749488830566, 0.9932587146759033, 1.0121442079544067, 1.0039632320404053, 1.0009573698043823, 1.0025033950805664, 0.9955798983573914, 0.9826322197914124, 0.9936424493789673, 0.9887740015983582, 0.9989004135131836, 1.038902997970581, 0.9870384931564331, 1.0012420415878296, 0.9875728487968445, 0.9975731372833252, 0.998661994934082, 0.9784038066864014, 0.995770275592804, 0.996944785118103, 0.9970985651016235, 0.99070805311203, 1.0111769437789917, 0.9880393743515015, 1.0210251808166504, 1.0141289234161377, 0.9971608519554138]]

Step 58:
  Date/Day: 59
  Action: [[0.18477016687393188, -0.14583297073841095, -0.19712843000888824, -0.2228827029466629, 0.040025144815444946, 0.19087225198745728, 0.25783294439315796, -0.026139885187149048, 0.057747967541217804, -0.1833021640777588, 0.13401684165000916, 0.034852802753448486, -0.21538087725639343, 0.22446949779987335, 0.1116243451833725, 0.06655747443437576, -0.024332651868462563, 0.053038254380226135, 0.14700847864151, 0.05539218336343765, -0.1842881590127945, 0.05226270481944084, 0.18529477715492249, -0.04477056860923767, -0.1774027794599533, 0.3525809347629547, -0.1438283771276474, -0.1627109795808792, 0.08929367363452911]]
  Reward: 0.2514198124408722
  Account Value: None
  Done: False
  Policy Mean: [[0.18477016687393188, -0.14583297073841095, -0.19712843000888824, -0.2228827029466629, 0.040025144815444946, 0.19087225198745728, 0.25783294439315796, -0.026139885187149048, 0.057747967541217804, -0.1833021640777588, 0.13401684165000916, 0.034852802753448486, -0.21538087725639343, 0.22446949779987335, 0.1116243451833725, 0.06655747443437576, -0.024332651868462563, 0.053038254380226135, 0.14700847864151, 0.05539218336343765, -0.1842881590127945, 0.05226270481944084, 0.18529477715492249, -0.04477056860923767, -0.1774027794599533, 0.3525809347629547, -0.1438283771276474, -0.1627109795808792, 0.08929367363452911]]
  Policy Std: [[1.0034284591674805, 0.976804256439209, 0.9804749488830566, 0.9932587146759033, 1.0121442079544067, 1.0039632320404053, 1.0009573698043823, 1.0025033950805664, 0.9955798983573914, 0.9826322197914124, 0.9936424493789673, 0.9887740015983582, 0.9989004135131836, 1.038902997970581, 0.9870384931564331, 1.0012420415878296, 0.9875728487968445, 0.9975731372833252, 0.998661994934082, 0.9784038066864014, 0.995770275592804, 0.996944785118103, 0.9970985651016235, 0.99070805311203, 1.0111769437789917, 0.9880393743515015, 1.0210251808166504, 1.0141289234161377, 0.9971608519554138]]

Step 59:
  Date/Day: 60
  Action: [[0.18477016687393188, -0.14583297073841095, -0.19712843000888824, -0.2228827178478241, 0.04002515226602554, 0.19087228178977966, 0.25783297419548035, -0.026139888912439346, 0.0577479749917984, -0.18330217897891998, 0.13401685655117035, 0.034852802753448486, -0.21538089215755463, 0.22446952760219574, 0.1116243526339531, 0.06655748188495636, -0.024332653731107712, 0.053038254380226135, 0.1470085084438324, 0.05539219453930855, -0.1842881590127945, 0.05226271227002144, 0.18529477715492249, -0.04477057605981827, -0.1774028092622757, 0.3525809645652771, -0.1438283920288086, -0.1627110093832016, 0.08929368853569031]]
  Reward: 1.2742626667022705
  Account Value: None
  Done: False
  Policy Mean: [[0.18477016687393188, -0.14583297073841095, -0.19712843000888824, -0.2228827178478241, 0.04002515226602554, 0.19087228178977966, 0.25783297419548035, -0.026139888912439346, 0.0577479749917984, -0.18330217897891998, 0.13401685655117035, 0.034852802753448486, -0.21538089215755463, 0.22446952760219574, 0.1116243526339531, 0.06655748188495636, -0.024332653731107712, 0.053038254380226135, 0.1470085084438324, 0.05539219453930855, -0.1842881590127945, 0.05226271227002144, 0.18529477715492249, -0.04477057605981827, -0.1774028092622757, 0.3525809645652771, -0.1438283920288086, -0.1627110093832016, 0.08929368853569031]]
  Policy Std: [[1.0034284591674805, 0.976804256439209, 0.9804749488830566, 0.9932587146759033, 1.0121442079544067, 1.0039632320404053, 1.0009573698043823, 1.0025033950805664, 0.9955798983573914, 0.9826322197914124, 0.9936424493789673, 0.9887740015983582, 0.9989004135131836, 1.038902997970581, 0.9870384931564331, 1.0012420415878296, 0.9875728487968445, 0.9975731372833252, 0.998661994934082, 0.9784038066864014, 0.995770275592804, 0.996944785118103, 0.9970985651016235, 0.99070805311203, 1.0111769437789917, 0.9880393743515015, 1.0210251808166504, 1.0141289234161377, 0.9971608519554138]]

Step 60:
  Date/Day: 61
  Action: [[0.18477016687393188, -0.14583297073841095, -0.19712843000888824, -0.2228827178478241, 0.04002515226602554, 0.19087228178977966, 0.25783297419548035, -0.026139888912439346, 0.0577479749917984, -0.18330217897891998, 0.13401685655117035, 0.034852802753448486, -0.21538089215755463, 0.22446952760219574, 0.1116243526339531, 0.06655748188495636, -0.024332653731107712, 0.053038254380226135, 0.1470085084438324, 0.05539219453930855, -0.1842881590127945, 0.05226271227002144, 0.18529477715492249, -0.04477057605981827, -0.1774028092622757, 0.3525809645652771, -0.1438283920288086, -0.1627110093832016, 0.08929368853569031]]
  Reward: 1.474518060684204
  Account Value: None
  Done: False
  Policy Mean: [[0.18477016687393188, -0.14583297073841095, -0.19712843000888824, -0.2228827178478241, 0.04002515226602554, 0.19087228178977966, 0.25783297419548035, -0.026139888912439346, 0.0577479749917984, -0.18330217897891998, 0.13401685655117035, 0.034852802753448486, -0.21538089215755463, 0.22446952760219574, 0.1116243526339531, 0.06655748188495636, -0.024332653731107712, 0.053038254380226135, 0.1470085084438324, 0.05539219453930855, -0.1842881590127945, 0.05226271227002144, 0.18529477715492249, -0.04477057605981827, -0.1774028092622757, 0.3525809645652771, -0.1438283920288086, -0.1627110093832016, 0.08929368853569031]]
  Policy Std: [[1.0034284591674805, 0.976804256439209, 0.9804749488830566, 0.9932587146759033, 1.0121442079544067, 1.0039632320404053, 1.0009573698043823, 1.0025033950805664, 0.9955798983573914, 0.9826322197914124, 0.9936424493789673, 0.9887740015983582, 0.9989004135131836, 1.038902997970581, 0.9870384931564331, 1.0012420415878296, 0.9875728487968445, 0.9975731372833252, 0.998661994934082, 0.9784038066864014, 0.995770275592804, 0.996944785118103, 0.9970985651016235, 0.99070805311203, 1.0111769437789917, 0.9880393743515015, 1.0210251808166504, 1.0141289234161377, 0.9971608519554138]]

Step 61:
  Date/Day: 62
  Action: [[0.15408624708652496, -0.12210805714130402, -0.1614730805158615, -0.18530727922916412, 0.03301968798041344, 0.15677078068256378, 0.21469083428382874, -0.02231695130467415, 0.048304226249456406, -0.15337763726711273, 0.1123320460319519, 0.02412831224501133, -0.17484529316425323, 0.18253527581691742, 0.08955847471952438, 0.05261388421058655, -0.017549481242895126, 0.0393684059381485, 0.1216839849948883, 0.04329095408320427, -0.14804314076900482, 0.04375036805868149, 0.15566852688789368, -0.033463649451732635, -0.14729717373847961, 0.2926638722419739, -0.1209879070520401, -0.14114169776439667, 0.08073528856039047]]
  Reward: -0.3343605101108551
  Account Value: None
  Done: False
  Policy Mean: [[0.15408624708652496, -0.12210805714130402, -0.1614730805158615, -0.18530727922916412, 0.03301968798041344, 0.15677078068256378, 0.21469083428382874, -0.02231695130467415, 0.048304226249456406, -0.15337763726711273, 0.1123320460319519, 0.02412831224501133, -0.17484529316425323, 0.18253527581691742, 0.08955847471952438, 0.05261388421058655, -0.017549481242895126, 0.0393684059381485, 0.1216839849948883, 0.04329095408320427, -0.14804314076900482, 0.04375036805868149, 0.15566852688789368, -0.033463649451732635, -0.14729717373847961, 0.2926638722419739, -0.1209879070520401, -0.14114169776439667, 0.08073528856039047]]
  Policy Std: [[1.0034284591674805, 0.976804256439209, 0.9804749488830566, 0.9932587146759033, 1.0121442079544067, 1.0039632320404053, 1.0009573698043823, 1.0025033950805664, 0.9955798983573914, 0.9826322197914124, 0.9936424493789673, 0.9887740015983582, 0.9989004135131836, 1.038902997970581, 0.9870384931564331, 1.0012420415878296, 0.9875728487968445, 0.9975731372833252, 0.998661994934082, 0.9784038066864014, 0.995770275592804, 0.996944785118103, 0.9970985651016235, 0.99070805311203, 1.0111769437789917, 0.9880393743515015, 1.0210251808166504, 1.0141289234161377, 0.9971608519554138]]

Step 62:
  Date/Day: 63
  Action: [[0.18527688086032867, -0.14347369968891144, -0.1931132674217224, -0.22092877328395844, 0.03644147515296936, 0.18982796370983124, 0.25663936138153076, -0.025078184902668, 0.05705985799431801, -0.18143680691719055, 0.13363829255104065, 0.036689527332782745, -0.2142515480518341, 0.21983014047145844, 0.10970518738031387, 0.06713683158159256, -0.020647190511226654, 0.04969091713428497, 0.1466372013092041, 0.05666434392333031, -0.18110255897045135, 0.050064004957675934, 0.18436670303344727, -0.044710952788591385, -0.17794056236743927, 0.3518225848674774, -0.1435161828994751, -0.1619601994752884, 0.0924898311495781]]
  Reward: 1.1003963947296143
  Account Value: None
  Done: False
  Policy Mean: [[0.18527688086032867, -0.14347369968891144, -0.1931132674217224, -0.22092877328395844, 0.03644147515296936, 0.18982796370983124, 0.25663936138153076, -0.025078184902668, 0.05705985799431801, -0.18143680691719055, 0.13363829255104065, 0.036689527332782745, -0.2142515480518341, 0.21983014047145844, 0.10970518738031387, 0.06713683158159256, -0.020647190511226654, 0.04969091713428497, 0.1466372013092041, 0.05666434392333031, -0.18110255897045135, 0.050064004957675934, 0.18436670303344727, -0.044710952788591385, -0.17794056236743927, 0.3518225848674774, -0.1435161828994751, -0.1619601994752884, 0.0924898311495781]]
  Policy Std: [[1.0034284591674805, 0.976804256439209, 0.9804749488830566, 0.9932587146759033, 1.0121442079544067, 1.0039632320404053, 1.0009573698043823, 1.0025033950805664, 0.9955798983573914, 0.9826322197914124, 0.9936424493789673, 0.9887740015983582, 0.9989004135131836, 1.038902997970581, 0.9870384931564331, 1.0012420415878296, 0.9875728487968445, 0.9975731372833252, 0.998661994934082, 0.9784038066864014, 0.995770275592804, 0.996944785118103, 0.9970985651016235, 0.99070805311203, 1.0111769437789917, 0.9880393743515015, 1.0210251808166504, 1.0141289234161377, 0.9971608519554138]]

Step 63:
  Date/Day: 64
  Action: [[0.1667826771736145, -0.13327845931053162, -0.1579313427209854, -0.1846710592508316, 0.024367252364754677, 0.15756884217262268, 0.1989792138338089, -0.023655900731682777, 0.04349038749933243, -0.15930259227752686, 0.10965476185083389, 0.007879402488470078, -0.17325150966644287, 0.1827661246061325, 0.07499861717224121, 0.05281195417046547, -0.008187890984117985, 0.046911559998989105, 0.10724116116762161, 0.03482484444975853, -0.15145501494407654, 0.04436953738331795, 0.14852774143218994, -0.04196741431951523, -0.14766056835651398, 0.2674471437931061, -0.10811065882444382, -0.14497962594032288, 0.08307433873414993]]
  Reward: 0.5521708130836487
  Account Value: None
  Done: False
  Policy Mean: [[0.1667826771736145, -0.13327845931053162, -0.1579313427209854, -0.1846710592508316, 0.024367252364754677, 0.15756884217262268, 0.1989792138338089, -0.023655900731682777, 0.04349038749933243, -0.15930259227752686, 0.10965476185083389, 0.007879402488470078, -0.17325150966644287, 0.1827661246061325, 0.07499861717224121, 0.05281195417046547, -0.008187890984117985, 0.046911559998989105, 0.10724116116762161, 0.03482484444975853, -0.15145501494407654, 0.04436953738331795, 0.14852774143218994, -0.04196741431951523, -0.14766056835651398, 0.2674471437931061, -0.10811065882444382, -0.14497962594032288, 0.08307433873414993]]
  Policy Std: [[1.0034284591674805, 0.976804256439209, 0.9804749488830566, 0.9932587146759033, 1.0121442079544067, 1.0039632320404053, 1.0009573698043823, 1.0025033950805664, 0.9955798983573914, 0.9826322197914124, 0.9936424493789673, 0.9887740015983582, 0.9989004135131836, 1.038902997970581, 0.9870384931564331, 1.0012420415878296, 0.9875728487968445, 0.9975731372833252, 0.998661994934082, 0.9784038066864014, 0.995770275592804, 0.996944785118103, 0.9970985651016235, 0.99070805311203, 1.0111769437789917, 0.9880393743515015, 1.0210251808166504, 1.0141289234161377, 0.9971608519554138]]

Step 64:
  Date/Day: 65
  Action: [[0.13050605356693268, -0.0998820811510086, -0.12914109230041504, -0.14129260182380676, 0.027476685121655464, 0.12550288438796997, 0.16465352475643158, -0.01704670675098896, 0.036560941487550735, -0.12520745396614075, 0.0916995108127594, 0.0189798716455698, -0.12566882371902466, 0.14267441630363464, 0.06952731311321259, 0.035180144011974335, -0.020976494997739792, 0.03570728003978729, 0.09585235267877579, 0.03443504497408867, -0.11393105983734131, 0.032793257385492325, 0.11976229399442673, -0.030510881915688515, -0.12025021016597748, 0.22105613350868225, -0.09440815448760986, -0.12225953489542007, 0.06733714044094086]]
  Reward: -0.8756997585296631
  Account Value: None
  Done: False
  Policy Mean: [[0.13050605356693268, -0.0998820811510086, -0.12914109230041504, -0.14129260182380676, 0.027476685121655464, 0.12550288438796997, 0.16465352475643158, -0.01704670675098896, 0.036560941487550735, -0.12520745396614075, 0.0916995108127594, 0.0189798716455698, -0.12566882371902466, 0.14267441630363464, 0.06952731311321259, 0.035180144011974335, -0.020976494997739792, 0.03570728003978729, 0.09585235267877579, 0.03443504497408867, -0.11393105983734131, 0.032793257385492325, 0.11976229399442673, -0.030510881915688515, -0.12025021016597748, 0.22105613350868225, -0.09440815448760986, -0.12225953489542007, 0.06733714044094086]]
  Policy Std: [[1.0034284591674805, 0.976804256439209, 0.9804749488830566, 0.9932587146759033, 1.0121442079544067, 1.0039632320404053, 1.0009573698043823, 1.0025033950805664, 0.9955798983573914, 0.9826322197914124, 0.9936424493789673, 0.9887740015983582, 0.9989004135131836, 1.038902997970581, 0.9870384931564331, 1.0012420415878296, 0.9875728487968445, 0.9975731372833252, 0.998661994934082, 0.9784038066864014, 0.995770275592804, 0.996944785118103, 0.9970985651016235, 0.99070805311203, 1.0111769437789917, 0.9880393743515015, 1.0210251808166504, 1.0141289234161377, 0.9971608519554138]]

Step 65:
  Date/Day: 66
  Action: [[0.18493157625198364, -0.1432482749223709, -0.19276271760463715, -0.2205505222082138, 0.036409642547369, 0.18946011364459991, 0.2561843991279602, -0.02505677379667759, 0.05698976293206215, -0.18112832307815552, 0.13341599702835083, 0.03654975816607475, -0.21381083130836487, 0.2194209098815918, 0.10949531942605972, 0.06695921719074249, -0.02062516286969185, 0.04956815391778946, 0.14637750387191772, 0.05649903416633606, -0.18073001503944397, 0.04999265819787979, 0.18406227231025696, -0.04457962140440941, -0.1775992065668106, 0.35118770599365234, -0.14327844977378845, -0.16175279021263123, 0.09237693250179291]]
  Reward: 1.4879716634750366
  Account Value: None
  Done: False
  Policy Mean: [[0.18493157625198364, -0.1432482749223709, -0.19276271760463715, -0.2205505222082138, 0.036409642547369, 0.18946011364459991, 0.2561843991279602, -0.02505677379667759, 0.05698976293206215, -0.18112832307815552, 0.13341599702835083, 0.03654975816607475, -0.21381083130836487, 0.2194209098815918, 0.10949531942605972, 0.06695921719074249, -0.02062516286969185, 0.04956815391778946, 0.14637750387191772, 0.05649903416633606, -0.18073001503944397, 0.04999265819787979, 0.18406227231025696, -0.04457962140440941, -0.1775992065668106, 0.35118770599365234, -0.14327844977378845, -0.16175279021263123, 0.09237693250179291]]
  Policy Std: [[1.0034284591674805, 0.976804256439209, 0.9804749488830566, 0.9932587146759033, 1.0121442079544067, 1.0039632320404053, 1.0009573698043823, 1.0025033950805664, 0.9955798983573914, 0.9826322197914124, 0.9936424493789673, 0.9887740015983582, 0.9989004135131836, 1.038902997970581, 0.9870384931564331, 1.0012420415878296, 0.9875728487968445, 0.9975731372833252, 0.998661994934082, 0.9784038066864014, 0.995770275592804, 0.996944785118103, 0.9970985651016235, 0.99070805311203, 1.0111769437789917, 0.9880393743515015, 1.0210251808166504, 1.0141289234161377, 0.9971608519554138]]

Step 66:
  Date/Day: 67
  Action: [[0.06780096143484116, -0.05490921437740326, -0.06911323219537735, -0.09357674419879913, 0.029587214812636375, 0.0732969269156456, 0.12439396977424622, -0.008936377242207527, 0.032842352986335754, -0.07704732567071915, 0.057712722569704056, 0.022358335554599762, -0.08487164974212646, 0.08543679118156433, 0.05333974212408066, 0.0210178904235363, -0.013884932734072208, 0.010270819999277592, 0.06084930896759033, 0.030213646590709686, -0.07716918736696243, 0.02565515786409378, 0.07073710858821869, -0.014801084995269775, -0.0672229453921318, 0.15311217308044434, -0.07373557984828949, -0.07329680770635605, 0.045218758285045624]]
  Reward: -1.2720322608947754
  Account Value: None
  Done: False
  Policy Mean: [[0.06780096143484116, -0.05490921437740326, -0.06911323219537735, -0.09357674419879913, 0.029587214812636375, 0.0732969269156456, 0.12439396977424622, -0.008936377242207527, 0.032842352986335754, -0.07704732567071915, 0.057712722569704056, 0.022358335554599762, -0.08487164974212646, 0.08543679118156433, 0.05333974212408066, 0.0210178904235363, -0.013884932734072208, 0.010270819999277592, 0.06084930896759033, 0.030213646590709686, -0.07716918736696243, 0.02565515786409378, 0.07073710858821869, -0.014801084995269775, -0.0672229453921318, 0.15311217308044434, -0.07373557984828949, -0.07329680770635605, 0.045218758285045624]]
  Policy Std: [[1.0034284591674805, 0.976804256439209, 0.9804749488830566, 0.9932587146759033, 1.0121442079544067, 1.0039632320404053, 1.0009573698043823, 1.0025033950805664, 0.9955798983573914, 0.9826322197914124, 0.9936424493789673, 0.9887740015983582, 0.9989004135131836, 1.038902997970581, 0.9870384931564331, 1.0012420415878296, 0.9875728487968445, 0.9975731372833252, 0.998661994934082, 0.9784038066864014, 0.995770275592804, 0.996944785118103, 0.9970985651016235, 0.99070805311203, 1.0111769437789917, 0.9880393743515015, 1.0210251808166504, 1.0141289234161377, 0.9971608519554138]]

Step 67:
  Date/Day: 68
  Action: [[0.13986870646476746, -0.1105809435248375, -0.14015258848667145, -0.1728965789079666, 0.03315862640738487, 0.14342427253723145, 0.19561158120632172, -0.020827800035476685, 0.044375743716955185, -0.14564774930477142, 0.1041645035147667, 0.014053268358111382, -0.16127905249595642, 0.1626424938440323, 0.07861292362213135, 0.05006124824285507, -0.008528262376785278, 0.034705400466918945, 0.10270487517118454, 0.038073815405368805, -0.14366072416305542, 0.044524576514959335, 0.13450174033641815, -0.031114617362618446, -0.12265768647193909, 0.2624407410621643, -0.11356402933597565, -0.1298566311597824, 0.07219024747610092]]
  Reward: 2.083542585372925
  Account Value: None
  Done: False
  Policy Mean: [[0.13986870646476746, -0.1105809435248375, -0.14015258848667145, -0.1728965789079666, 0.03315862640738487, 0.14342427253723145, 0.19561158120632172, -0.020827800035476685, 0.044375743716955185, -0.14564774930477142, 0.1041645035147667, 0.014053268358111382, -0.16127905249595642, 0.1626424938440323, 0.07861292362213135, 0.05006124824285507, -0.008528262376785278, 0.034705400466918945, 0.10270487517118454, 0.038073815405368805, -0.14366072416305542, 0.044524576514959335, 0.13450174033641815, -0.031114617362618446, -0.12265768647193909, 0.2624407410621643, -0.11356402933597565, -0.1298566311597824, 0.07219024747610092]]
  Policy Std: [[1.0034284591674805, 0.976804256439209, 0.9804749488830566, 0.9932587146759033, 1.0121442079544067, 1.0039632320404053, 1.0009573698043823, 1.0025033950805664, 0.9955798983573914, 0.9826322197914124, 0.9936424493789673, 0.9887740015983582, 0.9989004135131836, 1.038902997970581, 0.9870384931564331, 1.0012420415878296, 0.9875728487968445, 0.9975731372833252, 0.998661994934082, 0.9784038066864014, 0.995770275592804, 0.996944785118103, 0.9970985651016235, 0.99070805311203, 1.0111769437789917, 0.9880393743515015, 1.0210251808166504, 1.0141289234161377, 0.9971608519554138]]

Step 68:
  Date/Day: 69
  Action: [[0.12849634885787964, -0.10018035024404526, -0.12506163120269775, -0.15970802307128906, 0.0334053672850132, 0.12938719987869263, 0.18725790083408356, -0.0191938616335392, 0.043575312942266464, -0.13282622396945953, 0.09361369162797928, 0.015998482704162598, -0.15434876084327698, 0.15387418866157532, 0.07489394396543503, 0.04558335989713669, -0.007537515833973885, 0.032558657228946686, 0.09436208754777908, 0.03822232037782669, -0.13692951202392578, 0.04252917692065239, 0.12445996701717377, -0.027975721284747124, -0.11172295361757278, 0.24647565186023712, -0.10545665770769119, -0.11821895837783813, 0.07135921716690063]]
  Reward: 0.4648948907852173
  Account Value: None
  Done: False
  Policy Mean: [[0.12849634885787964, -0.10018035024404526, -0.12506163120269775, -0.15970802307128906, 0.0334053672850132, 0.12938719987869263, 0.18725790083408356, -0.0191938616335392, 0.043575312942266464, -0.13282622396945953, 0.09361369162797928, 0.015998482704162598, -0.15434876084327698, 0.15387418866157532, 0.07489394396543503, 0.04558335989713669, -0.007537515833973885, 0.032558657228946686, 0.09436208754777908, 0.03822232037782669, -0.13692951202392578, 0.04252917692065239, 0.12445996701717377, -0.027975721284747124, -0.11172295361757278, 0.24647565186023712, -0.10545665770769119, -0.11821895837783813, 0.07135921716690063]]
  Policy Std: [[1.0034284591674805, 0.976804256439209, 0.9804749488830566, 0.9932587146759033, 1.0121442079544067, 1.0039632320404053, 1.0009573698043823, 1.0025033950805664, 0.9955798983573914, 0.9826322197914124, 0.9936424493789673, 0.9887740015983582, 0.9989004135131836, 1.038902997970581, 0.9870384931564331, 1.0012420415878296, 0.9875728487968445, 0.9975731372833252, 0.998661994934082, 0.9784038066864014, 0.995770275592804, 0.996944785118103, 0.9970985651016235, 0.99070805311203, 1.0111769437789917, 0.9880393743515015, 1.0210251808166504, 1.0141289234161377, 0.9971608519554138]]

Step 69:
  Date/Day: 70
  Action: [[0.13758674263954163, -0.11374220997095108, -0.1356995552778244, -0.1717178225517273, 0.03228215500712395, 0.14320684969425201, 0.18811778724193573, -0.022762401029467583, 0.04558512195944786, -0.14142705500125885, 0.10732877254486084, 0.0173601433634758, -0.15415635704994202, 0.15925054252147675, 0.07974083721637726, 0.050234898924827576, -0.01255936548113823, 0.03515523672103882, 0.10560504347085953, 0.035437118262052536, -0.1393899768590927, 0.04056001082062721, 0.1363990753889084, -0.033212047070264816, -0.12502221763134003, 0.25333371758461, -0.11490095406770706, -0.12891346216201782, 0.07017320394515991]]
  Reward: 1.2900631427764893
  Account Value: None
  Done: False
  Policy Mean: [[0.13758674263954163, -0.11374220997095108, -0.1356995552778244, -0.1717178225517273, 0.03228215500712395, 0.14320684969425201, 0.18811778724193573, -0.022762401029467583, 0.04558512195944786, -0.14142705500125885, 0.10732877254486084, 0.0173601433634758, -0.15415635704994202, 0.15925054252147675, 0.07974083721637726, 0.050234898924827576, -0.01255936548113823, 0.03515523672103882, 0.10560504347085953, 0.035437118262052536, -0.1393899768590927, 0.04056001082062721, 0.1363990753889084, -0.033212047070264816, -0.12502221763134003, 0.25333371758461, -0.11490095406770706, -0.12891346216201782, 0.07017320394515991]]
  Policy Std: [[1.0034284591674805, 0.976804256439209, 0.9804749488830566, 0.9932587146759033, 1.0121442079544067, 1.0039632320404053, 1.0009573698043823, 1.0025033950805664, 0.9955798983573914, 0.9826322197914124, 0.9936424493789673, 0.9887740015983582, 0.9989004135131836, 1.038902997970581, 0.9870384931564331, 1.0012420415878296, 0.9875728487968445, 0.9975731372833252, 0.998661994934082, 0.9784038066864014, 0.995770275592804, 0.996944785118103, 0.9970985651016235, 0.99070805311203, 1.0111769437789917, 0.9880393743515015, 1.0210251808166504, 1.0141289234161377, 0.9971608519554138]]

Step 70:
  Date/Day: 71
  Action: [[0.13225218653678894, -0.10884074121713638, -0.12730661034584045, -0.16608113050460815, 0.03326299786567688, 0.1360793262720108, 0.19236181676387787, -0.021092122420668602, 0.04918122664093971, -0.1361672580242157, 0.10165812075138092, 0.023164907470345497, -0.15765324234962463, 0.15901537239551544, 0.08181975036859512, 0.04931933432817459, -0.011996184475719929, 0.03463425487279892, 0.10445026308298111, 0.03814446181058884, -0.14125239849090576, 0.04176168516278267, 0.13349170982837677, -0.03180214762687683, -0.12148556113243103, 0.25407084822654724, -0.11290350556373596, -0.12116679549217224, 0.07139528542757034]]
  Reward: 0.9680653810501099
  Account Value: None
  Done: False
  Policy Mean: [[0.13225218653678894, -0.10884074121713638, -0.12730661034584045, -0.16608113050460815, 0.03326299786567688, 0.1360793262720108, 0.19236181676387787, -0.021092122420668602, 0.04918122664093971, -0.1361672580242157, 0.10165812075138092, 0.023164907470345497, -0.15765324234962463, 0.15901537239551544, 0.08181975036859512, 0.04931933432817459, -0.011996184475719929, 0.03463425487279892, 0.10445026308298111, 0.03814446181058884, -0.14125239849090576, 0.04176168516278267, 0.13349170982837677, -0.03180214762687683, -0.12148556113243103, 0.25407084822654724, -0.11290350556373596, -0.12116679549217224, 0.07139528542757034]]
  Policy Std: [[1.0034284591674805, 0.976804256439209, 0.9804749488830566, 0.9932587146759033, 1.0121442079544067, 1.0039632320404053, 1.0009573698043823, 1.0025033950805664, 0.9955798983573914, 0.9826322197914124, 0.9936424493789673, 0.9887740015983582, 0.9989004135131836, 1.038902997970581, 0.9870384931564331, 1.0012420415878296, 0.9875728487968445, 0.9975731372833252, 0.998661994934082, 0.9784038066864014, 0.995770275592804, 0.996944785118103, 0.9970985651016235, 0.99070805311203, 1.0111769437789917, 0.9880393743515015, 1.0210251808166504, 1.0141289234161377, 0.9971608519554138]]

Step 71:
  Date/Day: 72
  Action: [[0.13232983648777008, -0.10891112685203552, -0.1273624151945114, -0.1662658452987671, 0.033268172293901443, 0.13613033294677734, 0.19241388142108917, -0.021107187494635582, 0.04908432438969612, -0.13631068170070648, 0.10168972611427307, 0.023032307624816895, -0.15780209004878998, 0.1591920107603073, 0.08173277229070663, 0.04924637824296951, -0.011839887127280235, 0.03459794074296951, 0.10437120497226715, 0.03811216354370117, -0.14136768877506256, 0.0418749637901783, 0.13352327048778534, -0.031806785613298416, -0.1215345710515976, 0.25416409969329834, -0.11287401616573334, -0.12121333181858063, 0.07145968079566956]]
  Reward: -0.5088804960250854
  Account Value: None
  Done: False
  Policy Mean: [[0.13232983648777008, -0.10891112685203552, -0.1273624151945114, -0.1662658452987671, 0.033268172293901443, 0.13613033294677734, 0.19241388142108917, -0.021107187494635582, 0.04908432438969612, -0.13631068170070648, 0.10168972611427307, 0.023032307624816895, -0.15780209004878998, 0.1591920107603073, 0.08173277229070663, 0.04924637824296951, -0.011839887127280235, 0.03459794074296951, 0.10437120497226715, 0.03811216354370117, -0.14136768877506256, 0.0418749637901783, 0.13352327048778534, -0.031806785613298416, -0.1215345710515976, 0.25416409969329834, -0.11287401616573334, -0.12121333181858063, 0.07145968079566956]]
  Policy Std: [[1.0034284591674805, 0.976804256439209, 0.9804749488830566, 0.9932587146759033, 1.0121442079544067, 1.0039632320404053, 1.0009573698043823, 1.0025033950805664, 0.9955798983573914, 0.9826322197914124, 0.9936424493789673, 0.9887740015983582, 0.9989004135131836, 1.038902997970581, 0.9870384931564331, 1.0012420415878296, 0.9875728487968445, 0.9975731372833252, 0.998661994934082, 0.9784038066864014, 0.995770275592804, 0.996944785118103, 0.9970985651016235, 0.99070805311203, 1.0111769437789917, 0.9880393743515015, 1.0210251808166504, 1.0141289234161377, 0.9971608519554138]]

Step 72:
  Date/Day: 73
  Action: [[0.13242749869823456, -0.10660962015390396, -0.1280342936515808, -0.1658208817243576, 0.033670999109745026, 0.13503479957580566, 0.1927356868982315, -0.020764166489243507, 0.047325074672698975, -0.1366855800151825, 0.09937317669391632, 0.020111411809921265, -0.1589168757200241, 0.15905508399009705, 0.0797988548874855, 0.04834644868969917, -0.009871536865830421, 0.034170202910900116, 0.10135651379823685, 0.038680560886859894, -0.14150911569595337, 0.04286034032702446, 0.13137885928153992, -0.030692540109157562, -0.11882717162370682, 0.2543480694293976, -0.11099515855312347, -0.12142428755760193, 0.07243527472019196]]
  Reward: -0.7887493371963501
  Account Value: None
  Done: False
  Policy Mean: [[0.13242749869823456, -0.10660962015390396, -0.1280342936515808, -0.1658208817243576, 0.033670999109745026, 0.13503479957580566, 0.1927356868982315, -0.020764166489243507, 0.047325074672698975, -0.1366855800151825, 0.09937317669391632, 0.020111411809921265, -0.1589168757200241, 0.15905508399009705, 0.0797988548874855, 0.04834644868969917, -0.009871536865830421, 0.034170202910900116, 0.10135651379823685, 0.038680560886859894, -0.14150911569595337, 0.04286034032702446, 0.13137885928153992, -0.030692540109157562, -0.11882717162370682, 0.2543480694293976, -0.11099515855312347, -0.12142428755760193, 0.07243527472019196]]
  Policy Std: [[1.0034284591674805, 0.976804256439209, 0.9804749488830566, 0.9932587146759033, 1.0121442079544067, 1.0039632320404053, 1.0009573698043823, 1.0025033950805664, 0.9955798983573914, 0.9826322197914124, 0.9936424493789673, 0.9887740015983582, 0.9989004135131836, 1.038902997970581, 0.9870384931564331, 1.0012420415878296, 0.9875728487968445, 0.9975731372833252, 0.998661994934082, 0.9784038066864014, 0.995770275592804, 0.996944785118103, 0.9970985651016235, 0.99070805311203, 1.0111769437789917, 0.9880393743515015, 1.0210251808166504, 1.0141289234161377, 0.9971608519554138]]

Step 73:
  Date/Day: 74
  Action: [[0.1314239352941513, -0.1023358553647995, -0.12775373458862305, -0.16277186572551727, 0.03353659063577652, 0.13208132982254028, 0.1902533620595932, -0.019662249833345413, 0.044053446501493454, -0.13544471561908722, 0.09529684484004974, 0.01570473611354828, -0.15766745805740356, 0.15717007219791412, 0.07592010498046875, 0.04679310321807861, -0.007210931275039911, 0.033645324409008026, 0.09596436470746994, 0.03862602636218071, -0.1397899091243744, 0.043317269533872604, 0.1270141899585724, -0.028630446642637253, -0.11389970034360886, 0.25090906023979187, -0.1069352775812149, -0.12037059664726257, 0.07258351147174835]]
  Reward: -0.427036315202713
  Account Value: None
  Done: False
  Policy Mean: [[0.1314239352941513, -0.1023358553647995, -0.12775373458862305, -0.16277186572551727, 0.03353659063577652, 0.13208132982254028, 0.1902533620595932, -0.019662249833345413, 0.044053446501493454, -0.13544471561908722, 0.09529684484004974, 0.01570473611354828, -0.15766745805740356, 0.15717007219791412, 0.07592010498046875, 0.04679310321807861, -0.007210931275039911, 0.033645324409008026, 0.09596436470746994, 0.03862602636218071, -0.1397899091243744, 0.043317269533872604, 0.1270141899585724, -0.028630446642637253, -0.11389970034360886, 0.25090906023979187, -0.1069352775812149, -0.12037059664726257, 0.07258351147174835]]
  Policy Std: [[1.0034284591674805, 0.976804256439209, 0.9804749488830566, 0.9932587146759033, 1.0121442079544067, 1.0039632320404053, 1.0009573698043823, 1.0025033950805664, 0.9955798983573914, 0.9826322197914124, 0.9936424493789673, 0.9887740015983582, 0.9989004135131836, 1.038902997970581, 0.9870384931564331, 1.0012420415878296, 0.9875728487968445, 0.9975731372833252, 0.998661994934082, 0.9784038066864014, 0.995770275592804, 0.996944785118103, 0.9970985651016235, 0.99070805311203, 1.0111769437789917, 0.9880393743515015, 1.0210251808166504, 1.0141289234161377, 0.9971608519554138]]

Step 74:
  Date/Day: 75
  Action: [[0.140438973903656, -0.11092018336057663, -0.14060194790363312, -0.1736530214548111, 0.03321473300457001, 0.1438528597354889, 0.1960776299238205, -0.02090238220989704, 0.04417148232460022, -0.14629574120044708, 0.1044074296951294, 0.013663060963153839, -0.16195519268512726, 0.16336371004581451, 0.07860517501831055, 0.04998570680618286, -0.008177429437637329, 0.03475498408079147, 0.10272177308797836, 0.03801590949296951, -0.14420153200626373, 0.04486523196101189, 0.13484874367713928, -0.031195852905511856, -0.12293772399425507, 0.2631826400756836, -0.1136995181441307, -0.13028819859027863, 0.07243110239505768]]
  Reward: 0.24593232572078705
  Account Value: None
  Done: False
  Policy Mean: [[0.140438973903656, -0.11092018336057663, -0.14060194790363312, -0.1736530214548111, 0.03321473300457001, 0.1438528597354889, 0.1960776299238205, -0.02090238220989704, 0.04417148232460022, -0.14629574120044708, 0.1044074296951294, 0.013663060963153839, -0.16195519268512726, 0.16336371004581451, 0.07860517501831055, 0.04998570680618286, -0.008177429437637329, 0.03475498408079147, 0.10272177308797836, 0.03801590949296951, -0.14420153200626373, 0.04486523196101189, 0.13484874367713928, -0.031195852905511856, -0.12293772399425507, 0.2631826400756836, -0.1136995181441307, -0.13028819859027863, 0.07243110239505768]]
  Policy Std: [[1.0034284591674805, 0.976804256439209, 0.9804749488830566, 0.9932587146759033, 1.0121442079544067, 1.0039632320404053, 1.0009573698043823, 1.0025033950805664, 0.9955798983573914, 0.9826322197914124, 0.9936424493789673, 0.9887740015983582, 0.9989004135131836, 1.038902997970581, 0.9870384931564331, 1.0012420415878296, 0.9875728487968445, 0.9975731372833252, 0.998661994934082, 0.9784038066864014, 0.995770275592804, 0.996944785118103, 0.9970985651016235, 0.99070805311203, 1.0111769437789917, 0.9880393743515015, 1.0210251808166504, 1.0141289234161377, 0.9971608519554138]]

Step 75:
  Date/Day: 76
  Action: [[0.1322566270828247, -0.10883577913045883, -0.12731319665908813, -0.16608627140522003, 0.033265698701143265, 0.1360796093940735, 0.19237008690834045, -0.02109207957983017, 0.04917599633336067, -0.136173814535141, 0.10165233165025711, 0.02315446175634861, -0.15766434371471405, 0.1590205729007721, 0.08181528002023697, 0.04931683838367462, -0.011988198384642601, 0.034633226692676544, 0.10444214940071106, 0.038148216903209686, -0.14125829935073853, 0.04176787659525871, 0.1334877908229828, -0.031799111515283585, -0.12147925794124603, 0.25408121943473816, -0.11289992183446884, -0.12117135524749756, 0.07140178978443146]]
  Reward: -1.7058707475662231
  Account Value: None
  Done: False
  Policy Mean: [[0.1322566270828247, -0.10883577913045883, -0.12731319665908813, -0.16608627140522003, 0.033265698701143265, 0.1360796093940735, 0.19237008690834045, -0.02109207957983017, 0.04917599633336067, -0.136173814535141, 0.10165233165025711, 0.02315446175634861, -0.15766434371471405, 0.1590205729007721, 0.08181528002023697, 0.04931683838367462, -0.011988198384642601, 0.034633226692676544, 0.10444214940071106, 0.038148216903209686, -0.14125829935073853, 0.04176787659525871, 0.1334877908229828, -0.031799111515283585, -0.12147925794124603, 0.25408121943473816, -0.11289992183446884, -0.12117135524749756, 0.07140178978443146]]
  Policy Std: [[1.0034284591674805, 0.976804256439209, 0.9804749488830566, 0.9932587146759033, 1.0121442079544067, 1.0039632320404053, 1.0009573698043823, 1.0025033950805664, 0.9955798983573914, 0.9826322197914124, 0.9936424493789673, 0.9887740015983582, 0.9989004135131836, 1.038902997970581, 0.9870384931564331, 1.0012420415878296, 0.9875728487968445, 0.9975731372833252, 0.998661994934082, 0.9784038066864014, 0.995770275592804, 0.996944785118103, 0.9970985651016235, 0.99070805311203, 1.0111769437789917, 0.9880393743515015, 1.0210251808166504, 1.0141289234161377, 0.9971608519554138]]

Step 76:
  Date/Day: 77
  Action: [[0.1314239352941513, -0.1023358479142189, -0.12775373458862305, -0.16277186572551727, 0.03353659063577652, 0.1320813149213791, 0.1902533322572708, -0.019662244245409966, 0.04405343905091286, -0.1354447305202484, 0.09529682993888855, 0.015704728662967682, -0.15766744315624237, 0.15717005729675293, 0.07592009752988815, 0.04679310321807861, -0.0072109270840883255, 0.03364531695842743, 0.09596436470746994, 0.03862602263689041, -0.1397899091243744, 0.043317265808582306, 0.12701416015625, -0.028630442917346954, -0.11389968544244766, 0.2509090304374695, -0.10693526268005371, -0.12037059664726257, 0.07258351147174835]]
  Reward: 0.5272529125213623
  Account Value: None
  Done: False
  Policy Mean: [[0.1314239352941513, -0.1023358479142189, -0.12775373458862305, -0.16277186572551727, 0.03353659063577652, 0.1320813149213791, 0.1902533322572708, -0.019662244245409966, 0.04405343905091286, -0.1354447305202484, 0.09529682993888855, 0.015704728662967682, -0.15766744315624237, 0.15717005729675293, 0.07592009752988815, 0.04679310321807861, -0.0072109270840883255, 0.03364531695842743, 0.09596436470746994, 0.03862602263689041, -0.1397899091243744, 0.043317265808582306, 0.12701416015625, -0.028630442917346954, -0.11389968544244766, 0.2509090304374695, -0.10693526268005371, -0.12037059664726257, 0.07258351147174835]]
  Policy Std: [[1.0034284591674805, 0.976804256439209, 0.9804749488830566, 0.9932587146759033, 1.0121442079544067, 1.0039632320404053, 1.0009573698043823, 1.0025033950805664, 0.9955798983573914, 0.9826322197914124, 0.9936424493789673, 0.9887740015983582, 0.9989004135131836, 1.038902997970581, 0.9870384931564331, 1.0012420415878296, 0.9875728487968445, 0.9975731372833252, 0.998661994934082, 0.9784038066864014, 0.995770275592804, 0.996944785118103, 0.9970985651016235, 0.99070805311203, 1.0111769437789917, 0.9880393743515015, 1.0210251808166504, 1.0141289234161377, 0.9971608519554138]]

Step 77:
  Date/Day: 78
  Action: [[0.131424218416214, -0.10233602672815323, -0.12775392830371857, -0.1627723127603531, 0.03353660926222801, 0.13208147883415222, 0.19025351107120514, -0.019662298262119293, 0.044053252786397934, -0.13544507324695587, 0.0952969491481781, 0.015704434365034103, -0.15766778588294983, 0.15717045962810516, 0.0759199932217598, 0.04679300636053085, -0.0072106728330254555, 0.03364533185958862, 0.09596424549818039, 0.03862594813108444, -0.13979017734527588, 0.043317489326000214, 0.12701432406902313, -0.028630465269088745, -0.11389979720115662, 0.25090932846069336, -0.10693524777889252, -0.1203707829117775, 0.0725836381316185]]
  Reward: -0.18826992809772491
  Account Value: None
  Done: False
  Policy Mean: [[0.131424218416214, -0.10233602672815323, -0.12775392830371857, -0.1627723127603531, 0.03353660926222801, 0.13208147883415222, 0.19025351107120514, -0.019662298262119293, 0.044053252786397934, -0.13544507324695587, 0.0952969491481781, 0.015704434365034103, -0.15766778588294983, 0.15717045962810516, 0.0759199932217598, 0.04679300636053085, -0.0072106728330254555, 0.03364533185958862, 0.09596424549818039, 0.03862594813108444, -0.13979017734527588, 0.043317489326000214, 0.12701432406902313, -0.028630465269088745, -0.11389979720115662, 0.25090932846069336, -0.10693524777889252, -0.1203707829117775, 0.0725836381316185]]
  Policy Std: [[1.0034284591674805, 0.976804256439209, 0.9804749488830566, 0.9932587146759033, 1.0121442079544067, 1.0039632320404053, 1.0009573698043823, 1.0025033950805664, 0.9955798983573914, 0.9826322197914124, 0.9936424493789673, 0.9887740015983582, 0.9989004135131836, 1.038902997970581, 0.9870384931564331, 1.0012420415878296, 0.9875728487968445, 0.9975731372833252, 0.998661994934082, 0.9784038066864014, 0.995770275592804, 0.996944785118103, 0.9970985651016235, 0.99070805311203, 1.0111769437789917, 0.9880393743515015, 1.0210251808166504, 1.0141289234161377, 0.9971608519554138]]

Step 78:
  Date/Day: 79
  Action: [[0.1269834339618683, -0.09986709803342819, -0.12076717615127563, -0.15583358705043793, 0.028396688401699066, 0.12789489328861237, 0.1730426549911499, -0.020574240013957024, 0.027651097625494003, -0.13633552193641663, 0.08503024280071259, -0.0012918971478939056, -0.1568095088005066, 0.1572105437517166, 0.06350758671760559, 0.0374588817358017, 0.0029524737037718296, 0.03318226337432861, 0.07714438438415527, 0.030797205865383148, -0.13482306897640228, 0.04468439891934395, 0.11514338105916977, -0.02433113567531109, -0.10204649716615677, 0.2277996689081192, -0.09129630029201508, -0.11667492985725403, 0.0704583078622818]]
  Reward: -0.3611063063144684
  Account Value: None
  Done: False
  Policy Mean: [[0.1269834339618683, -0.09986709803342819, -0.12076717615127563, -0.15583358705043793, 0.028396688401699066, 0.12789489328861237, 0.1730426549911499, -0.020574240013957024, 0.027651097625494003, -0.13633552193641663, 0.08503024280071259, -0.0012918971478939056, -0.1568095088005066, 0.1572105437517166, 0.06350758671760559, 0.0374588817358017, 0.0029524737037718296, 0.03318226337432861, 0.07714438438415527, 0.030797205865383148, -0.13482306897640228, 0.04468439891934395, 0.11514338105916977, -0.02433113567531109, -0.10204649716615677, 0.2277996689081192, -0.09129630029201508, -0.11667492985725403, 0.0704583078622818]]
  Policy Std: [[1.0034284591674805, 0.976804256439209, 0.9804749488830566, 0.9932587146759033, 1.0121442079544067, 1.0039632320404053, 1.0009573698043823, 1.0025033950805664, 0.9955798983573914, 0.9826322197914124, 0.9936424493789673, 0.9887740015983582, 0.9989004135131836, 1.038902997970581, 0.9870384931564331, 1.0012420415878296, 0.9875728487968445, 0.9975731372833252, 0.998661994934082, 0.9784038066864014, 0.995770275592804, 0.996944785118103, 0.9970985651016235, 0.99070805311203, 1.0111769437789917, 0.9880393743515015, 1.0210251808166504, 1.0141289234161377, 0.9971608519554138]]

Step 79:
  Date/Day: 80
  Action: [[0.16094280779361725, -0.12269540131092072, -0.14964403212070465, -0.17807628214359283, 0.024857020005583763, 0.15033966302871704, 0.19025029242038727, -0.024794310331344604, 0.029318861663341522, -0.1585535705089569, 0.09998151659965515, -0.006754426285624504, -0.17290975153446198, 0.19059301912784576, 0.06877487897872925, 0.047328125685453415, 0.003601308446377516, 0.04868388921022415, 0.09267187118530273, 0.03168104216456413, -0.1528601348400116, 0.04804955795407295, 0.1346912384033203, -0.03219268098473549, -0.12707088887691498, 0.2555025815963745, -0.09863153100013733, -0.13938778638839722, 0.08360692113637924]]
  Reward: -0.24631796777248383
  Account Value: None
  Done: False
  Policy Mean: [[0.16094280779361725, -0.12269540131092072, -0.14964403212070465, -0.17807628214359283, 0.024857020005583763, 0.15033966302871704, 0.19025029242038727, -0.024794310331344604, 0.029318861663341522, -0.1585535705089569, 0.09998151659965515, -0.006754426285624504, -0.17290975153446198, 0.19059301912784576, 0.06877487897872925, 0.047328125685453415, 0.003601308446377516, 0.04868388921022415, 0.09267187118530273, 0.03168104216456413, -0.1528601348400116, 0.04804955795407295, 0.1346912384033203, -0.03219268098473549, -0.12707088887691498, 0.2555025815963745, -0.09863153100013733, -0.13938778638839722, 0.08360692113637924]]
  Policy Std: [[1.0034284591674805, 0.976804256439209, 0.9804749488830566, 0.9932587146759033, 1.0121442079544067, 1.0039632320404053, 1.0009573698043823, 1.0025033950805664, 0.9955798983573914, 0.9826322197914124, 0.9936424493789673, 0.9887740015983582, 0.9989004135131836, 1.038902997970581, 0.9870384931564331, 1.0012420415878296, 0.9875728487968445, 0.9975731372833252, 0.998661994934082, 0.9784038066864014, 0.995770275592804, 0.996944785118103, 0.9970985651016235, 0.99070805311203, 1.0111769437789917, 0.9880393743515015, 1.0210251808166504, 1.0141289234161377, 0.9971608519554138]]

Step 80:
  Date/Day: 81
  Action: [[0.10971970111131668, -0.08790677040815353, -0.10971410572528839, -0.14095033705234528, 0.03111567348241806, 0.11643577367067337, 0.16165421903133392, -0.019202282652258873, 0.027699273079633713, -0.11959438771009445, 0.08085901290178299, 0.010588835924863815, -0.14010632038116455, 0.14076045155525208, 0.06722328066825867, 0.029193244874477386, -0.0073435199446976185, 0.027020713314414024, 0.08156828582286835, 0.030100274831056595, -0.11515004932880402, 0.03687764331698418, 0.11040570586919785, -0.015356776304543018, -0.09860994666814804, 0.21602880954742432, -0.0920274555683136, -0.10809411108493805, 0.06486677378416061]]
  Reward: -2.3854987621307373
  Account Value: None
  Done: False
  Policy Mean: [[0.10971970111131668, -0.08790677040815353, -0.10971410572528839, -0.14095033705234528, 0.03111567348241806, 0.11643577367067337, 0.16165421903133392, -0.019202282652258873, 0.027699273079633713, -0.11959438771009445, 0.08085901290178299, 0.010588835924863815, -0.14010632038116455, 0.14076045155525208, 0.06722328066825867, 0.029193244874477386, -0.0073435199446976185, 0.027020713314414024, 0.08156828582286835, 0.030100274831056595, -0.11515004932880402, 0.03687764331698418, 0.11040570586919785, -0.015356776304543018, -0.09860994666814804, 0.21602880954742432, -0.0920274555683136, -0.10809411108493805, 0.06486677378416061]]
  Policy Std: [[1.0034284591674805, 0.976804256439209, 0.9804749488830566, 0.9932587146759033, 1.0121442079544067, 1.0039632320404053, 1.0009573698043823, 1.0025033950805664, 0.9955798983573914, 0.9826322197914124, 0.9936424493789673, 0.9887740015983582, 0.9989004135131836, 1.038902997970581, 0.9870384931564331, 1.0012420415878296, 0.9875728487968445, 0.9975731372833252, 0.998661994934082, 0.9784038066864014, 0.995770275592804, 0.996944785118103, 0.9970985651016235, 0.99070805311203, 1.0111769437789917, 0.9880393743515015, 1.0210251808166504, 1.0141289234161377, 0.9971608519554138]]

Step 81:
  Date/Day: 82
  Action: [[0.1855902075767517, -0.14284376800060272, -0.18578992784023285, -0.21192555129528046, 0.034711673855781555, 0.18119724094867706, 0.22558026015758514, -0.02752382680773735, 0.03889883682131767, -0.17808815836906433, 0.12808945775032043, 0.003644278272986412, -0.19940480589866638, 0.21420161426067352, 0.09137050807476044, 0.058776505291461945, 0.0013565300032496452, 0.05859387665987015, 0.12135276943445206, 0.0368950180709362, -0.17298291623592377, 0.055241044610738754, 0.17063790559768677, -0.03674041107296944, -0.15945206582546234, 0.31332841515541077, -0.12630030512809753, -0.15941835939884186, 0.09011519700288773]]
  Reward: -0.14225253462791443
  Account Value: None
  Done: False
  Policy Mean: [[0.1855902075767517, -0.14284376800060272, -0.18578992784023285, -0.21192555129528046, 0.034711673855781555, 0.18119724094867706, 0.22558026015758514, -0.02752382680773735, 0.03889883682131767, -0.17808815836906433, 0.12808945775032043, 0.003644278272986412, -0.19940480589866638, 0.21420161426067352, 0.09137050807476044, 0.058776505291461945, 0.0013565300032496452, 0.05859387665987015, 0.12135276943445206, 0.0368950180709362, -0.17298291623592377, 0.055241044610738754, 0.17063790559768677, -0.03674041107296944, -0.15945206582546234, 0.31332841515541077, -0.12630030512809753, -0.15941835939884186, 0.09011519700288773]]
  Policy Std: [[1.0034284591674805, 0.976804256439209, 0.9804749488830566, 0.9932587146759033, 1.0121442079544067, 1.0039632320404053, 1.0009573698043823, 1.0025033950805664, 0.9955798983573914, 0.9826322197914124, 0.9936424493789673, 0.9887740015983582, 0.9989004135131836, 1.038902997970581, 0.9870384931564331, 1.0012420415878296, 0.9875728487968445, 0.9975731372833252, 0.998661994934082, 0.9784038066864014, 0.995770275592804, 0.996944785118103, 0.9970985651016235, 0.99070805311203, 1.0111769437789917, 0.9880393743515015, 1.0210251808166504, 1.0141289234161377, 0.9971608519554138]]

Step 82:
  Date/Day: 83
  Action: [[0.20096063613891602, -0.15684115886688232, -0.20089294016361237, -0.2278430312871933, 0.034490443766117096, 0.19588518142700195, 0.2504493296146393, -0.027570359408855438, 0.04204458370804787, -0.19470945000648499, 0.13775195181369781, 0.009326158091425896, -0.22874948382377625, 0.23852194845676422, 0.09970454126596451, 0.06294979155063629, -0.0008221766911447048, 0.061195358633995056, 0.12804776430130005, 0.042636383324861526, -0.19326834380626678, 0.05489090085029602, 0.18539351224899292, -0.044867973774671555, -0.17439572513103485, 0.34805014729499817, -0.1333199441432953, -0.16904450953006744, 0.09744579344987869]]
  Reward: -4.041487216949463
  Account Value: None
  Done: False
  Policy Mean: [[0.20096063613891602, -0.15684115886688232, -0.20089294016361237, -0.2278430312871933, 0.034490443766117096, 0.19588518142700195, 0.2504493296146393, -0.027570359408855438, 0.04204458370804787, -0.19470945000648499, 0.13775195181369781, 0.009326158091425896, -0.22874948382377625, 0.23852194845676422, 0.09970454126596451, 0.06294979155063629, -0.0008221766911447048, 0.061195358633995056, 0.12804776430130005, 0.042636383324861526, -0.19326834380626678, 0.05489090085029602, 0.18539351224899292, -0.044867973774671555, -0.17439572513103485, 0.34805014729499817, -0.1333199441432953, -0.16904450953006744, 0.09744579344987869]]
  Policy Std: [[1.0034284591674805, 0.976804256439209, 0.9804749488830566, 0.9932587146759033, 1.0121442079544067, 1.0039632320404053, 1.0009573698043823, 1.0025033950805664, 0.9955798983573914, 0.9826322197914124, 0.9936424493789673, 0.9887740015983582, 0.9989004135131836, 1.038902997970581, 0.9870384931564331, 1.0012420415878296, 0.9875728487968445, 0.9975731372833252, 0.998661994934082, 0.9784038066864014, 0.995770275592804, 0.996944785118103, 0.9970985651016235, 0.99070805311203, 1.0111769437789917, 0.9880393743515015, 1.0210251808166504, 1.0141289234161377, 0.9971608519554138]]

Step 83:
  Date/Day: 84
  Action: [[0.1953980028629303, -0.15253445506095886, -0.19969969987869263, -0.2237291783094406, 0.03645932674407959, 0.1988782435655594, 0.25691357254981995, -0.02569713070988655, 0.05131324753165245, -0.19085633754730225, 0.1359662264585495, 0.028417132794857025, -0.22762800753116608, 0.23661808669567108, 0.11077769845724106, 0.06703916192054749, -0.0160212405025959, 0.06049797683954239, 0.13908937573432922, 0.05166807398200035, -0.1942557543516159, 0.050628550350666046, 0.18075641989707947, -0.04526142030954361, -0.1797860711812973, 0.35379698872566223, -0.13832330703735352, -0.16416241228580475, 0.09167550504207611]]
  Reward: 0.721382737159729
  Account Value: None
  Done: False
  Policy Mean: [[0.1953980028629303, -0.15253445506095886, -0.19969969987869263, -0.2237291783094406, 0.03645932674407959, 0.1988782435655594, 0.25691357254981995, -0.02569713070988655, 0.05131324753165245, -0.19085633754730225, 0.1359662264585495, 0.028417132794857025, -0.22762800753116608, 0.23661808669567108, 0.11077769845724106, 0.06703916192054749, -0.0160212405025959, 0.06049797683954239, 0.13908937573432922, 0.05166807398200035, -0.1942557543516159, 0.050628550350666046, 0.18075641989707947, -0.04526142030954361, -0.1797860711812973, 0.35379698872566223, -0.13832330703735352, -0.16416241228580475, 0.09167550504207611]]
  Policy Std: [[1.0034284591674805, 0.976804256439209, 0.9804749488830566, 0.9932587146759033, 1.0121442079544067, 1.0039632320404053, 1.0009573698043823, 1.0025033950805664, 0.9955798983573914, 0.9826322197914124, 0.9936424493789673, 0.9887740015983582, 0.9989004135131836, 1.038902997970581, 0.9870384931564331, 1.0012420415878296, 0.9875728487968445, 0.9975731372833252, 0.998661994934082, 0.9784038066864014, 0.995770275592804, 0.996944785118103, 0.9970985651016235, 0.99070805311203, 1.0111769437789917, 0.9880393743515015, 1.0210251808166504, 1.0141289234161377, 0.9971608519554138]]

Step 84:
  Date/Day: 85
  Action: [[0.1953980028629303, -0.15253445506095886, -0.19969969987869263, -0.2237291783094406, 0.03645932674407959, 0.1988782435655594, 0.25691357254981995, -0.02569713070988655, 0.05131324753165245, -0.19085633754730225, 0.1359662264585495, 0.028417132794857025, -0.22762800753116608, 0.23661808669567108, 0.11077769845724106, 0.06703916192054749, -0.0160212405025959, 0.06049797683954239, 0.13908937573432922, 0.05166807398200035, -0.1942557543516159, 0.050628550350666046, 0.18075641989707947, -0.04526142030954361, -0.1797860711812973, 0.35379698872566223, -0.13832330703735352, -0.16416241228580475, 0.09167550504207611]]
  Reward: -1.3176074028015137
  Account Value: None
  Done: False
  Policy Mean: [[0.1953980028629303, -0.15253445506095886, -0.19969969987869263, -0.2237291783094406, 0.03645932674407959, 0.1988782435655594, 0.25691357254981995, -0.02569713070988655, 0.05131324753165245, -0.19085633754730225, 0.1359662264585495, 0.028417132794857025, -0.22762800753116608, 0.23661808669567108, 0.11077769845724106, 0.06703916192054749, -0.0160212405025959, 0.06049797683954239, 0.13908937573432922, 0.05166807398200035, -0.1942557543516159, 0.050628550350666046, 0.18075641989707947, -0.04526142030954361, -0.1797860711812973, 0.35379698872566223, -0.13832330703735352, -0.16416241228580475, 0.09167550504207611]]
  Policy Std: [[1.0034284591674805, 0.976804256439209, 0.9804749488830566, 0.9932587146759033, 1.0121442079544067, 1.0039632320404053, 1.0009573698043823, 1.0025033950805664, 0.9955798983573914, 0.9826322197914124, 0.9936424493789673, 0.9887740015983582, 0.9989004135131836, 1.038902997970581, 0.9870384931564331, 1.0012420415878296, 0.9875728487968445, 0.9975731372833252, 0.998661994934082, 0.9784038066864014, 0.995770275592804, 0.996944785118103, 0.9970985651016235, 0.99070805311203, 1.0111769437789917, 0.9880393743515015, 1.0210251808166504, 1.0141289234161377, 0.9971608519554138]]

Step 85:
  Date/Day: 86
  Action: [[0.19539816677570343, -0.1525345742702484, -0.19969986379146576, -0.22372938692569733, 0.03645937144756317, 0.19887837767601013, 0.2569137513637543, -0.025697167962789536, 0.05131328105926514, -0.1908564567565918, 0.13596636056900024, 0.028417114168405533, -0.22762815654277802, 0.23661823570728302, 0.11077779531478882, 0.06703922152519226, -0.01602119393646717, 0.060498058795928955, 0.13908949494361877, 0.051668085157871246, -0.19425593316555023, 0.050628628581762314, 0.18075653910636902, -0.045261453837156296, -0.17978620529174805, 0.3537972569465637, -0.13832344114780426, -0.1641625314950943, 0.09167555719614029]]
  Reward: 1.0908896923065186
  Account Value: None
  Done: False
  Policy Mean: [[0.19539816677570343, -0.1525345742702484, -0.19969986379146576, -0.22372938692569733, 0.03645937144756317, 0.19887837767601013, 0.2569137513637543, -0.025697167962789536, 0.05131328105926514, -0.1908564567565918, 0.13596636056900024, 0.028417114168405533, -0.22762815654277802, 0.23661823570728302, 0.11077779531478882, 0.06703922152519226, -0.01602119393646717, 0.060498058795928955, 0.13908949494361877, 0.051668085157871246, -0.19425593316555023, 0.050628628581762314, 0.18075653910636902, -0.045261453837156296, -0.17978620529174805, 0.3537972569465637, -0.13832344114780426, -0.1641625314950943, 0.09167555719614029]]
  Policy Std: [[1.0034284591674805, 0.976804256439209, 0.9804749488830566, 0.9932587146759033, 1.0121442079544067, 1.0039632320404053, 1.0009573698043823, 1.0025033950805664, 0.9955798983573914, 0.9826322197914124, 0.9936424493789673, 0.9887740015983582, 0.9989004135131836, 1.038902997970581, 0.9870384931564331, 1.0012420415878296, 0.9875728487968445, 0.9975731372833252, 0.998661994934082, 0.9784038066864014, 0.995770275592804, 0.996944785118103, 0.9970985651016235, 0.99070805311203, 1.0111769437789917, 0.9880393743515015, 1.0210251808166504, 1.0141289234161377, 0.9971608519554138]]

Step 86:
  Date/Day: 87
  Action: [[0.21866726875305176, -0.1666283905506134, -0.21972255408763885, -0.250581830739975, 0.04393189027905464, 0.21842722594738007, 0.27666303515434265, -0.029757512733340263, 0.05578676983714104, -0.20391984283924103, 0.15459811687469482, 0.02499951794743538, -0.24867412447929382, 0.25692546367645264, 0.12310215830802917, 0.07687666267156601, -0.00742729939520359, 0.07379510253667831, 0.15204426646232605, 0.05301554128527641, -0.21593205630779266, 0.06038115546107292, 0.19778427481651306, -0.04938748851418495, -0.19613611698150635, 0.3825523257255554, -0.15606774389743805, -0.17830070853233337, 0.09781783074140549]]
  Reward: 1.9883352518081665
  Account Value: None
  Done: False
  Policy Mean: [[0.21866726875305176, -0.1666283905506134, -0.21972255408763885, -0.250581830739975, 0.04393189027905464, 0.21842722594738007, 0.27666303515434265, -0.029757512733340263, 0.05578676983714104, -0.20391984283924103, 0.15459811687469482, 0.02499951794743538, -0.24867412447929382, 0.25692546367645264, 0.12310215830802917, 0.07687666267156601, -0.00742729939520359, 0.07379510253667831, 0.15204426646232605, 0.05301554128527641, -0.21593205630779266, 0.06038115546107292, 0.19778427481651306, -0.04938748851418495, -0.19613611698150635, 0.3825523257255554, -0.15606774389743805, -0.17830070853233337, 0.09781783074140549]]
  Policy Std: [[1.0034284591674805, 0.976804256439209, 0.9804749488830566, 0.9932587146759033, 1.0121442079544067, 1.0039632320404053, 1.0009573698043823, 1.0025033950805664, 0.9955798983573914, 0.9826322197914124, 0.9936424493789673, 0.9887740015983582, 0.9989004135131836, 1.038902997970581, 0.9870384931564331, 1.0012420415878296, 0.9875728487968445, 0.9975731372833252, 0.998661994934082, 0.9784038066864014, 0.995770275592804, 0.996944785118103, 0.9970985651016235, 0.99070805311203, 1.0111769437789917, 0.9880393743515015, 1.0210251808166504, 1.0141289234161377, 0.9971608519554138]]

Step 87:
  Date/Day: 88
  Action: [[0.2044050097465515, -0.1574924737215042, -0.20650601387023926, -0.23407094180583954, 0.04144321382045746, 0.1981656849384308, 0.24352528154850006, -0.033187657594680786, 0.04201193526387215, -0.193875253200531, 0.14204981923103333, 0.0025156699120998383, -0.2175578624010086, 0.23741881549358368, 0.10020128637552261, 0.06351771205663681, 0.0005987607873976231, 0.06949399411678314, 0.13259083032608032, 0.03852485120296478, -0.19187727570533752, 0.0630837082862854, 0.18767118453979492, -0.04188133031129837, -0.17143458127975464, 0.3395044207572937, -0.13707208633422852, -0.17303942143917084, 0.09453725814819336]]
  Reward: 1.7246453762054443
  Account Value: None
  Done: False
  Policy Mean: [[0.2044050097465515, -0.1574924737215042, -0.20650601387023926, -0.23407094180583954, 0.04144321382045746, 0.1981656849384308, 0.24352528154850006, -0.033187657594680786, 0.04201193526387215, -0.193875253200531, 0.14204981923103333, 0.0025156699120998383, -0.2175578624010086, 0.23741881549358368, 0.10020128637552261, 0.06351771205663681, 0.0005987607873976231, 0.06949399411678314, 0.13259083032608032, 0.03852485120296478, -0.19187727570533752, 0.0630837082862854, 0.18767118453979492, -0.04188133031129837, -0.17143458127975464, 0.3395044207572937, -0.13707208633422852, -0.17303942143917084, 0.09453725814819336]]
  Policy Std: [[1.0034284591674805, 0.976804256439209, 0.9804749488830566, 0.9932587146759033, 1.0121442079544067, 1.0039632320404053, 1.0009573698043823, 1.0025033950805664, 0.9955798983573914, 0.9826322197914124, 0.9936424493789673, 0.9887740015983582, 0.9989004135131836, 1.038902997970581, 0.9870384931564331, 1.0012420415878296, 0.9875728487968445, 0.9975731372833252, 0.998661994934082, 0.9784038066864014, 0.995770275592804, 0.996944785118103, 0.9970985651016235, 0.99070805311203, 1.0111769437789917, 0.9880393743515015, 1.0210251808166504, 1.0141289234161377, 0.9971608519554138]]

Step 88:
  Date/Day: 89
  Action: [[0.0768030434846878, -0.06658794730901718, -0.08627592027187347, -0.11308135092258453, 0.04133496806025505, 0.09164106845855713, 0.1419743299484253, -0.015376120805740356, 0.029663637280464172, -0.08930587023496628, 0.06995726376771927, 0.023837760090827942, -0.10394053161144257, 0.10800228267908096, 0.06655547767877579, 0.019102783873677254, -0.017550040036439896, 0.019794652238488197, 0.0735362321138382, 0.029783129692077637, -0.0864420086145401, 0.03248137980699539, 0.09238198399543762, -0.009107238613069057, -0.07928141951560974, 0.17918474972248077, -0.08443621546030045, -0.081153005361557, 0.04763481765985489]]
  Reward: 2.1996896266937256
  Account Value: None
  Done: False
  Policy Mean: [[0.0768030434846878, -0.06658794730901718, -0.08627592027187347, -0.11308135092258453, 0.04133496806025505, 0.09164106845855713, 0.1419743299484253, -0.015376120805740356, 0.029663637280464172, -0.08930587023496628, 0.06995726376771927, 0.023837760090827942, -0.10394053161144257, 0.10800228267908096, 0.06655547767877579, 0.019102783873677254, -0.017550040036439896, 0.019794652238488197, 0.0735362321138382, 0.029783129692077637, -0.0864420086145401, 0.03248137980699539, 0.09238198399543762, -0.009107238613069057, -0.07928141951560974, 0.17918474972248077, -0.08443621546030045, -0.081153005361557, 0.04763481765985489]]
  Policy Std: [[1.0034284591674805, 0.976804256439209, 0.9804749488830566, 0.9932587146759033, 1.0121442079544067, 1.0039632320404053, 1.0009573698043823, 1.0025033950805664, 0.9955798983573914, 0.9826322197914124, 0.9936424493789673, 0.9887740015983582, 0.9989004135131836, 1.038902997970581, 0.9870384931564331, 1.0012420415878296, 0.9875728487968445, 0.9975731372833252, 0.998661994934082, 0.9784038066864014, 0.995770275592804, 0.996944785118103, 0.9970985651016235, 0.99070805311203, 1.0111769437789917, 0.9880393743515015, 1.0210251808166504, 1.0141289234161377, 0.9971608519554138]]

Step 89:
  Date/Day: 90
  Action: [[0.05595272034406662, -0.046094201505184174, -0.05855754017829895, -0.07640523463487625, 0.025421040132641792, 0.061203666031360626, 0.0976683497428894, -0.01135795097798109, 0.011117640882730484, -0.07030562311410904, 0.044051386415958405, 0.006963063031435013, -0.07424526661634445, 0.07297705113887787, 0.03734534978866577, 0.003929514903575182, -0.015195579268038273, 0.005395642481744289, 0.04423897713422775, 0.020698416978120804, -0.05752306804060936, 0.01799852028489113, 0.056036025285720825, 0.0009036378469318151, -0.04983484745025635, 0.11733122169971466, -0.05645294114947319, -0.06774423271417618, 0.04098294675350189]]
  Reward: 0.15874072909355164
  Account Value: None
  Done: False
  Policy Mean: [[0.05595272034406662, -0.046094201505184174, -0.05855754017829895, -0.07640523463487625, 0.025421040132641792, 0.061203666031360626, 0.0976683497428894, -0.01135795097798109, 0.011117640882730484, -0.07030562311410904, 0.044051386415958405, 0.006963063031435013, -0.07424526661634445, 0.07297705113887787, 0.03734534978866577, 0.003929514903575182, -0.015195579268038273, 0.005395642481744289, 0.04423897713422775, 0.020698416978120804, -0.05752306804060936, 0.01799852028489113, 0.056036025285720825, 0.0009036378469318151, -0.04983484745025635, 0.11733122169971466, -0.05645294114947319, -0.06774423271417618, 0.04098294675350189]]
  Policy Std: [[1.0034284591674805, 0.976804256439209, 0.9804749488830566, 0.9932587146759033, 1.0121442079544067, 1.0039632320404053, 1.0009573698043823, 1.0025033950805664, 0.9955798983573914, 0.9826322197914124, 0.9936424493789673, 0.9887740015983582, 0.9989004135131836, 1.038902997970581, 0.9870384931564331, 1.0012420415878296, 0.9875728487968445, 0.9975731372833252, 0.998661994934082, 0.9784038066864014, 0.995770275592804, 0.996944785118103, 0.9970985651016235, 0.99070805311203, 1.0111769437789917, 0.9880393743515015, 1.0210251808166504, 1.0141289234161377, 0.9971608519554138]]

Step 90:
  Date/Day: 91
  Action: [[0.05568926781415939, -0.04585784673690796, -0.05825024098157883, -0.07607060670852661, 0.02529239095747471, 0.06080649793148041, 0.09716588258743286, -0.011356174014508724, 0.010863764211535454, -0.07015957683324814, 0.04367127642035484, 0.006663985550403595, -0.07397845387458801, 0.07257221639156342, 0.03688068687915802, 0.0037407181225717068, -0.015136399306356907, 0.0052074226550757885, 0.04378960281610489, 0.020525295287370682, -0.05719778686761856, 0.017935745418071747, 0.05560395121574402, 0.0010648679453879595, -0.04940479248762131, 0.11650406569242477, -0.05606712028384209, -0.06752895563840866, 0.04084017127752304]]
  Reward: 1.1466423273086548
  Account Value: None
  Done: False
  Policy Mean: [[0.05568926781415939, -0.04585784673690796, -0.05825024098157883, -0.07607060670852661, 0.02529239095747471, 0.06080649793148041, 0.09716588258743286, -0.011356174014508724, 0.010863764211535454, -0.07015957683324814, 0.04367127642035484, 0.006663985550403595, -0.07397845387458801, 0.07257221639156342, 0.03688068687915802, 0.0037407181225717068, -0.015136399306356907, 0.0052074226550757885, 0.04378960281610489, 0.020525295287370682, -0.05719778686761856, 0.017935745418071747, 0.05560395121574402, 0.0010648679453879595, -0.04940479248762131, 0.11650406569242477, -0.05606712028384209, -0.06752895563840866, 0.04084017127752304]]
  Policy Std: [[1.0034284591674805, 0.976804256439209, 0.9804749488830566, 0.9932587146759033, 1.0121442079544067, 1.0039632320404053, 1.0009573698043823, 1.0025033950805664, 0.9955798983573914, 0.9826322197914124, 0.9936424493789673, 0.9887740015983582, 0.9989004135131836, 1.038902997970581, 0.9870384931564331, 1.0012420415878296, 0.9875728487968445, 0.9975731372833252, 0.998661994934082, 0.9784038066864014, 0.995770275592804, 0.996944785118103, 0.9970985651016235, 0.99070805311203, 1.0111769437789917, 0.9880393743515015, 1.0210251808166504, 1.0141289234161377, 0.9971608519554138]]

Step 91:
  Date/Day: 92
  Action: [[0.030297525227069855, -0.03330283984541893, -0.03000757470726967, -0.04973960667848587, 0.023860493674874306, 0.03759470954537392, 0.06674642860889435, -0.009740456007421017, 0.003525149542838335, -0.051314882934093475, 0.02204282581806183, 0.003500809893012047, -0.050173208117485046, 0.04343666508793831, 0.01994408294558525, -0.005837677512317896, -0.016570325940847397, -0.007711615413427353, 0.015473715960979462, 0.011410883627831936, -0.031154867261648178, 0.015796709805727005, 0.0291492510586977, 0.00514165498316288, -0.026974335312843323, 0.0643816590309143, -0.03733530268073082, -0.04384317994117737, 0.027472209185361862]]
  Reward: 0.14673729240894318
  Account Value: None
  Done: False
  Policy Mean: [[0.030297525227069855, -0.03330283984541893, -0.03000757470726967, -0.04973960667848587, 0.023860493674874306, 0.03759470954537392, 0.06674642860889435, -0.009740456007421017, 0.003525149542838335, -0.051314882934093475, 0.02204282581806183, 0.003500809893012047, -0.050173208117485046, 0.04343666508793831, 0.01994408294558525, -0.005837677512317896, -0.016570325940847397, -0.007711615413427353, 0.015473715960979462, 0.011410883627831936, -0.031154867261648178, 0.015796709805727005, 0.0291492510586977, 0.00514165498316288, -0.026974335312843323, 0.0643816590309143, -0.03733530268073082, -0.04384317994117737, 0.027472209185361862]]
  Policy Std: [[1.0034284591674805, 0.976804256439209, 0.9804749488830566, 0.9932587146759033, 1.0121442079544067, 1.0039632320404053, 1.0009573698043823, 1.0025033950805664, 0.9955798983573914, 0.9826322197914124, 0.9936424493789673, 0.9887740015983582, 0.9989004135131836, 1.038902997970581, 0.9870384931564331, 1.0012420415878296, 0.9875728487968445, 0.9975731372833252, 0.998661994934082, 0.9784038066864014, 0.995770275592804, 0.996944785118103, 0.9970985651016235, 0.99070805311203, 1.0111769437789917, 0.9880393743515015, 1.0210251808166504, 1.0141289234161377, 0.9971608519554138]]

Step 92:
  Date/Day: 93
  Action: [[0.05080755800008774, -0.046577826142311096, -0.04682673513889313, -0.0757560208439827, 0.024145256727933884, 0.05838648974895477, 0.09149301052093506, -0.012846814468502998, 0.012059824541211128, -0.07012227177619934, 0.03334785997867584, 0.009802994318306446, -0.07623239606618881, 0.07609599828720093, 0.029835011810064316, 0.0026412801817059517, -0.011081481352448463, -0.004282773472368717, 0.03083157166838646, 0.017520911991596222, -0.05526695027947426, 0.019272873178124428, 0.0467093251645565, -0.006756307557225227, -0.05087532103061676, 0.09984807670116425, -0.048107441514730453, -0.057307496666908264, 0.03746136277914047]]
  Reward: 0.9781562089920044
  Account Value: None
  Done: False
  Policy Mean: [[0.05080755800008774, -0.046577826142311096, -0.04682673513889313, -0.0757560208439827, 0.024145256727933884, 0.05838648974895477, 0.09149301052093506, -0.012846814468502998, 0.012059824541211128, -0.07012227177619934, 0.03334785997867584, 0.009802994318306446, -0.07623239606618881, 0.07609599828720093, 0.029835011810064316, 0.0026412801817059517, -0.011081481352448463, -0.004282773472368717, 0.03083157166838646, 0.017520911991596222, -0.05526695027947426, 0.019272873178124428, 0.0467093251645565, -0.006756307557225227, -0.05087532103061676, 0.09984807670116425, -0.048107441514730453, -0.057307496666908264, 0.03746136277914047]]
  Policy Std: [[1.0034284591674805, 0.976804256439209, 0.9804749488830566, 0.9932587146759033, 1.0121442079544067, 1.0039632320404053, 1.0009573698043823, 1.0025033950805664, 0.9955798983573914, 0.9826322197914124, 0.9936424493789673, 0.9887740015983582, 0.9989004135131836, 1.038902997970581, 0.9870384931564331, 1.0012420415878296, 0.9875728487968445, 0.9975731372833252, 0.998661994934082, 0.9784038066864014, 0.995770275592804, 0.996944785118103, 0.9970985651016235, 0.99070805311203, 1.0111769437789917, 0.9880393743515015, 1.0210251808166504, 1.0141289234161377, 0.9971608519554138]]

Step 93:
  Date/Day: 94
  Action: [[0.05505997687578201, -0.049340590834617615, -0.04701118916273117, -0.07704144716262817, 0.020940586924552917, 0.059807874262332916, 0.09632699191570282, -0.009727596305310726, 0.012037829495966434, -0.07095570117235184, 0.036060284823179245, 0.01060253381729126, -0.08363369852304459, 0.07643824815750122, 0.031193800270557404, 0.006636062171310186, -0.006024136207997799, -0.005162358283996582, 0.03485832363367081, 0.01899438351392746, -0.0594109483063221, 0.019890625029802322, 0.048071324825286865, -0.009406818076968193, -0.05630296468734741, 0.10670845955610275, -0.0500728003680706, -0.0607495978474617, 0.04174359142780304]]
  Reward: -1.3469535112380981
  Account Value: None
  Done: False
  Policy Mean: [[0.05505997687578201, -0.049340590834617615, -0.04701118916273117, -0.07704144716262817, 0.020940586924552917, 0.059807874262332916, 0.09632699191570282, -0.009727596305310726, 0.012037829495966434, -0.07095570117235184, 0.036060284823179245, 0.01060253381729126, -0.08363369852304459, 0.07643824815750122, 0.031193800270557404, 0.006636062171310186, -0.006024136207997799, -0.005162358283996582, 0.03485832363367081, 0.01899438351392746, -0.0594109483063221, 0.019890625029802322, 0.048071324825286865, -0.009406818076968193, -0.05630296468734741, 0.10670845955610275, -0.0500728003680706, -0.0607495978474617, 0.04174359142780304]]
  Policy Std: [[1.0034284591674805, 0.976804256439209, 0.9804749488830566, 0.9932587146759033, 1.0121442079544067, 1.0039632320404053, 1.0009573698043823, 1.0025033950805664, 0.9955798983573914, 0.9826322197914124, 0.9936424493789673, 0.9887740015983582, 0.9989004135131836, 1.038902997970581, 0.9870384931564331, 1.0012420415878296, 0.9875728487968445, 0.9975731372833252, 0.998661994934082, 0.9784038066864014, 0.995770275592804, 0.996944785118103, 0.9970985651016235, 0.99070805311203, 1.0111769437789917, 0.9880393743515015, 1.0210251808166504, 1.0141289234161377, 0.9971608519554138]]

Step 94:
  Date/Day: 95
  Action: [[0.04284883290529251, -0.04351327568292618, -0.0411422923207283, -0.06318559497594833, 0.02032605931162834, 0.0489235445857048, 0.08262315392494202, -0.008198319002985954, 0.010713990777730942, -0.05922018736600876, 0.034583404660224915, 0.00790390558540821, -0.06354895234107971, 0.05905982851982117, 0.02794118970632553, 0.0008746194653213024, -0.01280030608177185, -0.002093684859573841, 0.03407776355743408, 0.015333055518567562, -0.04519657790660858, 0.014326449483633041, 0.04350494593381882, 9.555579163134098e-05, -0.04363447427749634, 0.09037525951862335, -0.046585340052843094, -0.05475049465894699, 0.03566095232963562]]
  Reward: 1.1079519987106323
  Account Value: None
  Done: False
  Policy Mean: [[0.04284883290529251, -0.04351327568292618, -0.0411422923207283, -0.06318559497594833, 0.02032605931162834, 0.0489235445857048, 0.08262315392494202, -0.008198319002985954, 0.010713990777730942, -0.05922018736600876, 0.034583404660224915, 0.00790390558540821, -0.06354895234107971, 0.05905982851982117, 0.02794118970632553, 0.0008746194653213024, -0.01280030608177185, -0.002093684859573841, 0.03407776355743408, 0.015333055518567562, -0.04519657790660858, 0.014326449483633041, 0.04350494593381882, 9.555579163134098e-05, -0.04363447427749634, 0.09037525951862335, -0.046585340052843094, -0.05475049465894699, 0.03566095232963562]]
  Policy Std: [[1.0034284591674805, 0.976804256439209, 0.9804749488830566, 0.9932587146759033, 1.0121442079544067, 1.0039632320404053, 1.0009573698043823, 1.0025033950805664, 0.9955798983573914, 0.9826322197914124, 0.9936424493789673, 0.9887740015983582, 0.9989004135131836, 1.038902997970581, 0.9870384931564331, 1.0012420415878296, 0.9875728487968445, 0.9975731372833252, 0.998661994934082, 0.9784038066864014, 0.995770275592804, 0.996944785118103, 0.9970985651016235, 0.99070805311203, 1.0111769437789917, 0.9880393743515015, 1.0210251808166504, 1.0141289234161377, 0.9971608519554138]]

Step 95:
  Date/Day: 96
  Action: [[0.04284880310297012, -0.04351326823234558, -0.04114226996898651, -0.06318556517362595, 0.02032606117427349, 0.048923514783382416, 0.08262312412261963, -0.00819831620901823, 0.010713988915085793, -0.059220150113105774, 0.034583400934934616, 0.00790390744805336, -0.06354891508817673, 0.059059806168079376, 0.027941185981035233, 0.0008746120147407055, -0.012800317257642746, -0.002093684859573841, 0.034077759832143784, 0.015333049930632114, -0.0451965406537056, 0.014326438307762146, 0.04350493475794792, 9.557115845382214e-05, -0.04363443702459335, 0.09037521481513977, -0.0465853326022625, -0.0547504797577858, 0.03566094487905502]]
  Reward: 1.1289725303649902
  Account Value: None
  Done: False
  Policy Mean: [[0.04284880310297012, -0.04351326823234558, -0.04114226996898651, -0.06318556517362595, 0.02032606117427349, 0.048923514783382416, 0.08262312412261963, -0.00819831620901823, 0.010713988915085793, -0.059220150113105774, 0.034583400934934616, 0.00790390744805336, -0.06354891508817673, 0.059059806168079376, 0.027941185981035233, 0.0008746120147407055, -0.012800317257642746, -0.002093684859573841, 0.034077759832143784, 0.015333049930632114, -0.0451965406537056, 0.014326438307762146, 0.04350493475794792, 9.557115845382214e-05, -0.04363443702459335, 0.09037521481513977, -0.0465853326022625, -0.0547504797577858, 0.03566094487905502]]
  Policy Std: [[1.0034284591674805, 0.976804256439209, 0.9804749488830566, 0.9932587146759033, 1.0121442079544067, 1.0039632320404053, 1.0009573698043823, 1.0025033950805664, 0.9955798983573914, 0.9826322197914124, 0.9936424493789673, 0.9887740015983582, 0.9989004135131836, 1.038902997970581, 0.9870384931564331, 1.0012420415878296, 0.9875728487968445, 0.9975731372833252, 0.998661994934082, 0.9784038066864014, 0.995770275592804, 0.996944785118103, 0.9970985651016235, 0.99070805311203, 1.0111769437789917, 0.9880393743515015, 1.0210251808166504, 1.0141289234161377, 0.9971608519554138]]

Step 96:
  Date/Day: 97
  Action: [[0.07215425372123718, -0.06372459977865219, -0.06503821164369583, -0.09912632405757904, 0.029505863785743713, 0.08425623923540115, 0.12618906795978546, -0.011541557498276234, 0.025696659460663795, -0.08279430121183395, 0.05903813615441322, 0.026644429191946983, -0.10029910504817963, 0.10026659071445465, 0.05700094252824783, 0.01735391840338707, -0.010239696130156517, 0.006025888025760651, 0.0617094561457634, 0.028002765029668808, -0.08005847781896591, 0.02554405853152275, 0.07485915720462799, -0.0170048326253891, -0.08134552091360092, 0.15502531826496124, -0.074273481965065, -0.07516274601221085, 0.04849565774202347]]
  Reward: -0.5275607109069824
  Account Value: None
  Done: False
  Policy Mean: [[0.07215425372123718, -0.06372459977865219, -0.06503821164369583, -0.09912632405757904, 0.029505863785743713, 0.08425623923540115, 0.12618906795978546, -0.011541557498276234, 0.025696659460663795, -0.08279430121183395, 0.05903813615441322, 0.026644429191946983, -0.10029910504817963, 0.10026659071445465, 0.05700094252824783, 0.01735391840338707, -0.010239696130156517, 0.006025888025760651, 0.0617094561457634, 0.028002765029668808, -0.08005847781896591, 0.02554405853152275, 0.07485915720462799, -0.0170048326253891, -0.08134552091360092, 0.15502531826496124, -0.074273481965065, -0.07516274601221085, 0.04849565774202347]]
  Policy Std: [[1.0034284591674805, 0.976804256439209, 0.9804749488830566, 0.9932587146759033, 1.0121442079544067, 1.0039632320404053, 1.0009573698043823, 1.0025033950805664, 0.9955798983573914, 0.9826322197914124, 0.9936424493789673, 0.9887740015983582, 0.9989004135131836, 1.038902997970581, 0.9870384931564331, 1.0012420415878296, 0.9875728487968445, 0.9975731372833252, 0.998661994934082, 0.9784038066864014, 0.995770275592804, 0.996944785118103, 0.9970985651016235, 0.99070805311203, 1.0111769437789917, 0.9880393743515015, 1.0210251808166504, 1.0141289234161377, 0.9971608519554138]]

Step 97:
  Date/Day: 98
  Action: [[0.04359942674636841, -0.04413122683763504, -0.04191577434539795, -0.06408708542585373, 0.020540107041597366, 0.04984002560377121, 0.08375537395477295, -0.008302495814859867, 0.011147800832986832, -0.05979558080434799, 0.03536127880215645, 0.00834419671446085, -0.064328134059906, 0.06000668555498123, 0.028761692345142365, 0.001259364653378725, -0.012920091859996319, -0.001740843988955021, 0.03495561331510544, 0.01564905047416687, -0.046002697199583054, 0.01454569585621357, 0.04445573315024376, -0.00022882618941366673, -0.04449537396430969, 0.09208644926548004, -0.0473691001534462, -0.05538560450077057, 0.036004260182380676]]
  Reward: -0.9703660607337952
  Account Value: None
  Done: False
  Policy Mean: [[0.04359942674636841, -0.04413122683763504, -0.04191577434539795, -0.06408708542585373, 0.020540107041597366, 0.04984002560377121, 0.08375537395477295, -0.008302495814859867, 0.011147800832986832, -0.05979558080434799, 0.03536127880215645, 0.00834419671446085, -0.064328134059906, 0.06000668555498123, 0.028761692345142365, 0.001259364653378725, -0.012920091859996319, -0.001740843988955021, 0.03495561331510544, 0.01564905047416687, -0.046002697199583054, 0.01454569585621357, 0.04445573315024376, -0.00022882618941366673, -0.04449537396430969, 0.09208644926548004, -0.0473691001534462, -0.05538560450077057, 0.036004260182380676]]
  Policy Std: [[1.0034284591674805, 0.976804256439209, 0.9804749488830566, 0.9932587146759033, 1.0121442079544067, 1.0039632320404053, 1.0009573698043823, 1.0025033950805664, 0.9955798983573914, 0.9826322197914124, 0.9936424493789673, 0.9887740015983582, 0.9989004135131836, 1.038902997970581, 0.9870384931564331, 1.0012420415878296, 0.9875728487968445, 0.9975731372833252, 0.998661994934082, 0.9784038066864014, 0.995770275592804, 0.996944785118103, 0.9970985651016235, 0.99070805311203, 1.0111769437789917, 0.9880393743515015, 1.0210251808166504, 1.0141289234161377, 0.9971608519554138]]

Step 98:
  Date/Day: 99
  Action: [[0.06704040616750717, -0.06315760314464569, -0.06601934880018234, -0.09287973493337631, 0.028692664578557014, 0.07904600352048874, 0.12007859349250793, -0.011875752359628677, 0.0253707654774189, -0.07753655314445496, 0.060859572142362595, 0.02381422184407711, -0.08902350068092346, 0.09015237540006638, 0.05651843175292015, 0.013840479776263237, -0.01708037778735161, 0.010220780968666077, 0.06401967257261276, 0.025914404541254044, -0.07209568470716476, 0.022164572030305862, 0.07579583674669266, -0.010805198922753334, -0.07301395386457443, 0.1483384072780609, -0.07345747202634811, -0.07492416352033615, 0.045955218374729156]]
  Reward: 0.7239457964897156
  Account Value: None
  Done: False
  Policy Mean: [[0.06704040616750717, -0.06315760314464569, -0.06601934880018234, -0.09287973493337631, 0.028692664578557014, 0.07904600352048874, 0.12007859349250793, -0.011875752359628677, 0.0253707654774189, -0.07753655314445496, 0.060859572142362595, 0.02381422184407711, -0.08902350068092346, 0.09015237540006638, 0.05651843175292015, 0.013840479776263237, -0.01708037778735161, 0.010220780968666077, 0.06401967257261276, 0.025914404541254044, -0.07209568470716476, 0.022164572030305862, 0.07579583674669266, -0.010805198922753334, -0.07301395386457443, 0.1483384072780609, -0.07345747202634811, -0.07492416352033615, 0.045955218374729156]]
  Policy Std: [[1.0034284591674805, 0.976804256439209, 0.9804749488830566, 0.9932587146759033, 1.0121442079544067, 1.0039632320404053, 1.0009573698043823, 1.0025033950805664, 0.9955798983573914, 0.9826322197914124, 0.9936424493789673, 0.9887740015983582, 0.9989004135131836, 1.038902997970581, 0.9870384931564331, 1.0012420415878296, 0.9875728487968445, 0.9975731372833252, 0.998661994934082, 0.9784038066864014, 0.995770275592804, 0.996944785118103, 0.9970985651016235, 0.99070805311203, 1.0111769437789917, 0.9880393743515015, 1.0210251808166504, 1.0141289234161377, 0.9971608519554138]]

Step 99:
  Date/Day: 100
  Action: [[0.06704028695821762, -0.06315749138593674, -0.06601932644844055, -0.09287963062524796, 0.028692588210105896, 0.079045869410038, 0.12007847428321838, -0.011875756084918976, 0.02537069469690323, -0.07753646373748779, 0.06085946038365364, 0.023814156651496887, -0.08902337402105331, 0.09015224874019623, 0.056518323719501495, 0.013840431347489357, -0.01708032377064228, 0.010220741853117943, 0.06401953846216202, 0.025914374738931656, -0.0720955953001976, 0.022164538502693176, 0.07579570263624191, -0.010805120691657066, -0.07301381230354309, 0.1483381688594818, -0.07345734536647797, -0.07492407411336899, 0.04595518112182617]]
  Reward: -1.120675802230835
  Account Value: None
  Done: False
  Policy Mean: [[0.06704028695821762, -0.06315749138593674, -0.06601932644844055, -0.09287963062524796, 0.028692588210105896, 0.079045869410038, 0.12007847428321838, -0.011875756084918976, 0.02537069469690323, -0.07753646373748779, 0.06085946038365364, 0.023814156651496887, -0.08902337402105331, 0.09015224874019623, 0.056518323719501495, 0.013840431347489357, -0.01708032377064228, 0.010220741853117943, 0.06401953846216202, 0.025914374738931656, -0.0720955953001976, 0.022164538502693176, 0.07579570263624191, -0.010805120691657066, -0.07301381230354309, 0.1483381688594818, -0.07345734536647797, -0.07492407411336899, 0.04595518112182617]]
  Policy Std: [[1.0034284591674805, 0.976804256439209, 0.9804749488830566, 0.9932587146759033, 1.0121442079544067, 1.0039632320404053, 1.0009573698043823, 1.0025033950805664, 0.9955798983573914, 0.9826322197914124, 0.9936424493789673, 0.9887740015983582, 0.9989004135131836, 1.038902997970581, 0.9870384931564331, 1.0012420415878296, 0.9875728487968445, 0.9975731372833252, 0.998661994934082, 0.9784038066864014, 0.995770275592804, 0.996944785118103, 0.9970985651016235, 0.99070805311203, 1.0111769437789917, 0.9880393743515015, 1.0210251808166504, 1.0141289234161377, 0.9971608519554138]]

Step 100:
  Date/Day: 101
  Action: [[0.09459004551172256, -0.08145315200090408, -0.08777325600385666, -0.10667383670806885, 0.023593660444021225, 0.09582949429750443, 0.12751318514347076, -0.015116861090064049, 0.023138344287872314, -0.09472060948610306, 0.07054521143436432, 0.01466391421854496, -0.09717819094657898, 0.11408966779708862, 0.057468097656965256, 0.019921952858567238, -0.015094936825335026, 0.025461705401539803, 0.07287343591451645, 0.022713351994752884, -0.08290717750787735, 0.02272547036409378, 0.0894395187497139, -0.017638925462961197, -0.09180530905723572, 0.16031691431999207, -0.07539232820272446, -0.09314026683568954, 0.05600205808877945]]
  Reward: 0.6682643890380859
  Account Value: None
  Done: False
  Policy Mean: [[0.09459004551172256, -0.08145315200090408, -0.08777325600385666, -0.10667383670806885, 0.023593660444021225, 0.09582949429750443, 0.12751318514347076, -0.015116861090064049, 0.023138344287872314, -0.09472060948610306, 0.07054521143436432, 0.01466391421854496, -0.09717819094657898, 0.11408966779708862, 0.057468097656965256, 0.019921952858567238, -0.015094936825335026, 0.025461705401539803, 0.07287343591451645, 0.022713351994752884, -0.08290717750787735, 0.02272547036409378, 0.0894395187497139, -0.017638925462961197, -0.09180530905723572, 0.16031691431999207, -0.07539232820272446, -0.09314026683568954, 0.05600205808877945]]
  Policy Std: [[1.0034284591674805, 0.976804256439209, 0.9804749488830566, 0.9932587146759033, 1.0121442079544067, 1.0039632320404053, 1.0009573698043823, 1.0025033950805664, 0.9955798983573914, 0.9826322197914124, 0.9936424493789673, 0.9887740015983582, 0.9989004135131836, 1.038902997970581, 0.9870384931564331, 1.0012420415878296, 0.9875728487968445, 0.9975731372833252, 0.998661994934082, 0.9784038066864014, 0.995770275592804, 0.996944785118103, 0.9970985651016235, 0.99070805311203, 1.0111769437789917, 0.9880393743515015, 1.0210251808166504, 1.0141289234161377, 0.9971608519554138]]

Step 101:
  Date/Day: 102
  Action: [[0.1088876724243164, -0.09486498683691025, -0.1061067283153534, -0.14307533204555511, 0.028927814215421677, 0.11929739266633987, 0.16401372849941254, -0.019562937319278717, 0.03253520652651787, -0.12083887308835983, 0.08356812596321106, 0.016620710492134094, -0.14129599928855896, 0.14222058653831482, 0.06902629882097244, 0.030432382598519325, -0.008793970569968224, 0.02457558363676071, 0.08545897156000137, 0.03012106567621231, -0.11577136814594269, 0.03660387173295021, 0.11317373067140579, -0.020599398761987686, -0.10518287122249603, 0.21581239998340607, -0.09487903863191605, -0.10754003375768661, 0.0647212490439415]]
  Reward: 1.1906260251998901
  Account Value: None
  Done: False
  Policy Mean: [[0.1088876724243164, -0.09486498683691025, -0.1061067283153534, -0.14307533204555511, 0.028927814215421677, 0.11929739266633987, 0.16401372849941254, -0.019562937319278717, 0.03253520652651787, -0.12083887308835983, 0.08356812596321106, 0.016620710492134094, -0.14129599928855896, 0.14222058653831482, 0.06902629882097244, 0.030432382598519325, -0.008793970569968224, 0.02457558363676071, 0.08545897156000137, 0.03012106567621231, -0.11577136814594269, 0.03660387173295021, 0.11317373067140579, -0.020599398761987686, -0.10518287122249603, 0.21581239998340607, -0.09487903863191605, -0.10754003375768661, 0.0647212490439415]]
  Policy Std: [[1.0034284591674805, 0.976804256439209, 0.9804749488830566, 0.9932587146759033, 1.0121442079544067, 1.0039632320404053, 1.0009573698043823, 1.0025033950805664, 0.9955798983573914, 0.9826322197914124, 0.9936424493789673, 0.9887740015983582, 0.9989004135131836, 1.038902997970581, 0.9870384931564331, 1.0012420415878296, 0.9875728487968445, 0.9975731372833252, 0.998661994934082, 0.9784038066864014, 0.995770275592804, 0.996944785118103, 0.9970985651016235, 0.99070805311203, 1.0111769437789917, 0.9880393743515015, 1.0210251808166504, 1.0141289234161377, 0.9971608519554138]]

Step 102:
  Date/Day: 103
  Action: [[0.0670403316617012, -0.06315752863883972, -0.06601935625076294, -0.09287967532873154, 0.02869260683655739, 0.07904592901468277, 0.12007853388786316, -0.011875761672854424, 0.025370711460709572, -0.07753650099039078, 0.060859497636556625, 0.023814180865883827, -0.08902342617511749, 0.090152308344841, 0.05651836469769478, 0.013840453699231148, -0.01708032563328743, 0.010220762342214584, 0.0640195831656456, 0.02591438964009285, -0.07209564745426178, 0.02216455712914467, 0.07579576969146729, -0.010805139318108559, -0.07301386445760727, 0.14833828806877136, -0.07345739752054214, -0.07492412626743317, 0.045955196022987366]]
  Reward: -0.7832404971122742
  Account Value: None
  Done: False
  Policy Mean: [[0.0670403316617012, -0.06315752863883972, -0.06601935625076294, -0.09287967532873154, 0.02869260683655739, 0.07904592901468277, 0.12007853388786316, -0.011875761672854424, 0.025370711460709572, -0.07753650099039078, 0.060859497636556625, 0.023814180865883827, -0.08902342617511749, 0.090152308344841, 0.05651836469769478, 0.013840453699231148, -0.01708032563328743, 0.010220762342214584, 0.0640195831656456, 0.02591438964009285, -0.07209564745426178, 0.02216455712914467, 0.07579576969146729, -0.010805139318108559, -0.07301386445760727, 0.14833828806877136, -0.07345739752054214, -0.07492412626743317, 0.045955196022987366]]
  Policy Std: [[1.0034284591674805, 0.976804256439209, 0.9804749488830566, 0.9932587146759033, 1.0121442079544067, 1.0039632320404053, 1.0009573698043823, 1.0025033950805664, 0.9955798983573914, 0.9826322197914124, 0.9936424493789673, 0.9887740015983582, 0.9989004135131836, 1.038902997970581, 0.9870384931564331, 1.0012420415878296, 0.9875728487968445, 0.9975731372833252, 0.998661994934082, 0.9784038066864014, 0.995770275592804, 0.996944785118103, 0.9970985651016235, 0.99070805311203, 1.0111769437789917, 0.9880393743515015, 1.0210251808166504, 1.0141289234161377, 0.9971608519554138]]

Step 103:
  Date/Day: 104
  Action: [[0.10899750888347626, -0.09494474530220032, -0.10621174424886703, -0.14319831132888794, 0.02892698161303997, 0.1193993017077446, 0.16412542760372162, -0.019580470398068428, 0.032552964985370636, -0.12094806879758835, 0.08362411707639694, 0.0166030153632164, -0.14143012464046478, 0.14235524833202362, 0.06905784457921982, 0.030476819723844528, -0.008770237676799297, 0.02461506798863411, 0.08551222831010818, 0.030133504420518875, -0.1158854067325592, 0.036642447113990784, 0.11327169835567474, -0.020625609904527664, -0.1052664965391159, 0.21598471701145172, -0.09493385255336761, -0.10762433707714081, 0.06476861238479614]]
  Reward: 0.14502550661563873
  Account Value: None
  Done: False
  Policy Mean: [[0.10899750888347626, -0.09494474530220032, -0.10621174424886703, -0.14319831132888794, 0.02892698161303997, 0.1193993017077446, 0.16412542760372162, -0.019580470398068428, 0.032552964985370636, -0.12094806879758835, 0.08362411707639694, 0.0166030153632164, -0.14143012464046478, 0.14235524833202362, 0.06905784457921982, 0.030476819723844528, -0.008770237676799297, 0.02461506798863411, 0.08551222831010818, 0.030133504420518875, -0.1158854067325592, 0.036642447113990784, 0.11327169835567474, -0.020625609904527664, -0.1052664965391159, 0.21598471701145172, -0.09493385255336761, -0.10762433707714081, 0.06476861238479614]]
  Policy Std: [[1.0034284591674805, 0.976804256439209, 0.9804749488830566, 0.9932587146759033, 1.0121442079544067, 1.0039632320404053, 1.0009573698043823, 1.0025033950805664, 0.9955798983573914, 0.9826322197914124, 0.9936424493789673, 0.9887740015983582, 0.9989004135131836, 1.038902997970581, 0.9870384931564331, 1.0012420415878296, 0.9875728487968445, 0.9975731372833252, 0.998661994934082, 0.9784038066864014, 0.995770275592804, 0.996944785118103, 0.9970985651016235, 0.99070805311203, 1.0111769437789917, 0.9880393743515015, 1.0210251808166504, 1.0141289234161377, 0.9971608519554138]]

Step 104:
  Date/Day: 105
  Action: [[0.10910312831401825, -0.09501805156469345, -0.10630226880311966, -0.1432732194662094, 0.02891162410378456, 0.11947192996740341, 0.16418983042240143, -0.01959623396396637, 0.0325540155172348, -0.12102721631526947, 0.0836683139204979, 0.01657775230705738, -0.14149393141269684, 0.14246512949466705, 0.06907089799642563, 0.030511848628520966, -0.008765600621700287, 0.024657536298036575, 0.08555397391319275, 0.030136603862047195, -0.11595029383897781, 0.0366535559296608, 0.11333376914262772, -0.020652471110224724, -0.10534220188856125, 0.2160736620426178, -0.09495561569929123, -0.10769915580749512, 0.06481306999921799]]
  Reward: -0.07097682356834412
  Account Value: None
  Done: False
  Policy Mean: [[0.10910312831401825, -0.09501805156469345, -0.10630226880311966, -0.1432732194662094, 0.02891162410378456, 0.11947192996740341, 0.16418983042240143, -0.01959623396396637, 0.0325540155172348, -0.12102721631526947, 0.0836683139204979, 0.01657775230705738, -0.14149393141269684, 0.14246512949466705, 0.06907089799642563, 0.030511848628520966, -0.008765600621700287, 0.024657536298036575, 0.08555397391319275, 0.030136603862047195, -0.11595029383897781, 0.0366535559296608, 0.11333376914262772, -0.020652471110224724, -0.10534220188856125, 0.2160736620426178, -0.09495561569929123, -0.10769915580749512, 0.06481306999921799]]
  Policy Std: [[1.0034284591674805, 0.976804256439209, 0.9804749488830566, 0.9932587146759033, 1.0121442079544067, 1.0039632320404053, 1.0009573698043823, 1.0025033950805664, 0.9955798983573914, 0.9826322197914124, 0.9936424493789673, 0.9887740015983582, 0.9989004135131836, 1.038902997970581, 0.9870384931564331, 1.0012420415878296, 0.9875728487968445, 0.9975731372833252, 0.998661994934082, 0.9784038066864014, 0.995770275592804, 0.996944785118103, 0.9970985651016235, 0.99070805311203, 1.0111769437789917, 0.9880393743515015, 1.0210251808166504, 1.0141289234161377, 0.9971608519554138]]

Step 105:
  Date/Day: 106
  Action: [[0.13868838548660278, -0.11532048881053925, -0.12922078371047974, -0.1578325629234314, 0.022690100595355034, 0.13578654825687408, 0.17078083753585815, -0.0234169103205204, 0.029184911400079727, -0.13963794708251953, 0.09355637431144714, 0.0030923308804631233, -0.14957992732524872, 0.16784526407718658, 0.06696353107690811, 0.03677994757890701, -0.005072183907032013, 0.040451958775520325, 0.09215565025806427, 0.02571066841483116, -0.1271824687719345, 0.037965986877679825, 0.12651360034942627, -0.028035523369908333, -0.12316678464412689, 0.2257966548204422, -0.09416992217302322, -0.12718422710895538, 0.07577501982450485]]
  Reward: 0.23748530447483063
  Account Value: None
  Done: False
  Policy Mean: [[0.13868838548660278, -0.11532048881053925, -0.12922078371047974, -0.1578325629234314, 0.022690100595355034, 0.13578654825687408, 0.17078083753585815, -0.0234169103205204, 0.029184911400079727, -0.13963794708251953, 0.09355637431144714, 0.0030923308804631233, -0.14957992732524872, 0.16784526407718658, 0.06696353107690811, 0.03677994757890701, -0.005072183907032013, 0.040451958775520325, 0.09215565025806427, 0.02571066841483116, -0.1271824687719345, 0.037965986877679825, 0.12651360034942627, -0.028035523369908333, -0.12316678464412689, 0.2257966548204422, -0.09416992217302322, -0.12718422710895538, 0.07577501982450485]]
  Policy Std: [[1.0034284591674805, 0.976804256439209, 0.9804749488830566, 0.9932587146759033, 1.0121442079544067, 1.0039632320404053, 1.0009573698043823, 1.0025033950805664, 0.9955798983573914, 0.9826322197914124, 0.9936424493789673, 0.9887740015983582, 0.9989004135131836, 1.038902997970581, 0.9870384931564331, 1.0012420415878296, 0.9875728487968445, 0.9975731372833252, 0.998661994934082, 0.9784038066864014, 0.995770275592804, 0.996944785118103, 0.9970985651016235, 0.99070805311203, 1.0111769437789917, 0.9880393743515015, 1.0210251808166504, 1.0141289234161377, 0.9971608519554138]]

Step 106:
  Date/Day: 107
  Action: [[0.13869251310825348, -0.11532323062419891, -0.12922367453575134, -0.15783362090587616, 0.02268894948065281, 0.13578824698925018, 0.17078015208244324, -0.023417342454195023, 0.029183948412537575, -0.13964001834392548, 0.09355737268924713, 0.0030895965173840523, -0.14957965910434723, 0.16784803569316864, 0.06696245819330215, 0.036780375987291336, -0.0050713978707790375, 0.04045470803976059, 0.09215593338012695, 0.025709304958581924, -0.12718307971954346, 0.03796590492129326, 0.12651479244232178, -0.028036529198288918, -0.12316882610321045, 0.2257959395647049, -0.09416889399290085, -0.12718674540519714, 0.07577632367610931]]
  Reward: -1.6481646299362183
  Account Value: None
  Done: False
  Policy Mean: [[0.13869251310825348, -0.11532323062419891, -0.12922367453575134, -0.15783362090587616, 0.02268894948065281, 0.13578824698925018, 0.17078015208244324, -0.023417342454195023, 0.029183948412537575, -0.13964001834392548, 0.09355737268924713, 0.0030895965173840523, -0.14957965910434723, 0.16784803569316864, 0.06696245819330215, 0.036780375987291336, -0.0050713978707790375, 0.04045470803976059, 0.09215593338012695, 0.025709304958581924, -0.12718307971954346, 0.03796590492129326, 0.12651479244232178, -0.028036529198288918, -0.12316882610321045, 0.2257959395647049, -0.09416889399290085, -0.12718674540519714, 0.07577632367610931]]
  Policy Std: [[1.0034284591674805, 0.976804256439209, 0.9804749488830566, 0.9932587146759033, 1.0121442079544067, 1.0039632320404053, 1.0009573698043823, 1.0025033950805664, 0.9955798983573914, 0.9826322197914124, 0.9936424493789673, 0.9887740015983582, 0.9989004135131836, 1.038902997970581, 0.9870384931564331, 1.0012420415878296, 0.9875728487968445, 0.9975731372833252, 0.998661994934082, 0.9784038066864014, 0.995770275592804, 0.996944785118103, 0.9970985651016235, 0.99070805311203, 1.0111769437789917, 0.9880393743515015, 1.0210251808166504, 1.0141289234161377, 0.9971608519554138]]

Step 107:
  Date/Day: 108
  Action: [[0.13003335893154144, -0.10607598721981049, -0.11660759150981903, -0.15118134021759033, 0.024963147938251495, 0.12976393103599548, 0.16765347123146057, -0.02194630354642868, 0.028271134942770004, -0.1340688019990921, 0.0852893739938736, 0.009072991088032722, -0.14886924624443054, 0.16383375227451324, 0.06372927874326706, 0.03752240166068077, -0.0010898048058152199, 0.02893785573542118, 0.08625806123018265, 0.02824120968580246, -0.12503868341445923, 0.03933512046933174, 0.11683407425880432, -0.02995603159070015, -0.12053187936544418, 0.21920117735862732, -0.09212646633386612, -0.11863846331834793, 0.07206989824771881]]
  Reward: -0.3304673731327057
  Account Value: None
  Done: False
  Policy Mean: [[0.13003335893154144, -0.10607598721981049, -0.11660759150981903, -0.15118134021759033, 0.024963147938251495, 0.12976393103599548, 0.16765347123146057, -0.02194630354642868, 0.028271134942770004, -0.1340688019990921, 0.0852893739938736, 0.009072991088032722, -0.14886924624443054, 0.16383375227451324, 0.06372927874326706, 0.03752240166068077, -0.0010898048058152199, 0.02893785573542118, 0.08625806123018265, 0.02824120968580246, -0.12503868341445923, 0.03933512046933174, 0.11683407425880432, -0.02995603159070015, -0.12053187936544418, 0.21920117735862732, -0.09212646633386612, -0.11863846331834793, 0.07206989824771881]]
  Policy Std: [[1.0034284591674805, 0.976804256439209, 0.9804749488830566, 0.9932587146759033, 1.0121442079544067, 1.0039632320404053, 1.0009573698043823, 1.0025033950805664, 0.9955798983573914, 0.9826322197914124, 0.9936424493789673, 0.9887740015983582, 0.9989004135131836, 1.038902997970581, 0.9870384931564331, 1.0012420415878296, 0.9875728487968445, 0.9975731372833252, 0.998661994934082, 0.9784038066864014, 0.995770275592804, 0.996944785118103, 0.9970985651016235, 0.99070805311203, 1.0111769437789917, 0.9880393743515015, 1.0210251808166504, 1.0141289234161377, 0.9971608519554138]]

Step 108:
  Date/Day: 109
  Action: [[0.1300332397222519, -0.10607591271400452, -0.11660748720169067, -0.15118123590946198, 0.0249631367623806, 0.12976384162902832, 0.167653426527977, -0.02194627746939659, 0.028271138668060303, -0.13406871259212494, 0.08528929203748703, 0.00907302089035511, -0.14886918663978577, 0.1638336479663849, 0.06372926384210587, 0.03752237930893898, -0.0010898243635892868, 0.02893780916929245, 0.08625804632902145, 0.028241217136383057, -0.12503860890865326, 0.03933509811758995, 0.11683397740125656, -0.02995600737631321, -0.12053179740905762, 0.21920110285282135, -0.09212642908096313, -0.11863840371370316, 0.07206987589597702]]
  Reward: 0.8982921838760376
  Account Value: None
  Done: False
  Policy Mean: [[0.1300332397222519, -0.10607591271400452, -0.11660748720169067, -0.15118123590946198, 0.0249631367623806, 0.12976384162902832, 0.167653426527977, -0.02194627746939659, 0.028271138668060303, -0.13406871259212494, 0.08528929203748703, 0.00907302089035511, -0.14886918663978577, 0.1638336479663849, 0.06372926384210587, 0.03752237930893898, -0.0010898243635892868, 0.02893780916929245, 0.08625804632902145, 0.028241217136383057, -0.12503860890865326, 0.03933509811758995, 0.11683397740125656, -0.02995600737631321, -0.12053179740905762, 0.21920110285282135, -0.09212642908096313, -0.11863840371370316, 0.07206987589597702]]
  Policy Std: [[1.0034284591674805, 0.976804256439209, 0.9804749488830566, 0.9932587146759033, 1.0121442079544067, 1.0039632320404053, 1.0009573698043823, 1.0025033950805664, 0.9955798983573914, 0.9826322197914124, 0.9936424493789673, 0.9887740015983582, 0.9989004135131836, 1.038902997970581, 0.9870384931564331, 1.0012420415878296, 0.9875728487968445, 0.9975731372833252, 0.998661994934082, 0.9784038066864014, 0.995770275592804, 0.996944785118103, 0.9970985651016235, 0.99070805311203, 1.0111769437789917, 0.9880393743515015, 1.0210251808166504, 1.0141289234161377, 0.9971608519554138]]

Step 109:
  Date/Day: 110
  Action: [[0.1300332397222519, -0.10607591271400452, -0.11660748720169067, -0.15118123590946198, 0.0249631367623806, 0.12976384162902832, 0.167653426527977, -0.02194627746939659, 0.028271138668060303, -0.13406871259212494, 0.08528929203748703, 0.00907302089035511, -0.14886918663978577, 0.1638336479663849, 0.06372926384210587, 0.03752237930893898, -0.0010898243635892868, 0.02893780916929245, 0.08625804632902145, 0.028241217136383057, -0.12503860890865326, 0.03933509811758995, 0.11683397740125656, -0.02995600737631321, -0.12053179740905762, 0.21920110285282135, -0.09212642908096313, -0.11863840371370316, 0.07206987589597702]]
  Reward: -0.22485403716564178
  Account Value: None
  Done: False
  Policy Mean: [[0.1300332397222519, -0.10607591271400452, -0.11660748720169067, -0.15118123590946198, 0.0249631367623806, 0.12976384162902832, 0.167653426527977, -0.02194627746939659, 0.028271138668060303, -0.13406871259212494, 0.08528929203748703, 0.00907302089035511, -0.14886918663978577, 0.1638336479663849, 0.06372926384210587, 0.03752237930893898, -0.0010898243635892868, 0.02893780916929245, 0.08625804632902145, 0.028241217136383057, -0.12503860890865326, 0.03933509811758995, 0.11683397740125656, -0.02995600737631321, -0.12053179740905762, 0.21920110285282135, -0.09212642908096313, -0.11863840371370316, 0.07206987589597702]]
  Policy Std: [[1.0034284591674805, 0.976804256439209, 0.9804749488830566, 0.9932587146759033, 1.0121442079544067, 1.0039632320404053, 1.0009573698043823, 1.0025033950805664, 0.9955798983573914, 0.9826322197914124, 0.9936424493789673, 0.9887740015983582, 0.9989004135131836, 1.038902997970581, 0.9870384931564331, 1.0012420415878296, 0.9875728487968445, 0.9975731372833252, 0.998661994934082, 0.9784038066864014, 0.995770275592804, 0.996944785118103, 0.9970985651016235, 0.99070805311203, 1.0111769437789917, 0.9880393743515015, 1.0210251808166504, 1.0141289234161377, 0.9971608519554138]]

Step 110:
  Date/Day: 111
  Action: [[0.1338774710893631, -0.10892031341791153, -0.12830647826194763, -0.15881825983524323, 0.0237288661301136, 0.13534735143184662, 0.17664240300655365, -0.019735397771000862, 0.030525924637913704, -0.13930140435695648, 0.09012135863304138, 0.014080078341066837, -0.15618830919265747, 0.16804969310760498, 0.06976344436407089, 0.04116590693593025, -0.010087140835821629, 0.03623833507299423, 0.09557618945837021, 0.03275444731116295, -0.12722475826740265, 0.036512091755867004, 0.12564879655838013, -0.030900100246071815, -0.1267251968383789, 0.2351352423429489, -0.0982183963060379, -0.12250557541847229, 0.0731145516037941]]
  Reward: 0.3463241755962372
  Account Value: None
  Done: False
  Policy Mean: [[0.1338774710893631, -0.10892031341791153, -0.12830647826194763, -0.15881825983524323, 0.0237288661301136, 0.13534735143184662, 0.17664240300655365, -0.019735397771000862, 0.030525924637913704, -0.13930140435695648, 0.09012135863304138, 0.014080078341066837, -0.15618830919265747, 0.16804969310760498, 0.06976344436407089, 0.04116590693593025, -0.010087140835821629, 0.03623833507299423, 0.09557618945837021, 0.03275444731116295, -0.12722475826740265, 0.036512091755867004, 0.12564879655838013, -0.030900100246071815, -0.1267251968383789, 0.2351352423429489, -0.0982183963060379, -0.12250557541847229, 0.0731145516037941]]
  Policy Std: [[1.0034284591674805, 0.976804256439209, 0.9804749488830566, 0.9932587146759033, 1.0121442079544067, 1.0039632320404053, 1.0009573698043823, 1.0025033950805664, 0.9955798983573914, 0.9826322197914124, 0.9936424493789673, 0.9887740015983582, 0.9989004135131836, 1.038902997970581, 0.9870384931564331, 1.0012420415878296, 0.9875728487968445, 0.9975731372833252, 0.998661994934082, 0.9784038066864014, 0.995770275592804, 0.996944785118103, 0.9970985651016235, 0.99070805311203, 1.0111769437789917, 0.9880393743515015, 1.0210251808166504, 1.0141289234161377, 0.9971608519554138]]

Step 111:
  Date/Day: 112
  Action: [[0.1387501060962677, -0.11537665873765945, -0.12928685545921326, -0.15794377028942108, 0.02276500128209591, 0.13584452867507935, 0.17077039182186127, -0.023469220846891403, 0.029220234602689743, -0.13969092071056366, 0.09357155114412308, 0.003099413588643074, -0.1495474874973297, 0.16795466840267181, 0.06699607521295547, 0.03673095628619194, -0.005120299756526947, 0.040550969541072845, 0.09209108352661133, 0.02567516267299652, -0.12719565629959106, 0.03797031566500664, 0.126541405916214, -0.028013871982693672, -0.12315713614225388, 0.2257222831249237, -0.09416765719652176, -0.12715408205986023, 0.07570599764585495]]
  Reward: -0.7863675355911255
  Account Value: None
  Done: False
  Policy Mean: [[0.1387501060962677, -0.11537665873765945, -0.12928685545921326, -0.15794377028942108, 0.02276500128209591, 0.13584452867507935, 0.17077039182186127, -0.023469220846891403, 0.029220234602689743, -0.13969092071056366, 0.09357155114412308, 0.003099413588643074, -0.1495474874973297, 0.16795466840267181, 0.06699607521295547, 0.03673095628619194, -0.005120299756526947, 0.040550969541072845, 0.09209108352661133, 0.02567516267299652, -0.12719565629959106, 0.03797031566500664, 0.126541405916214, -0.028013871982693672, -0.12315713614225388, 0.2257222831249237, -0.09416765719652176, -0.12715408205986023, 0.07570599764585495]]
  Policy Std: [[1.0034284591674805, 0.976804256439209, 0.9804749488830566, 0.9932587146759033, 1.0121442079544067, 1.0039632320404053, 1.0009573698043823, 1.0025033950805664, 0.9955798983573914, 0.9826322197914124, 0.9936424493789673, 0.9887740015983582, 0.9989004135131836, 1.038902997970581, 0.9870384931564331, 1.0012420415878296, 0.9875728487968445, 0.9975731372833252, 0.998661994934082, 0.9784038066864014, 0.995770275592804, 0.996944785118103, 0.9970985651016235, 0.99070805311203, 1.0111769437789917, 0.9880393743515015, 1.0210251808166504, 1.0141289234161377, 0.9971608519554138]]

Step 112:
  Date/Day: 113
  Action: [[0.1386946737766266, -0.11532463133335114, -0.12922605872154236, -0.1578357070684433, 0.02268991433084011, 0.13579116761684418, 0.17078302800655365, -0.023417942225933075, 0.02918669953942299, -0.13964155316352844, 0.0935596153140068, 0.003092479892075062, -0.1495799422264099, 0.16785013675689697, 0.06696643680334091, 0.03678200766444206, -0.005074417218565941, 0.040456198155879974, 0.09215984493494034, 0.025710079818964005, -0.12718434631824493, 0.03796512633562088, 0.1265173852443695, -0.028036607429385185, -0.12317080050706863, 0.22580038011074066, -0.09417230635881424, -0.1271888017654419, 0.07577662914991379]]
  Reward: -0.28261205554008484
  Account Value: None
  Done: False
  Policy Mean: [[0.1386946737766266, -0.11532463133335114, -0.12922605872154236, -0.1578357070684433, 0.02268991433084011, 0.13579116761684418, 0.17078302800655365, -0.023417942225933075, 0.02918669953942299, -0.13964155316352844, 0.0935596153140068, 0.003092479892075062, -0.1495799422264099, 0.16785013675689697, 0.06696643680334091, 0.03678200766444206, -0.005074417218565941, 0.040456198155879974, 0.09215984493494034, 0.025710079818964005, -0.12718434631824493, 0.03796512633562088, 0.1265173852443695, -0.028036607429385185, -0.12317080050706863, 0.22580038011074066, -0.09417230635881424, -0.1271888017654419, 0.07577662914991379]]
  Policy Std: [[1.0034284591674805, 0.976804256439209, 0.9804749488830566, 0.9932587146759033, 1.0121442079544067, 1.0039632320404053, 1.0009573698043823, 1.0025033950805664, 0.9955798983573914, 0.9826322197914124, 0.9936424493789673, 0.9887740015983582, 0.9989004135131836, 1.038902997970581, 0.9870384931564331, 1.0012420415878296, 0.9875728487968445, 0.9975731372833252, 0.998661994934082, 0.9784038066864014, 0.995770275592804, 0.996944785118103, 0.9970985651016235, 0.99070805311203, 1.0111769437789917, 0.9880393743515015, 1.0210251808166504, 1.0141289234161377, 0.9971608519554138]]

Step 113:
  Date/Day: 114
  Action: [[0.13833439350128174, -0.11501049250364304, -0.12845201790332794, -0.15874609351158142, 0.025795815512537956, 0.13387565314769745, 0.16588710248470306, -0.025113733485341072, 0.02667808160185814, -0.13879472017288208, 0.0906858891248703, -0.0014417646452784538, -0.14672519266605377, 0.16927216947078705, 0.06324111670255661, 0.03300948441028595, -0.003047928214073181, 0.0436059832572937, 0.08416972309350967, 0.02260495349764824, -0.12557974457740784, 0.03974219411611557, 0.12384992092847824, -0.027243150398135185, -0.11909687519073486, 0.2161065638065338, -0.08962535858154297, -0.12230662256479263, 0.07104280591011047]]
  Reward: 0.18247222900390625
  Account Value: None
  Done: False
  Policy Mean: [[0.13833439350128174, -0.11501049250364304, -0.12845201790332794, -0.15874609351158142, 0.025795815512537956, 0.13387565314769745, 0.16588710248470306, -0.025113733485341072, 0.02667808160185814, -0.13879472017288208, 0.0906858891248703, -0.0014417646452784538, -0.14672519266605377, 0.16927216947078705, 0.06324111670255661, 0.03300948441028595, -0.003047928214073181, 0.0436059832572937, 0.08416972309350967, 0.02260495349764824, -0.12557974457740784, 0.03974219411611557, 0.12384992092847824, -0.027243150398135185, -0.11909687519073486, 0.2161065638065338, -0.08962535858154297, -0.12230662256479263, 0.07104280591011047]]
  Policy Std: [[1.0034284591674805, 0.976804256439209, 0.9804749488830566, 0.9932587146759033, 1.0121442079544067, 1.0039632320404053, 1.0009573698043823, 1.0025033950805664, 0.9955798983573914, 0.9826322197914124, 0.9936424493789673, 0.9887740015983582, 0.9989004135131836, 1.038902997970581, 0.9870384931564331, 1.0012420415878296, 0.9875728487968445, 0.9975731372833252, 0.998661994934082, 0.9784038066864014, 0.995770275592804, 0.996944785118103, 0.9970985651016235, 0.99070805311203, 1.0111769437789917, 0.9880393743515015, 1.0210251808166504, 1.0141289234161377, 0.9971608519554138]]

Step 114:
  Date/Day: 115
  Action: [[0.13781221210956573, -0.11459238827228546, -0.12785233557224274, -0.15810565650463104, 0.02582816407084465, 0.13312727212905884, 0.16473962366580963, -0.025173861533403397, 0.026150356978178024, -0.13838402926921844, 0.0898735523223877, -0.0022259922698140144, -0.1459922194480896, 0.16866426169872284, 0.06234556809067726, 0.032507359981536865, -0.0028306869789958, 0.0435146763920784, 0.08297201246023178, 0.022164948284626007, -0.12487059831619263, 0.0397159680724144, 0.12294457107782364, -0.02704029344022274, -0.11811652034521103, 0.21414797008037567, -0.08872214704751968, -0.1216176450252533, 0.07051172852516174]]
  Reward: -0.2907397449016571
  Account Value: None
  Done: False
  Policy Mean: [[0.13781221210956573, -0.11459238827228546, -0.12785233557224274, -0.15810565650463104, 0.02582816407084465, 0.13312727212905884, 0.16473962366580963, -0.025173861533403397, 0.026150356978178024, -0.13838402926921844, 0.0898735523223877, -0.0022259922698140144, -0.1459922194480896, 0.16866426169872284, 0.06234556809067726, 0.032507359981536865, -0.0028306869789958, 0.0435146763920784, 0.08297201246023178, 0.022164948284626007, -0.12487059831619263, 0.0397159680724144, 0.12294457107782364, -0.02704029344022274, -0.11811652034521103, 0.21414797008037567, -0.08872214704751968, -0.1216176450252533, 0.07051172852516174]]
  Policy Std: [[1.0034284591674805, 0.976804256439209, 0.9804749488830566, 0.9932587146759033, 1.0121442079544067, 1.0039632320404053, 1.0009573698043823, 1.0025033950805664, 0.9955798983573914, 0.9826322197914124, 0.9936424493789673, 0.9887740015983582, 0.9989004135131836, 1.038902997970581, 0.9870384931564331, 1.0012420415878296, 0.9875728487968445, 0.9975731372833252, 0.998661994934082, 0.9784038066864014, 0.995770275592804, 0.996944785118103, 0.9970985651016235, 0.99070805311203, 1.0111769437789917, 0.9880393743515015, 1.0210251808166504, 1.0141289234161377, 0.9971608519554138]]

Step 115:
  Date/Day: 116
  Action: [[0.13835769891738892, -0.11496160924434662, -0.12842614948749542, -0.15878120064735413, 0.026090195402503014, 0.13374736905097961, 0.16557292640209198, -0.02525186538696289, 0.02648511901497841, -0.1387011855840683, 0.09049171954393387, -0.0018340814858675003, -0.14656129479408264, 0.16937653720378876, 0.06301818788051605, 0.03282134234905243, -0.0028690658509731293, 0.043879762291908264, 0.08368328958749771, 0.022377435117959976, -0.12551386654376984, 0.039934951812028885, 0.12370892614126205, -0.027250176295638084, -0.11881127208471298, 0.2155197113752365, -0.08936136960983276, -0.12198324501514435, 0.07067090272903442]]
  Reward: 1.1654956340789795
  Account Value: None
  Done: False
  Policy Mean: [[0.13835769891738892, -0.11496160924434662, -0.12842614948749542, -0.15878120064735413, 0.026090195402503014, 0.13374736905097961, 0.16557292640209198, -0.02525186538696289, 0.02648511901497841, -0.1387011855840683, 0.09049171954393387, -0.0018340814858675003, -0.14656129479408264, 0.16937653720378876, 0.06301818788051605, 0.03282134234905243, -0.0028690658509731293, 0.043879762291908264, 0.08368328958749771, 0.022377435117959976, -0.12551386654376984, 0.039934951812028885, 0.12370892614126205, -0.027250176295638084, -0.11881127208471298, 0.2155197113752365, -0.08936136960983276, -0.12198324501514435, 0.07067090272903442]]
  Policy Std: [[1.0034284591674805, 0.976804256439209, 0.9804749488830566, 0.9932587146759033, 1.0121442079544067, 1.0039632320404053, 1.0009573698043823, 1.0025033950805664, 0.9955798983573914, 0.9826322197914124, 0.9936424493789673, 0.9887740015983582, 0.9989004135131836, 1.038902997970581, 0.9870384931564331, 1.0012420415878296, 0.9875728487968445, 0.9975731372833252, 0.998661994934082, 0.9784038066864014, 0.995770275592804, 0.996944785118103, 0.9970985651016235, 0.99070805311203, 1.0111769437789917, 0.9880393743515015, 1.0210251808166504, 1.0141289234161377, 0.9971608519554138]]

Step 116:
  Date/Day: 117
  Action: [[0.13869187235832214, -0.11532436311244965, -0.12922292947769165, -0.1578381061553955, 0.022693146020174026, 0.1357852816581726, 0.17077121138572693, -0.023420432582497597, 0.029179327189922333, -0.13964059948921204, 0.09355241060256958, 0.003082145005464554, -0.1495763063430786, 0.16785211861133575, 0.066954106092453, 0.036771152168512344, -0.005067060235887766, 0.04045932739973068, 0.09213873744010925, 0.025703981518745422, -0.12718087434768677, 0.03796866163611412, 0.12650996446609497, -0.028034288436174393, -0.12316225469112396, 0.2257768213748932, -0.09415903687477112, -0.12717802822589874, 0.07576915621757507]]
  Reward: 0.25656434893608093
  Account Value: None
  Done: False
  Policy Mean: [[0.13869187235832214, -0.11532436311244965, -0.12922292947769165, -0.1578381061553955, 0.022693146020174026, 0.1357852816581726, 0.17077121138572693, -0.023420432582497597, 0.029179327189922333, -0.13964059948921204, 0.09355241060256958, 0.003082145005464554, -0.1495763063430786, 0.16785211861133575, 0.066954106092453, 0.036771152168512344, -0.005067060235887766, 0.04045932739973068, 0.09213873744010925, 0.025703981518745422, -0.12718087434768677, 0.03796866163611412, 0.12650996446609497, -0.028034288436174393, -0.12316225469112396, 0.2257768213748932, -0.09415903687477112, -0.12717802822589874, 0.07576915621757507]]
  Policy Std: [[1.0034284591674805, 0.976804256439209, 0.9804749488830566, 0.9932587146759033, 1.0121442079544067, 1.0039632320404053, 1.0009573698043823, 1.0025033950805664, 0.9955798983573914, 0.9826322197914124, 0.9936424493789673, 0.9887740015983582, 0.9989004135131836, 1.038902997970581, 0.9870384931564331, 1.0012420415878296, 0.9875728487968445, 0.9975731372833252, 0.998661994934082, 0.9784038066864014, 0.995770275592804, 0.996944785118103, 0.9970985651016235, 0.99070805311203, 1.0111769437789917, 0.9880393743515015, 1.0210251808166504, 1.0141289234161377, 0.9971608519554138]]

Step 117:
  Date/Day: 118
  Action: [[0.1204771101474762, -0.09804260730743408, -0.10942652821540833, -0.132474884390831, 0.01660548523068428, 0.11336357146501541, 0.1392894834280014, -0.019922805950045586, 0.019360601902008057, -0.12192826718091965, 0.07728178799152374, -0.0033562430180609226, -0.12323581427335739, 0.14286990463733673, 0.04882831498980522, 0.026717526838183403, -0.004883672576397657, 0.03907261788845062, 0.07062932848930359, 0.015115750022232533, -0.10517816245555878, 0.030895601958036423, 0.10469642281532288, -0.01989402063190937, -0.10273182392120361, 0.1784670501947403, -0.0749625712633133, -0.11119231581687927, 0.06431936472654343]]
  Reward: 1.0667065382003784
  Account Value: None
  Done: False
  Policy Mean: [[0.1204771101474762, -0.09804260730743408, -0.10942652821540833, -0.132474884390831, 0.01660548523068428, 0.11336357146501541, 0.1392894834280014, -0.019922805950045586, 0.019360601902008057, -0.12192826718091965, 0.07728178799152374, -0.0033562430180609226, -0.12323581427335739, 0.14286990463733673, 0.04882831498980522, 0.026717526838183403, -0.004883672576397657, 0.03907261788845062, 0.07062932848930359, 0.015115750022232533, -0.10517816245555878, 0.030895601958036423, 0.10469642281532288, -0.01989402063190937, -0.10273182392120361, 0.1784670501947403, -0.0749625712633133, -0.11119231581687927, 0.06431936472654343]]
  Policy Std: [[1.0034284591674805, 0.976804256439209, 0.9804749488830566, 0.9932587146759033, 1.0121442079544067, 1.0039632320404053, 1.0009573698043823, 1.0025033950805664, 0.9955798983573914, 0.9826322197914124, 0.9936424493789673, 0.9887740015983582, 0.9989004135131836, 1.038902997970581, 0.9870384931564331, 1.0012420415878296, 0.9875728487968445, 0.9975731372833252, 0.998661994934082, 0.9784038066864014, 0.995770275592804, 0.996944785118103, 0.9970985651016235, 0.99070805311203, 1.0111769437789917, 0.9880393743515015, 1.0210251808166504, 1.0141289234161377, 0.9971608519554138]]

Step 118:
  Date/Day: 119
  Action: [[0.127777561545372, -0.09616149216890335, -0.12160323560237885, -0.14041322469711304, 0.019573748111724854, 0.1191229298710823, 0.15260197222232819, -0.02081337757408619, 0.019917668774724007, -0.12801715731620789, 0.08103830367326736, -0.0004187189042568207, -0.13316158950328827, 0.1527947336435318, 0.05664757266640663, 0.03126313164830208, -0.006604536436498165, 0.03981013596057892, 0.07679104059934616, 0.02100006490945816, -0.11427666246891022, 0.033267561346292496, 0.11053421348333359, -0.017118893563747406, -0.10646933317184448, 0.20169563591480255, -0.08326641470193863, -0.11635278165340424, 0.06645046919584274]]
  Reward: -0.36754313111305237
  Account Value: None
  Done: False
  Policy Mean: [[0.127777561545372, -0.09616149216890335, -0.12160323560237885, -0.14041322469711304, 0.019573748111724854, 0.1191229298710823, 0.15260197222232819, -0.02081337757408619, 0.019917668774724007, -0.12801715731620789, 0.08103830367326736, -0.0004187189042568207, -0.13316158950328827, 0.1527947336435318, 0.05664757266640663, 0.03126313164830208, -0.006604536436498165, 0.03981013596057892, 0.07679104059934616, 0.02100006490945816, -0.11427666246891022, 0.033267561346292496, 0.11053421348333359, -0.017118893563747406, -0.10646933317184448, 0.20169563591480255, -0.08326641470193863, -0.11635278165340424, 0.06645046919584274]]
  Policy Std: [[1.0034284591674805, 0.976804256439209, 0.9804749488830566, 0.9932587146759033, 1.0121442079544067, 1.0039632320404053, 1.0009573698043823, 1.0025033950805664, 0.9955798983573914, 0.9826322197914124, 0.9936424493789673, 0.9887740015983582, 0.9989004135131836, 1.038902997970581, 0.9870384931564331, 1.0012420415878296, 0.9875728487968445, 0.9975731372833252, 0.998661994934082, 0.9784038066864014, 0.995770275592804, 0.996944785118103, 0.9970985651016235, 0.99070805311203, 1.0111769437789917, 0.9880393743515015, 1.0210251808166504, 1.0141289234161377, 0.9971608519554138]]

Step 119:
  Date/Day: 120
  Action: [[0.1566210836172104, -0.12099660933017731, -0.1526198834180832, -0.17833609879016876, 0.033342476934194565, 0.15121081471443176, 0.19203655421733856, -0.02916942536830902, 0.031307920813560486, -0.1531074345111847, 0.1051780954003334, 0.004229355603456497, -0.16792012751102448, 0.19207622110843658, 0.07903025299310684, 0.04272926598787308, -0.007832434959709644, 0.05074043571949005, 0.10247347503900528, 0.03172982484102249, -0.1455819457769394, 0.04603051766753197, 0.14290040731430054, -0.027017822489142418, -0.1312362253665924, 0.261296808719635, -0.10757061839103699, -0.13810142874717712, 0.07878770679235458]]
  Reward: -0.4055853486061096
  Account Value: None
  Done: False
  Policy Mean: [[0.1566210836172104, -0.12099660933017731, -0.1526198834180832, -0.17833609879016876, 0.033342476934194565, 0.15121081471443176, 0.19203655421733856, -0.02916942536830902, 0.031307920813560486, -0.1531074345111847, 0.1051780954003334, 0.004229355603456497, -0.16792012751102448, 0.19207622110843658, 0.07903025299310684, 0.04272926598787308, -0.007832434959709644, 0.05074043571949005, 0.10247347503900528, 0.03172982484102249, -0.1455819457769394, 0.04603051766753197, 0.14290040731430054, -0.027017822489142418, -0.1312362253665924, 0.261296808719635, -0.10757061839103699, -0.13810142874717712, 0.07878770679235458]]
  Policy Std: [[1.0034284591674805, 0.976804256439209, 0.9804749488830566, 0.9932587146759033, 1.0121442079544067, 1.0039632320404053, 1.0009573698043823, 1.0025033950805664, 0.9955798983573914, 0.9826322197914124, 0.9936424493789673, 0.9887740015983582, 0.9989004135131836, 1.038902997970581, 0.9870384931564331, 1.0012420415878296, 0.9875728487968445, 0.9975731372833252, 0.998661994934082, 0.9784038066864014, 0.995770275592804, 0.996944785118103, 0.9970985651016235, 0.99070805311203, 1.0111769437789917, 0.9880393743515015, 1.0210251808166504, 1.0141289234161377, 0.9971608519554138]]

Step 120:
  Date/Day: 121
  Action: [[0.12722457945346832, -0.09582891315221786, -0.12089641392230988, -0.1400139331817627, 0.01941085234284401, 0.11841398477554321, 0.15172983705997467, -0.02056790143251419, 0.019252115860581398, -0.127669557929039, 0.08045514672994614, -0.0010074879974126816, -0.13287927210330963, 0.15241779386997223, 0.05549276992678642, 0.03069266304373741, -0.0058122919872403145, 0.03954453021287918, 0.07563494890928268, 0.020627576857805252, -0.11383096128702164, 0.033587224781513214, 0.10984782129526138, -0.017165157943964005, -0.10602907836437225, 0.20031286776065826, -0.08228573203086853, -0.11561180651187897, 0.06613148748874664]]
  Reward: -0.1399277150630951
  Account Value: None
  Done: False
  Policy Mean: [[0.12722457945346832, -0.09582891315221786, -0.12089641392230988, -0.1400139331817627, 0.01941085234284401, 0.11841398477554321, 0.15172983705997467, -0.02056790143251419, 0.019252115860581398, -0.127669557929039, 0.08045514672994614, -0.0010074879974126816, -0.13287927210330963, 0.15241779386997223, 0.05549276992678642, 0.03069266304373741, -0.0058122919872403145, 0.03954453021287918, 0.07563494890928268, 0.020627576857805252, -0.11383096128702164, 0.033587224781513214, 0.10984782129526138, -0.017165157943964005, -0.10602907836437225, 0.20031286776065826, -0.08228573203086853, -0.11561180651187897, 0.06613148748874664]]
  Policy Std: [[1.0034284591674805, 0.976804256439209, 0.9804749488830566, 0.9932587146759033, 1.0121442079544067, 1.0039632320404053, 1.0009573698043823, 1.0025033950805664, 0.9955798983573914, 0.9826322197914124, 0.9936424493789673, 0.9887740015983582, 0.9989004135131836, 1.038902997970581, 0.9870384931564331, 1.0012420415878296, 0.9875728487968445, 0.9975731372833252, 0.998661994934082, 0.9784038066864014, 0.995770275592804, 0.996944785118103, 0.9970985651016235, 0.99070805311203, 1.0111769437789917, 0.9880393743515015, 1.0210251808166504, 1.0141289234161377, 0.9971608519554138]]

Step 121:
  Date/Day: 122
  Action: [[0.13799291849136353, -0.10282183438539505, -0.12984003126621246, -0.14896708726882935, 0.019762597978115082, 0.12691240012645721, 0.15903444588184357, -0.02378961257636547, 0.024585368111729622, -0.1365840584039688, 0.08825841546058655, 0.0010127662681043148, -0.12822827696800232, 0.15141648054122925, 0.07434514909982681, 0.037097543478012085, -0.017723269760608673, 0.04931773245334625, 0.08756551146507263, 0.02517179399728775, -0.1169758141040802, 0.028639279305934906, 0.12050282955169678, -0.017538543790578842, -0.11236272752285004, 0.2112731635570526, -0.09271331131458282, -0.1294296383857727, 0.07322438806295395]]
  Reward: -0.33186206221580505
  Account Value: None
  Done: False
  Policy Mean: [[0.13799291849136353, -0.10282183438539505, -0.12984003126621246, -0.14896708726882935, 0.019762597978115082, 0.12691240012645721, 0.15903444588184357, -0.02378961257636547, 0.024585368111729622, -0.1365840584039688, 0.08825841546058655, 0.0010127662681043148, -0.12822827696800232, 0.15141648054122925, 0.07434514909982681, 0.037097543478012085, -0.017723269760608673, 0.04931773245334625, 0.08756551146507263, 0.02517179399728775, -0.1169758141040802, 0.028639279305934906, 0.12050282955169678, -0.017538543790578842, -0.11236272752285004, 0.2112731635570526, -0.09271331131458282, -0.1294296383857727, 0.07322438806295395]]
  Policy Std: [[1.0034284591674805, 0.976804256439209, 0.9804749488830566, 0.9932587146759033, 1.0121442079544067, 1.0039632320404053, 1.0009573698043823, 1.0025033950805664, 0.9955798983573914, 0.9826322197914124, 0.9936424493789673, 0.9887740015983582, 0.9989004135131836, 1.038902997970581, 0.9870384931564331, 1.0012420415878296, 0.9875728487968445, 0.9975731372833252, 0.998661994934082, 0.9784038066864014, 0.995770275592804, 0.996944785118103, 0.9970985651016235, 0.99070805311203, 1.0111769437789917, 0.9880393743515015, 1.0210251808166504, 1.0141289234161377, 0.9971608519554138]]

Step 122:
  Date/Day: 123
  Action: [[0.12752853333950043, -0.09603732079267502, -0.1212867796421051, -0.14037545025348663, 0.01936676912009716, 0.11865746974945068, 0.15215124189853668, -0.020603405311703682, 0.01929919235408306, -0.12799479067325592, 0.08064936846494675, -0.0010416572913527489, -0.1333322525024414, 0.15278461575508118, 0.055641885846853256, 0.030840542167425156, -0.005711773876100779, 0.039609380066394806, 0.07572677731513977, 0.02075165882706642, -0.1142050176858902, 0.03366141393780708, 0.11012380570173264, -0.017241718247532845, -0.10622040927410126, 0.20084251463413239, -0.0824398547410965, -0.11580237746238708, 0.06631195545196533]]
  Reward: 0.5674055218696594
  Account Value: None
  Done: False
  Policy Mean: [[0.12752853333950043, -0.09603732079267502, -0.1212867796421051, -0.14037545025348663, 0.01936676912009716, 0.11865746974945068, 0.15215124189853668, -0.020603405311703682, 0.01929919235408306, -0.12799479067325592, 0.08064936846494675, -0.0010416572913527489, -0.1333322525024414, 0.15278461575508118, 0.055641885846853256, 0.030840542167425156, -0.005711773876100779, 0.039609380066394806, 0.07572677731513977, 0.02075165882706642, -0.1142050176858902, 0.03366141393780708, 0.11012380570173264, -0.017241718247532845, -0.10622040927410126, 0.20084251463413239, -0.0824398547410965, -0.11580237746238708, 0.06631195545196533]]
  Policy Std: [[1.0034284591674805, 0.976804256439209, 0.9804749488830566, 0.9932587146759033, 1.0121442079544067, 1.0039632320404053, 1.0009573698043823, 1.0025033950805664, 0.9955798983573914, 0.9826322197914124, 0.9936424493789673, 0.9887740015983582, 0.9989004135131836, 1.038902997970581, 0.9870384931564331, 1.0012420415878296, 0.9875728487968445, 0.9975731372833252, 0.998661994934082, 0.9784038066864014, 0.995770275592804, 0.996944785118103, 0.9970985651016235, 0.99070805311203, 1.0111769437789917, 0.9880393743515015, 1.0210251808166504, 1.0141289234161377, 0.9971608519554138]]

Step 123:
  Date/Day: 124
  Action: [[0.12753117084503174, -0.09603868424892426, -0.12129005789756775, -0.14037613570690155, 0.019368793815374374, 0.11866211146116257, 0.15215571224689484, -0.02060544118285179, 0.01930513046681881, -0.12799528241157532, 0.08065326511859894, -0.001035735011100769, -0.13333088159561157, 0.1527850478887558, 0.055651504546403885, 0.030844582244753838, -0.005720257759094238, 0.03961136192083359, 0.07573704421520233, 0.020754016935825348, -0.11420592665672302, 0.033657751977443695, 0.1101279929280281, -0.01724058762192726, -0.1062229573726654, 0.20085106790065765, -0.08244787156581879, -0.11580782383680344, 0.06631340086460114]]
  Reward: 0.9817430377006531
  Account Value: None
  Done: False
  Policy Mean: [[0.12753117084503174, -0.09603868424892426, -0.12129005789756775, -0.14037613570690155, 0.019368793815374374, 0.11866211146116257, 0.15215571224689484, -0.02060544118285179, 0.01930513046681881, -0.12799528241157532, 0.08065326511859894, -0.001035735011100769, -0.13333088159561157, 0.1527850478887558, 0.055651504546403885, 0.030844582244753838, -0.005720257759094238, 0.03961136192083359, 0.07573704421520233, 0.020754016935825348, -0.11420592665672302, 0.033657751977443695, 0.1101279929280281, -0.01724058762192726, -0.1062229573726654, 0.20085106790065765, -0.08244787156581879, -0.11580782383680344, 0.06631340086460114]]
  Policy Std: [[1.0034284591674805, 0.976804256439209, 0.9804749488830566, 0.9932587146759033, 1.0121442079544067, 1.0039632320404053, 1.0009573698043823, 1.0025033950805664, 0.9955798983573914, 0.9826322197914124, 0.9936424493789673, 0.9887740015983582, 0.9989004135131836, 1.038902997970581, 0.9870384931564331, 1.0012420415878296, 0.9875728487968445, 0.9975731372833252, 0.998661994934082, 0.9784038066864014, 0.995770275592804, 0.996944785118103, 0.9970985651016235, 0.99070805311203, 1.0111769437789917, 0.9880393743515015, 1.0210251808166504, 1.0141289234161377, 0.9971608519554138]]

Step 124:
  Date/Day: 125
  Action: [[0.127519890666008, -0.09603134542703629, -0.12127979099750519, -0.14037008583545685, 0.0193675234913826, 0.1186516210436821, 0.1521473079919815, -0.0206025168299675, 0.019299039617180824, -0.12798911333084106, 0.08064545691013336, -0.0010394416749477386, -0.13332857191562653, 0.1527770757675171, 0.0556405670940876, 0.030838429927825928, -0.005712402984499931, 0.03960501402616501, 0.07572337985038757, 0.020752061158418655, -0.11420057713985443, 0.03366050124168396, 0.11011900007724762, -0.017239520326256752, -0.10621491074562073, 0.2008364051580429, -0.08243806660175323, -0.11579644680023193, 0.06630866229534149]]
  Reward: -0.24146440625190735
  Account Value: None
  Done: False
  Policy Mean: [[0.127519890666008, -0.09603134542703629, -0.12127979099750519, -0.14037008583545685, 0.0193675234913826, 0.1186516210436821, 0.1521473079919815, -0.0206025168299675, 0.019299039617180824, -0.12798911333084106, 0.08064545691013336, -0.0010394416749477386, -0.13332857191562653, 0.1527770757675171, 0.0556405670940876, 0.030838429927825928, -0.005712402984499931, 0.03960501402616501, 0.07572337985038757, 0.020752061158418655, -0.11420057713985443, 0.03366050124168396, 0.11011900007724762, -0.017239520326256752, -0.10621491074562073, 0.2008364051580429, -0.08243806660175323, -0.11579644680023193, 0.06630866229534149]]
  Policy Std: [[1.0034284591674805, 0.976804256439209, 0.9804749488830566, 0.9932587146759033, 1.0121442079544067, 1.0039632320404053, 1.0009573698043823, 1.0025033950805664, 0.9955798983573914, 0.9826322197914124, 0.9936424493789673, 0.9887740015983582, 0.9989004135131836, 1.038902997970581, 0.9870384931564331, 1.0012420415878296, 0.9875728487968445, 0.9975731372833252, 0.998661994934082, 0.9784038066864014, 0.995770275592804, 0.996944785118103, 0.9970985651016235, 0.99070805311203, 1.0111769437789917, 0.9880393743515015, 1.0210251808166504, 1.0141289234161377, 0.9971608519554138]]

Step 125:
  Date/Day: 126
  Action: [[0.1204366683959961, -0.09802033007144928, -0.10937553644180298, -0.13242167234420776, 0.01658519171178341, 0.11331962794065475, 0.13922908902168274, -0.019909286871552467, 0.019340958446264267, -0.12189514189958572, 0.07724760472774506, -0.0033730827271938324, -0.1231880709528923, 0.14281651377677917, 0.04878383129835129, 0.026700569316744804, -0.004872928373515606, 0.03905687481164932, 0.07058721035718918, 0.015095865353941917, -0.10513091087341309, 0.030883733183145523, 0.10465359687805176, -0.019890746101737022, -0.10269447416067123, 0.17837098240852356, -0.0749191865324974, -0.111160047352314, 0.06430431455373764]]
  Reward: 0.3739246726036072
  Account Value: None
  Done: False
  Policy Mean: [[0.1204366683959961, -0.09802033007144928, -0.10937553644180298, -0.13242167234420776, 0.01658519171178341, 0.11331962794065475, 0.13922908902168274, -0.019909286871552467, 0.019340958446264267, -0.12189514189958572, 0.07724760472774506, -0.0033730827271938324, -0.1231880709528923, 0.14281651377677917, 0.04878383129835129, 0.026700569316744804, -0.004872928373515606, 0.03905687481164932, 0.07058721035718918, 0.015095865353941917, -0.10513091087341309, 0.030883733183145523, 0.10465359687805176, -0.019890746101737022, -0.10269447416067123, 0.17837098240852356, -0.0749191865324974, -0.111160047352314, 0.06430431455373764]]
  Policy Std: [[1.0034284591674805, 0.976804256439209, 0.9804749488830566, 0.9932587146759033, 1.0121442079544067, 1.0039632320404053, 1.0009573698043823, 1.0025033950805664, 0.9955798983573914, 0.9826322197914124, 0.9936424493789673, 0.9887740015983582, 0.9989004135131836, 1.038902997970581, 0.9870384931564331, 1.0012420415878296, 0.9875728487968445, 0.9975731372833252, 0.998661994934082, 0.9784038066864014, 0.995770275592804, 0.996944785118103, 0.9970985651016235, 0.99070805311203, 1.0111769437789917, 0.9880393743515015, 1.0210251808166504, 1.0141289234161377, 0.9971608519554138]]

Step 126:
  Date/Day: 127
  Action: [[0.12048718333244324, -0.098053939640522, -0.10943165421485901, -0.132466658949852, 0.01660967245697975, 0.11338650435209274, 0.13930682837963104, -0.01992434449493885, 0.019395552575588226, -0.12192165106534958, 0.0773090273141861, -0.0033143414184451103, -0.12321241199970245, 0.14286091923713684, 0.04887795075774193, 0.02674153447151184, -0.0049322484992444515, 0.03908586502075195, 0.07069585472345352, 0.015118549577891827, -0.10517172515392303, 0.03087363764643669, 0.10472239553928375, -0.01989436335861683, -0.10274936258792877, 0.17849941551685333, -0.07500375807285309, -0.11121849715709686, 0.06432300060987473]]
  Reward: 0.4332355856895447
  Account Value: None
  Done: False
  Policy Mean: [[0.12048718333244324, -0.098053939640522, -0.10943165421485901, -0.132466658949852, 0.01660967245697975, 0.11338650435209274, 0.13930682837963104, -0.01992434449493885, 0.019395552575588226, -0.12192165106534958, 0.0773090273141861, -0.0033143414184451103, -0.12321241199970245, 0.14286091923713684, 0.04887795075774193, 0.02674153447151184, -0.0049322484992444515, 0.03908586502075195, 0.07069585472345352, 0.015118549577891827, -0.10517172515392303, 0.03087363764643669, 0.10472239553928375, -0.01989436335861683, -0.10274936258792877, 0.17849941551685333, -0.07500375807285309, -0.11121849715709686, 0.06432300060987473]]
  Policy Std: [[1.0034284591674805, 0.976804256439209, 0.9804749488830566, 0.9932587146759033, 1.0121442079544067, 1.0039632320404053, 1.0009573698043823, 1.0025033950805664, 0.9955798983573914, 0.9826322197914124, 0.9936424493789673, 0.9887740015983582, 0.9989004135131836, 1.038902997970581, 0.9870384931564331, 1.0012420415878296, 0.9875728487968445, 0.9975731372833252, 0.998661994934082, 0.9784038066864014, 0.995770275592804, 0.996944785118103, 0.9970985651016235, 0.99070805311203, 1.0111769437789917, 0.9880393743515015, 1.0210251808166504, 1.0141289234161377, 0.9971608519554138]]

Step 127:
  Date/Day: 128
  Action: [[0.12582078576087952, -0.10108323395252228, -0.11594289541244507, -0.13357745110988617, 0.020581291988492012, 0.12298334389925003, 0.15076306462287903, -0.02255069464445114, 0.030790502205491066, -0.12189619988203049, 0.08596031367778778, 0.010362695902585983, -0.12177760899066925, 0.14413608610630035, 0.06831681728363037, 0.035644594579935074, -0.020424887537956238, 0.043679386377334595, 0.09256649017333984, 0.01985134556889534, -0.10795950889587402, 0.025493964552879333, 0.11350905895233154, -0.019077882170677185, -0.10959024727344513, 0.19613225758075714, -0.09079986065626144, -0.12017671763896942, 0.06548156589269638]]
  Reward: -1.084358811378479
  Account Value: None
  Done: False
  Policy Mean: [[0.12582078576087952, -0.10108323395252228, -0.11594289541244507, -0.13357745110988617, 0.020581291988492012, 0.12298334389925003, 0.15076306462287903, -0.02255069464445114, 0.030790502205491066, -0.12189619988203049, 0.08596031367778778, 0.010362695902585983, -0.12177760899066925, 0.14413608610630035, 0.06831681728363037, 0.035644594579935074, -0.020424887537956238, 0.043679386377334595, 0.09256649017333984, 0.01985134556889534, -0.10795950889587402, 0.025493964552879333, 0.11350905895233154, -0.019077882170677185, -0.10959024727344513, 0.19613225758075714, -0.09079986065626144, -0.12017671763896942, 0.06548156589269638]]
  Policy Std: [[1.0034284591674805, 0.976804256439209, 0.9804749488830566, 0.9932587146759033, 1.0121442079544067, 1.0039632320404053, 1.0009573698043823, 1.0025033950805664, 0.9955798983573914, 0.9826322197914124, 0.9936424493789673, 0.9887740015983582, 0.9989004135131836, 1.038902997970581, 0.9870384931564331, 1.0012420415878296, 0.9875728487968445, 0.9975731372833252, 0.998661994934082, 0.9784038066864014, 0.995770275592804, 0.996944785118103, 0.9970985651016235, 0.99070805311203, 1.0111769437789917, 0.9880393743515015, 1.0210251808166504, 1.0141289234161377, 0.9971608519554138]]

Step 128:
  Date/Day: 129
  Action: [[0.0897640511393547, -0.0732157826423645, -0.08597931265830994, -0.11249816417694092, 0.017080185934901237, 0.09459269791841507, 0.1356087028980255, -0.013220580294728279, 0.02378707006573677, -0.10300194472074509, 0.05792281776666641, 0.016161568462848663, -0.11924256384372711, 0.11072118580341339, 0.049873966723680496, 0.030413838103413582, -0.017353877425193787, 0.01704060100018978, 0.06539717316627502, 0.02412394806742668, -0.09187950193881989, 0.019992224872112274, 0.08169294893741608, -0.01185726560652256, -0.08496250957250595, 0.16658611595630646, -0.07636716216802597, -0.08828604966402054, 0.05128214508295059]]
  Reward: 0.2091747373342514
  Account Value: None
  Done: False
  Policy Mean: [[0.0897640511393547, -0.0732157826423645, -0.08597931265830994, -0.11249816417694092, 0.017080185934901237, 0.09459269791841507, 0.1356087028980255, -0.013220580294728279, 0.02378707006573677, -0.10300194472074509, 0.05792281776666641, 0.016161568462848663, -0.11924256384372711, 0.11072118580341339, 0.049873966723680496, 0.030413838103413582, -0.017353877425193787, 0.01704060100018978, 0.06539717316627502, 0.02412394806742668, -0.09187950193881989, 0.019992224872112274, 0.08169294893741608, -0.01185726560652256, -0.08496250957250595, 0.16658611595630646, -0.07636716216802597, -0.08828604966402054, 0.05128214508295059]]
  Policy Std: [[1.0034284591674805, 0.976804256439209, 0.9804749488830566, 0.9932587146759033, 1.0121442079544067, 1.0039632320404053, 1.0009573698043823, 1.0025033950805664, 0.9955798983573914, 0.9826322197914124, 0.9936424493789673, 0.9887740015983582, 0.9989004135131836, 1.038902997970581, 0.9870384931564331, 1.0012420415878296, 0.9875728487968445, 0.9975731372833252, 0.998661994934082, 0.9784038066864014, 0.995770275592804, 0.996944785118103, 0.9970985651016235, 0.99070805311203, 1.0111769437789917, 0.9880393743515015, 1.0210251808166504, 1.0141289234161377, 0.9971608519554138]]

Step 129:
  Date/Day: 130
  Action: [[0.10363537073135376, -0.08957045525312424, -0.10090963542461395, -0.12669415771961212, 0.020182257518172264, 0.11019175499677658, 0.13734310865402222, -0.021806973963975906, 0.02624949812889099, -0.11528884619474411, 0.07639293372631073, 0.007300868630409241, -0.11438776552677155, 0.11951114982366562, 0.057658445090055466, 0.029239067807793617, -0.016918852925300598, 0.02718224935233593, 0.07477886229753494, 0.01812954992055893, -0.09683513641357422, 0.025216158479452133, 0.09716834872961044, -0.015437423251569271, -0.09006652235984802, 0.17624738812446594, -0.08429989963769913, -0.10725720226764679, 0.05401939898729324]]
  Reward: -0.12392610311508179
  Account Value: None
  Done: False
  Policy Mean: [[0.10363537073135376, -0.08957045525312424, -0.10090963542461395, -0.12669415771961212, 0.020182257518172264, 0.11019175499677658, 0.13734310865402222, -0.021806973963975906, 0.02624949812889099, -0.11528884619474411, 0.07639293372631073, 0.007300868630409241, -0.11438776552677155, 0.11951114982366562, 0.057658445090055466, 0.029239067807793617, -0.016918852925300598, 0.02718224935233593, 0.07477886229753494, 0.01812954992055893, -0.09683513641357422, 0.025216158479452133, 0.09716834872961044, -0.015437423251569271, -0.09006652235984802, 0.17624738812446594, -0.08429989963769913, -0.10725720226764679, 0.05401939898729324]]
  Policy Std: [[1.0034284591674805, 0.976804256439209, 0.9804749488830566, 0.9932587146759033, 1.0121442079544067, 1.0039632320404053, 1.0009573698043823, 1.0025033950805664, 0.9955798983573914, 0.9826322197914124, 0.9936424493789673, 0.9887740015983582, 0.9989004135131836, 1.038902997970581, 0.9870384931564331, 1.0012420415878296, 0.9875728487968445, 0.9975731372833252, 0.998661994934082, 0.9784038066864014, 0.995770275592804, 0.996944785118103, 0.9970985651016235, 0.99070805311203, 1.0111769437789917, 0.9880393743515015, 1.0210251808166504, 1.0141289234161377, 0.9971608519554138]]

Step 130:
  Date/Day: 131
  Action: [[0.1135653704404831, -0.09592104703187943, -0.10411379486322403, -0.13478343188762665, 0.02604464441537857, 0.11690858751535416, 0.13432301580905914, -0.021725071594119072, 0.028666358441114426, -0.11624965816736221, 0.0839330404996872, 0.00023703998886048794, -0.11443549394607544, 0.12619394063949585, 0.05511809512972832, 0.03086913377046585, -0.011267564259469509, 0.03953496366739273, 0.077596515417099, 0.0166054405272007, -0.10662111639976501, 0.03313540294766426, 0.10492516309022903, -0.02544403448700905, -0.09445047378540039, 0.1794876903295517, -0.0864056646823883, -0.10900331288576126, 0.05278009921312332]]
  Reward: 0.5307965278625488
  Account Value: None
  Done: False
  Policy Mean: [[0.1135653704404831, -0.09592104703187943, -0.10411379486322403, -0.13478343188762665, 0.02604464441537857, 0.11690858751535416, 0.13432301580905914, -0.021725071594119072, 0.028666358441114426, -0.11624965816736221, 0.0839330404996872, 0.00023703998886048794, -0.11443549394607544, 0.12619394063949585, 0.05511809512972832, 0.03086913377046585, -0.011267564259469509, 0.03953496366739273, 0.077596515417099, 0.0166054405272007, -0.10662111639976501, 0.03313540294766426, 0.10492516309022903, -0.02544403448700905, -0.09445047378540039, 0.1794876903295517, -0.0864056646823883, -0.10900331288576126, 0.05278009921312332]]
  Policy Std: [[1.0034284591674805, 0.976804256439209, 0.9804749488830566, 0.9932587146759033, 1.0121442079544067, 1.0039632320404053, 1.0009573698043823, 1.0025033950805664, 0.9955798983573914, 0.9826322197914124, 0.9936424493789673, 0.9887740015983582, 0.9989004135131836, 1.038902997970581, 0.9870384931564331, 1.0012420415878296, 0.9875728487968445, 0.9975731372833252, 0.998661994934082, 0.9784038066864014, 0.995770275592804, 0.996944785118103, 0.9970985651016235, 0.99070805311203, 1.0111769437789917, 0.9880393743515015, 1.0210251808166504, 1.0141289234161377, 0.9971608519554138]]

Step 131:
  Date/Day: 132
  Action: [[0.07669524103403091, -0.06968566030263901, -0.06824567914009094, -0.08935657888650894, 0.020853783935308456, 0.08196000009775162, 0.09646321833133698, -0.013157696463167667, 0.023097943514585495, -0.08296725898981094, 0.062099259346723557, 0.007152226287871599, -0.06815473735332489, 0.08225224912166595, 0.044999126344919205, 0.01664729416370392, -0.01954152248799801, 0.024149322882294655, 0.05722664296627045, 0.013100012205541134, -0.06858612596988678, 0.019537534564733505, 0.07015372067689896, -0.0184151753783226, -0.06614930927753448, 0.11809680610895157, -0.06758539378643036, -0.08240984380245209, 0.03759383037686348]]
  Reward: 0.590395450592041
  Account Value: None
  Done: False
  Policy Mean: [[0.07669524103403091, -0.06968566030263901, -0.06824567914009094, -0.08935657888650894, 0.020853783935308456, 0.08196000009775162, 0.09646321833133698, -0.013157696463167667, 0.023097943514585495, -0.08296725898981094, 0.062099259346723557, 0.007152226287871599, -0.06815473735332489, 0.08225224912166595, 0.044999126344919205, 0.01664729416370392, -0.01954152248799801, 0.024149322882294655, 0.05722664296627045, 0.013100012205541134, -0.06858612596988678, 0.019537534564733505, 0.07015372067689896, -0.0184151753783226, -0.06614930927753448, 0.11809680610895157, -0.06758539378643036, -0.08240984380245209, 0.03759383037686348]]
  Policy Std: [[1.0034284591674805, 0.976804256439209, 0.9804749488830566, 0.9932587146759033, 1.0121442079544067, 1.0039632320404053, 1.0009573698043823, 1.0025033950805664, 0.9955798983573914, 0.9826322197914124, 0.9936424493789673, 0.9887740015983582, 0.9989004135131836, 1.038902997970581, 0.9870384931564331, 1.0012420415878296, 0.9875728487968445, 0.9975731372833252, 0.998661994934082, 0.9784038066864014, 0.995770275592804, 0.996944785118103, 0.9970985651016235, 0.99070805311203, 1.0111769437789917, 0.9880393743515015, 1.0210251808166504, 1.0141289234161377, 0.9971608519554138]]

Step 132:
  Date/Day: 133
  Action: [[0.07840348780155182, -0.07096082717180252, -0.07003920525312424, -0.09127074480056763, 0.021636582911014557, 0.08402681350708008, 0.09951247274875641, -0.013662256300449371, 0.023984704166650772, -0.08435066044330597, 0.06380322575569153, 0.008670461364090443, -0.07052469253540039, 0.08419593423604965, 0.04719891771674156, 0.017126839607954025, -0.020454470068216324, 0.024469474330544472, 0.059768956154584885, 0.013664278201758862, -0.06989945471286774, 0.019776571542024612, 0.07241998612880707, -0.018375564366579056, -0.06830363720655441, 0.1221955418586731, -0.06996563822031021, -0.0842057466506958, 0.03856626898050308]]
  Reward: -0.7396903038024902
  Account Value: None
  Done: False
  Policy Mean: [[0.07840348780155182, -0.07096082717180252, -0.07003920525312424, -0.09127074480056763, 0.021636582911014557, 0.08402681350708008, 0.09951247274875641, -0.013662256300449371, 0.023984704166650772, -0.08435066044330597, 0.06380322575569153, 0.008670461364090443, -0.07052469253540039, 0.08419593423604965, 0.04719891771674156, 0.017126839607954025, -0.020454470068216324, 0.024469474330544472, 0.059768956154584885, 0.013664278201758862, -0.06989945471286774, 0.019776571542024612, 0.07241998612880707, -0.018375564366579056, -0.06830363720655441, 0.1221955418586731, -0.06996563822031021, -0.0842057466506958, 0.03856626898050308]]
  Policy Std: [[1.0034284591674805, 0.976804256439209, 0.9804749488830566, 0.9932587146759033, 1.0121442079544067, 1.0039632320404053, 1.0009573698043823, 1.0025033950805664, 0.9955798983573914, 0.9826322197914124, 0.9936424493789673, 0.9887740015983582, 0.9989004135131836, 1.038902997970581, 0.9870384931564331, 1.0012420415878296, 0.9875728487968445, 0.9975731372833252, 0.998661994934082, 0.9784038066864014, 0.995770275592804, 0.996944785118103, 0.9970985651016235, 0.99070805311203, 1.0111769437789917, 0.9880393743515015, 1.0210251808166504, 1.0141289234161377, 0.9971608519554138]]

Step 133:
  Date/Day: 134
  Action: [[0.09819547832012177, -0.08482675999403, -0.0898115336894989, -0.11199304461479187, 0.030190009623765945, 0.10585083812475204, 0.13195103406906128, -0.019098009914159775, 0.03282749280333519, -0.09951857477426529, 0.08152776956558228, 0.022707369178533554, -0.09718400239944458, 0.10707448422908783, 0.06868214160203934, 0.023786913603544235, -0.02745668776333332, 0.029647808521986008, 0.08509316295385361, 0.020356465131044388, -0.08564230054616928, 0.02384195104241371, 0.0960899293422699, -0.01835721544921398, -0.09116531163454056, 0.1654219627380371, -0.09275450557470322, -0.10209563374519348, 0.048832714557647705]]
  Reward: -0.31695184111595154
  Account Value: None
  Done: False
  Policy Mean: [[0.09819547832012177, -0.08482675999403, -0.0898115336894989, -0.11199304461479187, 0.030190009623765945, 0.10585083812475204, 0.13195103406906128, -0.019098009914159775, 0.03282749280333519, -0.09951857477426529, 0.08152776956558228, 0.022707369178533554, -0.09718400239944458, 0.10707448422908783, 0.06868214160203934, 0.023786913603544235, -0.02745668776333332, 0.029647808521986008, 0.08509316295385361, 0.020356465131044388, -0.08564230054616928, 0.02384195104241371, 0.0960899293422699, -0.01835721544921398, -0.09116531163454056, 0.1654219627380371, -0.09275450557470322, -0.10209563374519348, 0.048832714557647705]]
  Policy Std: [[1.0034284591674805, 0.976804256439209, 0.9804749488830566, 0.9932587146759033, 1.0121442079544067, 1.0039632320404053, 1.0009573698043823, 1.0025033950805664, 0.9955798983573914, 0.9826322197914124, 0.9936424493789673, 0.9887740015983582, 0.9989004135131836, 1.038902997970581, 0.9870384931564331, 1.0012420415878296, 0.9875728487968445, 0.9975731372833252, 0.998661994934082, 0.9784038066864014, 0.995770275592804, 0.996944785118103, 0.9970985651016235, 0.99070805311203, 1.0111769437789917, 0.9880393743515015, 1.0210251808166504, 1.0141289234161377, 0.9971608519554138]]

Step 134:
  Date/Day: 135
  Action: [[0.07722970843315125, -0.07014958560466766, -0.06538759171962738, -0.09314725548028946, 0.017752304673194885, 0.07877460867166519, 0.09243662655353546, -0.009708483703434467, 0.012769410386681557, -0.08667755872011185, 0.05806480720639229, -0.004663218278437853, -0.07432977855205536, 0.08530490100383759, 0.03227921575307846, 0.010445596650242805, -0.00709083117544651, 0.02084002085030079, 0.04224436730146408, 0.012473908253014088, -0.06976781040430069, 0.024376001209020615, 0.06761056929826736, -0.02040068432688713, -0.06506487727165222, 0.11273902654647827, -0.058160893619060516, -0.07849965989589691, 0.037373073399066925]]
  Reward: 0.392782986164093
  Account Value: None
  Done: False
  Policy Mean: [[0.07722970843315125, -0.07014958560466766, -0.06538759171962738, -0.09314725548028946, 0.017752304673194885, 0.07877460867166519, 0.09243662655353546, -0.009708483703434467, 0.012769410386681557, -0.08667755872011185, 0.05806480720639229, -0.004663218278437853, -0.07432977855205536, 0.08530490100383759, 0.03227921575307846, 0.010445596650242805, -0.00709083117544651, 0.02084002085030079, 0.04224436730146408, 0.012473908253014088, -0.06976781040430069, 0.024376001209020615, 0.06761056929826736, -0.02040068432688713, -0.06506487727165222, 0.11273902654647827, -0.058160893619060516, -0.07849965989589691, 0.037373073399066925]]
  Policy Std: [[1.0034284591674805, 0.976804256439209, 0.9804749488830566, 0.9932587146759033, 1.0121442079544067, 1.0039632320404053, 1.0009573698043823, 1.0025033950805664, 0.9955798983573914, 0.9826322197914124, 0.9936424493789673, 0.9887740015983582, 0.9989004135131836, 1.038902997970581, 0.9870384931564331, 1.0012420415878296, 0.9875728487968445, 0.9975731372833252, 0.998661994934082, 0.9784038066864014, 0.995770275592804, 0.996944785118103, 0.9970985651016235, 0.99070805311203, 1.0111769437789917, 0.9880393743515015, 1.0210251808166504, 1.0141289234161377, 0.9971608519554138]]

Step 135:
  Date/Day: 136
  Action: [[0.06892336159944534, -0.0639989897608757, -0.06419452279806137, -0.08373501896858215, 0.017002388834953308, 0.07551341503858566, 0.09156982600688934, -0.012526081874966621, 0.019898435100913048, -0.0791480615735054, 0.056087713688611984, 0.006310374476015568, -0.06374221295118332, 0.07561710476875305, 0.04137462005019188, 0.015088645741343498, -0.018627028912305832, 0.01909441500902176, 0.05059757083654404, 0.01227825041860342, -0.06333114951848984, 0.016372475773096085, 0.06386475265026093, -0.014817331917583942, -0.06004054844379425, 0.10916046053171158, -0.0626053586602211, -0.07853604108095169, 0.03526748716831207]]
  Reward: -1.4101781845092773
  Account Value: None
  Done: False
  Policy Mean: [[0.06892336159944534, -0.0639989897608757, -0.06419452279806137, -0.08373501896858215, 0.017002388834953308, 0.07551341503858566, 0.09156982600688934, -0.012526081874966621, 0.019898435100913048, -0.0791480615735054, 0.056087713688611984, 0.006310374476015568, -0.06374221295118332, 0.07561710476875305, 0.04137462005019188, 0.015088645741343498, -0.018627028912305832, 0.01909441500902176, 0.05059757083654404, 0.01227825041860342, -0.06333114951848984, 0.016372475773096085, 0.06386475265026093, -0.014817331917583942, -0.06004054844379425, 0.10916046053171158, -0.0626053586602211, -0.07853604108095169, 0.03526748716831207]]
  Policy Std: [[1.0034284591674805, 0.976804256439209, 0.9804749488830566, 0.9932587146759033, 1.0121442079544067, 1.0039632320404053, 1.0009573698043823, 1.0025033950805664, 0.9955798983573914, 0.9826322197914124, 0.9936424493789673, 0.9887740015983582, 0.9989004135131836, 1.038902997970581, 0.9870384931564331, 1.0012420415878296, 0.9875728487968445, 0.9975731372833252, 0.998661994934082, 0.9784038066864014, 0.995770275592804, 0.996944785118103, 0.9970985651016235, 0.99070805311203, 1.0111769437789917, 0.9880393743515015, 1.0210251808166504, 1.0141289234161377, 0.9971608519554138]]

Step 136:
  Date/Day: 137
  Action: [[0.16608381271362305, -0.12937918305397034, -0.15201231837272644, -0.17447490990161896, 0.019666798412799835, 0.15299661457538605, 0.16944704949855804, -0.028724772855639458, 0.028928671032190323, -0.15579219162464142, 0.10696568340063095, -0.01151986327022314, -0.14937734603881836, 0.17513053119182587, 0.06682384759187698, 0.047397173941135406, -0.006687015760689974, 0.05966483801603317, 0.09526703506708145, 0.019854925572872162, -0.14145351946353912, 0.039006587117910385, 0.13617244362831116, -0.033546898514032364, -0.12747059762477875, 0.22950108349323273, -0.10022280365228653, -0.14895105361938477, 0.0754331648349762]]
  Reward: -0.34504371881484985
  Account Value: None
  Done: False
  Policy Mean: [[0.16608381271362305, -0.12937918305397034, -0.15201231837272644, -0.17447490990161896, 0.019666798412799835, 0.15299661457538605, 0.16944704949855804, -0.028724772855639458, 0.028928671032190323, -0.15579219162464142, 0.10696568340063095, -0.01151986327022314, -0.14937734603881836, 0.17513053119182587, 0.06682384759187698, 0.047397173941135406, -0.006687015760689974, 0.05966483801603317, 0.09526703506708145, 0.019854925572872162, -0.14145351946353912, 0.039006587117910385, 0.13617244362831116, -0.033546898514032364, -0.12747059762477875, 0.22950108349323273, -0.10022280365228653, -0.14895105361938477, 0.0754331648349762]]
  Policy Std: [[1.0034284591674805, 0.976804256439209, 0.9804749488830566, 0.9932587146759033, 1.0121442079544067, 1.0039632320404053, 1.0009573698043823, 1.0025033950805664, 0.9955798983573914, 0.9826322197914124, 0.9936424493789673, 0.9887740015983582, 0.9989004135131836, 1.038902997970581, 0.9870384931564331, 1.0012420415878296, 0.9875728487968445, 0.9975731372833252, 0.998661994934082, 0.9784038066864014, 0.995770275592804, 0.996944785118103, 0.9970985651016235, 0.99070805311203, 1.0111769437789917, 0.9880393743515015, 1.0210251808166504, 1.0141289234161377, 0.9971608519554138]]

Step 137:
  Date/Day: 138
  Action: [[0.16906052827835083, -0.13094358146190643, -0.15549607574939728, -0.18091771006584167, 0.023612577468156815, 0.15417037904262543, 0.16882425546646118, -0.029669998213648796, 0.026693083345890045, -0.1562727987766266, 0.10772932320833206, -0.01568087562918663, -0.15291742980480194, 0.18144482374191284, 0.06262130290269852, 0.0444708988070488, -0.0036492287181317806, 0.06439148634672165, 0.08824680000543594, 0.019587621092796326, -0.14647336304187775, 0.042410824447870255, 0.13678768277168274, -0.03455818444490433, -0.12704616785049438, 0.2258661985397339, -0.09656265377998352, -0.1450008600950241, 0.07069998979568481]]
  Reward: 0.30857351422309875
  Account Value: None
  Done: False
  Policy Mean: [[0.16906052827835083, -0.13094358146190643, -0.15549607574939728, -0.18091771006584167, 0.023612577468156815, 0.15417037904262543, 0.16882425546646118, -0.029669998213648796, 0.026693083345890045, -0.1562727987766266, 0.10772932320833206, -0.01568087562918663, -0.15291742980480194, 0.18144482374191284, 0.06262130290269852, 0.0444708988070488, -0.0036492287181317806, 0.06439148634672165, 0.08824680000543594, 0.019587621092796326, -0.14647336304187775, 0.042410824447870255, 0.13678768277168274, -0.03455818444490433, -0.12704616785049438, 0.2258661985397339, -0.09656265377998352, -0.1450008600950241, 0.07069998979568481]]
  Policy Std: [[1.0034284591674805, 0.976804256439209, 0.9804749488830566, 0.9932587146759033, 1.0121442079544067, 1.0039632320404053, 1.0009573698043823, 1.0025033950805664, 0.9955798983573914, 0.9826322197914124, 0.9936424493789673, 0.9887740015983582, 0.9989004135131836, 1.038902997970581, 0.9870384931564331, 1.0012420415878296, 0.9875728487968445, 0.9975731372833252, 0.998661994934082, 0.9784038066864014, 0.995770275592804, 0.996944785118103, 0.9970985651016235, 0.99070805311203, 1.0111769437789917, 0.9880393743515015, 1.0210251808166504, 1.0141289234161377, 0.9971608519554138]]

Step 138:
  Date/Day: 139
  Action: [[0.1337847113609314, -0.10309058427810669, -0.1256263554096222, -0.140025794506073, 0.022074755281209946, 0.12237238883972168, 0.13645373284816742, -0.02282995730638504, 0.02270827442407608, -0.125527486205101, 0.0866648405790329, -0.005175372585654259, -0.1095409244298935, 0.14259976148605347, 0.056759145110845566, 0.030072281137108803, -0.01440292876213789, 0.05184722691774368, 0.07392890751361847, 0.018457848578691483, -0.10941725969314575, 0.03060237318277359, 0.10719206184148788, -0.025106264278292656, -0.10265232622623444, 0.17789413034915924, -0.08196745812892914, -0.12049195170402527, 0.057082563638687134]]
  Reward: 1.4816648960113525
  Account Value: None
  Done: False
  Policy Mean: [[0.1337847113609314, -0.10309058427810669, -0.1256263554096222, -0.140025794506073, 0.022074755281209946, 0.12237238883972168, 0.13645373284816742, -0.02282995730638504, 0.02270827442407608, -0.125527486205101, 0.0866648405790329, -0.005175372585654259, -0.1095409244298935, 0.14259976148605347, 0.056759145110845566, 0.030072281137108803, -0.01440292876213789, 0.05184722691774368, 0.07392890751361847, 0.018457848578691483, -0.10941725969314575, 0.03060237318277359, 0.10719206184148788, -0.025106264278292656, -0.10265232622623444, 0.17789413034915924, -0.08196745812892914, -0.12049195170402527, 0.057082563638687134]]
  Policy Std: [[1.0034284591674805, 0.976804256439209, 0.9804749488830566, 0.9932587146759033, 1.0121442079544067, 1.0039632320404053, 1.0009573698043823, 1.0025033950805664, 0.9955798983573914, 0.9826322197914124, 0.9936424493789673, 0.9887740015983582, 0.9989004135131836, 1.038902997970581, 0.9870384931564331, 1.0012420415878296, 0.9875728487968445, 0.9975731372833252, 0.998661994934082, 0.9784038066864014, 0.995770275592804, 0.996944785118103, 0.9970985651016235, 0.99070805311203, 1.0111769437789917, 0.9880393743515015, 1.0210251808166504, 1.0141289234161377, 0.9971608519554138]]

Step 139:
  Date/Day: 140
  Action: [[0.12892232835292816, -0.09743726998567581, -0.12208107858896255, -0.13381537795066833, 0.021407218649983406, 0.11607605963945389, 0.13272559642791748, -0.021445199847221375, 0.020987261086702347, -0.12164905667304993, 0.08099379390478134, -0.005695946514606476, -0.10633321851491928, 0.13874657452106476, 0.053557805716991425, 0.027597598731517792, -0.0132397236302495, 0.049934811890125275, 0.06947401165962219, 0.018408779054880142, -0.10549014806747437, 0.029805626720190048, 0.10105641931295395, -0.022160829976201057, -0.09754543006420135, 0.17272411286830902, -0.07777053117752075, -0.11549923568964005, 0.05620940774679184]]
  Reward: 0.49418675899505615
  Account Value: None
  Done: False
  Policy Mean: [[0.12892232835292816, -0.09743726998567581, -0.12208107858896255, -0.13381537795066833, 0.021407218649983406, 0.11607605963945389, 0.13272559642791748, -0.021445199847221375, 0.020987261086702347, -0.12164905667304993, 0.08099379390478134, -0.005695946514606476, -0.10633321851491928, 0.13874657452106476, 0.053557805716991425, 0.027597598731517792, -0.0132397236302495, 0.049934811890125275, 0.06947401165962219, 0.018408779054880142, -0.10549014806747437, 0.029805626720190048, 0.10105641931295395, -0.022160829976201057, -0.09754543006420135, 0.17272411286830902, -0.07777053117752075, -0.11549923568964005, 0.05620940774679184]]
  Policy Std: [[1.0034284591674805, 0.976804256439209, 0.9804749488830566, 0.9932587146759033, 1.0121442079544067, 1.0039632320404053, 1.0009573698043823, 1.0025033950805664, 0.9955798983573914, 0.9826322197914124, 0.9936424493789673, 0.9887740015983582, 0.9989004135131836, 1.038902997970581, 0.9870384931564331, 1.0012420415878296, 0.9875728487968445, 0.9975731372833252, 0.998661994934082, 0.9784038066864014, 0.995770275592804, 0.996944785118103, 0.9970985651016235, 0.99070805311203, 1.0111769437789917, 0.9880393743515015, 1.0210251808166504, 1.0141289234161377, 0.9971608519554138]]

Step 140:
  Date/Day: 141
  Action: [[0.08086301386356354, -0.05902882665395737, -0.07380399852991104, -0.07964055985212326, 0.014857327565550804, 0.07250813394784927, 0.09480944275856018, -0.012935292907059193, 0.014435919001698494, -0.08079405874013901, 0.04911002889275551, 0.003154801670461893, -0.06497398763895035, 0.08910507708787918, 0.039655812084674835, 0.016523990780115128, -0.017809614539146423, 0.027558647096157074, 0.04927562549710274, 0.015443253330886364, -0.06468426436185837, 0.014315457083284855, 0.06264086067676544, -0.00904893595725298, -0.06188351660966873, 0.11472762376070023, -0.0564020574092865, -0.08147944509983063, 0.04344378411769867]]
  Reward: -0.2330145686864853
  Account Value: None
  Done: False
  Policy Mean: [[0.08086301386356354, -0.05902882665395737, -0.07380399852991104, -0.07964055985212326, 0.014857327565550804, 0.07250813394784927, 0.09480944275856018, -0.012935292907059193, 0.014435919001698494, -0.08079405874013901, 0.04911002889275551, 0.003154801670461893, -0.06497398763895035, 0.08910507708787918, 0.039655812084674835, 0.016523990780115128, -0.017809614539146423, 0.027558647096157074, 0.04927562549710274, 0.015443253330886364, -0.06468426436185837, 0.014315457083284855, 0.06264086067676544, -0.00904893595725298, -0.06188351660966873, 0.11472762376070023, -0.0564020574092865, -0.08147944509983063, 0.04344378411769867]]
  Policy Std: [[1.0034284591674805, 0.976804256439209, 0.9804749488830566, 0.9932587146759033, 1.0121442079544067, 1.0039632320404053, 1.0009573698043823, 1.0025033950805664, 0.9955798983573914, 0.9826322197914124, 0.9936424493789673, 0.9887740015983582, 0.9989004135131836, 1.038902997970581, 0.9870384931564331, 1.0012420415878296, 0.9875728487968445, 0.9975731372833252, 0.998661994934082, 0.9784038066864014, 0.995770275592804, 0.996944785118103, 0.9970985651016235, 0.99070805311203, 1.0111769437789917, 0.9880393743515015, 1.0210251808166504, 1.0141289234161377, 0.9971608519554138]]

Step 141:
  Date/Day: 142
  Action: [[0.12508158385753632, -0.08726777881383896, -0.11618892848491669, -0.1312309205532074, 0.024024736136198044, 0.11581187695264816, 0.15279878675937653, -0.015062613412737846, 0.024087071418762207, -0.12243089824914932, 0.0741652101278305, 0.010038585402071476, -0.12800118327140808, 0.14124345779418945, 0.06073473021388054, 0.03844909742474556, -0.01458367146551609, 0.03576967120170593, 0.07886873185634613, 0.0335690937936306, -0.11257480829954147, 0.027597520500421524, 0.09942799061536789, -0.020852379500865936, -0.10235241800546646, 0.19979220628738403, -0.08463207632303238, -0.11224335432052612, 0.06348463147878647]]
  Reward: 0.3167078197002411
  Account Value: None
  Done: False
  Policy Mean: [[0.12508158385753632, -0.08726777881383896, -0.11618892848491669, -0.1312309205532074, 0.024024736136198044, 0.11581187695264816, 0.15279878675937653, -0.015062613412737846, 0.024087071418762207, -0.12243089824914932, 0.0741652101278305, 0.010038585402071476, -0.12800118327140808, 0.14124345779418945, 0.06073473021388054, 0.03844909742474556, -0.01458367146551609, 0.03576967120170593, 0.07886873185634613, 0.0335690937936306, -0.11257480829954147, 0.027597520500421524, 0.09942799061536789, -0.020852379500865936, -0.10235241800546646, 0.19979220628738403, -0.08463207632303238, -0.11224335432052612, 0.06348463147878647]]
  Policy Std: [[1.0034284591674805, 0.976804256439209, 0.9804749488830566, 0.9932587146759033, 1.0121442079544067, 1.0039632320404053, 1.0009573698043823, 1.0025033950805664, 0.9955798983573914, 0.9826322197914124, 0.9936424493789673, 0.9887740015983582, 0.9989004135131836, 1.038902997970581, 0.9870384931564331, 1.0012420415878296, 0.9875728487968445, 0.9975731372833252, 0.998661994934082, 0.9784038066864014, 0.995770275592804, 0.996944785118103, 0.9970985651016235, 0.99070805311203, 1.0111769437789917, 0.9880393743515015, 1.0210251808166504, 1.0141289234161377, 0.9971608519554138]]

Step 142:
  Date/Day: 143
  Action: [[0.12496375292539597, -0.08718510717153549, -0.11612066626548767, -0.13138048350811005, 0.02406475692987442, 0.11560381203889847, 0.1525067538022995, -0.015064014121890068, 0.02383541502058506, -0.12246616929769516, 0.07418224960565567, 0.00979255698621273, -0.1279248595237732, 0.14123570919036865, 0.060421738773584366, 0.038128867745399475, -0.014454771764576435, 0.03568895161151886, 0.07864968478679657, 0.0334366112947464, -0.1124628335237503, 0.027721989899873734, 0.09938200563192368, -0.02085208147764206, -0.10219018161296844, 0.1995759904384613, -0.08444029837846756, -0.1120975911617279, 0.06348643451929092]]
  Reward: 0.5143455266952515
  Account Value: None
  Done: False
  Policy Mean: [[0.12496375292539597, -0.08718510717153549, -0.11612066626548767, -0.13138048350811005, 0.02406475692987442, 0.11560381203889847, 0.1525067538022995, -0.015064014121890068, 0.02383541502058506, -0.12246616929769516, 0.07418224960565567, 0.00979255698621273, -0.1279248595237732, 0.14123570919036865, 0.060421738773584366, 0.038128867745399475, -0.014454771764576435, 0.03568895161151886, 0.07864968478679657, 0.0334366112947464, -0.1124628335237503, 0.027721989899873734, 0.09938200563192368, -0.02085208147764206, -0.10219018161296844, 0.1995759904384613, -0.08444029837846756, -0.1120975911617279, 0.06348643451929092]]
  Policy Std: [[1.0034284591674805, 0.976804256439209, 0.9804749488830566, 0.9932587146759033, 1.0121442079544067, 1.0039632320404053, 1.0009573698043823, 1.0025033950805664, 0.9955798983573914, 0.9826322197914124, 0.9936424493789673, 0.9887740015983582, 0.9989004135131836, 1.038902997970581, 0.9870384931564331, 1.0012420415878296, 0.9875728487968445, 0.9975731372833252, 0.998661994934082, 0.9784038066864014, 0.995770275592804, 0.996944785118103, 0.9970985651016235, 0.99070805311203, 1.0111769437789917, 0.9880393743515015, 1.0210251808166504, 1.0141289234161377, 0.9971608519554138]]

Step 143:
  Date/Day: 144
  Action: [[0.11144700646400452, -0.08595580607652664, -0.09990216791629791, -0.11111575365066528, 0.01926153525710106, 0.10296892374753952, 0.1299637109041214, -0.017798319458961487, 0.02373138815164566, -0.10796273499727249, 0.07039690017700195, -3.0868686735630035e-05, -0.09926851093769073, 0.1281655728816986, 0.06078702583909035, 0.031821802258491516, -0.01998724415898323, 0.03677039593458176, 0.0701633095741272, 0.021523572504520416, -0.09305780380964279, 0.025614243000745773, 0.08816901594400406, -0.01661522686481476, -0.08422717452049255, 0.16967004537582397, -0.07128700613975525, -0.11141200363636017, 0.05914408713579178]]
  Reward: -2.0886070728302
  Account Value: None
  Done: False
  Policy Mean: [[0.11144700646400452, -0.08595580607652664, -0.09990216791629791, -0.11111575365066528, 0.01926153525710106, 0.10296892374753952, 0.1299637109041214, -0.017798319458961487, 0.02373138815164566, -0.10796273499727249, 0.07039690017700195, -3.0868686735630035e-05, -0.09926851093769073, 0.1281655728816986, 0.06078702583909035, 0.031821802258491516, -0.01998724415898323, 0.03677039593458176, 0.0701633095741272, 0.021523572504520416, -0.09305780380964279, 0.025614243000745773, 0.08816901594400406, -0.01661522686481476, -0.08422717452049255, 0.16967004537582397, -0.07128700613975525, -0.11141200363636017, 0.05914408713579178]]
  Policy Std: [[1.0034284591674805, 0.976804256439209, 0.9804749488830566, 0.9932587146759033, 1.0121442079544067, 1.0039632320404053, 1.0009573698043823, 1.0025033950805664, 0.9955798983573914, 0.9826322197914124, 0.9936424493789673, 0.9887740015983582, 0.9989004135131836, 1.038902997970581, 0.9870384931564331, 1.0012420415878296, 0.9875728487968445, 0.9975731372833252, 0.998661994934082, 0.9784038066864014, 0.995770275592804, 0.996944785118103, 0.9970985651016235, 0.99070805311203, 1.0111769437789917, 0.9880393743515015, 1.0210251808166504, 1.0141289234161377, 0.9971608519554138]]

Step 144:
  Date/Day: 145
  Action: [[0.17237764596939087, -0.1308702975511551, -0.16942472755908966, -0.19021378457546234, 0.023414287716150284, 0.17077381908893585, 0.20630097389221191, -0.02294846624135971, 0.03849046677350998, -0.1704360544681549, 0.11830974370241165, 0.014841277152299881, -0.16893470287322998, 0.19213157892227173, 0.09880334883928299, 0.05984141677618027, -0.02239403873682022, 0.05718715488910675, 0.12201178818941116, 0.0399380624294281, -0.1506347954273224, 0.035338956862688065, 0.15345820784568787, -0.03245320916175842, -0.15248121321201324, 0.2865764796733856, -0.12114189565181732, -0.15773572027683258, 0.08735267072916031]]
  Reward: 0.8244652152061462
  Account Value: None
  Done: False
  Policy Mean: [[0.17237764596939087, -0.1308702975511551, -0.16942472755908966, -0.19021378457546234, 0.023414287716150284, 0.17077381908893585, 0.20630097389221191, -0.02294846624135971, 0.03849046677350998, -0.1704360544681549, 0.11830974370241165, 0.014841277152299881, -0.16893470287322998, 0.19213157892227173, 0.09880334883928299, 0.05984141677618027, -0.02239403873682022, 0.05718715488910675, 0.12201178818941116, 0.0399380624294281, -0.1506347954273224, 0.035338956862688065, 0.15345820784568787, -0.03245320916175842, -0.15248121321201324, 0.2865764796733856, -0.12114189565181732, -0.15773572027683258, 0.08735267072916031]]
  Policy Std: [[1.0034284591674805, 0.976804256439209, 0.9804749488830566, 0.9932587146759033, 1.0121442079544067, 1.0039632320404053, 1.0009573698043823, 1.0025033950805664, 0.9955798983573914, 0.9826322197914124, 0.9936424493789673, 0.9887740015983582, 0.9989004135131836, 1.038902997970581, 0.9870384931564331, 1.0012420415878296, 0.9875728487968445, 0.9975731372833252, 0.998661994934082, 0.9784038066864014, 0.995770275592804, 0.996944785118103, 0.9970985651016235, 0.99070805311203, 1.0111769437789917, 0.9880393743515015, 1.0210251808166504, 1.0141289234161377, 0.9971608519554138]]

Step 145:
  Date/Day: 146
  Action: [[0.14512799680233002, -0.10755132883787155, -0.13792943954467773, -0.1606232076883316, 0.018210895359516144, 0.13705915212631226, 0.1751549392938614, -0.015077238902449608, 0.02998906373977661, -0.1466045081615448, 0.08873634785413742, 0.0031006140634417534, -0.15203726291656494, 0.1670878529548645, 0.07370176911354065, 0.05240510031580925, -0.008522137068212032, 0.04762648046016693, 0.08497875183820724, 0.038982540369033813, -0.13883236050605774, 0.03185908868908882, 0.1228124275803566, -0.03041745536029339, -0.12178385257720947, 0.2380390614271164, -0.09144498407840729, -0.1268583983182907, 0.07719158381223679]]
  Reward: -2.4377267360687256
  Account Value: None
  Done: False
  Policy Mean: [[0.14512799680233002, -0.10755132883787155, -0.13792943954467773, -0.1606232076883316, 0.018210895359516144, 0.13705915212631226, 0.1751549392938614, -0.015077238902449608, 0.02998906373977661, -0.1466045081615448, 0.08873634785413742, 0.0031006140634417534, -0.15203726291656494, 0.1670878529548645, 0.07370176911354065, 0.05240510031580925, -0.008522137068212032, 0.04762648046016693, 0.08497875183820724, 0.038982540369033813, -0.13883236050605774, 0.03185908868908882, 0.1228124275803566, -0.03041745536029339, -0.12178385257720947, 0.2380390614271164, -0.09144498407840729, -0.1268583983182907, 0.07719158381223679]]
  Policy Std: [[1.0034284591674805, 0.976804256439209, 0.9804749488830566, 0.9932587146759033, 1.0121442079544067, 1.0039632320404053, 1.0009573698043823, 1.0025033950805664, 0.9955798983573914, 0.9826322197914124, 0.9936424493789673, 0.9887740015983582, 0.9989004135131836, 1.038902997970581, 0.9870384931564331, 1.0012420415878296, 0.9875728487968445, 0.9975731372833252, 0.998661994934082, 0.9784038066864014, 0.995770275592804, 0.996944785118103, 0.9970985651016235, 0.99070805311203, 1.0111769437789917, 0.9880393743515015, 1.0210251808166504, 1.0141289234161377, 0.9971608519554138]]

Step 146:
  Date/Day: 147
  Action: [[0.1305309534072876, -0.09889324009418488, -0.13336990773677826, -0.1593228131532669, 0.03331342712044716, 0.1364334672689438, 0.18622834980487823, -0.017845910042524338, 0.039018694311380386, -0.1350763589143753, 0.09239687770605087, 0.022576015442609787, -0.14829318225383759, 0.15907643735408783, 0.08814610540866852, 0.04527071863412857, -0.02033696509897709, 0.04243353754281998, 0.10201803594827652, 0.041484422981739044, -0.13033820688724518, 0.0329253226518631, 0.13021552562713623, -0.025394747033715248, -0.12392072379589081, 0.2463097721338272, -0.10511036217212677, -0.1187150776386261, 0.07062896341085434]]
  Reward: 1.1141619682312012
  Account Value: None
  Done: False
  Policy Mean: [[0.1305309534072876, -0.09889324009418488, -0.13336990773677826, -0.1593228131532669, 0.03331342712044716, 0.1364334672689438, 0.18622834980487823, -0.017845910042524338, 0.039018694311380386, -0.1350763589143753, 0.09239687770605087, 0.022576015442609787, -0.14829318225383759, 0.15907643735408783, 0.08814610540866852, 0.04527071863412857, -0.02033696509897709, 0.04243353754281998, 0.10201803594827652, 0.041484422981739044, -0.13033820688724518, 0.0329253226518631, 0.13021552562713623, -0.025394747033715248, -0.12392072379589081, 0.2463097721338272, -0.10511036217212677, -0.1187150776386261, 0.07062896341085434]]
  Policy Std: [[1.0034284591674805, 0.976804256439209, 0.9804749488830566, 0.9932587146759033, 1.0121442079544067, 1.0039632320404053, 1.0009573698043823, 1.0025033950805664, 0.9955798983573914, 0.9826322197914124, 0.9936424493789673, 0.9887740015983582, 0.9989004135131836, 1.038902997970581, 0.9870384931564331, 1.0012420415878296, 0.9875728487968445, 0.9975731372833252, 0.998661994934082, 0.9784038066864014, 0.995770275592804, 0.996944785118103, 0.9970985651016235, 0.99070805311203, 1.0111769437789917, 0.9880393743515015, 1.0210251808166504, 1.0141289234161377, 0.9971608519554138]]

Step 147:
  Date/Day: 148
  Action: [[0.13053086400032043, -0.09889315813779831, -0.13336987793445587, -0.15932275354862213, 0.03331354632973671, 0.13643349707126617, 0.18622846901416779, -0.017845965921878815, 0.03901880234479904, -0.13507618010044098, 0.09239694476127625, 0.02257634699344635, -0.1482931673526764, 0.15907631814479828, 0.08814636617898941, 0.045270636677742004, -0.020337145775556564, 0.04243343323469162, 0.1020183339715004, 0.04148443043231964, -0.13033802807331085, 0.032925255596637726, 0.1302156299352646, -0.025394639000296593, -0.12392087280750275, 0.24630992114543915, -0.10511061549186707, -0.11871509253978729, 0.07062896341085434]]
  Reward: 1.5764517784118652
  Account Value: None
  Done: False
  Policy Mean: [[0.13053086400032043, -0.09889315813779831, -0.13336987793445587, -0.15932275354862213, 0.03331354632973671, 0.13643349707126617, 0.18622846901416779, -0.017845965921878815, 0.03901880234479904, -0.13507618010044098, 0.09239694476127625, 0.02257634699344635, -0.1482931673526764, 0.15907631814479828, 0.08814636617898941, 0.045270636677742004, -0.020337145775556564, 0.04243343323469162, 0.1020183339715004, 0.04148443043231964, -0.13033802807331085, 0.032925255596637726, 0.1302156299352646, -0.025394639000296593, -0.12392087280750275, 0.24630992114543915, -0.10511061549186707, -0.11871509253978729, 0.07062896341085434]]
  Policy Std: [[1.0034284591674805, 0.976804256439209, 0.9804749488830566, 0.9932587146759033, 1.0121442079544067, 1.0039632320404053, 1.0009573698043823, 1.0025033950805664, 0.9955798983573914, 0.9826322197914124, 0.9936424493789673, 0.9887740015983582, 0.9989004135131836, 1.038902997970581, 0.9870384931564331, 1.0012420415878296, 0.9875728487968445, 0.9975731372833252, 0.998661994934082, 0.9784038066864014, 0.995770275592804, 0.996944785118103, 0.9970985651016235, 0.99070805311203, 1.0111769437789917, 0.9880393743515015, 1.0210251808166504, 1.0141289234161377, 0.9971608519554138]]

Step 148:
  Date/Day: 149
  Action: [[0.1352628469467163, -0.10317587107419968, -0.12971173226833344, -0.1505904197692871, 0.027940314263105392, 0.13113075494766235, 0.16414563357830048, -0.024993155151605606, 0.03154224157333374, -0.1352025717496872, 0.0918898731470108, 0.00620777253061533, -0.12979470193386078, 0.15514208376407623, 0.07835609465837479, 0.03704056516289711, -0.019596174359321594, 0.04714910686016083, 0.09157385677099228, 0.029567431658506393, -0.11867732554674149, 0.029878180474042892, 0.12484171986579895, -0.021274516358971596, -0.1140223890542984, 0.2204994559288025, -0.09568586945533752, -0.12676206231117249, 0.07222508639097214]]
  Reward: -0.12616129219532013
  Account Value: None
  Done: False
  Policy Mean: [[0.1352628469467163, -0.10317587107419968, -0.12971173226833344, -0.1505904197692871, 0.027940314263105392, 0.13113075494766235, 0.16414563357830048, -0.024993155151605606, 0.03154224157333374, -0.1352025717496872, 0.0918898731470108, 0.00620777253061533, -0.12979470193386078, 0.15514208376407623, 0.07835609465837479, 0.03704056516289711, -0.019596174359321594, 0.04714910686016083, 0.09157385677099228, 0.029567431658506393, -0.11867732554674149, 0.029878180474042892, 0.12484171986579895, -0.021274516358971596, -0.1140223890542984, 0.2204994559288025, -0.09568586945533752, -0.12676206231117249, 0.07222508639097214]]
  Policy Std: [[1.0034284591674805, 0.976804256439209, 0.9804749488830566, 0.9932587146759033, 1.0121442079544067, 1.0039632320404053, 1.0009573698043823, 1.0025033950805664, 0.9955798983573914, 0.9826322197914124, 0.9936424493789673, 0.9887740015983582, 0.9989004135131836, 1.038902997970581, 0.9870384931564331, 1.0012420415878296, 0.9875728487968445, 0.9975731372833252, 0.998661994934082, 0.9784038066864014, 0.995770275592804, 0.996944785118103, 0.9970985651016235, 0.99070805311203, 1.0111769437789917, 0.9880393743515015, 1.0210251808166504, 1.0141289234161377, 0.9971608519554138]]

Step 149:
  Date/Day: 150
  Action: [[0.14295482635498047, -0.11041191965341568, -0.13887257874011993, -0.15822531282901764, 0.030445558950304985, 0.14072492718696594, 0.18021054565906525, -0.02626907080411911, 0.03508217632770538, -0.13889962434768677, 0.09535069763660431, 0.010701247490942478, -0.15047425031661987, 0.1735275685787201, 0.07911836355924606, 0.04321084916591644, -0.014642765745520592, 0.04659320414066315, 0.09927869588136673, 0.03209342435002327, -0.13195979595184326, 0.03671197220683098, 0.13012740015983582, -0.023780401796102524, -0.12261568009853363, 0.24078764021396637, -0.1033441573381424, -0.1285303384065628, 0.0717335119843483]]
  Reward: 2.1932003498077393
  Account Value: None
  Done: False
  Policy Mean: [[0.14295482635498047, -0.11041191965341568, -0.13887257874011993, -0.15822531282901764, 0.030445558950304985, 0.14072492718696594, 0.18021054565906525, -0.02626907080411911, 0.03508217632770538, -0.13889962434768677, 0.09535069763660431, 0.010701247490942478, -0.15047425031661987, 0.1735275685787201, 0.07911836355924606, 0.04321084916591644, -0.014642765745520592, 0.04659320414066315, 0.09927869588136673, 0.03209342435002327, -0.13195979595184326, 0.03671197220683098, 0.13012740015983582, -0.023780401796102524, -0.12261568009853363, 0.24078764021396637, -0.1033441573381424, -0.1285303384065628, 0.0717335119843483]]
  Policy Std: [[1.0034284591674805, 0.976804256439209, 0.9804749488830566, 0.9932587146759033, 1.0121442079544067, 1.0039632320404053, 1.0009573698043823, 1.0025033950805664, 0.9955798983573914, 0.9826322197914124, 0.9936424493789673, 0.9887740015983582, 0.9989004135131836, 1.038902997970581, 0.9870384931564331, 1.0012420415878296, 0.9875728487968445, 0.9975731372833252, 0.998661994934082, 0.9784038066864014, 0.995770275592804, 0.996944785118103, 0.9970985651016235, 0.99070805311203, 1.0111769437789917, 0.9880393743515015, 1.0210251808166504, 1.0141289234161377, 0.9971608519554138]]

Step 150:
  Date/Day: 151
  Action: [[0.1429535448551178, -0.1104116439819336, -0.13886600732803345, -0.1582215577363968, 0.03044700250029564, 0.1407248079776764, 0.1802077293395996, -0.02626735158264637, 0.0350835956633091, -0.13889554142951965, 0.09535034000873566, 0.010703187435865402, -0.1504715532064438, 0.1735246777534485, 0.0791180208325386, 0.043210968375205994, -0.014642223715782166, 0.04659263789653778, 0.09928048402070999, 0.03209193795919418, -0.13195587694644928, 0.036711227148771286, 0.13012418150901794, -0.023780854418873787, -0.12261701375246048, 0.2407836616039276, -0.10334420204162598, -0.1285277158021927, 0.07173220068216324]]
  Reward: 0.4354017972946167
  Account Value: None
  Done: False
  Policy Mean: [[0.1429535448551178, -0.1104116439819336, -0.13886600732803345, -0.1582215577363968, 0.03044700250029564, 0.1407248079776764, 0.1802077293395996, -0.02626735158264637, 0.0350835956633091, -0.13889554142951965, 0.09535034000873566, 0.010703187435865402, -0.1504715532064438, 0.1735246777534485, 0.0791180208325386, 0.043210968375205994, -0.014642223715782166, 0.04659263789653778, 0.09928048402070999, 0.03209193795919418, -0.13195587694644928, 0.036711227148771286, 0.13012418150901794, -0.023780854418873787, -0.12261701375246048, 0.2407836616039276, -0.10334420204162598, -0.1285277158021927, 0.07173220068216324]]
  Policy Std: [[1.0034284591674805, 0.976804256439209, 0.9804749488830566, 0.9932587146759033, 1.0121442079544067, 1.0039632320404053, 1.0009573698043823, 1.0025033950805664, 0.9955798983573914, 0.9826322197914124, 0.9936424493789673, 0.9887740015983582, 0.9989004135131836, 1.038902997970581, 0.9870384931564331, 1.0012420415878296, 0.9875728487968445, 0.9975731372833252, 0.998661994934082, 0.9784038066864014, 0.995770275592804, 0.996944785118103, 0.9970985651016235, 0.99070805311203, 1.0111769437789917, 0.9880393743515015, 1.0210251808166504, 1.0141289234161377, 0.9971608519554138]]

Step 151:
  Date/Day: 152
  Action: [[0.14362993836402893, -0.11031349003314972, -0.13180246949195862, -0.16222801804542542, 0.03711329773068428, 0.13883943855762482, 0.17128197848796844, -0.025820642709732056, 0.028342224657535553, -0.13533075153827667, 0.09732430428266525, 0.00503638107329607, -0.14848637580871582, 0.17429904639720917, 0.07305652648210526, 0.036353010684251785, -0.008542683906853199, 0.04946889728307724, 0.09644170850515366, 0.025818753987550735, -0.12765821814537048, 0.04347029700875282, 0.13024286925792694, -0.023557690903544426, -0.1226622685790062, 0.23531322181224823, -0.09997193515300751, -0.12593525648117065, 0.06914431601762772]]
  Reward: 0.2890006899833679
  Account Value: None
  Done: False
  Policy Mean: [[0.14362993836402893, -0.11031349003314972, -0.13180246949195862, -0.16222801804542542, 0.03711329773068428, 0.13883943855762482, 0.17128197848796844, -0.025820642709732056, 0.028342224657535553, -0.13533075153827667, 0.09732430428266525, 0.00503638107329607, -0.14848637580871582, 0.17429904639720917, 0.07305652648210526, 0.036353010684251785, -0.008542683906853199, 0.04946889728307724, 0.09644170850515366, 0.025818753987550735, -0.12765821814537048, 0.04347029700875282, 0.13024286925792694, -0.023557690903544426, -0.1226622685790062, 0.23531322181224823, -0.09997193515300751, -0.12593525648117065, 0.06914431601762772]]
  Policy Std: [[1.0034284591674805, 0.976804256439209, 0.9804749488830566, 0.9932587146759033, 1.0121442079544067, 1.0039632320404053, 1.0009573698043823, 1.0025033950805664, 0.9955798983573914, 0.9826322197914124, 0.9936424493789673, 0.9887740015983582, 0.9989004135131836, 1.038902997970581, 0.9870384931564331, 1.0012420415878296, 0.9875728487968445, 0.9975731372833252, 0.998661994934082, 0.9784038066864014, 0.995770275592804, 0.996944785118103, 0.9970985651016235, 0.99070805311203, 1.0111769437789917, 0.9880393743515015, 1.0210251808166504, 1.0141289234161377, 0.9971608519554138]]

Step 152:
  Date/Day: 153
  Action: [[0.11650475859642029, -0.09078475087881088, -0.11124881356954575, -0.15759490430355072, 0.04917279630899429, 0.12286438792943954, 0.1758691966533661, -0.0219200998544693, 0.03541545197367668, -0.1165396049618721, 0.09519913792610168, 0.02248542197048664, -0.14768058061599731, 0.15047042071819305, 0.080119289457798, 0.0317835696041584, -0.01205678004771471, 0.03570860996842384, 0.0969695895910263, 0.03242683783173561, -0.12189696729183197, 0.044832054525613785, 0.12537884712219238, -0.016471993178129196, -0.1123034805059433, 0.23918750882148743, -0.10835986584424973, -0.10713972896337509, 0.059832654893398285]]
  Reward: -0.38518044352531433
  Account Value: None
  Done: False
  Policy Mean: [[0.11650475859642029, -0.09078475087881088, -0.11124881356954575, -0.15759490430355072, 0.04917279630899429, 0.12286438792943954, 0.1758691966533661, -0.0219200998544693, 0.03541545197367668, -0.1165396049618721, 0.09519913792610168, 0.02248542197048664, -0.14768058061599731, 0.15047042071819305, 0.080119289457798, 0.0317835696041584, -0.01205678004771471, 0.03570860996842384, 0.0969695895910263, 0.03242683783173561, -0.12189696729183197, 0.044832054525613785, 0.12537884712219238, -0.016471993178129196, -0.1123034805059433, 0.23918750882148743, -0.10835986584424973, -0.10713972896337509, 0.059832654893398285]]
  Policy Std: [[1.0034284591674805, 0.976804256439209, 0.9804749488830566, 0.9932587146759033, 1.0121442079544067, 1.0039632320404053, 1.0009573698043823, 1.0025033950805664, 0.9955798983573914, 0.9826322197914124, 0.9936424493789673, 0.9887740015983582, 0.9989004135131836, 1.038902997970581, 0.9870384931564331, 1.0012420415878296, 0.9875728487968445, 0.9975731372833252, 0.998661994934082, 0.9784038066864014, 0.995770275592804, 0.996944785118103, 0.9970985651016235, 0.99070805311203, 1.0111769437789917, 0.9880393743515015, 1.0210251808166504, 1.0141289234161377, 0.9971608519554138]]

Step 153:
  Date/Day: 154
  Action: [[0.10873264074325562, -0.08762042224407196, -0.11101905256509781, -0.13661246001720428, 0.03194819763302803, 0.12081976979970932, 0.16850358247756958, -0.019468355923891068, 0.037311773747205734, -0.11799193173646927, 0.0833623856306076, 0.023022102192044258, -0.13652125000953674, 0.13924650847911835, 0.07813151925802231, 0.03656989336013794, -0.01862812601029873, 0.02766706608235836, 0.09375794976949692, 0.034657981246709824, -0.11417900025844574, 0.03143024444580078, 0.11330171674489975, -0.015745630487799644, -0.10176756978034973, 0.2246120125055313, -0.10163120925426483, -0.11053867638111115, 0.06451394408941269]]
  Reward: -0.09810204058885574
  Account Value: None
  Done: False
  Policy Mean: [[0.10873264074325562, -0.08762042224407196, -0.11101905256509781, -0.13661246001720428, 0.03194819763302803, 0.12081976979970932, 0.16850358247756958, -0.019468355923891068, 0.037311773747205734, -0.11799193173646927, 0.0833623856306076, 0.023022102192044258, -0.13652125000953674, 0.13924650847911835, 0.07813151925802231, 0.03656989336013794, -0.01862812601029873, 0.02766706608235836, 0.09375794976949692, 0.034657981246709824, -0.11417900025844574, 0.03143024444580078, 0.11330171674489975, -0.015745630487799644, -0.10176756978034973, 0.2246120125055313, -0.10163120925426483, -0.11053867638111115, 0.06451394408941269]]
  Policy Std: [[1.0034284591674805, 0.976804256439209, 0.9804749488830566, 0.9932587146759033, 1.0121442079544067, 1.0039632320404053, 1.0009573698043823, 1.0025033950805664, 0.9955798983573914, 0.9826322197914124, 0.9936424493789673, 0.9887740015983582, 0.9989004135131836, 1.038902997970581, 0.9870384931564331, 1.0012420415878296, 0.9875728487968445, 0.9975731372833252, 0.998661994934082, 0.9784038066864014, 0.995770275592804, 0.996944785118103, 0.9970985651016235, 0.99070805311203, 1.0111769437789917, 0.9880393743515015, 1.0210251808166504, 1.0141289234161377, 0.9971608519554138]]

Step 154:
  Date/Day: 155
  Action: [[0.1537313163280487, -0.11718662828207016, -0.1441943347454071, -0.1646885722875595, 0.024248208850622177, 0.14617563784122467, 0.184702530503273, -0.024209503084421158, 0.0362987220287323, -0.14928710460662842, 0.09724614024162292, 0.002957180142402649, -0.15933066606521606, 0.1798146516084671, 0.07480863481760025, 0.05087956786155701, -0.0077330684289336205, 0.0482654795050621, 0.09817839413881302, 0.03380788862705231, -0.1441689282655716, 0.03963249921798706, 0.13155651092529297, -0.029431376606225967, -0.12311137467622757, 0.2502947747707367, -0.10137263685464859, -0.13740696012973785, 0.08037475496530533]]
  Reward: 0.751629114151001
  Account Value: None
  Done: False
  Policy Mean: [[0.1537313163280487, -0.11718662828207016, -0.1441943347454071, -0.1646885722875595, 0.024248208850622177, 0.14617563784122467, 0.184702530503273, -0.024209503084421158, 0.0362987220287323, -0.14928710460662842, 0.09724614024162292, 0.002957180142402649, -0.15933066606521606, 0.1798146516084671, 0.07480863481760025, 0.05087956786155701, -0.0077330684289336205, 0.0482654795050621, 0.09817839413881302, 0.03380788862705231, -0.1441689282655716, 0.03963249921798706, 0.13155651092529297, -0.029431376606225967, -0.12311137467622757, 0.2502947747707367, -0.10137263685464859, -0.13740696012973785, 0.08037475496530533]]
  Policy Std: [[1.0034284591674805, 0.976804256439209, 0.9804749488830566, 0.9932587146759033, 1.0121442079544067, 1.0039632320404053, 1.0009573698043823, 1.0025033950805664, 0.9955798983573914, 0.9826322197914124, 0.9936424493789673, 0.9887740015983582, 0.9989004135131836, 1.038902997970581, 0.9870384931564331, 1.0012420415878296, 0.9875728487968445, 0.9975731372833252, 0.998661994934082, 0.9784038066864014, 0.995770275592804, 0.996944785118103, 0.9970985651016235, 0.99070805311203, 1.0111769437789917, 0.9880393743515015, 1.0210251808166504, 1.0141289234161377, 0.9971608519554138]]

Step 155:
  Date/Day: 156
  Action: [[0.11083229631185532, -0.08902793377637863, -0.1129477471113205, -0.13808245956897736, 0.0316292941570282, 0.12235637754201889, 0.1699405163526535, -0.019801776856184006, 0.037498679012060165, -0.11957898736000061, 0.0843309760093689, 0.022939162328839302, -0.1377154141664505, 0.14165593683719635, 0.07879415154457092, 0.0374428890645504, -0.01894398033618927, 0.028455637395381927, 0.09502128511667252, 0.034975651651620865, -0.11552996933460236, 0.03154762461781502, 0.11472199112176895, -0.016217458993196487, -0.10347675532102585, 0.22689183056354523, -0.10239766538143158, -0.11217522621154785, 0.06538881361484528]]
  Reward: -0.016058770939707756
  Account Value: None
  Done: False
  Policy Mean: [[0.11083229631185532, -0.08902793377637863, -0.1129477471113205, -0.13808245956897736, 0.0316292941570282, 0.12235637754201889, 0.1699405163526535, -0.019801776856184006, 0.037498679012060165, -0.11957898736000061, 0.0843309760093689, 0.022939162328839302, -0.1377154141664505, 0.14165593683719635, 0.07879415154457092, 0.0374428890645504, -0.01894398033618927, 0.028455637395381927, 0.09502128511667252, 0.034975651651620865, -0.11552996933460236, 0.03154762461781502, 0.11472199112176895, -0.016217458993196487, -0.10347675532102585, 0.22689183056354523, -0.10239766538143158, -0.11217522621154785, 0.06538881361484528]]
  Policy Std: [[1.0034284591674805, 0.976804256439209, 0.9804749488830566, 0.9932587146759033, 1.0121442079544067, 1.0039632320404053, 1.0009573698043823, 1.0025033950805664, 0.9955798983573914, 0.9826322197914124, 0.9936424493789673, 0.9887740015983582, 0.9989004135131836, 1.038902997970581, 0.9870384931564331, 1.0012420415878296, 0.9875728487968445, 0.9975731372833252, 0.998661994934082, 0.9784038066864014, 0.995770275592804, 0.996944785118103, 0.9970985651016235, 0.99070805311203, 1.0111769437789917, 0.9880393743515015, 1.0210251808166504, 1.0141289234161377, 0.9971608519554138]]

Step 156:
  Date/Day: 157
  Action: [[0.14127275347709656, -0.10949724912643433, -0.13808201253414154, -0.1570165902376175, 0.02666139043867588, 0.1413707584142685, 0.1828770786523819, -0.02323160134255886, 0.03693695366382599, -0.13950660824775696, 0.09660418331623077, 0.015472499653697014, -0.15137198567390442, 0.17042259871959686, 0.08259687572717667, 0.046295952051877975, -0.01679408550262451, 0.04276231676340103, 0.10577446967363358, 0.034917134791612625, -0.13145287334918976, 0.033631663769483566, 0.1316034197807312, -0.02375579997897148, -0.1250530183315277, 0.24789577722549438, -0.10724292695522308, -0.13218864798545837, 0.07663320749998093]]
  Reward: 0.06688707321882248
  Account Value: None
  Done: False
  Policy Mean: [[0.14127275347709656, -0.10949724912643433, -0.13808201253414154, -0.1570165902376175, 0.02666139043867588, 0.1413707584142685, 0.1828770786523819, -0.02323160134255886, 0.03693695366382599, -0.13950660824775696, 0.09660418331623077, 0.015472499653697014, -0.15137198567390442, 0.17042259871959686, 0.08259687572717667, 0.046295952051877975, -0.01679408550262451, 0.04276231676340103, 0.10577446967363358, 0.034917134791612625, -0.13145287334918976, 0.033631663769483566, 0.1316034197807312, -0.02375579997897148, -0.1250530183315277, 0.24789577722549438, -0.10724292695522308, -0.13218864798545837, 0.07663320749998093]]
  Policy Std: [[1.0034284591674805, 0.976804256439209, 0.9804749488830566, 0.9932587146759033, 1.0121442079544067, 1.0039632320404053, 1.0009573698043823, 1.0025033950805664, 0.9955798983573914, 0.9826322197914124, 0.9936424493789673, 0.9887740015983582, 0.9989004135131836, 1.038902997970581, 0.9870384931564331, 1.0012420415878296, 0.9875728487968445, 0.9975731372833252, 0.998661994934082, 0.9784038066864014, 0.995770275592804, 0.996944785118103, 0.9970985651016235, 0.99070805311203, 1.0111769437789917, 0.9880393743515015, 1.0210251808166504, 1.0141289234161377, 0.9971608519554138]]

Step 157:
  Date/Day: 158
  Action: [[0.1576147973537445, -0.12594281136989594, -0.1442360132932663, -0.17338858544826508, 0.024958869442343712, 0.15363465249538422, 0.1921749711036682, -0.025894779711961746, 0.041437290608882904, -0.15398472547531128, 0.10422560572624207, 0.007410138845443726, -0.1655130535364151, 0.18229086697101593, 0.08027657121419907, 0.05242869257926941, -0.008722104132175446, 0.048907577991485596, 0.10527601093053818, 0.032317206263542175, -0.14937584102153778, 0.04141189530491829, 0.13910198211669922, -0.03489060699939728, -0.130103200674057, 0.2562367618083954, -0.10879022628068924, -0.14121413230895996, 0.08108794689178467]]
  Reward: 0.05597881227731705
  Account Value: None
  Done: False
  Policy Mean: [[0.1576147973537445, -0.12594281136989594, -0.1442360132932663, -0.17338858544826508, 0.024958869442343712, 0.15363465249538422, 0.1921749711036682, -0.025894779711961746, 0.041437290608882904, -0.15398472547531128, 0.10422560572624207, 0.007410138845443726, -0.1655130535364151, 0.18229086697101593, 0.08027657121419907, 0.05242869257926941, -0.008722104132175446, 0.048907577991485596, 0.10527601093053818, 0.032317206263542175, -0.14937584102153778, 0.04141189530491829, 0.13910198211669922, -0.03489060699939728, -0.130103200674057, 0.2562367618083954, -0.10879022628068924, -0.14121413230895996, 0.08108794689178467]]
  Policy Std: [[1.0034284591674805, 0.976804256439209, 0.9804749488830566, 0.9932587146759033, 1.0121442079544067, 1.0039632320404053, 1.0009573698043823, 1.0025033950805664, 0.9955798983573914, 0.9826322197914124, 0.9936424493789673, 0.9887740015983582, 0.9989004135131836, 1.038902997970581, 0.9870384931564331, 1.0012420415878296, 0.9875728487968445, 0.9975731372833252, 0.998661994934082, 0.9784038066864014, 0.995770275592804, 0.996944785118103, 0.9970985651016235, 0.99070805311203, 1.0111769437789917, 0.9880393743515015, 1.0210251808166504, 1.0141289234161377, 0.9971608519554138]]

Step 158:
  Date/Day: 159
  Action: [[0.16360875964164734, -0.12984906136989594, -0.14820308983325958, -0.17456261813640594, 0.02303209900856018, 0.15585753321647644, 0.19039984047412872, -0.02662079408764839, 0.04018641635775566, -0.15661528706550598, 0.105308398604393, 0.003415894228965044, -0.16428881883621216, 0.1861029714345932, 0.07889331132173538, 0.052871402353048325, -0.007692696526646614, 0.053004153072834015, 0.10578989237546921, 0.030352037400007248, -0.14983023703098297, 0.04109635949134827, 0.14056400954723358, -0.036051999777555466, -0.13307006657123566, 0.25445613265037537, -0.1069822907447815, -0.14506769180297852, 0.08306581526994705]]
  Reward: 0.11291604489088058
  Account Value: None
  Done: False
  Policy Mean: [[0.16360875964164734, -0.12984906136989594, -0.14820308983325958, -0.17456261813640594, 0.02303209900856018, 0.15585753321647644, 0.19039984047412872, -0.02662079408764839, 0.04018641635775566, -0.15661528706550598, 0.105308398604393, 0.003415894228965044, -0.16428881883621216, 0.1861029714345932, 0.07889331132173538, 0.052871402353048325, -0.007692696526646614, 0.053004153072834015, 0.10578989237546921, 0.030352037400007248, -0.14983023703098297, 0.04109635949134827, 0.14056400954723358, -0.036051999777555466, -0.13307006657123566, 0.25445613265037537, -0.1069822907447815, -0.14506769180297852, 0.08306581526994705]]
  Policy Std: [[1.0034284591674805, 0.976804256439209, 0.9804749488830566, 0.9932587146759033, 1.0121442079544067, 1.0039632320404053, 1.0009573698043823, 1.0025033950805664, 0.9955798983573914, 0.9826322197914124, 0.9936424493789673, 0.9887740015983582, 0.9989004135131836, 1.038902997970581, 0.9870384931564331, 1.0012420415878296, 0.9875728487968445, 0.9975731372833252, 0.998661994934082, 0.9784038066864014, 0.995770275592804, 0.996944785118103, 0.9970985651016235, 0.99070805311203, 1.0111769437789917, 0.9880393743515015, 1.0210251808166504, 1.0141289234161377, 0.9971608519554138]]

Step 159:
  Date/Day: 160
  Action: [[0.1662786900997162, -0.1285850554704666, -0.15729807317256927, -0.18699334561824799, 0.03000730089843273, 0.15641559660434723, 0.19518832862377167, -0.02857605554163456, 0.03004109486937523, -0.1636304408311844, 0.10499836504459381, -0.006789224222302437, -0.176357239484787, 0.19960297644138336, 0.07270686328411102, 0.046870093792676926, 0.0006569172255694866, 0.054897718131542206, 0.0944545641541481, 0.031809885054826736, -0.15766870975494385, 0.05109182000160217, 0.14207109808921814, -0.03276820480823517, -0.12971854209899902, 0.2613440155982971, -0.10226932168006897, -0.14162126183509827, 0.08161408454179764]]
  Reward: -1.008000135421753
  Account Value: None
  Done: False
  Policy Mean: [[0.1662786900997162, -0.1285850554704666, -0.15729807317256927, -0.18699334561824799, 0.03000730089843273, 0.15641559660434723, 0.19518832862377167, -0.02857605554163456, 0.03004109486937523, -0.1636304408311844, 0.10499836504459381, -0.006789224222302437, -0.176357239484787, 0.19960297644138336, 0.07270686328411102, 0.046870093792676926, 0.0006569172255694866, 0.054897718131542206, 0.0944545641541481, 0.031809885054826736, -0.15766870975494385, 0.05109182000160217, 0.14207109808921814, -0.03276820480823517, -0.12971854209899902, 0.2613440155982971, -0.10226932168006897, -0.14162126183509827, 0.08161408454179764]]
  Policy Std: [[1.0034284591674805, 0.976804256439209, 0.9804749488830566, 0.9932587146759033, 1.0121442079544067, 1.0039632320404053, 1.0009573698043823, 1.0025033950805664, 0.9955798983573914, 0.9826322197914124, 0.9936424493789673, 0.9887740015983582, 0.9989004135131836, 1.038902997970581, 0.9870384931564331, 1.0012420415878296, 0.9875728487968445, 0.9975731372833252, 0.998661994934082, 0.9784038066864014, 0.995770275592804, 0.996944785118103, 0.9970985651016235, 0.99070805311203, 1.0111769437789917, 0.9880393743515015, 1.0210251808166504, 1.0141289234161377, 0.9971608519554138]]

Step 160:
  Date/Day: 161
  Action: [[0.15008597075939178, -0.12027666717767715, -0.1345035582780838, -0.16129058599472046, 0.023580413311719894, 0.1412467062473297, 0.17064169049263, -0.025104280561208725, 0.03310017287731171, -0.1445418894290924, 0.09231505542993546, -0.003797578625380993, -0.1480710506439209, 0.1725156605243683, 0.0657300129532814, 0.043377745896577835, -0.0045524174347519875, 0.05072259157896042, 0.08695964515209198, 0.025342322885990143, -0.1358506977558136, 0.03873816505074501, 0.12522368133068085, -0.032200202345848083, -0.1185227781534195, 0.22022633254528046, -0.09185215830802917, -0.12925982475280762, 0.07180491089820862]]
  Reward: -0.5289840698242188
  Account Value: None
  Done: False
  Policy Mean: [[0.15008597075939178, -0.12027666717767715, -0.1345035582780838, -0.16129058599472046, 0.023580413311719894, 0.1412467062473297, 0.17064169049263, -0.025104280561208725, 0.03310017287731171, -0.1445418894290924, 0.09231505542993546, -0.003797578625380993, -0.1480710506439209, 0.1725156605243683, 0.0657300129532814, 0.043377745896577835, -0.0045524174347519875, 0.05072259157896042, 0.08695964515209198, 0.025342322885990143, -0.1358506977558136, 0.03873816505074501, 0.12522368133068085, -0.032200202345848083, -0.1185227781534195, 0.22022633254528046, -0.09185215830802917, -0.12925982475280762, 0.07180491089820862]]
  Policy Std: [[1.0034284591674805, 0.976804256439209, 0.9804749488830566, 0.9932587146759033, 1.0121442079544067, 1.0039632320404053, 1.0009573698043823, 1.0025033950805664, 0.9955798983573914, 0.9826322197914124, 0.9936424493789673, 0.9887740015983582, 0.9989004135131836, 1.038902997970581, 0.9870384931564331, 1.0012420415878296, 0.9875728487968445, 0.9975731372833252, 0.998661994934082, 0.9784038066864014, 0.995770275592804, 0.996944785118103, 0.9970985651016235, 0.99070805311203, 1.0111769437789917, 0.9880393743515015, 1.0210251808166504, 1.0141289234161377, 0.9971608519554138]]

Step 161:
  Date/Day: 162
  Action: [[0.12816482782363892, -0.10575293749570847, -0.11860725283622742, -0.14161136746406555, 0.025124328210949898, 0.12758183479309082, 0.15893539786338806, -0.023088037967681885, 0.03337882086634636, -0.12641020119190216, 0.08543069660663605, 0.00892539881169796, -0.12988469004631042, 0.15365523099899292, 0.06969952583312988, 0.035703666508197784, -0.014441777020692825, 0.041282154619693756, 0.08916803449392319, 0.024079501628875732, -0.1137995570898056, 0.0304531529545784, 0.1158619299530983, -0.023965254426002502, -0.11364441365003586, 0.20411823689937592, -0.09111152589321136, -0.11665534973144531, 0.06436701864004135]]
  Reward: -0.2748209834098816
  Account Value: None
  Done: False
  Policy Mean: [[0.12816482782363892, -0.10575293749570847, -0.11860725283622742, -0.14161136746406555, 0.025124328210949898, 0.12758183479309082, 0.15893539786338806, -0.023088037967681885, 0.03337882086634636, -0.12641020119190216, 0.08543069660663605, 0.00892539881169796, -0.12988469004631042, 0.15365523099899292, 0.06969952583312988, 0.035703666508197784, -0.014441777020692825, 0.041282154619693756, 0.08916803449392319, 0.024079501628875732, -0.1137995570898056, 0.0304531529545784, 0.1158619299530983, -0.023965254426002502, -0.11364441365003586, 0.20411823689937592, -0.09111152589321136, -0.11665534973144531, 0.06436701864004135]]
  Policy Std: [[1.0034284591674805, 0.976804256439209, 0.9804749488830566, 0.9932587146759033, 1.0121442079544067, 1.0039632320404053, 1.0009573698043823, 1.0025033950805664, 0.9955798983573914, 0.9826322197914124, 0.9936424493789673, 0.9887740015983582, 0.9989004135131836, 1.038902997970581, 0.9870384931564331, 1.0012420415878296, 0.9875728487968445, 0.9975731372833252, 0.998661994934082, 0.9784038066864014, 0.995770275592804, 0.996944785118103, 0.9970985651016235, 0.99070805311203, 1.0111769437789917, 0.9880393743515015, 1.0210251808166504, 1.0141289234161377, 0.9971608519554138]]

Step 162:
  Date/Day: 163
  Action: [[0.10297531634569168, -0.08719003945589066, -0.09195834398269653, -0.11215704679489136, 0.016327405348420143, 0.09700710326433182, 0.12043623626232147, -0.019307024776935577, 0.01767311617732048, -0.10814330726861954, 0.05845505744218826, -0.008506563492119312, -0.10662690550088882, 0.12094525247812271, 0.03989829495549202, 0.021996935829520226, -0.009789833799004555, 0.02686966024339199, 0.055805712938308716, 0.014361725188791752, -0.08648781478404999, 0.022681277245283127, 0.08266697078943253, -0.01437464077025652, -0.08386479318141937, 0.14379002153873444, -0.06335803866386414, -0.09618639945983887, 0.05521130561828613]]
  Reward: 1.1768434047698975
  Account Value: None
  Done: False
  Policy Mean: [[0.10297531634569168, -0.08719003945589066, -0.09195834398269653, -0.11215704679489136, 0.016327405348420143, 0.09700710326433182, 0.12043623626232147, -0.019307024776935577, 0.01767311617732048, -0.10814330726861954, 0.05845505744218826, -0.008506563492119312, -0.10662690550088882, 0.12094525247812271, 0.03989829495549202, 0.021996935829520226, -0.009789833799004555, 0.02686966024339199, 0.055805712938308716, 0.014361725188791752, -0.08648781478404999, 0.022681277245283127, 0.08266697078943253, -0.01437464077025652, -0.08386479318141937, 0.14379002153873444, -0.06335803866386414, -0.09618639945983887, 0.05521130561828613]]
  Policy Std: [[1.0034284591674805, 0.976804256439209, 0.9804749488830566, 0.9932587146759033, 1.0121442079544067, 1.0039632320404053, 1.0009573698043823, 1.0025033950805664, 0.9955798983573914, 0.9826322197914124, 0.9936424493789673, 0.9887740015983582, 0.9989004135131836, 1.038902997970581, 0.9870384931564331, 1.0012420415878296, 0.9875728487968445, 0.9975731372833252, 0.998661994934082, 0.9784038066864014, 0.995770275592804, 0.996944785118103, 0.9970985651016235, 0.99070805311203, 1.0111769437789917, 0.9880393743515015, 1.0210251808166504, 1.0141289234161377, 0.9971608519554138]]

Step 163:
  Date/Day: 164
  Action: [[0.09470948576927185, -0.0815424695611, -0.08656980097293854, -0.10933777689933777, 0.01858566515147686, 0.09355679899454117, 0.12145712971687317, -0.018635712563991547, 0.019488340243697166, -0.10367964953184128, 0.05630970373749733, -0.0031060343608260155, -0.10629092901945114, 0.11516886949539185, 0.04159073904156685, 0.02100914902985096, -0.011845686472952366, 0.02161448821425438, 0.05551167204976082, 0.016822990030050278, -0.08470093458890915, 0.022742800414562225, 0.08006918430328369, -0.011900651268661022, -0.07904134690761566, 0.1450105905532837, -0.0652034804224968, -0.09142608940601349, 0.0526270717382431]]
  Reward: -2.32905650138855
  Account Value: None
  Done: False
  Policy Mean: [[0.09470948576927185, -0.0815424695611, -0.08656980097293854, -0.10933777689933777, 0.01858566515147686, 0.09355679899454117, 0.12145712971687317, -0.018635712563991547, 0.019488340243697166, -0.10367964953184128, 0.05630970373749733, -0.0031060343608260155, -0.10629092901945114, 0.11516886949539185, 0.04159073904156685, 0.02100914902985096, -0.011845686472952366, 0.02161448821425438, 0.05551167204976082, 0.016822990030050278, -0.08470093458890915, 0.022742800414562225, 0.08006918430328369, -0.011900651268661022, -0.07904134690761566, 0.1450105905532837, -0.0652034804224968, -0.09142608940601349, 0.0526270717382431]]
  Policy Std: [[1.0034284591674805, 0.976804256439209, 0.9804749488830566, 0.9932587146759033, 1.0121442079544067, 1.0039632320404053, 1.0009573698043823, 1.0025033950805664, 0.9955798983573914, 0.9826322197914124, 0.9936424493789673, 0.9887740015983582, 0.9989004135131836, 1.038902997970581, 0.9870384931564331, 1.0012420415878296, 0.9875728487968445, 0.9975731372833252, 0.998661994934082, 0.9784038066864014, 0.995770275592804, 0.996944785118103, 0.9970985651016235, 0.99070805311203, 1.0111769437789917, 0.9880393743515015, 1.0210251808166504, 1.0141289234161377, 0.9971608519554138]]

Step 164:
  Date/Day: 165
  Action: [[0.1281627118587494, -0.10575147718191147, -0.11860582232475281, -0.1416110247373581, 0.025125207379460335, 0.12758110463619232, 0.1589360386133194, -0.02308795228600502, 0.03337934613227844, -0.12640917301177979, 0.08543041348457336, 0.008926862850785255, -0.12988489866256714, 0.1536538302898407, 0.0697002112865448, 0.03570340946316719, -0.014442404732108116, 0.04128080606460571, 0.08916818350553513, 0.02408025786280632, -0.11379927396774292, 0.030453238636255264, 0.11586154997348785, -0.02396458573639393, -0.11364328861236572, 0.20411907136440277, -0.091112419962883, -0.11665423214435577, 0.06436637043952942]]
  Reward: -1.9315059185028076
  Account Value: None
  Done: False
  Policy Mean: [[0.1281627118587494, -0.10575147718191147, -0.11860582232475281, -0.1416110247373581, 0.025125207379460335, 0.12758110463619232, 0.1589360386133194, -0.02308795228600502, 0.03337934613227844, -0.12640917301177979, 0.08543041348457336, 0.008926862850785255, -0.12988489866256714, 0.1536538302898407, 0.0697002112865448, 0.03570340946316719, -0.014442404732108116, 0.04128080606460571, 0.08916818350553513, 0.02408025786280632, -0.11379927396774292, 0.030453238636255264, 0.11586154997348785, -0.02396458573639393, -0.11364328861236572, 0.20411907136440277, -0.091112419962883, -0.11665423214435577, 0.06436637043952942]]
  Policy Std: [[1.0034284591674805, 0.976804256439209, 0.9804749488830566, 0.9932587146759033, 1.0121442079544067, 1.0039632320404053, 1.0009573698043823, 1.0025033950805664, 0.9955798983573914, 0.9826322197914124, 0.9936424493789673, 0.9887740015983582, 0.9989004135131836, 1.038902997970581, 0.9870384931564331, 1.0012420415878296, 0.9875728487968445, 0.9975731372833252, 0.998661994934082, 0.9784038066864014, 0.995770275592804, 0.996944785118103, 0.9970985651016235, 0.99070805311203, 1.0111769437789917, 0.9880393743515015, 1.0210251808166504, 1.0141289234161377, 0.9971608519554138]]

Step 165:
  Date/Day: 166
  Action: [[0.15577861666679382, -0.11683309823274612, -0.15270517766475677, -0.17536301910877228, 0.030318088829517365, 0.15546771883964539, 0.20477987825870514, -0.022426092997193336, 0.040196459740400314, -0.15100032091140747, 0.1004832312464714, 0.021532785147428513, -0.17511992156505585, 0.19135229289531708, 0.08870730549097061, 0.052899859845638275, -0.01629481092095375, 0.04864140599966049, 0.11096557229757309, 0.04223465919494629, -0.1482282131910324, 0.038410503417253494, 0.14004197716712952, -0.03033054806292057, -0.14100347459316254, 0.27361077070236206, -0.11440635472536087, -0.13377757370471954, 0.07660700380802155]]
  Reward: 1.9472620487213135
  Account Value: None
  Done: False
  Policy Mean: [[0.15577861666679382, -0.11683309823274612, -0.15270517766475677, -0.17536301910877228, 0.030318088829517365, 0.15546771883964539, 0.20477987825870514, -0.022426092997193336, 0.040196459740400314, -0.15100032091140747, 0.1004832312464714, 0.021532785147428513, -0.17511992156505585, 0.19135229289531708, 0.08870730549097061, 0.052899859845638275, -0.01629481092095375, 0.04864140599966049, 0.11096557229757309, 0.04223465919494629, -0.1482282131910324, 0.038410503417253494, 0.14004197716712952, -0.03033054806292057, -0.14100347459316254, 0.27361077070236206, -0.11440635472536087, -0.13377757370471954, 0.07660700380802155]]
  Policy Std: [[1.0034284591674805, 0.976804256439209, 0.9804749488830566, 0.9932587146759033, 1.0121442079544067, 1.0039632320404053, 1.0009573698043823, 1.0025033950805664, 0.9955798983573914, 0.9826322197914124, 0.9936424493789673, 0.9887740015983582, 0.9989004135131836, 1.038902997970581, 0.9870384931564331, 1.0012420415878296, 0.9875728487968445, 0.9975731372833252, 0.998661994934082, 0.9784038066864014, 0.995770275592804, 0.996944785118103, 0.9970985651016235, 0.99070805311203, 1.0111769437789917, 0.9880393743515015, 1.0210251808166504, 1.0141289234161377, 0.9971608519554138]]

Step 166:
  Date/Day: 167
  Action: [[0.1281755417585373, -0.10575670748949051, -0.11862212419509888, -0.14162343740463257, 0.025128312408924103, 0.12759165465831757, 0.15895093977451324, -0.023090876638889313, 0.03338003158569336, -0.1264197826385498, 0.08543804287910461, 0.008926976472139359, -0.1298995167016983, 0.1536700427532196, 0.06970709562301636, 0.03570893406867981, -0.014442702755331993, 0.04128645360469818, 0.08917628973722458, 0.024085476994514465, -0.11381275206804276, 0.030457455664873123, 0.11587230116128922, -0.023964324966073036, -0.11365117877721786, 0.2041456550359726, -0.09112083166837692, -0.11666446924209595, 0.06437300145626068]]
  Reward: -0.8781092762947083
  Account Value: None
  Done: False
  Policy Mean: [[0.1281755417585373, -0.10575670748949051, -0.11862212419509888, -0.14162343740463257, 0.025128312408924103, 0.12759165465831757, 0.15895093977451324, -0.023090876638889313, 0.03338003158569336, -0.1264197826385498, 0.08543804287910461, 0.008926976472139359, -0.1298995167016983, 0.1536700427532196, 0.06970709562301636, 0.03570893406867981, -0.014442702755331993, 0.04128645360469818, 0.08917628973722458, 0.024085476994514465, -0.11381275206804276, 0.030457455664873123, 0.11587230116128922, -0.023964324966073036, -0.11365117877721786, 0.2041456550359726, -0.09112083166837692, -0.11666446924209595, 0.06437300145626068]]
  Policy Std: [[1.0034284591674805, 0.976804256439209, 0.9804749488830566, 0.9932587146759033, 1.0121442079544067, 1.0039632320404053, 1.0009573698043823, 1.0025033950805664, 0.9955798983573914, 0.9826322197914124, 0.9936424493789673, 0.9887740015983582, 0.9989004135131836, 1.038902997970581, 0.9870384931564331, 1.0012420415878296, 0.9875728487968445, 0.9975731372833252, 0.998661994934082, 0.9784038066864014, 0.995770275592804, 0.996944785118103, 0.9970985651016235, 0.99070805311203, 1.0111769437789917, 0.9880393743515015, 1.0210251808166504, 1.0141289234161377, 0.9971608519554138]]

Step 167:
  Date/Day: 168
  Action: [[0.14295585453510284, -0.11041305959224701, -0.13887342810630798, -0.1582261472940445, 0.030445683747529984, 0.14072605967521667, 0.18021225929260254, -0.026269156485795975, 0.0350826196372509, -0.138900026679039, 0.09535105526447296, 0.010701704770326614, -0.15047667920589447, 0.173529714345932, 0.0791182667016983, 0.043211646378040314, -0.014641908928751945, 0.04659322649240494, 0.0992795005440712, 0.03209351748228073, -0.13196134567260742, 0.03671285882592201, 0.13012796640396118, -0.02378096990287304, -0.12261690199375153, 0.24078954756259918, -0.10334484279155731, -0.12853039801120758, 0.07173332571983337]]
  Reward: -1.3693867921829224
  Account Value: None
  Done: False
  Policy Mean: [[0.14295585453510284, -0.11041305959224701, -0.13887342810630798, -0.1582261472940445, 0.030445683747529984, 0.14072605967521667, 0.18021225929260254, -0.026269156485795975, 0.0350826196372509, -0.138900026679039, 0.09535105526447296, 0.010701704770326614, -0.15047667920589447, 0.173529714345932, 0.0791182667016983, 0.043211646378040314, -0.014641908928751945, 0.04659322649240494, 0.0992795005440712, 0.03209351748228073, -0.13196134567260742, 0.03671285882592201, 0.13012796640396118, -0.02378096990287304, -0.12261690199375153, 0.24078954756259918, -0.10334484279155731, -0.12853039801120758, 0.07173332571983337]]
  Policy Std: [[1.0034284591674805, 0.976804256439209, 0.9804749488830566, 0.9932587146759033, 1.0121442079544067, 1.0039632320404053, 1.0009573698043823, 1.0025033950805664, 0.9955798983573914, 0.9826322197914124, 0.9936424493789673, 0.9887740015983582, 0.9989004135131836, 1.038902997970581, 0.9870384931564331, 1.0012420415878296, 0.9875728487968445, 0.9975731372833252, 0.998661994934082, 0.9784038066864014, 0.995770275592804, 0.996944785118103, 0.9970985651016235, 0.99070805311203, 1.0111769437789917, 0.9880393743515015, 1.0210251808166504, 1.0141289234161377, 0.9971608519554138]]

Step 168:
  Date/Day: 169
  Action: [[0.12816500663757324, -0.10575306415557861, -0.11860736459493637, -0.14161138236522675, 0.02512425370514393, 0.1275819092988968, 0.15893536806106567, -0.023088043555617332, 0.033378779888153076, -0.12641029059886932, 0.08543071895837784, 0.008925279602408409, -0.12988466024398804, 0.15365535020828247, 0.0696994736790657, 0.035703692585229874, -0.014441724866628647, 0.04128226637840271, 0.089168019592762, 0.02407943829894066, -0.1137995719909668, 0.030453145503997803, 0.11586195230484009, -0.02396531216800213, -0.11364449560642242, 0.20411816239356995, -0.09111145883798599, -0.11665543168783188, 0.06436707079410553]]
  Reward: -1.4961931705474854
  Account Value: None
  Done: False
  Policy Mean: [[0.12816500663757324, -0.10575306415557861, -0.11860736459493637, -0.14161138236522675, 0.02512425370514393, 0.1275819092988968, 0.15893536806106567, -0.023088043555617332, 0.033378779888153076, -0.12641029059886932, 0.08543071895837784, 0.008925279602408409, -0.12988466024398804, 0.15365535020828247, 0.0696994736790657, 0.035703692585229874, -0.014441724866628647, 0.04128226637840271, 0.089168019592762, 0.02407943829894066, -0.1137995719909668, 0.030453145503997803, 0.11586195230484009, -0.02396531216800213, -0.11364449560642242, 0.20411816239356995, -0.09111145883798599, -0.11665543168783188, 0.06436707079410553]]
  Policy Std: [[1.0034284591674805, 0.976804256439209, 0.9804749488830566, 0.9932587146759033, 1.0121442079544067, 1.0039632320404053, 1.0009573698043823, 1.0025033950805664, 0.9955798983573914, 0.9826322197914124, 0.9936424493789673, 0.9887740015983582, 0.9989004135131836, 1.038902997970581, 0.9870384931564331, 1.0012420415878296, 0.9875728487968445, 0.9975731372833252, 0.998661994934082, 0.9784038066864014, 0.995770275592804, 0.996944785118103, 0.9970985651016235, 0.99070805311203, 1.0111769437789917, 0.9880393743515015, 1.0210251808166504, 1.0141289234161377, 0.9971608519554138]]

Step 169:
  Date/Day: 170
  Action: [[0.1429876834154129, -0.11043038964271545, -0.13891102373600006, -0.15826980769634247, 0.03045065887272358, 0.14076747000217438, 0.18027880787849426, -0.026264337822794914, 0.03509907424449921, -0.1389310657978058, 0.09536904096603394, 0.010732918046414852, -0.15053707361221313, 0.17357541620731354, 0.07914961129426956, 0.04323478788137436, -0.014656169340014458, 0.04659964144229889, 0.09931773692369461, 0.03211994469165802, -0.1320008784532547, 0.03671688959002495, 0.1301582008600235, -0.023795193061232567, -0.1226610541343689, 0.2408810704946518, -0.1033795028924942, -0.1285502314567566, 0.07174713164567947]]
  Reward: 2.1399340629577637
  Account Value: None
  Done: False
  Policy Mean: [[0.1429876834154129, -0.11043038964271545, -0.13891102373600006, -0.15826980769634247, 0.03045065887272358, 0.14076747000217438, 0.18027880787849426, -0.026264337822794914, 0.03509907424449921, -0.1389310657978058, 0.09536904096603394, 0.010732918046414852, -0.15053707361221313, 0.17357541620731354, 0.07914961129426956, 0.04323478788137436, -0.014656169340014458, 0.04659964144229889, 0.09931773692369461, 0.03211994469165802, -0.1320008784532547, 0.03671688959002495, 0.1301582008600235, -0.023795193061232567, -0.1226610541343689, 0.2408810704946518, -0.1033795028924942, -0.1285502314567566, 0.07174713164567947]]
  Policy Std: [[1.0034284591674805, 0.976804256439209, 0.9804749488830566, 0.9932587146759033, 1.0121442079544067, 1.0039632320404053, 1.0009573698043823, 1.0025033950805664, 0.9955798983573914, 0.9826322197914124, 0.9936424493789673, 0.9887740015983582, 0.9989004135131836, 1.038902997970581, 0.9870384931564331, 1.0012420415878296, 0.9875728487968445, 0.9975731372833252, 0.998661994934082, 0.9784038066864014, 0.995770275592804, 0.996944785118103, 0.9970985651016235, 0.99070805311203, 1.0111769437789917, 0.9880393743515015, 1.0210251808166504, 1.0141289234161377, 0.9971608519554138]]

Step 170:
  Date/Day: 171
  Action: [[0.14295661449432373, -0.1104133352637291, -0.1388743817806244, -0.15822698175907135, 0.030445916578173637, 0.1407267153263092, 0.18021328747272491, -0.026269275695085526, 0.03508272394537926, -0.13890062272548676, 0.09535156190395355, 0.010701783932745457, -0.15047766268253326, 0.17353063821792603, 0.07911869138479233, 0.04321201890707016, -0.01464187540113926, 0.04659347981214523, 0.0992799699306488, 0.032093871384859085, -0.13196220993995667, 0.03671317547559738, 0.1301286518573761, -0.023781022056937218, -0.12261736392974854, 0.2407912313938141, -0.10334540903568268, -0.12853096425533295, 0.07173364609479904]]
  Reward: 0.8877590298652649
  Account Value: None
  Done: False
  Policy Mean: [[0.14295661449432373, -0.1104133352637291, -0.1388743817806244, -0.15822698175907135, 0.030445916578173637, 0.1407267153263092, 0.18021328747272491, -0.026269275695085526, 0.03508272394537926, -0.13890062272548676, 0.09535156190395355, 0.010701783932745457, -0.15047766268253326, 0.17353063821792603, 0.07911869138479233, 0.04321201890707016, -0.01464187540113926, 0.04659347981214523, 0.0992799699306488, 0.032093871384859085, -0.13196220993995667, 0.03671317547559738, 0.1301286518573761, -0.023781022056937218, -0.12261736392974854, 0.2407912313938141, -0.10334540903568268, -0.12853096425533295, 0.07173364609479904]]
  Policy Std: [[1.0034284591674805, 0.976804256439209, 0.9804749488830566, 0.9932587146759033, 1.0121442079544067, 1.0039632320404053, 1.0009573698043823, 1.0025033950805664, 0.9955798983573914, 0.9826322197914124, 0.9936424493789673, 0.9887740015983582, 0.9989004135131836, 1.038902997970581, 0.9870384931564331, 1.0012420415878296, 0.9875728487968445, 0.9975731372833252, 0.998661994934082, 0.9784038066864014, 0.995770275592804, 0.996944785118103, 0.9970985651016235, 0.99070805311203, 1.0111769437789917, 0.9880393743515015, 1.0210251808166504, 1.0141289234161377, 0.9971608519554138]]

Step 171:
  Date/Day: 172
  Action: [[0.10407568514347076, -0.08873698115348816, -0.10151233524084091, -0.13506865501403809, 0.03429478406906128, 0.11655796319246292, 0.16090241074562073, -0.021089591085910797, 0.03774797171354294, -0.11249429732561111, 0.08043907582759857, 0.02319718338549137, -0.12960682809352875, 0.13533960282802582, 0.07437212020158768, 0.03137431666254997, -0.018744468688964844, 0.02753201313316822, 0.08770275861024857, 0.03023555502295494, -0.10867038369178772, 0.031066272407770157, 0.10926034301519394, -0.016790129244327545, -0.10024595260620117, 0.20722533762454987, -0.09782221168279648, -0.10181912034749985, 0.056110888719558716]]
  Reward: 0.7631006836891174
  Account Value: None
  Done: False
  Policy Mean: [[0.10407568514347076, -0.08873698115348816, -0.10151233524084091, -0.13506865501403809, 0.03429478406906128, 0.11655796319246292, 0.16090241074562073, -0.021089591085910797, 0.03774797171354294, -0.11249429732561111, 0.08043907582759857, 0.02319718338549137, -0.12960682809352875, 0.13533960282802582, 0.07437212020158768, 0.03137431666254997, -0.018744468688964844, 0.02753201313316822, 0.08770275861024857, 0.03023555502295494, -0.10867038369178772, 0.031066272407770157, 0.10926034301519394, -0.016790129244327545, -0.10024595260620117, 0.20722533762454987, -0.09782221168279648, -0.10181912034749985, 0.056110888719558716]]
  Policy Std: [[1.0034284591674805, 0.976804256439209, 0.9804749488830566, 0.9932587146759033, 1.0121442079544067, 1.0039632320404053, 1.0009573698043823, 1.0025033950805664, 0.9955798983573914, 0.9826322197914124, 0.9936424493789673, 0.9887740015983582, 0.9989004135131836, 1.038902997970581, 0.9870384931564331, 1.0012420415878296, 0.9875728487968445, 0.9975731372833252, 0.998661994934082, 0.9784038066864014, 0.995770275592804, 0.996944785118103, 0.9970985651016235, 0.99070805311203, 1.0111769437789917, 0.9880393743515015, 1.0210251808166504, 1.0141289234161377, 0.9971608519554138]]

Step 172:
  Date/Day: 173
  Action: [[0.10395517945289612, -0.08864882588386536, -0.10139809548854828, -0.13493838906288147, 0.034290071576833725, 0.11644937098026276, 0.16078071296215057, -0.02107267454266548, 0.03773169964551926, -0.11238909512758255, 0.08036594092845917, 0.023212334141135216, -0.12946148216724396, 0.13520044088363647, 0.07433534413576126, 0.031327929347753525, -0.018767451867461205, 0.0274828914552927, 0.08764030784368515, 0.030217967927455902, -0.10854516923427582, 0.031026363372802734, 0.10915236920118332, -0.01676260679960251, -0.10015250742435455, 0.20703421533107758, -0.09776188433170319, -0.1017327830195427, 0.056061193346977234]]
  Reward: 1.1356803178787231
  Account Value: None
  Done: False
  Policy Mean: [[0.10395517945289612, -0.08864882588386536, -0.10139809548854828, -0.13493838906288147, 0.034290071576833725, 0.11644937098026276, 0.16078071296215057, -0.02107267454266548, 0.03773169964551926, -0.11238909512758255, 0.08036594092845917, 0.023212334141135216, -0.12946148216724396, 0.13520044088363647, 0.07433534413576126, 0.031327929347753525, -0.018767451867461205, 0.0274828914552927, 0.08764030784368515, 0.030217967927455902, -0.10854516923427582, 0.031026363372802734, 0.10915236920118332, -0.01676260679960251, -0.10015250742435455, 0.20703421533107758, -0.09776188433170319, -0.1017327830195427, 0.056061193346977234]]
  Policy Std: [[1.0034284591674805, 0.976804256439209, 0.9804749488830566, 0.9932587146759033, 1.0121442079544067, 1.0039632320404053, 1.0009573698043823, 1.0025033950805664, 0.9955798983573914, 0.9826322197914124, 0.9936424493789673, 0.9887740015983582, 0.9989004135131836, 1.038902997970581, 0.9870384931564331, 1.0012420415878296, 0.9875728487968445, 0.9975731372833252, 0.998661994934082, 0.9784038066864014, 0.995770275592804, 0.996944785118103, 0.9970985651016235, 0.99070805311203, 1.0111769437789917, 0.9880393743515015, 1.0210251808166504, 1.0141289234161377, 0.9971608519554138]]

Step 173:
  Date/Day: 174
  Action: [[0.08878503739833832, -0.07443579286336899, -0.08605382591485977, -0.11841116100549698, 0.03244871646165848, 0.0969037115573883, 0.13228905200958252, -0.020474258810281754, 0.02924736961722374, -0.0946710854768753, 0.06949234008789062, 0.017806675285100937, -0.11060728132724762, 0.11407467722892761, 0.05931269749999046, 0.020114898681640625, -0.018894650042057037, 0.028880620375275612, 0.07163910567760468, 0.021079666912555695, -0.0923822894692421, 0.02627013623714447, 0.09382941573858261, -0.009112831205129623, -0.08511209487915039, 0.16771739721298218, -0.08246120065450668, -0.0880746990442276, 0.04463871568441391]]
  Reward: 0.9643813967704773
  Account Value: None
  Done: False
  Policy Mean: [[0.08878503739833832, -0.07443579286336899, -0.08605382591485977, -0.11841116100549698, 0.03244871646165848, 0.0969037115573883, 0.13228905200958252, -0.020474258810281754, 0.02924736961722374, -0.0946710854768753, 0.06949234008789062, 0.017806675285100937, -0.11060728132724762, 0.11407467722892761, 0.05931269749999046, 0.020114898681640625, -0.018894650042057037, 0.028880620375275612, 0.07163910567760468, 0.021079666912555695, -0.0923822894692421, 0.02627013623714447, 0.09382941573858261, -0.009112831205129623, -0.08511209487915039, 0.16771739721298218, -0.08246120065450668, -0.0880746990442276, 0.04463871568441391]]
  Policy Std: [[1.0034284591674805, 0.976804256439209, 0.9804749488830566, 0.9932587146759033, 1.0121442079544067, 1.0039632320404053, 1.0009573698043823, 1.0025033950805664, 0.9955798983573914, 0.9826322197914124, 0.9936424493789673, 0.9887740015983582, 0.9989004135131836, 1.038902997970581, 0.9870384931564331, 1.0012420415878296, 0.9875728487968445, 0.9975731372833252, 0.998661994934082, 0.9784038066864014, 0.995770275592804, 0.996944785118103, 0.9970985651016235, 0.99070805311203, 1.0111769437789917, 0.9880393743515015, 1.0210251808166504, 1.0141289234161377, 0.9971608519554138]]

Step 174:
  Date/Day: 175
  Action: [[0.09770633280277252, -0.08131202310323715, -0.092671699821949, -0.12101909518241882, 0.02224624529480934, 0.10297753661870956, 0.1370934247970581, -0.01850103959441185, 0.029614519327878952, -0.10623530298471451, 0.0717671811580658, 0.012103954330086708, -0.11479344218969345, 0.11961904168128967, 0.05734153464436531, 0.031029345467686653, -0.016546688973903656, 0.02939259633421898, 0.07403411716222763, 0.022270258516073227, -0.10279339551925659, 0.027355000376701355, 0.0973762795329094, -0.016729161143302917, -0.08308930695056915, 0.17681048810482025, -0.0832059308886528, -0.09769763052463531, 0.051652103662490845]]
  Reward: 0.023790080100297928
  Account Value: None
  Done: False
  Policy Mean: [[0.09770633280277252, -0.08131202310323715, -0.092671699821949, -0.12101909518241882, 0.02224624529480934, 0.10297753661870956, 0.1370934247970581, -0.01850103959441185, 0.029614519327878952, -0.10623530298471451, 0.0717671811580658, 0.012103954330086708, -0.11479344218969345, 0.11961904168128967, 0.05734153464436531, 0.031029345467686653, -0.016546688973903656, 0.02939259633421898, 0.07403411716222763, 0.022270258516073227, -0.10279339551925659, 0.027355000376701355, 0.0973762795329094, -0.016729161143302917, -0.08308930695056915, 0.17681048810482025, -0.0832059308886528, -0.09769763052463531, 0.051652103662490845]]
  Policy Std: [[1.0034284591674805, 0.976804256439209, 0.9804749488830566, 0.9932587146759033, 1.0121442079544067, 1.0039632320404053, 1.0009573698043823, 1.0025033950805664, 0.9955798983573914, 0.9826322197914124, 0.9936424493789673, 0.9887740015983582, 0.9989004135131836, 1.038902997970581, 0.9870384931564331, 1.0012420415878296, 0.9875728487968445, 0.9975731372833252, 0.998661994934082, 0.9784038066864014, 0.995770275592804, 0.996944785118103, 0.9970985651016235, 0.99070805311203, 1.0111769437789917, 0.9880393743515015, 1.0210251808166504, 1.0141289234161377, 0.9971608519554138]]

Step 175:
  Date/Day: 176
  Action: [[0.09906971454620361, -0.08230385929346085, -0.09398277848958969, -0.12247984856367111, 0.022368617355823517, 0.1042499989271164, 0.13854041695594788, -0.018727896735072136, 0.029874999076128006, -0.10743498802185059, 0.07260475307703018, 0.011995844542980194, -0.116376131772995, 0.12119334936141968, 0.057845089584589005, 0.031554434448480606, -0.016370225697755814, 0.029922017827630043, 0.07482488453388214, 0.022494204342365265, -0.1041707694530487, 0.027775269001722336, 0.09862004965543747, -0.017042841762304306, -0.0841391533613205, 0.17898519337177277, -0.08393757790327072, -0.09869758039712906, 0.05221869796514511]]
  Reward: 1.113175868988037
  Account Value: None
  Done: False
  Policy Mean: [[0.09906971454620361, -0.08230385929346085, -0.09398277848958969, -0.12247984856367111, 0.022368617355823517, 0.1042499989271164, 0.13854041695594788, -0.018727896735072136, 0.029874999076128006, -0.10743498802185059, 0.07260475307703018, 0.011995844542980194, -0.116376131772995, 0.12119334936141968, 0.057845089584589005, 0.031554434448480606, -0.016370225697755814, 0.029922017827630043, 0.07482488453388214, 0.022494204342365265, -0.1041707694530487, 0.027775269001722336, 0.09862004965543747, -0.017042841762304306, -0.0841391533613205, 0.17898519337177277, -0.08393757790327072, -0.09869758039712906, 0.05221869796514511]]
  Policy Std: [[1.0034284591674805, 0.976804256439209, 0.9804749488830566, 0.9932587146759033, 1.0121442079544067, 1.0039632320404053, 1.0009573698043823, 1.0025033950805664, 0.9955798983573914, 0.9826322197914124, 0.9936424493789673, 0.9887740015983582, 0.9989004135131836, 1.038902997970581, 0.9870384931564331, 1.0012420415878296, 0.9875728487968445, 0.9975731372833252, 0.998661994934082, 0.9784038066864014, 0.995770275592804, 0.996944785118103, 0.9970985651016235, 0.99070805311203, 1.0111769437789917, 0.9880393743515015, 1.0210251808166504, 1.0141289234161377, 0.9971608519554138]]

Step 176:
  Date/Day: 177
  Action: [[0.03575487062335014, -0.03549812734127045, -0.03335445374250412, -0.051750168204307556, 0.01657271943986416, 0.04472051560878754, 0.07132396101951599, -0.007246167398989201, 0.0180603489279747, -0.049827344715595245, 0.03334920480847359, 0.018038641661405563, -0.04173045605421066, 0.047940343618392944, 0.03490076959133148, 0.008006563410162926, -0.023860327899456024, 0.006300739012658596, 0.03847014158964157, 0.013218794018030167, -0.040247593075037, 0.007995272986590862, 0.04132422059774399, -0.0028841982129961252, -0.036173634231090546, 0.0779380202293396, -0.04975464567542076, -0.051510341465473175, 0.025275055319070816]]
  Reward: 0.4053770899772644
  Account Value: None
  Done: False
  Policy Mean: [[0.03575487062335014, -0.03549812734127045, -0.03335445374250412, -0.051750168204307556, 0.01657271943986416, 0.04472051560878754, 0.07132396101951599, -0.007246167398989201, 0.0180603489279747, -0.049827344715595245, 0.03334920480847359, 0.018038641661405563, -0.04173045605421066, 0.047940343618392944, 0.03490076959133148, 0.008006563410162926, -0.023860327899456024, 0.006300739012658596, 0.03847014158964157, 0.013218794018030167, -0.040247593075037, 0.007995272986590862, 0.04132422059774399, -0.0028841982129961252, -0.036173634231090546, 0.0779380202293396, -0.04975464567542076, -0.051510341465473175, 0.025275055319070816]]
  Policy Std: [[1.0034284591674805, 0.976804256439209, 0.9804749488830566, 0.9932587146759033, 1.0121442079544067, 1.0039632320404053, 1.0009573698043823, 1.0025033950805664, 0.9955798983573914, 0.9826322197914124, 0.9936424493789673, 0.9887740015983582, 0.9989004135131836, 1.038902997970581, 0.9870384931564331, 1.0012420415878296, 0.9875728487968445, 0.9975731372833252, 0.998661994934082, 0.9784038066864014, 0.995770275592804, 0.996944785118103, 0.9970985651016235, 0.99070805311203, 1.0111769437789917, 0.9880393743515015, 1.0210251808166504, 1.0141289234161377, 0.9971608519554138]]

Step 177:
  Date/Day: 178
  Action: [[0.035754866898059845, -0.03549812361598015, -0.03335445374250412, -0.05175016075372696, 0.01657271757721901, 0.04472050815820694, 0.07132397592067719, -0.007246166467666626, 0.018060343340039253, -0.049827348440885544, 0.033349208533763885, 0.018038630485534668, -0.04173046723008156, 0.04794035851955414, 0.034900765866041183, 0.008006557822227478, -0.023860324174165726, 0.006300734356045723, 0.03847012668848038, 0.013218794018030167, -0.0402476042509079, 0.00799527671188116, 0.041324228048324585, -0.0028841991443187, -0.036173634231090546, 0.0779380202293396, -0.049754638224840164, -0.051510341465473175, 0.025275059044361115]]
  Reward: -0.12694992125034332
  Account Value: None
  Done: False
  Policy Mean: [[0.035754866898059845, -0.03549812361598015, -0.03335445374250412, -0.05175016075372696, 0.01657271757721901, 0.04472050815820694, 0.07132397592067719, -0.007246166467666626, 0.018060343340039253, -0.049827348440885544, 0.033349208533763885, 0.018038630485534668, -0.04173046723008156, 0.04794035851955414, 0.034900765866041183, 0.008006557822227478, -0.023860324174165726, 0.006300734356045723, 0.03847012668848038, 0.013218794018030167, -0.0402476042509079, 0.00799527671188116, 0.041324228048324585, -0.0028841991443187, -0.036173634231090546, 0.0779380202293396, -0.049754638224840164, -0.051510341465473175, 0.025275059044361115]]
  Policy Std: [[1.0034284591674805, 0.976804256439209, 0.9804749488830566, 0.9932587146759033, 1.0121442079544067, 1.0039632320404053, 1.0009573698043823, 1.0025033950805664, 0.9955798983573914, 0.9826322197914124, 0.9936424493789673, 0.9887740015983582, 0.9989004135131836, 1.038902997970581, 0.9870384931564331, 1.0012420415878296, 0.9875728487968445, 0.9975731372833252, 0.998661994934082, 0.9784038066864014, 0.995770275592804, 0.996944785118103, 0.9970985651016235, 0.99070805311203, 1.0111769437789917, 0.9880393743515015, 1.0210251808166504, 1.0141289234161377, 0.9971608519554138]]

Step 178:
  Date/Day: 179
  Action: [[0.08552637696266174, -0.06796549260616302, -0.07444915175437927, -0.08399484306573868, 0.014864914119243622, 0.07928669452667236, 0.09600387513637543, -0.01397792249917984, 0.019473573192954063, -0.08238118141889572, 0.05645572021603584, 0.007663659751415253, -0.06464917212724686, 0.09104055911302567, 0.04444731026887894, 0.019866062328219414, -0.021140597760677338, 0.031885504722595215, 0.05866054445505142, 0.012812860310077667, -0.06651247292757034, 0.013236355036497116, 0.07129024714231491, -0.013523032888770103, -0.06951779872179031, 0.11610519140958786, -0.06160082668066025, -0.08634709566831589, 0.044396765530109406]]
  Reward: -0.8355994820594788
  Account Value: None
  Done: False
  Policy Mean: [[0.08552637696266174, -0.06796549260616302, -0.07444915175437927, -0.08399484306573868, 0.014864914119243622, 0.07928669452667236, 0.09600387513637543, -0.01397792249917984, 0.019473573192954063, -0.08238118141889572, 0.05645572021603584, 0.007663659751415253, -0.06464917212724686, 0.09104055911302567, 0.04444731026887894, 0.019866062328219414, -0.021140597760677338, 0.031885504722595215, 0.05866054445505142, 0.012812860310077667, -0.06651247292757034, 0.013236355036497116, 0.07129024714231491, -0.013523032888770103, -0.06951779872179031, 0.11610519140958786, -0.06160082668066025, -0.08634709566831589, 0.044396765530109406]]
  Policy Std: [[1.0034284591674805, 0.976804256439209, 0.9804749488830566, 0.9932587146759033, 1.0121442079544067, 1.0039632320404053, 1.0009573698043823, 1.0025033950805664, 0.9955798983573914, 0.9826322197914124, 0.9936424493789673, 0.9887740015983582, 0.9989004135131836, 1.038902997970581, 0.9870384931564331, 1.0012420415878296, 0.9875728487968445, 0.9975731372833252, 0.998661994934082, 0.9784038066864014, 0.995770275592804, 0.996944785118103, 0.9970985651016235, 0.99070805311203, 1.0111769437789917, 0.9880393743515015, 1.0210251808166504, 1.0141289234161377, 0.9971608519554138]]

Step 179:
  Date/Day: 180
  Action: [[0.08508679270744324, -0.06768796592950821, -0.07408769428730011, -0.0837269127368927, 0.014887450262904167, 0.07899311929941177, 0.09579937160015106, -0.01392737589776516, 0.019462306052446365, -0.08210162073373795, 0.05627002194523811, 0.007765189744532108, -0.06444793194532394, 0.09064679592847824, 0.04438155144453049, 0.019752688705921173, -0.02117922529578209, 0.03166438639163971, 0.058495085686445236, 0.012813735753297806, -0.06628364324569702, 0.013185219839215279, 0.0710395872592926, -0.013425303623080254, -0.06922684609889984, 0.11577670276165009, -0.061518143862485886, -0.08605464547872543, 0.04423081874847412]]
  Reward: -1.4613991975784302
  Account Value: None
  Done: False
  Policy Mean: [[0.08508679270744324, -0.06768796592950821, -0.07408769428730011, -0.0837269127368927, 0.014887450262904167, 0.07899311929941177, 0.09579937160015106, -0.01392737589776516, 0.019462306052446365, -0.08210162073373795, 0.05627002194523811, 0.007765189744532108, -0.06444793194532394, 0.09064679592847824, 0.04438155144453049, 0.019752688705921173, -0.02117922529578209, 0.03166438639163971, 0.058495085686445236, 0.012813735753297806, -0.06628364324569702, 0.013185219839215279, 0.0710395872592926, -0.013425303623080254, -0.06922684609889984, 0.11577670276165009, -0.061518143862485886, -0.08605464547872543, 0.04423081874847412]]
  Policy Std: [[1.0034284591674805, 0.976804256439209, 0.9804749488830566, 0.9932587146759033, 1.0121442079544067, 1.0039632320404053, 1.0009573698043823, 1.0025033950805664, 0.9955798983573914, 0.9826322197914124, 0.9936424493789673, 0.9887740015983582, 0.9989004135131836, 1.038902997970581, 0.9870384931564331, 1.0012420415878296, 0.9875728487968445, 0.9975731372833252, 0.998661994934082, 0.9784038066864014, 0.995770275592804, 0.996944785118103, 0.9970985651016235, 0.99070805311203, 1.0111769437789917, 0.9880393743515015, 1.0210251808166504, 1.0141289234161377, 0.9971608519554138]]

Step 180:
  Date/Day: 181
  Action: [[0.08552640676498413, -0.06796550750732422, -0.07444914430379868, -0.08399485051631927, 0.014864921569824219, 0.07928671687841415, 0.0960039347410202, -0.013977926224470139, 0.01947358250617981, -0.08238118141889572, 0.056455716490745544, 0.007663693279027939, -0.06464918702840805, 0.09104056656360626, 0.04444734752178192, 0.019866058602929115, -0.021140623837709427, 0.031885504722595215, 0.05866057798266411, 0.012812865898013115, -0.06651246547698975, 0.013236349448561668, 0.07129025459289551, -0.013523032888770103, -0.0695178359746933, 0.11610524356365204, -0.061600860208272934, -0.08634711802005768, 0.04439677298069]]
  Reward: 1.0280085802078247
  Account Value: None
  Done: False
  Policy Mean: [[0.08552640676498413, -0.06796550750732422, -0.07444914430379868, -0.08399485051631927, 0.014864921569824219, 0.07928671687841415, 0.0960039347410202, -0.013977926224470139, 0.01947358250617981, -0.08238118141889572, 0.056455716490745544, 0.007663693279027939, -0.06464918702840805, 0.09104056656360626, 0.04444734752178192, 0.019866058602929115, -0.021140623837709427, 0.031885504722595215, 0.05866057798266411, 0.012812865898013115, -0.06651246547698975, 0.013236349448561668, 0.07129025459289551, -0.013523032888770103, -0.0695178359746933, 0.11610524356365204, -0.061600860208272934, -0.08634711802005768, 0.04439677298069]]
  Policy Std: [[1.0034284591674805, 0.976804256439209, 0.9804749488830566, 0.9932587146759033, 1.0121442079544067, 1.0039632320404053, 1.0009573698043823, 1.0025033950805664, 0.9955798983573914, 0.9826322197914124, 0.9936424493789673, 0.9887740015983582, 0.9989004135131836, 1.038902997970581, 0.9870384931564331, 1.0012420415878296, 0.9875728487968445, 0.9975731372833252, 0.998661994934082, 0.9784038066864014, 0.995770275592804, 0.996944785118103, 0.9970985651016235, 0.99070805311203, 1.0111769437789917, 0.9880393743515015, 1.0210251808166504, 1.0141289234161377, 0.9971608519554138]]

Step 181:
  Date/Day: 182
  Action: [[0.08552905917167664, -0.06796790659427643, -0.07445187121629715, -0.08400177210569382, 0.014868052676320076, 0.07928816229104996, 0.09600405395030975, -0.013980472460389137, 0.019472021609544754, -0.08238436281681061, 0.05645524337887764, 0.007659148424863815, -0.06465121358633041, 0.0910453051328659, 0.044445354491472244, 0.019863290712237358, -0.02113914117217064, 0.03188849240541458, 0.05865618586540222, 0.012813206762075424, -0.06651457399129868, 0.013239207677543163, 0.07129205018281937, -0.013523914851248264, -0.06951703876256943, 0.116102434694767, -0.06159910932183266, -0.08634667098522186, 0.04439441114664078]]
  Reward: -0.31173792481422424
  Account Value: None
  Done: False
  Policy Mean: [[0.08552905917167664, -0.06796790659427643, -0.07445187121629715, -0.08400177210569382, 0.014868052676320076, 0.07928816229104996, 0.09600405395030975, -0.013980472460389137, 0.019472021609544754, -0.08238436281681061, 0.05645524337887764, 0.007659148424863815, -0.06465121358633041, 0.0910453051328659, 0.044445354491472244, 0.019863290712237358, -0.02113914117217064, 0.03188849240541458, 0.05865618586540222, 0.012813206762075424, -0.06651457399129868, 0.013239207677543163, 0.07129205018281937, -0.013523914851248264, -0.06951703876256943, 0.116102434694767, -0.06159910932183266, -0.08634667098522186, 0.04439441114664078]]
  Policy Std: [[1.0034284591674805, 0.976804256439209, 0.9804749488830566, 0.9932587146759033, 1.0121442079544067, 1.0039632320404053, 1.0009573698043823, 1.0025033950805664, 0.9955798983573914, 0.9826322197914124, 0.9936424493789673, 0.9887740015983582, 0.9989004135131836, 1.038902997970581, 0.9870384931564331, 1.0012420415878296, 0.9875728487968445, 0.9975731372833252, 0.998661994934082, 0.9784038066864014, 0.995770275592804, 0.996944785118103, 0.9970985651016235, 0.99070805311203, 1.0111769437789917, 0.9880393743515015, 1.0210251808166504, 1.0141289234161377, 0.9971608519554138]]

Step 182:
  Date/Day: 183
  Action: [[0.08436638116836548, -0.06751877069473267, -0.07384953647851944, -0.08769211173057556, 0.017742490395903587, 0.07637771964073181, 0.09045800566673279, -0.0153132863342762, 0.016344014555215836, -0.08207017928361893, 0.05229013040661812, 0.0003098975867033005, -0.062453195452690125, 0.09205402433872223, 0.03828823193907738, 0.014413101598620415, -0.017337363213300705, 0.034134428948163986, 0.048340704292058945, 0.01143835112452507, -0.06489961594343185, 0.015511165373027325, 0.06899386644363403, -0.013847011141479015, -0.06591080129146576, 0.10460978001356125, -0.055408116430044174, -0.08048611134290695, 0.038776494562625885]]
  Reward: -0.46503952145576477
  Account Value: None
  Done: False
  Policy Mean: [[0.08436638116836548, -0.06751877069473267, -0.07384953647851944, -0.08769211173057556, 0.017742490395903587, 0.07637771964073181, 0.09045800566673279, -0.0153132863342762, 0.016344014555215836, -0.08207017928361893, 0.05229013040661812, 0.0003098975867033005, -0.062453195452690125, 0.09205402433872223, 0.03828823193907738, 0.014413101598620415, -0.017337363213300705, 0.034134428948163986, 0.048340704292058945, 0.01143835112452507, -0.06489961594343185, 0.015511165373027325, 0.06899386644363403, -0.013847011141479015, -0.06591080129146576, 0.10460978001356125, -0.055408116430044174, -0.08048611134290695, 0.038776494562625885]]
  Policy Std: [[1.0034284591674805, 0.976804256439209, 0.9804749488830566, 0.9932587146759033, 1.0121442079544067, 1.0039632320404053, 1.0009573698043823, 1.0025033950805664, 0.9955798983573914, 0.9826322197914124, 0.9936424493789673, 0.9887740015983582, 0.9989004135131836, 1.038902997970581, 0.9870384931564331, 1.0012420415878296, 0.9875728487968445, 0.9975731372833252, 0.998661994934082, 0.9784038066864014, 0.995770275592804, 0.996944785118103, 0.9970985651016235, 0.99070805311203, 1.0111769437789917, 0.9880393743515015, 1.0210251808166504, 1.0141289234161377, 0.9971608519554138]]

Step 183:
  Date/Day: 184
  Action: [[0.08439783751964569, -0.067483089864254, -0.07366938143968582, -0.08769575506448746, 0.017511500045657158, 0.07602853327989578, 0.08980022370815277, -0.01522350125014782, 0.016058333218097687, -0.0821404755115509, 0.05192559212446213, -0.00045067304745316505, -0.06225934624671936, 0.09197843819856644, 0.03748968616127968, 0.014507170766592026, -0.016673162579536438, 0.03419675678014755, 0.04750873148441315, 0.011477217078208923, -0.06514669209718704, 0.01572262868285179, 0.0685935765504837, -0.014112737961113453, -0.06534820050001144, 0.10379686951637268, -0.05469712242484093, -0.08015048503875732, 0.03865744173526764]]
  Reward: 0.2878067195415497
  Account Value: None
  Done: False
  Policy Mean: [[0.08439783751964569, -0.067483089864254, -0.07366938143968582, -0.08769575506448746, 0.017511500045657158, 0.07602853327989578, 0.08980022370815277, -0.01522350125014782, 0.016058333218097687, -0.0821404755115509, 0.05192559212446213, -0.00045067304745316505, -0.06225934624671936, 0.09197843819856644, 0.03748968616127968, 0.014507170766592026, -0.016673162579536438, 0.03419675678014755, 0.04750873148441315, 0.011477217078208923, -0.06514669209718704, 0.01572262868285179, 0.0685935765504837, -0.014112737961113453, -0.06534820050001144, 0.10379686951637268, -0.05469712242484093, -0.08015048503875732, 0.03865744173526764]]
  Policy Std: [[1.0034284591674805, 0.976804256439209, 0.9804749488830566, 0.9932587146759033, 1.0121442079544067, 1.0039632320404053, 1.0009573698043823, 1.0025033950805664, 0.9955798983573914, 0.9826322197914124, 0.9936424493789673, 0.9887740015983582, 0.9989004135131836, 1.038902997970581, 0.9870384931564331, 1.0012420415878296, 0.9875728487968445, 0.9975731372833252, 0.998661994934082, 0.9784038066864014, 0.995770275592804, 0.996944785118103, 0.9970985651016235, 0.99070805311203, 1.0111769437789917, 0.9880393743515015, 1.0210251808166504, 1.0141289234161377, 0.9971608519554138]]

Step 184:
  Date/Day: 185
  Action: [[0.0834718719124794, -0.07295391708612442, -0.0815892219543457, -0.09695141017436981, 0.029172152280807495, 0.09064744412899017, 0.12705391645431519, -0.015465253964066505, 0.031286630779504776, -0.08629760891199112, 0.06107918545603752, 0.020244790241122246, -0.08522700518369675, 0.10230706632137299, 0.06280388683080673, 0.022388774901628494, -0.021193286404013634, 0.023922782391309738, 0.07254360616207123, 0.02164950594305992, -0.07561853528022766, 0.02181527018547058, 0.08399301767349243, -0.014825609512627125, -0.08272938430309296, 0.1476479470729828, -0.07573926448822021, -0.08461716771125793, 0.04653571546077728]]
  Reward: 2.2080118656158447
  Account Value: None
  Done: False
  Policy Mean: [[0.0834718719124794, -0.07295391708612442, -0.0815892219543457, -0.09695141017436981, 0.029172152280807495, 0.09064744412899017, 0.12705391645431519, -0.015465253964066505, 0.031286630779504776, -0.08629760891199112, 0.06107918545603752, 0.020244790241122246, -0.08522700518369675, 0.10230706632137299, 0.06280388683080673, 0.022388774901628494, -0.021193286404013634, 0.023922782391309738, 0.07254360616207123, 0.02164950594305992, -0.07561853528022766, 0.02181527018547058, 0.08399301767349243, -0.014825609512627125, -0.08272938430309296, 0.1476479470729828, -0.07573926448822021, -0.08461716771125793, 0.04653571546077728]]
  Policy Std: [[1.0034284591674805, 0.976804256439209, 0.9804749488830566, 0.9932587146759033, 1.0121442079544067, 1.0039632320404053, 1.0009573698043823, 1.0025033950805664, 0.9955798983573914, 0.9826322197914124, 0.9936424493789673, 0.9887740015983582, 0.9989004135131836, 1.038902997970581, 0.9870384931564331, 1.0012420415878296, 0.9875728487968445, 0.9975731372833252, 0.998661994934082, 0.9784038066864014, 0.995770275592804, 0.996944785118103, 0.9970985651016235, 0.99070805311203, 1.0111769437789917, 0.9880393743515015, 1.0210251808166504, 1.0141289234161377, 0.9971608519554138]]

Step 185:
  Date/Day: 186
  Action: [[0.09159531444311142, -0.07519975304603577, -0.07904405891895294, -0.09598276019096375, 0.020523298531770706, 0.08593650907278061, 0.10752178728580475, -0.01490428764373064, 0.023096561431884766, -0.09031706303358078, 0.055938806384801865, 0.003621273674070835, -0.07724452018737793, 0.10374392569065094, 0.04600176587700844, 0.02046116627752781, -0.012156018055975437, 0.02959585003554821, 0.054317619651556015, 0.016793906688690186, -0.07508453726768494, 0.02058025449514389, 0.07342823594808578, -0.019377410411834717, -0.07529906928539276, 0.12681318819522858, -0.06125786527991295, -0.08466772735118866, 0.04595275968313217]]
  Reward: 0.40762969851493835
  Account Value: None
  Done: False
  Policy Mean: [[0.09159531444311142, -0.07519975304603577, -0.07904405891895294, -0.09598276019096375, 0.020523298531770706, 0.08593650907278061, 0.10752178728580475, -0.01490428764373064, 0.023096561431884766, -0.09031706303358078, 0.055938806384801865, 0.003621273674070835, -0.07724452018737793, 0.10374392569065094, 0.04600176587700844, 0.02046116627752781, -0.012156018055975437, 0.02959585003554821, 0.054317619651556015, 0.016793906688690186, -0.07508453726768494, 0.02058025449514389, 0.07342823594808578, -0.019377410411834717, -0.07529906928539276, 0.12681318819522858, -0.06125786527991295, -0.08466772735118866, 0.04595275968313217]]
  Policy Std: [[1.0034284591674805, 0.976804256439209, 0.9804749488830566, 0.9932587146759033, 1.0121442079544067, 1.0039632320404053, 1.0009573698043823, 1.0025033950805664, 0.9955798983573914, 0.9826322197914124, 0.9936424493789673, 0.9887740015983582, 0.9989004135131836, 1.038902997970581, 0.9870384931564331, 1.0012420415878296, 0.9875728487968445, 0.9975731372833252, 0.998661994934082, 0.9784038066864014, 0.995770275592804, 0.996944785118103, 0.9970985651016235, 0.99070805311203, 1.0111769437789917, 0.9880393743515015, 1.0210251808166504, 1.0141289234161377, 0.9971608519554138]]

Step 186:
  Date/Day: 187
  Action: [[0.10120703279972076, -0.0800565704703331, -0.08789294958114624, -0.1037086620926857, 0.018550211563706398, 0.08902088552713394, 0.10278275609016418, -0.01668507792055607, 0.014018449932336807, -0.09874150902032852, 0.05694469064474106, -0.012076929211616516, -0.08440123498439789, 0.10578595101833344, 0.03553956747055054, 0.01744537241756916, -0.0087205171585083, 0.031422488391399384, 0.046993985772132874, 0.011998219415545464, -0.0776488184928894, 0.02188677340745926, 0.072419673204422, -0.01611516997218132, -0.07346745580434799, 0.1218370869755745, -0.057954322546720505, -0.09310470521450043, 0.04802121967077255]]
  Reward: -0.6952743530273438
  Account Value: None
  Done: False
  Policy Mean: [[0.10120703279972076, -0.0800565704703331, -0.08789294958114624, -0.1037086620926857, 0.018550211563706398, 0.08902088552713394, 0.10278275609016418, -0.01668507792055607, 0.014018449932336807, -0.09874150902032852, 0.05694469064474106, -0.012076929211616516, -0.08440123498439789, 0.10578595101833344, 0.03553956747055054, 0.01744537241756916, -0.0087205171585083, 0.031422488391399384, 0.046993985772132874, 0.011998219415545464, -0.0776488184928894, 0.02188677340745926, 0.072419673204422, -0.01611516997218132, -0.07346745580434799, 0.1218370869755745, -0.057954322546720505, -0.09310470521450043, 0.04802121967077255]]
  Policy Std: [[1.0034284591674805, 0.976804256439209, 0.9804749488830566, 0.9932587146759033, 1.0121442079544067, 1.0039632320404053, 1.0009573698043823, 1.0025033950805664, 0.9955798983573914, 0.9826322197914124, 0.9936424493789673, 0.9887740015983582, 0.9989004135131836, 1.038902997970581, 0.9870384931564331, 1.0012420415878296, 0.9875728487968445, 0.9975731372833252, 0.998661994934082, 0.9784038066864014, 0.995770275592804, 0.996944785118103, 0.9970985651016235, 0.99070805311203, 1.0111769437789917, 0.9880393743515015, 1.0210251808166504, 1.0141289234161377, 0.9971608519554138]]

Step 187:
  Date/Day: 188
  Action: [[0.0886610746383667, -0.07064942270517349, -0.07485193759202957, -0.08977355808019638, 0.017710935324430466, 0.07711955159902573, 0.09442496299743652, -0.014403772540390491, 0.013860557228326797, -0.08792117983102798, 0.04737825319170952, -0.009100543335080147, -0.07474193722009659, 0.09498552232980728, 0.0318191833794117, 0.014625025913119316, -0.008622096851468086, 0.026717113330960274, 0.040851980447769165, 0.011486586183309555, -0.06839046627283096, 0.01898605190217495, 0.06295552849769592, -0.01373367104679346, -0.06485903263092041, 0.10660821199417114, -0.05144908279180527, -0.08181522786617279, 0.044072143733501434]]
  Reward: 0.06586048752069473
  Account Value: None
  Done: False
  Policy Mean: [[0.0886610746383667, -0.07064942270517349, -0.07485193759202957, -0.08977355808019638, 0.017710935324430466, 0.07711955159902573, 0.09442496299743652, -0.014403772540390491, 0.013860557228326797, -0.08792117983102798, 0.04737825319170952, -0.009100543335080147, -0.07474193722009659, 0.09498552232980728, 0.0318191833794117, 0.014625025913119316, -0.008622096851468086, 0.026717113330960274, 0.040851980447769165, 0.011486586183309555, -0.06839046627283096, 0.01898605190217495, 0.06295552849769592, -0.01373367104679346, -0.06485903263092041, 0.10660821199417114, -0.05144908279180527, -0.08181522786617279, 0.044072143733501434]]
  Policy Std: [[1.0034284591674805, 0.976804256439209, 0.9804749488830566, 0.9932587146759033, 1.0121442079544067, 1.0039632320404053, 1.0009573698043823, 1.0025033950805664, 0.9955798983573914, 0.9826322197914124, 0.9936424493789673, 0.9887740015983582, 0.9989004135131836, 1.038902997970581, 0.9870384931564331, 1.0012420415878296, 0.9875728487968445, 0.9975731372833252, 0.998661994934082, 0.9784038066864014, 0.995770275592804, 0.996944785118103, 0.9970985651016235, 0.99070805311203, 1.0111769437789917, 0.9880393743515015, 1.0210251808166504, 1.0141289234161377, 0.9971608519554138]]

Step 188:
  Date/Day: 189
  Action: [[0.09178616106510162, -0.07534042745828629, -0.07921198755502701, -0.09614835679531097, 0.020510364323854446, 0.08616291731595993, 0.10786134004592896, -0.01494268886744976, 0.023211432620882988, -0.09047853201627731, 0.056164149194955826, 0.003800695762038231, -0.07749661803245544, 0.10392789542675018, 0.04624475911259651, 0.02062004804611206, -0.012236347422003746, 0.029604053124785423, 0.05467769503593445, 0.016893889755010605, -0.07529759407043457, 0.020605605095624924, 0.07364736497402191, -0.019423848018050194, -0.07552672922611237, 0.12736333906650543, -0.06152493134140968, -0.08494968712329865, 0.04615764319896698]]
  Reward: 1.2803142070770264
  Account Value: None
  Done: False
  Policy Mean: [[0.09178616106510162, -0.07534042745828629, -0.07921198755502701, -0.09614835679531097, 0.020510364323854446, 0.08616291731595993, 0.10786134004592896, -0.01494268886744976, 0.023211432620882988, -0.09047853201627731, 0.056164149194955826, 0.003800695762038231, -0.07749661803245544, 0.10392789542675018, 0.04624475911259651, 0.02062004804611206, -0.012236347422003746, 0.029604053124785423, 0.05467769503593445, 0.016893889755010605, -0.07529759407043457, 0.020605605095624924, 0.07364736497402191, -0.019423848018050194, -0.07552672922611237, 0.12736333906650543, -0.06152493134140968, -0.08494968712329865, 0.04615764319896698]]
  Policy Std: [[1.0034284591674805, 0.976804256439209, 0.9804749488830566, 0.9932587146759033, 1.0121442079544067, 1.0039632320404053, 1.0009573698043823, 1.0025033950805664, 0.9955798983573914, 0.9826322197914124, 0.9936424493789673, 0.9887740015983582, 0.9989004135131836, 1.038902997970581, 0.9870384931564331, 1.0012420415878296, 0.9875728487968445, 0.9975731372833252, 0.998661994934082, 0.9784038066864014, 0.995770275592804, 0.996944785118103, 0.9970985651016235, 0.99070805311203, 1.0111769437789917, 0.9880393743515015, 1.0210251808166504, 1.0141289234161377, 0.9971608519554138]]

Step 189:
  Date/Day: 190
  Action: [[0.09159456193447113, -0.07519923150539398, -0.07904323935508728, -0.09598197042942047, 0.020523281767964363, 0.08593591302633286, 0.10752160847187042, -0.014904066920280457, 0.02309669740498066, -0.09031645208597183, 0.055938296020030975, 0.0036215893924236298, -0.07724422961473465, 0.10374337434768677, 0.04600172117352486, 0.020461158826947212, -0.01215592585504055, 0.02959531359374523, 0.0543174147605896, 0.01679404079914093, -0.07508411258459091, 0.02058013156056404, 0.07342761009931564, -0.01937735825777054, -0.07529868185520172, 0.12681278586387634, -0.06125761196017265, -0.08466712385416031, 0.045952729880809784]]
  Reward: 1.708574652671814
  Account Value: None
  Done: False
  Policy Mean: [[0.09159456193447113, -0.07519923150539398, -0.07904323935508728, -0.09598197042942047, 0.020523281767964363, 0.08593591302633286, 0.10752160847187042, -0.014904066920280457, 0.02309669740498066, -0.09031645208597183, 0.055938296020030975, 0.0036215893924236298, -0.07724422961473465, 0.10374337434768677, 0.04600172117352486, 0.020461158826947212, -0.01215592585504055, 0.02959531359374523, 0.0543174147605896, 0.01679404079914093, -0.07508411258459091, 0.02058013156056404, 0.07342761009931564, -0.01937735825777054, -0.07529868185520172, 0.12681278586387634, -0.06125761196017265, -0.08466712385416031, 0.045952729880809784]]
  Policy Std: [[1.0034284591674805, 0.976804256439209, 0.9804749488830566, 0.9932587146759033, 1.0121442079544067, 1.0039632320404053, 1.0009573698043823, 1.0025033950805664, 0.9955798983573914, 0.9826322197914124, 0.9936424493789673, 0.9887740015983582, 0.9989004135131836, 1.038902997970581, 0.9870384931564331, 1.0012420415878296, 0.9875728487968445, 0.9975731372833252, 0.998661994934082, 0.9784038066864014, 0.995770275592804, 0.996944785118103, 0.9970985651016235, 0.99070805311203, 1.0111769437789917, 0.9880393743515015, 1.0210251808166504, 1.0141289234161377, 0.9971608519554138]]

Step 190:
  Date/Day: 191
  Action: [[0.09834810346364975, -0.07727289944887161, -0.08212132751941681, -0.10100535303354263, 0.016217663884162903, 0.08190099895000458, 0.10272423923015594, -0.015474889427423477, 0.007692205253988504, -0.09644417464733124, 0.05479114502668381, -0.016102349385619164, -0.09282375127077103, 0.10450880974531174, 0.027989856898784637, 0.013575317338109016, 0.0010046586394309998, 0.027009256184101105, 0.0421980619430542, 0.011267208494246006, -0.08059222996234894, 0.025343041867017746, 0.0699252262711525, -0.016005342826247215, -0.07282081246376038, 0.12232634425163269, -0.05280320718884468, -0.08922358602285385, 0.0539034903049469]]
  Reward: -0.06247487664222717
  Account Value: None
  Done: False
  Policy Mean: [[0.09834810346364975, -0.07727289944887161, -0.08212132751941681, -0.10100535303354263, 0.016217663884162903, 0.08190099895000458, 0.10272423923015594, -0.015474889427423477, 0.007692205253988504, -0.09644417464733124, 0.05479114502668381, -0.016102349385619164, -0.09282375127077103, 0.10450880974531174, 0.027989856898784637, 0.013575317338109016, 0.0010046586394309998, 0.027009256184101105, 0.0421980619430542, 0.011267208494246006, -0.08059222996234894, 0.025343041867017746, 0.0699252262711525, -0.016005342826247215, -0.07282081246376038, 0.12232634425163269, -0.05280320718884468, -0.08922358602285385, 0.0539034903049469]]
  Policy Std: [[1.0034284591674805, 0.976804256439209, 0.9804749488830566, 0.9932587146759033, 1.0121442079544067, 1.0039632320404053, 1.0009573698043823, 1.0025033950805664, 0.9955798983573914, 0.9826322197914124, 0.9936424493789673, 0.9887740015983582, 0.9989004135131836, 1.038902997970581, 0.9870384931564331, 1.0012420415878296, 0.9875728487968445, 0.9975731372833252, 0.998661994934082, 0.9784038066864014, 0.995770275592804, 0.996944785118103, 0.9970985651016235, 0.99070805311203, 1.0111769437789917, 0.9880393743515015, 1.0210251808166504, 1.0141289234161377, 0.9971608519554138]]

Step 191:
  Date/Day: 192
  Action: [[0.10979638993740082, -0.08909280598163605, -0.0952058956027031, -0.11713415384292603, 0.01946891099214554, 0.10025888681411743, 0.12659332156181335, -0.016754694283008575, 0.018280796706676483, -0.10662973672151566, 0.06989084929227829, -0.002963612787425518, -0.10594916343688965, 0.1244104653596878, 0.04662727937102318, 0.023459898307919502, -0.0007880218327045441, 0.033288128674030304, 0.061159633100032806, 0.01961427554488182, -0.09733541309833527, 0.030567876994609833, 0.08842603862285614, -0.025134490802884102, -0.09084384143352509, 0.1575375646352768, -0.06765718013048172, -0.09891220182180405, 0.05988297611474991]]
  Reward: 0.1812596321105957
  Account Value: None
  Done: False
  Policy Mean: [[0.10979638993740082, -0.08909280598163605, -0.0952058956027031, -0.11713415384292603, 0.01946891099214554, 0.10025888681411743, 0.12659332156181335, -0.016754694283008575, 0.018280796706676483, -0.10662973672151566, 0.06989084929227829, -0.002963612787425518, -0.10594916343688965, 0.1244104653596878, 0.04662727937102318, 0.023459898307919502, -0.0007880218327045441, 0.033288128674030304, 0.061159633100032806, 0.01961427554488182, -0.09733541309833527, 0.030567876994609833, 0.08842603862285614, -0.025134490802884102, -0.09084384143352509, 0.1575375646352768, -0.06765718013048172, -0.09891220182180405, 0.05988297611474991]]
  Policy Std: [[1.0034284591674805, 0.976804256439209, 0.9804749488830566, 0.9932587146759033, 1.0121442079544067, 1.0039632320404053, 1.0009573698043823, 1.0025033950805664, 0.9955798983573914, 0.9826322197914124, 0.9936424493789673, 0.9887740015983582, 0.9989004135131836, 1.038902997970581, 0.9870384931564331, 1.0012420415878296, 0.9875728487968445, 0.9975731372833252, 0.998661994934082, 0.9784038066864014, 0.995770275592804, 0.996944785118103, 0.9970985651016235, 0.99070805311203, 1.0111769437789917, 0.9880393743515015, 1.0210251808166504, 1.0141289234161377, 0.9971608519554138]]

Step 192:
  Date/Day: 193
  Action: [[0.09893780201673508, -0.07784552127122879, -0.0827694684267044, -0.10174527019262314, 0.016400940716266632, 0.08288717269897461, 0.10397997498512268, -0.015575496479868889, 0.008444562554359436, -0.0969063863158226, 0.05560224875807762, -0.015191460028290749, -0.09333685785531998, 0.10542894899845123, 0.02918514981865883, 0.014214614406228065, 0.0006436621770262718, 0.02730809710919857, 0.0434272438287735, 0.011739162728190422, -0.08135989308357239, 0.025458741933107376, 0.07089677453041077, -0.016420535743236542, -0.07374216616153717, 0.12422328442335129, -0.05376454070210457, -0.08984379470348358, 0.05422946810722351]]
  Reward: 0.6692366003990173
  Account Value: None
  Done: False
  Policy Mean: [[0.09893780201673508, -0.07784552127122879, -0.0827694684267044, -0.10174527019262314, 0.016400940716266632, 0.08288717269897461, 0.10397997498512268, -0.015575496479868889, 0.008444562554359436, -0.0969063863158226, 0.05560224875807762, -0.015191460028290749, -0.09333685785531998, 0.10542894899845123, 0.02918514981865883, 0.014214614406228065, 0.0006436621770262718, 0.02730809710919857, 0.0434272438287735, 0.011739162728190422, -0.08135989308357239, 0.025458741933107376, 0.07089677453041077, -0.016420535743236542, -0.07374216616153717, 0.12422328442335129, -0.05376454070210457, -0.08984379470348358, 0.05422946810722351]]
  Policy Std: [[1.0034284591674805, 0.976804256439209, 0.9804749488830566, 0.9932587146759033, 1.0121442079544067, 1.0039632320404053, 1.0009573698043823, 1.0025033950805664, 0.9955798983573914, 0.9826322197914124, 0.9936424493789673, 0.9887740015983582, 0.9989004135131836, 1.038902997970581, 0.9870384931564331, 1.0012420415878296, 0.9875728487968445, 0.9975731372833252, 0.998661994934082, 0.9784038066864014, 0.995770275592804, 0.996944785118103, 0.9970985651016235, 0.99070805311203, 1.0111769437789917, 0.9880393743515015, 1.0210251808166504, 1.0141289234161377, 0.9971608519554138]]

Step 193:
  Date/Day: 194
  Action: [[0.0961604192852974, -0.07558882981538773, -0.08101101219654083, -0.09499883651733398, 0.017379773780703545, 0.08506497740745544, 0.10562583804130554, -0.01496976613998413, 0.01723143458366394, -0.09239599853754044, 0.056393906474113464, -0.002718818373978138, -0.08470882475376129, 0.10066293179988861, 0.041312698274850845, 0.02103102020919323, -0.010894754901528358, 0.028138063848018646, 0.054593440145254135, 0.014267573133111, -0.07663344591856003, 0.01941182091832161, 0.07246367633342743, -0.014645824208855629, -0.07444854825735092, 0.12861575186252594, -0.06136847287416458, -0.09183628857135773, 0.051730215549468994]]
  Reward: 1.330444097518921
  Account Value: None
  Done: False
  Policy Mean: [[0.0961604192852974, -0.07558882981538773, -0.08101101219654083, -0.09499883651733398, 0.017379773780703545, 0.08506497740745544, 0.10562583804130554, -0.01496976613998413, 0.01723143458366394, -0.09239599853754044, 0.056393906474113464, -0.002718818373978138, -0.08470882475376129, 0.10066293179988861, 0.041312698274850845, 0.02103102020919323, -0.010894754901528358, 0.028138063848018646, 0.054593440145254135, 0.014267573133111, -0.07663344591856003, 0.01941182091832161, 0.07246367633342743, -0.014645824208855629, -0.07444854825735092, 0.12861575186252594, -0.06136847287416458, -0.09183628857135773, 0.051730215549468994]]
  Policy Std: [[1.0034284591674805, 0.976804256439209, 0.9804749488830566, 0.9932587146759033, 1.0121442079544067, 1.0039632320404053, 1.0009573698043823, 1.0025033950805664, 0.9955798983573914, 0.9826322197914124, 0.9936424493789673, 0.9887740015983582, 0.9989004135131836, 1.038902997970581, 0.9870384931564331, 1.0012420415878296, 0.9875728487968445, 0.9975731372833252, 0.998661994934082, 0.9784038066864014, 0.995770275592804, 0.996944785118103, 0.9970985651016235, 0.99070805311203, 1.0111769437789917, 0.9880393743515015, 1.0210251808166504, 1.0141289234161377, 0.9971608519554138]]

Step 194:
  Date/Day: 195
  Action: [[0.05281617492437363, -0.04677869379520416, -0.046622440218925476, -0.06761497259140015, 0.020267173647880554, 0.05673456937074661, 0.08772586286067963, -0.009564791806042194, 0.01762068085372448, -0.06493761390447617, 0.036838237196207047, 0.00841335766017437, -0.06645914912223816, 0.06271882355213165, 0.034281425178050995, 0.010723937302827835, -0.01503314170986414, 0.004151427187025547, 0.038671720772981644, 0.015710867941379547, -0.05480745807290077, 0.01541237160563469, 0.04632176458835602, -0.003949848003685474, -0.0435633659362793, 0.09978526830673218, -0.05275208503007889, -0.06355253607034683, 0.03661087900400162]]
  Reward: -0.5500736832618713
  Account Value: None
  Done: False
  Policy Mean: [[0.05281617492437363, -0.04677869379520416, -0.046622440218925476, -0.06761497259140015, 0.020267173647880554, 0.05673456937074661, 0.08772586286067963, -0.009564791806042194, 0.01762068085372448, -0.06493761390447617, 0.036838237196207047, 0.00841335766017437, -0.06645914912223816, 0.06271882355213165, 0.034281425178050995, 0.010723937302827835, -0.01503314170986414, 0.004151427187025547, 0.038671720772981644, 0.015710867941379547, -0.05480745807290077, 0.01541237160563469, 0.04632176458835602, -0.003949848003685474, -0.0435633659362793, 0.09978526830673218, -0.05275208503007889, -0.06355253607034683, 0.03661087900400162]]
  Policy Std: [[1.0034284591674805, 0.976804256439209, 0.9804749488830566, 0.9932587146759033, 1.0121442079544067, 1.0039632320404053, 1.0009573698043823, 1.0025033950805664, 0.9955798983573914, 0.9826322197914124, 0.9936424493789673, 0.9887740015983582, 0.9989004135131836, 1.038902997970581, 0.9870384931564331, 1.0012420415878296, 0.9875728487968445, 0.9975731372833252, 0.998661994934082, 0.9784038066864014, 0.995770275592804, 0.996944785118103, 0.9970985651016235, 0.99070805311203, 1.0111769437789917, 0.9880393743515015, 1.0210251808166504, 1.0141289234161377, 0.9971608519554138]]

Step 195:
  Date/Day: 196
  Action: [[0.05281718820333481, -0.04678303748369217, -0.046627648174762726, -0.06762269884347916, 0.020271243527531624, 0.05674485117197037, 0.08774349093437195, -0.0095657454803586, 0.017630964517593384, -0.06494047492742538, 0.036849286407232285, 0.00843027699738741, -0.06646230071783066, 0.06272650510072708, 0.03430074080824852, 0.010728269815444946, -0.015042582526803017, 0.004151018336415291, 0.038691483438014984, 0.015717152506113052, -0.05481085926294327, 0.015411091037094593, 0.04633481800556183, -0.003953204490244389, -0.04357707500457764, 0.09980922937393188, -0.05276835337281227, -0.06355783343315125, 0.03661423549056053]]
  Reward: -0.033948685973882675
  Account Value: None
  Done: False
  Policy Mean: [[0.05281718820333481, -0.04678303748369217, -0.046627648174762726, -0.06762269884347916, 0.020271243527531624, 0.05674485117197037, 0.08774349093437195, -0.0095657454803586, 0.017630964517593384, -0.06494047492742538, 0.036849286407232285, 0.00843027699738741, -0.06646230071783066, 0.06272650510072708, 0.03430074080824852, 0.010728269815444946, -0.015042582526803017, 0.004151018336415291, 0.038691483438014984, 0.015717152506113052, -0.05481085926294327, 0.015411091037094593, 0.04633481800556183, -0.003953204490244389, -0.04357707500457764, 0.09980922937393188, -0.05276835337281227, -0.06355783343315125, 0.03661423549056053]]
  Policy Std: [[1.0034284591674805, 0.976804256439209, 0.9804749488830566, 0.9932587146759033, 1.0121442079544067, 1.0039632320404053, 1.0009573698043823, 1.0025033950805664, 0.9955798983573914, 0.9826322197914124, 0.9936424493789673, 0.9887740015983582, 0.9989004135131836, 1.038902997970581, 0.9870384931564331, 1.0012420415878296, 0.9875728487968445, 0.9975731372833252, 0.998661994934082, 0.9784038066864014, 0.995770275592804, 0.996944785118103, 0.9970985651016235, 0.99070805311203, 1.0111769437789917, 0.9880393743515015, 1.0210251808166504, 1.0141289234161377, 0.9971608519554138]]

Step 196:
  Date/Day: 197
  Action: [[0.0590209886431694, -0.05065099149942398, -0.06481309980154037, -0.0811159685254097, 0.0312984436750412, 0.07568982243537903, 0.11946649849414825, -0.01166841946542263, 0.02980085089802742, -0.07113681733608246, 0.054772790521383286, 0.030488450080156326, -0.07797098904848099, 0.08150774240493774, 0.06380335241556168, 0.017546221613883972, -0.026539139449596405, 0.009582990780472755, 0.06895269453525543, 0.029207799583673477, -0.06532615423202515, 0.01639004610478878, 0.06961698830127716, -0.00484007503837347, -0.06539680808782578, 0.1482221484184265, -0.07795216143131256, -0.0743669643998146, 0.043124958872795105]]
  Reward: -0.43346187472343445
  Account Value: None
  Done: False
  Policy Mean: [[0.0590209886431694, -0.05065099149942398, -0.06481309980154037, -0.0811159685254097, 0.0312984436750412, 0.07568982243537903, 0.11946649849414825, -0.01166841946542263, 0.02980085089802742, -0.07113681733608246, 0.054772790521383286, 0.030488450080156326, -0.07797098904848099, 0.08150774240493774, 0.06380335241556168, 0.017546221613883972, -0.026539139449596405, 0.009582990780472755, 0.06895269453525543, 0.029207799583673477, -0.06532615423202515, 0.01639004610478878, 0.06961698830127716, -0.00484007503837347, -0.06539680808782578, 0.1482221484184265, -0.07795216143131256, -0.0743669643998146, 0.043124958872795105]]
  Policy Std: [[1.0034284591674805, 0.976804256439209, 0.9804749488830566, 0.9932587146759033, 1.0121442079544067, 1.0039632320404053, 1.0009573698043823, 1.0025033950805664, 0.9955798983573914, 0.9826322197914124, 0.9936424493789673, 0.9887740015983582, 0.9989004135131836, 1.038902997970581, 0.9870384931564331, 1.0012420415878296, 0.9875728487968445, 0.9975731372833252, 0.998661994934082, 0.9784038066864014, 0.995770275592804, 0.996944785118103, 0.9970985651016235, 0.99070805311203, 1.0111769437789917, 0.9880393743515015, 1.0210251808166504, 1.0141289234161377, 0.9971608519554138]]

Step 197:
  Date/Day: 198
  Action: [[0.0590209886431694, -0.05065099149942398, -0.06481309980154037, -0.0811159685254097, 0.0312984436750412, 0.07568982243537903, 0.11946649849414825, -0.01166841946542263, 0.02980085089802742, -0.07113681733608246, 0.054772790521383286, 0.030488450080156326, -0.07797098904848099, 0.08150774240493774, 0.06380335241556168, 0.017546221613883972, -0.026539139449596405, 0.009582990780472755, 0.06895269453525543, 0.029207799583673477, -0.06532615423202515, 0.01639004610478878, 0.06961698830127716, -0.00484007503837347, -0.06539680808782578, 0.1482221484184265, -0.07795216143131256, -0.0743669643998146, 0.043124958872795105]]
  Reward: 1.44306480884552
  Account Value: None
  Done: False
  Policy Mean: [[0.0590209886431694, -0.05065099149942398, -0.06481309980154037, -0.0811159685254097, 0.0312984436750412, 0.07568982243537903, 0.11946649849414825, -0.01166841946542263, 0.02980085089802742, -0.07113681733608246, 0.054772790521383286, 0.030488450080156326, -0.07797098904848099, 0.08150774240493774, 0.06380335241556168, 0.017546221613883972, -0.026539139449596405, 0.009582990780472755, 0.06895269453525543, 0.029207799583673477, -0.06532615423202515, 0.01639004610478878, 0.06961698830127716, -0.00484007503837347, -0.06539680808782578, 0.1482221484184265, -0.07795216143131256, -0.0743669643998146, 0.043124958872795105]]
  Policy Std: [[1.0034284591674805, 0.976804256439209, 0.9804749488830566, 0.9932587146759033, 1.0121442079544067, 1.0039632320404053, 1.0009573698043823, 1.0025033950805664, 0.9955798983573914, 0.9826322197914124, 0.9936424493789673, 0.9887740015983582, 0.9989004135131836, 1.038902997970581, 0.9870384931564331, 1.0012420415878296, 0.9875728487968445, 0.9975731372833252, 0.998661994934082, 0.9784038066864014, 0.995770275592804, 0.996944785118103, 0.9970985651016235, 0.99070805311203, 1.0111769437789917, 0.9880393743515015, 1.0210251808166504, 1.0141289234161377, 0.9971608519554138]]

Step 198:
  Date/Day: 199
  Action: [[0.0590209886431694, -0.05065099149942398, -0.06481309980154037, -0.0811159685254097, 0.0312984436750412, 0.07568982243537903, 0.11946649849414825, -0.01166841946542263, 0.02980085089802742, -0.07113681733608246, 0.054772790521383286, 0.030488450080156326, -0.07797098904848099, 0.08150774240493774, 0.06380335241556168, 0.017546221613883972, -0.026539139449596405, 0.009582990780472755, 0.06895269453525543, 0.029207799583673477, -0.06532615423202515, 0.01639004610478878, 0.06961698830127716, -0.00484007503837347, -0.06539680808782578, 0.1482221484184265, -0.07795216143131256, -0.0743669643998146, 0.043124958872795105]]
  Reward: 0.5353991985321045
  Account Value: None
  Done: False
  Policy Mean: [[0.0590209886431694, -0.05065099149942398, -0.06481309980154037, -0.0811159685254097, 0.0312984436750412, 0.07568982243537903, 0.11946649849414825, -0.01166841946542263, 0.02980085089802742, -0.07113681733608246, 0.054772790521383286, 0.030488450080156326, -0.07797098904848099, 0.08150774240493774, 0.06380335241556168, 0.017546221613883972, -0.026539139449596405, 0.009582990780472755, 0.06895269453525543, 0.029207799583673477, -0.06532615423202515, 0.01639004610478878, 0.06961698830127716, -0.00484007503837347, -0.06539680808782578, 0.1482221484184265, -0.07795216143131256, -0.0743669643998146, 0.043124958872795105]]
  Policy Std: [[1.0034284591674805, 0.976804256439209, 0.9804749488830566, 0.9932587146759033, 1.0121442079544067, 1.0039632320404053, 1.0009573698043823, 1.0025033950805664, 0.9955798983573914, 0.9826322197914124, 0.9936424493789673, 0.9887740015983582, 0.9989004135131836, 1.038902997970581, 0.9870384931564331, 1.0012420415878296, 0.9875728487968445, 0.9975731372833252, 0.998661994934082, 0.9784038066864014, 0.995770275592804, 0.996944785118103, 0.9970985651016235, 0.99070805311203, 1.0111769437789917, 0.9880393743515015, 1.0210251808166504, 1.0141289234161377, 0.9971608519554138]]

Step 199:
  Date/Day: 200
  Action: [[0.05648059397935867, -0.0480937659740448, -0.061843737959861755, -0.07724187523126602, 0.02906285971403122, 0.07115408033132553, 0.11259625852108002, -0.011762290261685848, 0.025897102430462837, -0.07024359703063965, 0.05019697919487953, 0.02560276910662651, -0.07424002140760422, 0.07669229060411453, 0.057800788432359695, 0.015037726610898972, -0.02654537558555603, 0.007463321089744568, 0.06322266906499863, 0.02713111788034439, -0.06131669133901596, 0.015041270293295383, 0.06424401700496674, -0.0017470282036811113, -0.05925566703081131, 0.13763931393623352, -0.0729403868317604, -0.07300092279911041, 0.04202686995267868]]
  Reward: -0.3961343765258789
  Account Value: None
  Done: False
  Policy Mean: [[0.05648059397935867, -0.0480937659740448, -0.061843737959861755, -0.07724187523126602, 0.02906285971403122, 0.07115408033132553, 0.11259625852108002, -0.011762290261685848, 0.025897102430462837, -0.07024359703063965, 0.05019697919487953, 0.02560276910662651, -0.07424002140760422, 0.07669229060411453, 0.057800788432359695, 0.015037726610898972, -0.02654537558555603, 0.007463321089744568, 0.06322266906499863, 0.02713111788034439, -0.06131669133901596, 0.015041270293295383, 0.06424401700496674, -0.0017470282036811113, -0.05925566703081131, 0.13763931393623352, -0.0729403868317604, -0.07300092279911041, 0.04202686995267868]]
  Policy Std: [[1.0034284591674805, 0.976804256439209, 0.9804749488830566, 0.9932587146759033, 1.0121442079544067, 1.0039632320404053, 1.0009573698043823, 1.0025033950805664, 0.9955798983573914, 0.9826322197914124, 0.9936424493789673, 0.9887740015983582, 0.9989004135131836, 1.038902997970581, 0.9870384931564331, 1.0012420415878296, 0.9875728487968445, 0.9975731372833252, 0.998661994934082, 0.9784038066864014, 0.995770275592804, 0.996944785118103, 0.9970985651016235, 0.99070805311203, 1.0111769437789917, 0.9880393743515015, 1.0210251808166504, 1.0141289234161377, 0.9971608519554138]]

Step 200:
  Date/Day: 201
  Action: [[0.05511213093996048, -0.04591566324234009, -0.05920378118753433, -0.07417657226324081, 0.026585783809423447, 0.06648678332567215, 0.10526569187641144, -0.012247281149029732, 0.020435016602277756, -0.07066112756729126, 0.044596415013074875, 0.01832728460431099, -0.07255606353282928, 0.07244313508272171, 0.04970156028866768, 0.012042142450809479, -0.025113414973020554, 0.005482298322021961, 0.0554979145526886, 0.024060789495706558, -0.05802548676729202, 0.014749769121408463, 0.05830903351306915, 0.001682790694758296, -0.052421197295188904, 0.12572315335273743, -0.06650791317224503, -0.07192108780145645, 0.04077769070863724]]
  Reward: -0.9141210317611694
  Account Value: None
  Done: False
  Policy Mean: [[0.05511213093996048, -0.04591566324234009, -0.05920378118753433, -0.07417657226324081, 0.026585783809423447, 0.06648678332567215, 0.10526569187641144, -0.012247281149029732, 0.020435016602277756, -0.07066112756729126, 0.044596415013074875, 0.01832728460431099, -0.07255606353282928, 0.07244313508272171, 0.04970156028866768, 0.012042142450809479, -0.025113414973020554, 0.005482298322021961, 0.0554979145526886, 0.024060789495706558, -0.05802548676729202, 0.014749769121408463, 0.05830903351306915, 0.001682790694758296, -0.052421197295188904, 0.12572315335273743, -0.06650791317224503, -0.07192108780145645, 0.04077769070863724]]
  Policy Std: [[1.0034284591674805, 0.976804256439209, 0.9804749488830566, 0.9932587146759033, 1.0121442079544067, 1.0039632320404053, 1.0009573698043823, 1.0025033950805664, 0.9955798983573914, 0.9826322197914124, 0.9936424493789673, 0.9887740015983582, 0.9989004135131836, 1.038902997970581, 0.9870384931564331, 1.0012420415878296, 0.9875728487968445, 0.9975731372833252, 0.998661994934082, 0.9784038066864014, 0.995770275592804, 0.996944785118103, 0.9970985651016235, 0.99070805311203, 1.0111769437789917, 0.9880393743515015, 1.0210251808166504, 1.0141289234161377, 0.9971608519554138]]

Step 201:
  Date/Day: 202
  Action: [[0.09307347983121872, -0.07533358782529831, -0.08614283800125122, -0.09675318002700806, 0.018395543098449707, 0.09257855266332626, 0.12216441333293915, -0.0167935099452734, 0.022551704198122025, -0.09579668194055557, 0.06312532722949982, 0.009539008140563965, -0.08746565133333206, 0.11285620927810669, 0.06236305460333824, 0.026265423744916916, -0.028649307787418365, 0.02685515210032463, 0.07067197561264038, 0.02175205573439598, -0.07559895515441895, 0.01840447261929512, 0.07973400503396988, -0.00899217277765274, -0.07867252826690674, 0.15334726870059967, -0.06932538002729416, -0.10251832008361816, 0.05422551929950714]]
  Reward: 1.0766316652297974
  Account Value: None
  Done: False
  Policy Mean: [[0.09307347983121872, -0.07533358782529831, -0.08614283800125122, -0.09675318002700806, 0.018395543098449707, 0.09257855266332626, 0.12216441333293915, -0.0167935099452734, 0.022551704198122025, -0.09579668194055557, 0.06312532722949982, 0.009539008140563965, -0.08746565133333206, 0.11285620927810669, 0.06236305460333824, 0.026265423744916916, -0.028649307787418365, 0.02685515210032463, 0.07067197561264038, 0.02175205573439598, -0.07559895515441895, 0.01840447261929512, 0.07973400503396988, -0.00899217277765274, -0.07867252826690674, 0.15334726870059967, -0.06932538002729416, -0.10251832008361816, 0.05422551929950714]]
  Policy Std: [[1.0034284591674805, 0.976804256439209, 0.9804749488830566, 0.9932587146759033, 1.0121442079544067, 1.0039632320404053, 1.0009573698043823, 1.0025033950805664, 0.9955798983573914, 0.9826322197914124, 0.9936424493789673, 0.9887740015983582, 0.9989004135131836, 1.038902997970581, 0.9870384931564331, 1.0012420415878296, 0.9875728487968445, 0.9975731372833252, 0.998661994934082, 0.9784038066864014, 0.995770275592804, 0.996944785118103, 0.9970985651016235, 0.99070805311203, 1.0111769437789917, 0.9880393743515015, 1.0210251808166504, 1.0141289234161377, 0.9971608519554138]]

Step 202:
  Date/Day: 203
  Action: [[0.13739587366580963, -0.10783818364143372, -0.1260262131690979, -0.1438940018415451, 0.022344142198562622, 0.13139081001281738, 0.17091374099254608, -0.01880456693470478, 0.03021358884871006, -0.13499970734119415, 0.09158802032470703, 0.007368491962552071, -0.1410447657108307, 0.16351863741874695, 0.07979506999254227, 0.042498957365751266, -0.017613016068935394, 0.04280347377061844, 0.0876721665263176, 0.028794288635253906, -0.12256868928670883, 0.027988385409116745, 0.11394509673118591, -0.025447728112339973, -0.11370468139648438, 0.22217626869678497, -0.09253061562776566, -0.12828828394412994, 0.07070006430149078]]
  Reward: -0.7069200277328491
  Account Value: None
  Done: False
  Policy Mean: [[0.13739587366580963, -0.10783818364143372, -0.1260262131690979, -0.1438940018415451, 0.022344142198562622, 0.13139081001281738, 0.17091374099254608, -0.01880456693470478, 0.03021358884871006, -0.13499970734119415, 0.09158802032470703, 0.007368491962552071, -0.1410447657108307, 0.16351863741874695, 0.07979506999254227, 0.042498957365751266, -0.017613016068935394, 0.04280347377061844, 0.0876721665263176, 0.028794288635253906, -0.12256868928670883, 0.027988385409116745, 0.11394509673118591, -0.025447728112339973, -0.11370468139648438, 0.22217626869678497, -0.09253061562776566, -0.12828828394412994, 0.07070006430149078]]
  Policy Std: [[1.0034284591674805, 0.976804256439209, 0.9804749488830566, 0.9932587146759033, 1.0121442079544067, 1.0039632320404053, 1.0009573698043823, 1.0025033950805664, 0.9955798983573914, 0.9826322197914124, 0.9936424493789673, 0.9887740015983582, 0.9989004135131836, 1.038902997970581, 0.9870384931564331, 1.0012420415878296, 0.9875728487968445, 0.9975731372833252, 0.998661994934082, 0.9784038066864014, 0.995770275592804, 0.996944785118103, 0.9970985651016235, 0.99070805311203, 1.0111769437789917, 0.9880393743515015, 1.0210251808166504, 1.0141289234161377, 0.9971608519554138]]

Step 203:
  Date/Day: 204
  Action: [[0.09859952330589294, -0.08258242160081863, -0.0916181430220604, -0.10573888570070267, 0.019857315346598625, 0.10106322914361954, 0.1378708928823471, -0.015640350058674812, 0.031146720051765442, -0.10000085830688477, 0.07094429433345795, 0.016986437141895294, -0.09761382639408112, 0.12409724295139313, 0.07167576998472214, 0.032194461673498154, -0.0242936871945858, 0.02911975048482418, 0.07767842710018158, 0.025844592601060867, -0.08454226702451706, 0.021002471446990967, 0.088407963514328, -0.018235191702842712, -0.09072791039943695, 0.1737087219953537, -0.07615845650434494, -0.10284745693206787, 0.05770241469144821]]
  Reward: 0.6802844405174255
  Account Value: None
  Done: False
  Policy Mean: [[0.09859952330589294, -0.08258242160081863, -0.0916181430220604, -0.10573888570070267, 0.019857315346598625, 0.10106322914361954, 0.1378708928823471, -0.015640350058674812, 0.031146720051765442, -0.10000085830688477, 0.07094429433345795, 0.016986437141895294, -0.09761382639408112, 0.12409724295139313, 0.07167576998472214, 0.032194461673498154, -0.0242936871945858, 0.02911975048482418, 0.07767842710018158, 0.025844592601060867, -0.08454226702451706, 0.021002471446990967, 0.088407963514328, -0.018235191702842712, -0.09072791039943695, 0.1737087219953537, -0.07615845650434494, -0.10284745693206787, 0.05770241469144821]]
  Policy Std: [[1.0034284591674805, 0.976804256439209, 0.9804749488830566, 0.9932587146759033, 1.0121442079544067, 1.0039632320404053, 1.0009573698043823, 1.0025033950805664, 0.9955798983573914, 0.9826322197914124, 0.9936424493789673, 0.9887740015983582, 0.9989004135131836, 1.038902997970581, 0.9870384931564331, 1.0012420415878296, 0.9875728487968445, 0.9975731372833252, 0.998661994934082, 0.9784038066864014, 0.995770275592804, 0.996944785118103, 0.9970985651016235, 0.99070805311203, 1.0111769437789917, 0.9880393743515015, 1.0210251808166504, 1.0141289234161377, 0.9971608519554138]]

Step 204:
  Date/Day: 205
  Action: [[0.08948128670454025, -0.07095212489366531, -0.08153921365737915, -0.08709211647510529, 0.011491024866700172, 0.0840681865811348, 0.10751573741436005, -0.01739278994500637, 0.01582273095846176, -0.09192629903554916, 0.056330740451812744, 0.00485213752835989, -0.0749068483710289, 0.10213294625282288, 0.05244319885969162, 0.02077358029782772, -0.03018394485116005, 0.02918369695544243, 0.059962447732686996, 0.013847301714122295, -0.06582601368427277, 0.013909428380429745, 0.0712471753358841, -0.004531237296760082, -0.06945358961820602, 0.12933459877967834, -0.060344550758600235, -0.09844385087490082, 0.04825904965400696]]
  Reward: -0.48643627762794495
  Account Value: None
  Done: False
  Policy Mean: [[0.08948128670454025, -0.07095212489366531, -0.08153921365737915, -0.08709211647510529, 0.011491024866700172, 0.0840681865811348, 0.10751573741436005, -0.01739278994500637, 0.01582273095846176, -0.09192629903554916, 0.056330740451812744, 0.00485213752835989, -0.0749068483710289, 0.10213294625282288, 0.05244319885969162, 0.02077358029782772, -0.03018394485116005, 0.02918369695544243, 0.059962447732686996, 0.013847301714122295, -0.06582601368427277, 0.013909428380429745, 0.0712471753358841, -0.004531237296760082, -0.06945358961820602, 0.12933459877967834, -0.060344550758600235, -0.09844385087490082, 0.04825904965400696]]
  Policy Std: [[1.0034284591674805, 0.976804256439209, 0.9804749488830566, 0.9932587146759033, 1.0121442079544067, 1.0039632320404053, 1.0009573698043823, 1.0025033950805664, 0.9955798983573914, 0.9826322197914124, 0.9936424493789673, 0.9887740015983582, 0.9989004135131836, 1.038902997970581, 0.9870384931564331, 1.0012420415878296, 0.9875728487968445, 0.9975731372833252, 0.998661994934082, 0.9784038066864014, 0.995770275592804, 0.996944785118103, 0.9970985651016235, 0.99070805311203, 1.0111769437789917, 0.9880393743515015, 1.0210251808166504, 1.0141289234161377, 0.9971608519554138]]

Step 205:
  Date/Day: 206
  Action: [[0.04573306441307068, -0.04572545737028122, -0.046477094292640686, -0.059725746512413025, 0.01589631848037243, 0.05647905170917511, 0.09558629989624023, -0.008281058631837368, 0.022515196353197098, -0.06145704165101051, 0.04215332120656967, 0.022659428417682648, -0.059069789946079254, 0.06888054311275482, 0.050557736307382584, 0.01597977615892887, -0.0262103583663702, 0.006560755893588066, 0.04499625414609909, 0.019059211015701294, -0.04797932878136635, 0.01036873273551464, 0.04883166402578354, -0.0027743785176426172, -0.049061089754104614, 0.10963819175958633, -0.053575363010168076, -0.06205367296934128, 0.032798171043395996]]
  Reward: -0.3759975731372833
  Account Value: None
  Done: False
  Policy Mean: [[0.04573306441307068, -0.04572545737028122, -0.046477094292640686, -0.059725746512413025, 0.01589631848037243, 0.05647905170917511, 0.09558629989624023, -0.008281058631837368, 0.022515196353197098, -0.06145704165101051, 0.04215332120656967, 0.022659428417682648, -0.059069789946079254, 0.06888054311275482, 0.050557736307382584, 0.01597977615892887, -0.0262103583663702, 0.006560755893588066, 0.04499625414609909, 0.019059211015701294, -0.04797932878136635, 0.01036873273551464, 0.04883166402578354, -0.0027743785176426172, -0.049061089754104614, 0.10963819175958633, -0.053575363010168076, -0.06205367296934128, 0.032798171043395996]]
  Policy Std: [[1.0034284591674805, 0.976804256439209, 0.9804749488830566, 0.9932587146759033, 1.0121442079544067, 1.0039632320404053, 1.0009573698043823, 1.0025033950805664, 0.9955798983573914, 0.9826322197914124, 0.9936424493789673, 0.9887740015983582, 0.9989004135131836, 1.038902997970581, 0.9870384931564331, 1.0012420415878296, 0.9875728487968445, 0.9975731372833252, 0.998661994934082, 0.9784038066864014, 0.995770275592804, 0.996944785118103, 0.9970985651016235, 0.99070805311203, 1.0111769437789917, 0.9880393743515015, 1.0210251808166504, 1.0141289234161377, 0.9971608519554138]]

Step 206:
  Date/Day: 207
  Action: [[0.045732904225587845, -0.04572495073080063, -0.04647716134786606, -0.05972570180892944, 0.015896296128630638, 0.05647880584001541, 0.09558621048927307, -0.00828099437057972, 0.022514713928103447, -0.061456941068172455, 0.04215286299586296, 0.022658903151750565, -0.05906987935304642, 0.06888049840927124, 0.050557274371385574, 0.015979545190930367, -0.026209885254502296, 0.006560690235346556, 0.04499555006623268, 0.0190591998398304, -0.04797942191362381, 0.010368932038545609, 0.04883120581507683, -0.0027741475496441126, -0.049060575664043427, 0.10963805019855499, -0.05357494205236435, -0.06205351650714874, 0.03279805928468704]]
  Reward: 0.3740619719028473
  Account Value: None
  Done: False
  Policy Mean: [[0.045732904225587845, -0.04572495073080063, -0.04647716134786606, -0.05972570180892944, 0.015896296128630638, 0.05647880584001541, 0.09558621048927307, -0.00828099437057972, 0.022514713928103447, -0.061456941068172455, 0.04215286299586296, 0.022658903151750565, -0.05906987935304642, 0.06888049840927124, 0.050557274371385574, 0.015979545190930367, -0.026209885254502296, 0.006560690235346556, 0.04499555006623268, 0.0190591998398304, -0.04797942191362381, 0.010368932038545609, 0.04883120581507683, -0.0027741475496441126, -0.049060575664043427, 0.10963805019855499, -0.05357494205236435, -0.06205351650714874, 0.03279805928468704]]
  Policy Std: [[1.0034284591674805, 0.976804256439209, 0.9804749488830566, 0.9932587146759033, 1.0121442079544067, 1.0039632320404053, 1.0009573698043823, 1.0025033950805664, 0.9955798983573914, 0.9826322197914124, 0.9936424493789673, 0.9887740015983582, 0.9989004135131836, 1.038902997970581, 0.9870384931564331, 1.0012420415878296, 0.9875728487968445, 0.9975731372833252, 0.998661994934082, 0.9784038066864014, 0.995770275592804, 0.996944785118103, 0.9970985651016235, 0.99070805311203, 1.0111769437789917, 0.9880393743515015, 1.0210251808166504, 1.0141289234161377, 0.9971608519554138]]

Step 207:
  Date/Day: 208
  Action: [[0.06343097239732742, -0.06403788179159164, -0.058978937566280365, -0.07917720079421997, 0.021518105641007423, 0.07759332656860352, 0.12067817151546478, -0.010723884217441082, 0.03610236197710037, -0.07646382600069046, 0.05926089361310005, 0.03203722834587097, -0.07730086892843246, 0.08938449621200562, 0.06870020925998688, 0.027075201272964478, -0.03069898672401905, 0.008279755711555481, 0.06871945410966873, 0.02645573765039444, -0.063633993268013, 0.014973847195506096, 0.06959111988544464, -0.012935945764183998, -0.07016415148973465, 0.14578668773174286, -0.07222018390893936, -0.07816242426633835, 0.04412485659122467]]
  Reward: 1.0561091899871826
  Account Value: None
  Done: False
  Policy Mean: [[0.06343097239732742, -0.06403788179159164, -0.058978937566280365, -0.07917720079421997, 0.021518105641007423, 0.07759332656860352, 0.12067817151546478, -0.010723884217441082, 0.03610236197710037, -0.07646382600069046, 0.05926089361310005, 0.03203722834587097, -0.07730086892843246, 0.08938449621200562, 0.06870020925998688, 0.027075201272964478, -0.03069898672401905, 0.008279755711555481, 0.06871945410966873, 0.02645573765039444, -0.063633993268013, 0.014973847195506096, 0.06959111988544464, -0.012935945764183998, -0.07016415148973465, 0.14578668773174286, -0.07222018390893936, -0.07816242426633835, 0.04412485659122467]]
  Policy Std: [[1.0034284591674805, 0.976804256439209, 0.9804749488830566, 0.9932587146759033, 1.0121442079544067, 1.0039632320404053, 1.0009573698043823, 1.0025033950805664, 0.9955798983573914, 0.9826322197914124, 0.9936424493789673, 0.9887740015983582, 0.9989004135131836, 1.038902997970581, 0.9870384931564331, 1.0012420415878296, 0.9875728487968445, 0.9975731372833252, 0.998661994934082, 0.9784038066864014, 0.995770275592804, 0.996944785118103, 0.9970985651016235, 0.99070805311203, 1.0111769437789917, 0.9880393743515015, 1.0210251808166504, 1.0141289234161377, 0.9971608519554138]]

Step 208:
  Date/Day: 209
  Action: [[0.08827853202819824, -0.07622276991605759, -0.09431429207324982, -0.11833152174949646, 0.02967197261750698, 0.09353286772966385, 0.143572136759758, -0.017128314822912216, 0.03349277004599571, -0.0989936888217926, 0.07769805192947388, 0.024513013660907745, -0.09947095811367035, 0.11984264850616455, 0.06558925658464432, 0.024781061336398125, -0.024786803871393204, 0.02444816567003727, 0.0735386312007904, 0.029272422194480896, -0.09057658910751343, 0.030021019279956818, 0.09442942589521408, -0.014035928063094616, -0.08312170952558517, 0.1830393522977829, -0.0807364210486412, -0.09147815406322479, 0.0467710942029953]]
  Reward: -1.0383952856063843
  Account Value: None
  Done: False
  Policy Mean: [[0.08827853202819824, -0.07622276991605759, -0.09431429207324982, -0.11833152174949646, 0.02967197261750698, 0.09353286772966385, 0.143572136759758, -0.017128314822912216, 0.03349277004599571, -0.0989936888217926, 0.07769805192947388, 0.024513013660907745, -0.09947095811367035, 0.11984264850616455, 0.06558925658464432, 0.024781061336398125, -0.024786803871393204, 0.02444816567003727, 0.0735386312007904, 0.029272422194480896, -0.09057658910751343, 0.030021019279956818, 0.09442942589521408, -0.014035928063094616, -0.08312170952558517, 0.1830393522977829, -0.0807364210486412, -0.09147815406322479, 0.0467710942029953]]
  Policy Std: [[1.0034284591674805, 0.976804256439209, 0.9804749488830566, 0.9932587146759033, 1.0121442079544067, 1.0039632320404053, 1.0009573698043823, 1.0025033950805664, 0.9955798983573914, 0.9826322197914124, 0.9936424493789673, 0.9887740015983582, 0.9989004135131836, 1.038902997970581, 0.9870384931564331, 1.0012420415878296, 0.9875728487968445, 0.9975731372833252, 0.998661994934082, 0.9784038066864014, 0.995770275592804, 0.996944785118103, 0.9970985651016235, 0.99070805311203, 1.0111769437789917, 0.9880393743515015, 1.0210251808166504, 1.0141289234161377, 0.9971608519554138]]

Step 209:
  Date/Day: 210
  Action: [[0.046850427985191345, -0.048225484788417816, -0.04910934716463089, -0.06488532572984695, 0.021933160722255707, 0.06380530446767807, 0.10694973170757294, -0.008120743557810783, 0.029713187366724014, -0.06341493129730225, 0.04743906483054161, 0.028082020580768585, -0.0648823231458664, 0.07540812343358994, 0.059564996510744095, 0.019243955612182617, -0.027615051716566086, 0.00414862809702754, 0.05671800673007965, 0.02490757405757904, -0.05294439196586609, 0.013226192444562912, 0.05506768822669983, -0.005911290645599365, -0.05551699548959732, 0.1280641108751297, -0.06190622225403786, -0.06653978675603867, 0.03799717500805855]]
  Reward: 0.1901051253080368
  Account Value: None
  Done: False
  Policy Mean: [[0.046850427985191345, -0.048225484788417816, -0.04910934716463089, -0.06488532572984695, 0.021933160722255707, 0.06380530446767807, 0.10694973170757294, -0.008120743557810783, 0.029713187366724014, -0.06341493129730225, 0.04743906483054161, 0.028082020580768585, -0.0648823231458664, 0.07540812343358994, 0.059564996510744095, 0.019243955612182617, -0.027615051716566086, 0.00414862809702754, 0.05671800673007965, 0.02490757405757904, -0.05294439196586609, 0.013226192444562912, 0.05506768822669983, -0.005911290645599365, -0.05551699548959732, 0.1280641108751297, -0.06190622225403786, -0.06653978675603867, 0.03799717500805855]]
  Policy Std: [[1.0034284591674805, 0.976804256439209, 0.9804749488830566, 0.9932587146759033, 1.0121442079544067, 1.0039632320404053, 1.0009573698043823, 1.0025033950805664, 0.9955798983573914, 0.9826322197914124, 0.9936424493789673, 0.9887740015983582, 0.9989004135131836, 1.038902997970581, 0.9870384931564331, 1.0012420415878296, 0.9875728487968445, 0.9975731372833252, 0.998661994934082, 0.9784038066864014, 0.995770275592804, 0.996944785118103, 0.9970985651016235, 0.99070805311203, 1.0111769437789917, 0.9880393743515015, 1.0210251808166504, 1.0141289234161377, 0.9971608519554138]]

Step 210:
  Date/Day: 211
  Action: [[0.069590263068676, -0.06815370172262192, -0.06547605246305466, -0.08857264369726181, 0.019572412595152855, 0.07371323555707932, 0.1057906299829483, -0.013285222463309765, 0.0228568185120821, -0.08449677377939224, 0.05780327692627907, 0.015289661474525928, -0.07510354369878769, 0.09490121901035309, 0.04794073849916458, 0.01528906635940075, -0.023138266056776047, 0.017805008217692375, 0.048267051577568054, 0.019033994525671005, -0.06426351517438889, 0.019320372492074966, 0.07106778025627136, -0.011421083472669125, -0.06366746127605438, 0.12595543265342712, -0.05775038152933121, -0.07389336824417114, 0.03930145502090454]]
  Reward: -0.6866361498832703
  Account Value: None
  Done: False
  Policy Mean: [[0.069590263068676, -0.06815370172262192, -0.06547605246305466, -0.08857264369726181, 0.019572412595152855, 0.07371323555707932, 0.1057906299829483, -0.013285222463309765, 0.0228568185120821, -0.08449677377939224, 0.05780327692627907, 0.015289661474525928, -0.07510354369878769, 0.09490121901035309, 0.04794073849916458, 0.01528906635940075, -0.023138266056776047, 0.017805008217692375, 0.048267051577568054, 0.019033994525671005, -0.06426351517438889, 0.019320372492074966, 0.07106778025627136, -0.011421083472669125, -0.06366746127605438, 0.12595543265342712, -0.05775038152933121, -0.07389336824417114, 0.03930145502090454]]
  Policy Std: [[1.0034284591674805, 0.976804256439209, 0.9804749488830566, 0.9932587146759033, 1.0121442079544067, 1.0039632320404053, 1.0009573698043823, 1.0025033950805664, 0.9955798983573914, 0.9826322197914124, 0.9936424493789673, 0.9887740015983582, 0.9989004135131836, 1.038902997970581, 0.9870384931564331, 1.0012420415878296, 0.9875728487968445, 0.9975731372833252, 0.998661994934082, 0.9784038066864014, 0.995770275592804, 0.996944785118103, 0.9970985651016235, 0.99070805311203, 1.0111769437789917, 0.9880393743515015, 1.0210251808166504, 1.0141289234161377, 0.9971608519554138]]

Step 211:
  Date/Day: 212
  Action: [[0.07090196758508682, -0.06786106526851654, -0.06569554656744003, -0.08834376931190491, 0.025700382888317108, 0.08301255851984024, 0.12412406504154205, -0.0126181086525321, 0.0366109162569046, -0.0829443410038948, 0.06021662428975105, 0.028606504201889038, -0.07902707159519196, 0.0990125760436058, 0.0668267160654068, 0.025754576548933983, -0.0298305694013834, 0.013540919870138168, 0.06719259917736053, 0.025948412716388702, -0.06764103472232819, 0.01733463630080223, 0.07424890249967575, -0.014325718395411968, -0.07266178727149963, 0.14821860194206238, -0.07250764220952988, -0.07886955142021179, 0.042694881558418274]]
  Reward: -0.29722851514816284
  Account Value: None
  Done: False
  Policy Mean: [[0.07090196758508682, -0.06786106526851654, -0.06569554656744003, -0.08834376931190491, 0.025700382888317108, 0.08301255851984024, 0.12412406504154205, -0.0126181086525321, 0.0366109162569046, -0.0829443410038948, 0.06021662428975105, 0.028606504201889038, -0.07902707159519196, 0.0990125760436058, 0.0668267160654068, 0.025754576548933983, -0.0298305694013834, 0.013540919870138168, 0.06719259917736053, 0.025948412716388702, -0.06764103472232819, 0.01733463630080223, 0.07424890249967575, -0.014325718395411968, -0.07266178727149963, 0.14821860194206238, -0.07250764220952988, -0.07886955142021179, 0.042694881558418274]]
  Policy Std: [[1.0034284591674805, 0.976804256439209, 0.9804749488830566, 0.9932587146759033, 1.0121442079544067, 1.0039632320404053, 1.0009573698043823, 1.0025033950805664, 0.9955798983573914, 0.9826322197914124, 0.9936424493789673, 0.9887740015983582, 0.9989004135131836, 1.038902997970581, 0.9870384931564331, 1.0012420415878296, 0.9875728487968445, 0.9975731372833252, 0.998661994934082, 0.9784038066864014, 0.995770275592804, 0.996944785118103, 0.9970985651016235, 0.99070805311203, 1.0111769437789917, 0.9880393743515015, 1.0210251808166504, 1.0141289234161377, 0.9971608519554138]]

Step 212:
  Date/Day: 213
  Action: [[0.06916526705026627, -0.06282341480255127, -0.06086467206478119, -0.08478847146034241, 0.018065953627228737, 0.07043001800775528, 0.09759946167469025, -0.010791018605232239, 0.02348683774471283, -0.07768241316080093, 0.05187710002064705, 0.009742681868374348, -0.06615933775901794, 0.08793631941080093, 0.04507762938737869, 0.019648708403110504, -0.019646158441901207, 0.02315514162182808, 0.04564294591546059, 0.016502484679222107, -0.06540460139513016, 0.016798950731754303, 0.06487974524497986, -0.015692206099629402, -0.05833139270544052, 0.11425308883190155, -0.05567203834652901, -0.07101133465766907, 0.03422180563211441]]
  Reward: 1.2682361602783203
  Account Value: None
  Done: False
  Policy Mean: [[0.06916526705026627, -0.06282341480255127, -0.06086467206478119, -0.08478847146034241, 0.018065953627228737, 0.07043001800775528, 0.09759946167469025, -0.010791018605232239, 0.02348683774471283, -0.07768241316080093, 0.05187710002064705, 0.009742681868374348, -0.06615933775901794, 0.08793631941080093, 0.04507762938737869, 0.019648708403110504, -0.019646158441901207, 0.02315514162182808, 0.04564294591546059, 0.016502484679222107, -0.06540460139513016, 0.016798950731754303, 0.06487974524497986, -0.015692206099629402, -0.05833139270544052, 0.11425308883190155, -0.05567203834652901, -0.07101133465766907, 0.03422180563211441]]
  Policy Std: [[1.0034284591674805, 0.976804256439209, 0.9804749488830566, 0.9932587146759033, 1.0121442079544067, 1.0039632320404053, 1.0009573698043823, 1.0025033950805664, 0.9955798983573914, 0.9826322197914124, 0.9936424493789673, 0.9887740015983582, 0.9989004135131836, 1.038902997970581, 0.9870384931564331, 1.0012420415878296, 0.9875728487968445, 0.9975731372833252, 0.998661994934082, 0.9784038066864014, 0.995770275592804, 0.996944785118103, 0.9970985651016235, 0.99070805311203, 1.0111769437789917, 0.9880393743515015, 1.0210251808166504, 1.0141289234161377, 0.9971608519554138]]

Step 213:
  Date/Day: 214
  Action: [[0.058511994779109955, -0.05953531712293625, -0.05459872633218765, -0.07039912790060043, 0.017551977187395096, 0.06855423003435135, 0.1053934395313263, -0.010242773219943047, 0.030547630041837692, -0.07017491012811661, 0.05470331758260727, 0.029802564531564713, -0.065000519156456, 0.0785662829875946, 0.06017376855015755, 0.022167369723320007, -0.033113133162260056, 0.01218548882752657, 0.0602569617331028, 0.020217232406139374, -0.0542873814702034, 0.010221299715340137, 0.06398895382881165, -0.008197966031730175, -0.06227376312017441, 0.12349095195531845, -0.06432288140058517, -0.0719178169965744, 0.037239447236061096]]
  Reward: 0.4648856222629547
  Account Value: None
  Done: False
  Policy Mean: [[0.058511994779109955, -0.05953531712293625, -0.05459872633218765, -0.07039912790060043, 0.017551977187395096, 0.06855423003435135, 0.1053934395313263, -0.010242773219943047, 0.030547630041837692, -0.07017491012811661, 0.05470331758260727, 0.029802564531564713, -0.065000519156456, 0.0785662829875946, 0.06017376855015755, 0.022167369723320007, -0.033113133162260056, 0.01218548882752657, 0.0602569617331028, 0.020217232406139374, -0.0542873814702034, 0.010221299715340137, 0.06398895382881165, -0.008197966031730175, -0.06227376312017441, 0.12349095195531845, -0.06432288140058517, -0.0719178169965744, 0.037239447236061096]]
  Policy Std: [[1.0034284591674805, 0.976804256439209, 0.9804749488830566, 0.9932587146759033, 1.0121442079544067, 1.0039632320404053, 1.0009573698043823, 1.0025033950805664, 0.9955798983573914, 0.9826322197914124, 0.9936424493789673, 0.9887740015983582, 0.9989004135131836, 1.038902997970581, 0.9870384931564331, 1.0012420415878296, 0.9875728487968445, 0.9975731372833252, 0.998661994934082, 0.9784038066864014, 0.995770275592804, 0.996944785118103, 0.9970985651016235, 0.99070805311203, 1.0111769437789917, 0.9880393743515015, 1.0210251808166504, 1.0141289234161377, 0.9971608519554138]]

Step 214:
  Date/Day: 215
  Action: [[0.05030568689107895, -0.04733681678771973, -0.04970613867044449, -0.0769905373454094, 0.027733655646443367, 0.0581001341342926, 0.08816727995872498, -0.012316172011196613, 0.015275944024324417, -0.06367902457714081, 0.04480786994099617, 0.01546186488121748, -0.06596545875072479, 0.0723993331193924, 0.03758886083960533, 0.0003719436936080456, -0.017706044018268585, 0.013384770601987839, 0.03865255415439606, 0.016019538044929504, -0.05204227194190025, 0.018752872943878174, 0.05996238440275192, -0.0023205869365483522, -0.053353384137153625, 0.101470448076725, -0.054989930242300034, -0.05673229694366455, 0.030038557946681976]]
  Reward: -0.6312573552131653
  Account Value: None
  Done: False
  Policy Mean: [[0.05030568689107895, -0.04733681678771973, -0.04970613867044449, -0.0769905373454094, 0.027733655646443367, 0.0581001341342926, 0.08816727995872498, -0.012316172011196613, 0.015275944024324417, -0.06367902457714081, 0.04480786994099617, 0.01546186488121748, -0.06596545875072479, 0.0723993331193924, 0.03758886083960533, 0.0003719436936080456, -0.017706044018268585, 0.013384770601987839, 0.03865255415439606, 0.016019538044929504, -0.05204227194190025, 0.018752872943878174, 0.05996238440275192, -0.0023205869365483522, -0.053353384137153625, 0.101470448076725, -0.054989930242300034, -0.05673229694366455, 0.030038557946681976]]
  Policy Std: [[1.0034284591674805, 0.976804256439209, 0.9804749488830566, 0.9932587146759033, 1.0121442079544067, 1.0039632320404053, 1.0009573698043823, 1.0025033950805664, 0.9955798983573914, 0.9826322197914124, 0.9936424493789673, 0.9887740015983582, 0.9989004135131836, 1.038902997970581, 0.9870384931564331, 1.0012420415878296, 0.9875728487968445, 0.9975731372833252, 0.998661994934082, 0.9784038066864014, 0.995770275592804, 0.996944785118103, 0.9970985651016235, 0.99070805311203, 1.0111769437789917, 0.9880393743515015, 1.0210251808166504, 1.0141289234161377, 0.9971608519554138]]

Step 215:
  Date/Day: 216
  Action: [[0.049885429441928864, -0.046017080545425415, -0.046091075986623764, -0.07706168293952942, 0.020154237747192383, 0.052793025970458984, 0.07625055313110352, -0.01073282491415739, 0.008331192657351494, -0.0663253590464592, 0.036486122757196426, -0.0001388750970363617, -0.05975770205259323, 0.07046434283256531, 0.023390259593725204, 0.0013228803873062134, -0.00763364601880312, 0.014347828924655914, 0.023749474436044693, 0.013344995677471161, -0.054618239402770996, 0.02156880497932434, 0.051242291927337646, -0.007605158723890781, -0.04213905334472656, 0.08316843956708908, -0.04350980371236801, -0.05338207632303238, 0.02732432447373867]]
  Reward: -1.181587815284729
  Account Value: None
  Done: False
  Policy Mean: [[0.049885429441928864, -0.046017080545425415, -0.046091075986623764, -0.07706168293952942, 0.020154237747192383, 0.052793025970458984, 0.07625055313110352, -0.01073282491415739, 0.008331192657351494, -0.0663253590464592, 0.036486122757196426, -0.0001388750970363617, -0.05975770205259323, 0.07046434283256531, 0.023390259593725204, 0.0013228803873062134, -0.00763364601880312, 0.014347828924655914, 0.023749474436044693, 0.013344995677471161, -0.054618239402770996, 0.02156880497932434, 0.051242291927337646, -0.007605158723890781, -0.04213905334472656, 0.08316843956708908, -0.04350980371236801, -0.05338207632303238, 0.02732432447373867]]
  Policy Std: [[1.0034284591674805, 0.976804256439209, 0.9804749488830566, 0.9932587146759033, 1.0121442079544067, 1.0039632320404053, 1.0009573698043823, 1.0025033950805664, 0.9955798983573914, 0.9826322197914124, 0.9936424493789673, 0.9887740015983582, 0.9989004135131836, 1.038902997970581, 0.9870384931564331, 1.0012420415878296, 0.9875728487968445, 0.9975731372833252, 0.998661994934082, 0.9784038066864014, 0.995770275592804, 0.996944785118103, 0.9970985651016235, 0.99070805311203, 1.0111769437789917, 0.9880393743515015, 1.0210251808166504, 1.0141289234161377, 0.9971608519554138]]

Step 216:
  Date/Day: 217
  Action: [[0.08153332769870758, -0.06724166125059128, -0.0735812857747078, -0.08482028543949127, 0.02076086215674877, 0.07963424175977707, 0.09960904717445374, -0.015935366973280907, 0.020721398293972015, -0.07994792610406876, 0.05449375882744789, 0.010700017213821411, -0.06783550977706909, 0.09188094735145569, 0.04804997146129608, 0.013657329604029655, -0.023084471002221107, 0.030302170664072037, 0.05651606246829033, 0.012489991262555122, -0.06163862347602844, 0.01341295801103115, 0.07088345289230347, -0.010177909396588802, -0.07335954904556274, 0.11336953192949295, -0.06188282370567322, -0.08142252266407013, 0.040448278188705444]]
  Reward: -2.8300247192382812
  Account Value: None
  Done: False
  Policy Mean: [[0.08153332769870758, -0.06724166125059128, -0.0735812857747078, -0.08482028543949127, 0.02076086215674877, 0.07963424175977707, 0.09960904717445374, -0.015935366973280907, 0.020721398293972015, -0.07994792610406876, 0.05449375882744789, 0.010700017213821411, -0.06783550977706909, 0.09188094735145569, 0.04804997146129608, 0.013657329604029655, -0.023084471002221107, 0.030302170664072037, 0.05651606246829033, 0.012489991262555122, -0.06163862347602844, 0.01341295801103115, 0.07088345289230347, -0.010177909396588802, -0.07335954904556274, 0.11336953192949295, -0.06188282370567322, -0.08142252266407013, 0.040448278188705444]]
  Policy Std: [[1.0034284591674805, 0.976804256439209, 0.9804749488830566, 0.9932587146759033, 1.0121442079544067, 1.0039632320404053, 1.0009573698043823, 1.0025033950805664, 0.9955798983573914, 0.9826322197914124, 0.9936424493789673, 0.9887740015983582, 0.9989004135131836, 1.038902997970581, 0.9870384931564331, 1.0012420415878296, 0.9875728487968445, 0.9975731372833252, 0.998661994934082, 0.9784038066864014, 0.995770275592804, 0.996944785118103, 0.9970985651016235, 0.99070805311203, 1.0111769437789917, 0.9880393743515015, 1.0210251808166504, 1.0141289234161377, 0.9971608519554138]]

Step 217:
  Date/Day: 218
  Action: [[0.08294053375720978, -0.07115259021520615, -0.07531730085611343, -0.08942066133022308, 0.02272031083703041, 0.08542581647634506, 0.11157625913619995, -0.015263191424310207, 0.026173217222094536, -0.08434993773698807, 0.0559794045984745, 0.015053420327603817, -0.07508828490972519, 0.09928246587514877, 0.05554443597793579, 0.017961863428354263, -0.021236348897218704, 0.024140847846865654, 0.06346413493156433, 0.01781938225030899, -0.06617384403944016, 0.016022566705942154, 0.07456885278224945, -0.014092354103922844, -0.0792187824845314, 0.12969835102558136, -0.0676177367568016, -0.08280333876609802, 0.04481383413076401]]
  Reward: 1.8686329126358032
  Account Value: None
  Done: False
  Policy Mean: [[0.08294053375720978, -0.07115259021520615, -0.07531730085611343, -0.08942066133022308, 0.02272031083703041, 0.08542581647634506, 0.11157625913619995, -0.015263191424310207, 0.026173217222094536, -0.08434993773698807, 0.0559794045984745, 0.015053420327603817, -0.07508828490972519, 0.09928246587514877, 0.05554443597793579, 0.017961863428354263, -0.021236348897218704, 0.024140847846865654, 0.06346413493156433, 0.01781938225030899, -0.06617384403944016, 0.016022566705942154, 0.07456885278224945, -0.014092354103922844, -0.0792187824845314, 0.12969835102558136, -0.0676177367568016, -0.08280333876609802, 0.04481383413076401]]
  Policy Std: [[1.0034284591674805, 0.976804256439209, 0.9804749488830566, 0.9932587146759033, 1.0121442079544067, 1.0039632320404053, 1.0009573698043823, 1.0025033950805664, 0.9955798983573914, 0.9826322197914124, 0.9936424493789673, 0.9887740015983582, 0.9989004135131836, 1.038902997970581, 0.9870384931564331, 1.0012420415878296, 0.9875728487968445, 0.9975731372833252, 0.998661994934082, 0.9784038066864014, 0.995770275592804, 0.996944785118103, 0.9970985651016235, 0.99070805311203, 1.0111769437789917, 0.9880393743515015, 1.0210251808166504, 1.0141289234161377, 0.9971608519554138]]

Step 218:
  Date/Day: 219
  Action: [[0.08293629437685013, -0.07114654779434204, -0.0753127783536911, -0.08941172063350677, 0.022715207189321518, 0.08541635423898697, 0.11155776679515839, -0.015265545807778835, 0.02616497501730919, -0.08434538543224335, 0.05597363039851189, 0.015047155320644379, -0.07507643103599548, 0.09927061200141907, 0.05553228780627251, 0.01795368641614914, -0.021239224821329117, 0.024146851152181625, 0.06345067918300629, 0.017810259014368057, -0.06616483628749847, 0.016018588095903397, 0.07456016540527344, -0.014086265116930008, -0.07920916378498077, 0.12966953217983246, -0.06760727614164352, -0.08280055224895477, 0.044807471334934235]]
  Reward: 1.1894304752349854
  Account Value: None
  Done: False
  Policy Mean: [[0.08293629437685013, -0.07114654779434204, -0.0753127783536911, -0.08941172063350677, 0.022715207189321518, 0.08541635423898697, 0.11155776679515839, -0.015265545807778835, 0.02616497501730919, -0.08434538543224335, 0.05597363039851189, 0.015047155320644379, -0.07507643103599548, 0.09927061200141907, 0.05553228780627251, 0.01795368641614914, -0.021239224821329117, 0.024146851152181625, 0.06345067918300629, 0.017810259014368057, -0.06616483628749847, 0.016018588095903397, 0.07456016540527344, -0.014086265116930008, -0.07920916378498077, 0.12966953217983246, -0.06760727614164352, -0.08280055224895477, 0.044807471334934235]]
  Policy Std: [[1.0034284591674805, 0.976804256439209, 0.9804749488830566, 0.9932587146759033, 1.0121442079544067, 1.0039632320404053, 1.0009573698043823, 1.0025033950805664, 0.9955798983573914, 0.9826322197914124, 0.9936424493789673, 0.9887740015983582, 0.9989004135131836, 1.038902997970581, 0.9870384931564331, 1.0012420415878296, 0.9875728487968445, 0.9975731372833252, 0.998661994934082, 0.9784038066864014, 0.995770275592804, 0.996944785118103, 0.9970985651016235, 0.99070805311203, 1.0111769437789917, 0.9880393743515015, 1.0210251808166504, 1.0141289234161377, 0.9971608519554138]]

Step 219:
  Date/Day: 220
  Action: [[0.08294053375720978, -0.07115258276462555, -0.07531730085611343, -0.08942065387964249, 0.02272030897438526, 0.08542581647634506, 0.11157625913619995, -0.015263191424310207, 0.026173217222094536, -0.08434993773698807, 0.055979397147893906, 0.015053420327603817, -0.07508828490972519, 0.09928246587514877, 0.05554443597793579, 0.017961857840418816, -0.021236348897218704, 0.024140845984220505, 0.06346413493156433, 0.01781938225030899, -0.06617384403944016, 0.016022566705942154, 0.07456885278224945, -0.01409235317260027, -0.0792187750339508, 0.12969835102558136, -0.0676177367568016, -0.08280333131551743, 0.04481382668018341]]
  Reward: -0.48119017481803894
  Account Value: None
  Done: False
  Policy Mean: [[0.08294053375720978, -0.07115258276462555, -0.07531730085611343, -0.08942065387964249, 0.02272030897438526, 0.08542581647634506, 0.11157625913619995, -0.015263191424310207, 0.026173217222094536, -0.08434993773698807, 0.055979397147893906, 0.015053420327603817, -0.07508828490972519, 0.09928246587514877, 0.05554443597793579, 0.017961857840418816, -0.021236348897218704, 0.024140845984220505, 0.06346413493156433, 0.01781938225030899, -0.06617384403944016, 0.016022566705942154, 0.07456885278224945, -0.01409235317260027, -0.0792187750339508, 0.12969835102558136, -0.0676177367568016, -0.08280333131551743, 0.04481382668018341]]
  Policy Std: [[1.0034284591674805, 0.976804256439209, 0.9804749488830566, 0.9932587146759033, 1.0121442079544067, 1.0039632320404053, 1.0009573698043823, 1.0025033950805664, 0.9955798983573914, 0.9826322197914124, 0.9936424493789673, 0.9887740015983582, 0.9989004135131836, 1.038902997970581, 0.9870384931564331, 1.0012420415878296, 0.9875728487968445, 0.9975731372833252, 0.998661994934082, 0.9784038066864014, 0.995770275592804, 0.996944785118103, 0.9970985651016235, 0.99070805311203, 1.0111769437789917, 0.9880393743515015, 1.0210251808166504, 1.0141289234161377, 0.9971608519554138]]

Step 220:
  Date/Day: 221
  Action: [[0.08294053375720978, -0.07115258276462555, -0.07531730085611343, -0.08942065387964249, 0.02272030897438526, 0.08542581647634506, 0.11157625913619995, -0.015263191424310207, 0.026173217222094536, -0.08434993773698807, 0.055979397147893906, 0.015053420327603817, -0.07508828490972519, 0.09928246587514877, 0.05554443597793579, 0.017961857840418816, -0.021236348897218704, 0.024140845984220505, 0.06346413493156433, 0.01781938225030899, -0.06617384403944016, 0.016022566705942154, 0.07456885278224945, -0.01409235317260027, -0.0792187750339508, 0.12969835102558136, -0.0676177367568016, -0.08280333131551743, 0.04481382668018341]]
  Reward: -0.7095922827720642
  Account Value: None
  Done: False
  Policy Mean: [[0.08294053375720978, -0.07115258276462555, -0.07531730085611343, -0.08942065387964249, 0.02272030897438526, 0.08542581647634506, 0.11157625913619995, -0.015263191424310207, 0.026173217222094536, -0.08434993773698807, 0.055979397147893906, 0.015053420327603817, -0.07508828490972519, 0.09928246587514877, 0.05554443597793579, 0.017961857840418816, -0.021236348897218704, 0.024140845984220505, 0.06346413493156433, 0.01781938225030899, -0.06617384403944016, 0.016022566705942154, 0.07456885278224945, -0.01409235317260027, -0.0792187750339508, 0.12969835102558136, -0.0676177367568016, -0.08280333131551743, 0.04481382668018341]]
  Policy Std: [[1.0034284591674805, 0.976804256439209, 0.9804749488830566, 0.9932587146759033, 1.0121442079544067, 1.0039632320404053, 1.0009573698043823, 1.0025033950805664, 0.9955798983573914, 0.9826322197914124, 0.9936424493789673, 0.9887740015983582, 0.9989004135131836, 1.038902997970581, 0.9870384931564331, 1.0012420415878296, 0.9875728487968445, 0.9975731372833252, 0.998661994934082, 0.9784038066864014, 0.995770275592804, 0.996944785118103, 0.9970985651016235, 0.99070805311203, 1.0111769437789917, 0.9880393743515015, 1.0210251808166504, 1.0141289234161377, 0.9971608519554138]]

Step 221:
  Date/Day: 222
  Action: [[0.1282196044921875, -0.10985832661390305, -0.11833782494068146, -0.1321568787097931, 0.01995735429227352, 0.13058510422706604, 0.15411998331546783, -0.02259993739426136, 0.03589104115962982, -0.1228238120675087, 0.09640422463417053, 0.015428836457431316, -0.11160541325807571, 0.1468934565782547, 0.0830860435962677, 0.04223286360502243, -0.027960646897554398, 0.03982987254858017, 0.09838136285543442, 0.02453409880399704, -0.10205212235450745, 0.023970220237970352, 0.11489822715520859, -0.027934374287724495, -0.11726483702659607, 0.20203451812267303, -0.09419748187065125, -0.12948966026306152, 0.06585367023944855]]
  Reward: 0.0499444454908371
  Account Value: None
  Done: False
  Policy Mean: [[0.1282196044921875, -0.10985832661390305, -0.11833782494068146, -0.1321568787097931, 0.01995735429227352, 0.13058510422706604, 0.15411998331546783, -0.02259993739426136, 0.03589104115962982, -0.1228238120675087, 0.09640422463417053, 0.015428836457431316, -0.11160541325807571, 0.1468934565782547, 0.0830860435962677, 0.04223286360502243, -0.027960646897554398, 0.03982987254858017, 0.09838136285543442, 0.02453409880399704, -0.10205212235450745, 0.023970220237970352, 0.11489822715520859, -0.027934374287724495, -0.11726483702659607, 0.20203451812267303, -0.09419748187065125, -0.12948966026306152, 0.06585367023944855]]
  Policy Std: [[1.0034284591674805, 0.976804256439209, 0.9804749488830566, 0.9932587146759033, 1.0121442079544067, 1.0039632320404053, 1.0009573698043823, 1.0025033950805664, 0.9955798983573914, 0.9826322197914124, 0.9936424493789673, 0.9887740015983582, 0.9989004135131836, 1.038902997970581, 0.9870384931564331, 1.0012420415878296, 0.9875728487968445, 0.9975731372833252, 0.998661994934082, 0.9784038066864014, 0.995770275592804, 0.996944785118103, 0.9970985651016235, 0.99070805311203, 1.0111769437789917, 0.9880393743515015, 1.0210251808166504, 1.0141289234161377, 0.9971608519554138]]

Step 222:
  Date/Day: 223
  Action: [[0.10364037752151489, -0.08279425650835037, -0.09640992432832718, -0.11502943933010101, 0.02350967936217785, 0.10584709793329239, 0.1439363956451416, -0.01376941055059433, 0.03244625777006149, -0.10406219214200974, 0.06658702343702316, 0.023829733952879906, -0.10947224497795105, 0.12750256061553955, 0.0671212375164032, 0.03162754327058792, -0.020638538524508476, 0.02789815329015255, 0.0778849720954895, 0.02813851833343506, -0.09165287017822266, 0.02104528248310089, 0.0902225598692894, -0.023578420281410217, -0.10259010642766953, 0.1734587848186493, -0.08251859992742538, -0.09315928816795349, 0.05232235789299011]]
  Reward: 0.9510427117347717
  Account Value: None
  Done: False
  Policy Mean: [[0.10364037752151489, -0.08279425650835037, -0.09640992432832718, -0.11502943933010101, 0.02350967936217785, 0.10584709793329239, 0.1439363956451416, -0.01376941055059433, 0.03244625777006149, -0.10406219214200974, 0.06658702343702316, 0.023829733952879906, -0.10947224497795105, 0.12750256061553955, 0.0671212375164032, 0.03162754327058792, -0.020638538524508476, 0.02789815329015255, 0.0778849720954895, 0.02813851833343506, -0.09165287017822266, 0.02104528248310089, 0.0902225598692894, -0.023578420281410217, -0.10259010642766953, 0.1734587848186493, -0.08251859992742538, -0.09315928816795349, 0.05232235789299011]]
  Policy Std: [[1.0034284591674805, 0.976804256439209, 0.9804749488830566, 0.9932587146759033, 1.0121442079544067, 1.0039632320404053, 1.0009573698043823, 1.0025033950805664, 0.9955798983573914, 0.9826322197914124, 0.9936424493789673, 0.9887740015983582, 0.9989004135131836, 1.038902997970581, 0.9870384931564331, 1.0012420415878296, 0.9875728487968445, 0.9975731372833252, 0.998661994934082, 0.9784038066864014, 0.995770275592804, 0.996944785118103, 0.9970985651016235, 0.99070805311203, 1.0111769437789917, 0.9880393743515015, 1.0210251808166504, 1.0141289234161377, 0.9971608519554138]]

Step 223:
  Date/Day: 224
  Action: [[0.0946253165602684, -0.07937520742416382, -0.08688567578792572, -0.10024848580360413, 0.02200063318014145, 0.09762482345104218, 0.12850910425186157, -0.015784362331032753, 0.030124012380838394, -0.09312927722930908, 0.06812877953052521, 0.0218362919986248, -0.08929967135190964, 0.10983778536319733, 0.06700681149959564, 0.02707628719508648, -0.023960156366229057, 0.02670186385512352, 0.08075596392154694, 0.023392267525196075, -0.07847731560468674, 0.016610655933618546, 0.08811057358980179, -0.017142612487077713, -0.09230470657348633, 0.15830369293689728, -0.0809040516614914, -0.09681999683380127, 0.05462237447500229]]
  Reward: -0.17181378602981567
  Account Value: None
  Done: False
  Policy Mean: [[0.0946253165602684, -0.07937520742416382, -0.08688567578792572, -0.10024848580360413, 0.02200063318014145, 0.09762482345104218, 0.12850910425186157, -0.015784362331032753, 0.030124012380838394, -0.09312927722930908, 0.06812877953052521, 0.0218362919986248, -0.08929967135190964, 0.10983778536319733, 0.06700681149959564, 0.02707628719508648, -0.023960156366229057, 0.02670186385512352, 0.08075596392154694, 0.023392267525196075, -0.07847731560468674, 0.016610655933618546, 0.08811057358980179, -0.017142612487077713, -0.09230470657348633, 0.15830369293689728, -0.0809040516614914, -0.09681999683380127, 0.05462237447500229]]
  Policy Std: [[1.0034284591674805, 0.976804256439209, 0.9804749488830566, 0.9932587146759033, 1.0121442079544067, 1.0039632320404053, 1.0009573698043823, 1.0025033950805664, 0.9955798983573914, 0.9826322197914124, 0.9936424493789673, 0.9887740015983582, 0.9989004135131836, 1.038902997970581, 0.9870384931564331, 1.0012420415878296, 0.9875728487968445, 0.9975731372833252, 0.998661994934082, 0.9784038066864014, 0.995770275592804, 0.996944785118103, 0.9970985651016235, 0.99070805311203, 1.0111769437789917, 0.9880393743515015, 1.0210251808166504, 1.0141289234161377, 0.9971608519554138]]

Step 224:
  Date/Day: 225
  Action: [[0.09464403241872787, -0.07938525825738907, -0.08690512925386429, -0.10026558488607407, 0.022002864629030228, 0.09764334559440613, 0.12853491306304932, -0.01578420400619507, 0.030128266662359238, -0.09314092993736267, 0.06814685463905334, 0.021845513954758644, -0.08932215720415115, 0.10985168069601059, 0.06702233850955963, 0.027089517563581467, -0.023961476981639862, 0.026707932353019714, 0.08078357577323914, 0.023400500416755676, -0.07849773019552231, 0.016612913459539413, 0.08813240379095078, -0.017146775498986244, -0.09232485294342041, 0.15834853053092957, -0.08092666417360306, -0.09683871269226074, 0.05463580787181854]]
  Reward: 0.9763473272323608
  Account Value: None
  Done: False
  Policy Mean: [[0.09464403241872787, -0.07938525825738907, -0.08690512925386429, -0.10026558488607407, 0.022002864629030228, 0.09764334559440613, 0.12853491306304932, -0.01578420400619507, 0.030128266662359238, -0.09314092993736267, 0.06814685463905334, 0.021845513954758644, -0.08932215720415115, 0.10985168069601059, 0.06702233850955963, 0.027089517563581467, -0.023961476981639862, 0.026707932353019714, 0.08078357577323914, 0.023400500416755676, -0.07849773019552231, 0.016612913459539413, 0.08813240379095078, -0.017146775498986244, -0.09232485294342041, 0.15834853053092957, -0.08092666417360306, -0.09683871269226074, 0.05463580787181854]]
  Policy Std: [[1.0034284591674805, 0.976804256439209, 0.9804749488830566, 0.9932587146759033, 1.0121442079544067, 1.0039632320404053, 1.0009573698043823, 1.0025033950805664, 0.9955798983573914, 0.9826322197914124, 0.9936424493789673, 0.9887740015983582, 0.9989004135131836, 1.038902997970581, 0.9870384931564331, 1.0012420415878296, 0.9875728487968445, 0.9975731372833252, 0.998661994934082, 0.9784038066864014, 0.995770275592804, 0.996944785118103, 0.9970985651016235, 0.99070805311203, 1.0111769437789917, 0.9880393743515015, 1.0210251808166504, 1.0141289234161377, 0.9971608519554138]]

Step 225:
  Date/Day: 226
  Action: [[0.0945795401930809, -0.07934247702360153, -0.08684264123439789, -0.10021036863327026, 0.022003140300512314, 0.09757892042398453, 0.1284475475549698, -0.015783090144395828, 0.030108219012618065, -0.09309668093919754, 0.06808338314294815, 0.021816864609718323, -0.0892515480518341, 0.1097932904958725, 0.06696398556232452, 0.02703913114964962, -0.023949984461069107, 0.026686865836381912, 0.08069232106208801, 0.023374974727630615, -0.07843117415904999, 0.016607116907835007, 0.08806098252534866, -0.017128869891166687, -0.09225741028785706, 0.15819795429706573, -0.08085844665765762, -0.09676922857761383, 0.054589420557022095]]
  Reward: 0.02467990480363369
  Account Value: None
  Done: False
  Policy Mean: [[0.0945795401930809, -0.07934247702360153, -0.08684264123439789, -0.10021036863327026, 0.022003140300512314, 0.09757892042398453, 0.1284475475549698, -0.015783090144395828, 0.030108219012618065, -0.09309668093919754, 0.06808338314294815, 0.021816864609718323, -0.0892515480518341, 0.1097932904958725, 0.06696398556232452, 0.02703913114964962, -0.023949984461069107, 0.026686865836381912, 0.08069232106208801, 0.023374974727630615, -0.07843117415904999, 0.016607116907835007, 0.08806098252534866, -0.017128869891166687, -0.09225741028785706, 0.15819795429706573, -0.08085844665765762, -0.09676922857761383, 0.054589420557022095]]
  Policy Std: [[1.0034284591674805, 0.976804256439209, 0.9804749488830566, 0.9932587146759033, 1.0121442079544067, 1.0039632320404053, 1.0009573698043823, 1.0025033950805664, 0.9955798983573914, 0.9826322197914124, 0.9936424493789673, 0.9887740015983582, 0.9989004135131836, 1.038902997970581, 0.9870384931564331, 1.0012420415878296, 0.9875728487968445, 0.9975731372833252, 0.998661994934082, 0.9784038066864014, 0.995770275592804, 0.996944785118103, 0.9970985651016235, 0.99070805311203, 1.0111769437789917, 0.9880393743515015, 1.0210251808166504, 1.0141289234161377, 0.9971608519554138]]

Step 226:
  Date/Day: 227
  Action: [[0.06456728279590607, -0.05913122743368149, -0.06458278000354767, -0.08632994443178177, 0.02926209196448326, 0.08067550510168076, 0.1233077347278595, -0.013169032521545887, 0.0333077497780323, -0.07556132227182388, 0.05871810391545296, 0.03320099785923958, -0.0823323056101799, 0.08512943238019943, 0.06639903783798218, 0.020905889570713043, -0.027241747826337814, 0.009671268984675407, 0.0733214020729065, 0.027391646057367325, -0.06847347319126129, 0.016840064898133278, 0.07441066950559616, -0.009366092272102833, -0.07188042998313904, 0.1497393250465393, -0.0812501460313797, -0.07773277163505554, 0.04411078989505768]]
  Reward: -0.09527476876974106
  Account Value: None
  Done: False
  Policy Mean: [[0.06456728279590607, -0.05913122743368149, -0.06458278000354767, -0.08632994443178177, 0.02926209196448326, 0.08067550510168076, 0.1233077347278595, -0.013169032521545887, 0.0333077497780323, -0.07556132227182388, 0.05871810391545296, 0.03320099785923958, -0.0823323056101799, 0.08512943238019943, 0.06639903783798218, 0.020905889570713043, -0.027241747826337814, 0.009671268984675407, 0.0733214020729065, 0.027391646057367325, -0.06847347319126129, 0.016840064898133278, 0.07441066950559616, -0.009366092272102833, -0.07188042998313904, 0.1497393250465393, -0.0812501460313797, -0.07773277163505554, 0.04411078989505768]]
  Policy Std: [[1.0034284591674805, 0.976804256439209, 0.9804749488830566, 0.9932587146759033, 1.0121442079544067, 1.0039632320404053, 1.0009573698043823, 1.0025033950805664, 0.9955798983573914, 0.9826322197914124, 0.9936424493789673, 0.9887740015983582, 0.9989004135131836, 1.038902997970581, 0.9870384931564331, 1.0012420415878296, 0.9875728487968445, 0.9975731372833252, 0.998661994934082, 0.9784038066864014, 0.995770275592804, 0.996944785118103, 0.9970985651016235, 0.99070805311203, 1.0111769437789917, 0.9880393743515015, 1.0210251808166504, 1.0141289234161377, 0.9971608519554138]]

Step 227:
  Date/Day: 228
  Action: [[0.06453979760408401, -0.05911005288362503, -0.0645596981048584, -0.08629715442657471, 0.029252033680677414, 0.08064760267734528, 0.12326933443546295, -0.01316848024725914, 0.033297616988420486, -0.07553932815790176, 0.05870097503066063, 0.0332053080201149, -0.0822964683175087, 0.08509725332260132, 0.06638149917125702, 0.02089277282357216, -0.027254503220319748, 0.009670460596680641, 0.07330158352851868, 0.02737678959965706, -0.06844217330217361, 0.01682785153388977, 0.07438743859529495, -0.009351152926683426, -0.07185667753219604, 0.1496816873550415, -0.08123229444026947, -0.07771265506744385, 0.04409276694059372]]
  Reward: -0.18187516927719116
  Account Value: None
  Done: False
  Policy Mean: [[0.06453979760408401, -0.05911005288362503, -0.0645596981048584, -0.08629715442657471, 0.029252033680677414, 0.08064760267734528, 0.12326933443546295, -0.01316848024725914, 0.033297616988420486, -0.07553932815790176, 0.05870097503066063, 0.0332053080201149, -0.0822964683175087, 0.08509725332260132, 0.06638149917125702, 0.02089277282357216, -0.027254503220319748, 0.009670460596680641, 0.07330158352851868, 0.02737678959965706, -0.06844217330217361, 0.01682785153388977, 0.07438743859529495, -0.009351152926683426, -0.07185667753219604, 0.1496816873550415, -0.08123229444026947, -0.07771265506744385, 0.04409276694059372]]
  Policy Std: [[1.0034284591674805, 0.976804256439209, 0.9804749488830566, 0.9932587146759033, 1.0121442079544067, 1.0039632320404053, 1.0009573698043823, 1.0025033950805664, 0.9955798983573914, 0.9826322197914124, 0.9936424493789673, 0.9887740015983582, 0.9989004135131836, 1.038902997970581, 0.9870384931564331, 1.0012420415878296, 0.9875728487968445, 0.9975731372833252, 0.998661994934082, 0.9784038066864014, 0.995770275592804, 0.996944785118103, 0.9970985651016235, 0.99070805311203, 1.0111769437789917, 0.9880393743515015, 1.0210251808166504, 1.0141289234161377, 0.9971608519554138]]

Step 228:
  Date/Day: 229
  Action: [[0.0476413369178772, -0.04528885334730148, -0.04835420846939087, -0.06501221656799316, 0.024141419678926468, 0.06237420439720154, 0.09830594062805176, -0.01101535651832819, 0.02684556320309639, -0.05933937802910805, 0.04741377755999565, 0.03316918760538101, -0.059894636273384094, 0.06399854272603989, 0.05472173914313316, 0.013197503983974457, -0.03239322453737259, 0.009045064449310303, 0.06071124225854874, 0.019267544150352478, -0.049290359020233154, 0.00941784679889679, 0.05872327834367752, -0.0017262354958802462, -0.05652867257595062, 0.11340929567813873, -0.06836379319429398, -0.06414399296045303, 0.03303786367177963]]
  Reward: 0.7931181788444519
  Account Value: None
  Done: False
  Policy Mean: [[0.0476413369178772, -0.04528885334730148, -0.04835420846939087, -0.06501221656799316, 0.024141419678926468, 0.06237420439720154, 0.09830594062805176, -0.01101535651832819, 0.02684556320309639, -0.05933937802910805, 0.04741377755999565, 0.03316918760538101, -0.059894636273384094, 0.06399854272603989, 0.05472173914313316, 0.013197503983974457, -0.03239322453737259, 0.009045064449310303, 0.06071124225854874, 0.019267544150352478, -0.049290359020233154, 0.00941784679889679, 0.05872327834367752, -0.0017262354958802462, -0.05652867257595062, 0.11340929567813873, -0.06836379319429398, -0.06414399296045303, 0.03303786367177963]]
  Policy Std: [[1.0034284591674805, 0.976804256439209, 0.9804749488830566, 0.9932587146759033, 1.0121442079544067, 1.0039632320404053, 1.0009573698043823, 1.0025033950805664, 0.9955798983573914, 0.9826322197914124, 0.9936424493789673, 0.9887740015983582, 0.9989004135131836, 1.038902997970581, 0.9870384931564331, 1.0012420415878296, 0.9875728487968445, 0.9975731372833252, 0.998661994934082, 0.9784038066864014, 0.995770275592804, 0.996944785118103, 0.9970985651016235, 0.99070805311203, 1.0111769437789917, 0.9880393743515015, 1.0210251808166504, 1.0141289234161377, 0.9971608519554138]]

Step 229:
  Date/Day: 230
  Action: [[0.06456729024648666, -0.059131234884262085, -0.06458278745412827, -0.08632993698120117, 0.029262084513902664, 0.08067552000284195, 0.1233077347278595, -0.013169028796255589, 0.0333077535033226, -0.07556132227182388, 0.05871811509132385, 0.033201009035110474, -0.0823323130607605, 0.08512942492961884, 0.06639904528856277, 0.020905904471874237, -0.027241751551628113, 0.009671270847320557, 0.07332143932580948, 0.027391653507947922, -0.06847348064184189, 0.016840066760778427, 0.07441067695617676, -0.00936609972268343, -0.07188045233488083, 0.1497393697500229, -0.0812501385807991, -0.07773277908563614, 0.04411080479621887]]
  Reward: -0.6574539542198181
  Account Value: None
  Done: False
  Policy Mean: [[0.06456729024648666, -0.059131234884262085, -0.06458278745412827, -0.08632993698120117, 0.029262084513902664, 0.08067552000284195, 0.1233077347278595, -0.013169028796255589, 0.0333077535033226, -0.07556132227182388, 0.05871811509132385, 0.033201009035110474, -0.0823323130607605, 0.08512942492961884, 0.06639904528856277, 0.020905904471874237, -0.027241751551628113, 0.009671270847320557, 0.07332143932580948, 0.027391653507947922, -0.06847348064184189, 0.016840066760778427, 0.07441067695617676, -0.00936609972268343, -0.07188045233488083, 0.1497393697500229, -0.0812501385807991, -0.07773277908563614, 0.04411080479621887]]
  Policy Std: [[1.0034284591674805, 0.976804256439209, 0.9804749488830566, 0.9932587146759033, 1.0121442079544067, 1.0039632320404053, 1.0009573698043823, 1.0025033950805664, 0.9955798983573914, 0.9826322197914124, 0.9936424493789673, 0.9887740015983582, 0.9989004135131836, 1.038902997970581, 0.9870384931564331, 1.0012420415878296, 0.9875728487968445, 0.9975731372833252, 0.998661994934082, 0.9784038066864014, 0.995770275592804, 0.996944785118103, 0.9970985651016235, 0.99070805311203, 1.0111769437789917, 0.9880393743515015, 1.0210251808166504, 1.0141289234161377, 0.9971608519554138]]

Step 230:
  Date/Day: 231
  Action: [[0.06082472950220108, -0.056216396391391754, -0.06130664050579071, -0.08181922882795334, 0.027979925274848938, 0.07685132324695587, 0.118109330534935, -0.01296369731426239, 0.03196760267019272, -0.07243030518293381, 0.05632513388991356, 0.033605318516492844, -0.07751774042844772, 0.08071716874837875, 0.06399425864219666, 0.01918124035000801, -0.028763845562934875, 0.009475546889007092, 0.07064096629619598, 0.025511428713798523, -0.06428433209657669, 0.015206703916192055, 0.07114139944314957, -0.007505145855247974, -0.0686430111527443, 0.1419980227947235, -0.0787021666765213, -0.07495787739753723, 0.04172660410404205]]
  Reward: 0.32674822211265564
  Account Value: None
  Done: False
  Policy Mean: [[0.06082472950220108, -0.056216396391391754, -0.06130664050579071, -0.08181922882795334, 0.027979925274848938, 0.07685132324695587, 0.118109330534935, -0.01296369731426239, 0.03196760267019272, -0.07243030518293381, 0.05632513388991356, 0.033605318516492844, -0.07751774042844772, 0.08071716874837875, 0.06399425864219666, 0.01918124035000801, -0.028763845562934875, 0.009475546889007092, 0.07064096629619598, 0.025511428713798523, -0.06428433209657669, 0.015206703916192055, 0.07114139944314957, -0.007505145855247974, -0.0686430111527443, 0.1419980227947235, -0.0787021666765213, -0.07495787739753723, 0.04172660410404205]]
  Policy Std: [[1.0034284591674805, 0.976804256439209, 0.9804749488830566, 0.9932587146759033, 1.0121442079544067, 1.0039632320404053, 1.0009573698043823, 1.0025033950805664, 0.9955798983573914, 0.9826322197914124, 0.9936424493789673, 0.9887740015983582, 0.9989004135131836, 1.038902997970581, 0.9870384931564331, 1.0012420415878296, 0.9875728487968445, 0.9975731372833252, 0.998661994934082, 0.9784038066864014, 0.995770275592804, 0.996944785118103, 0.9970985651016235, 0.99070805311203, 1.0111769437789917, 0.9880393743515015, 1.0210251808166504, 1.0141289234161377, 0.9971608519554138]]

Step 231:
  Date/Day: 232
  Action: [[0.11464481800794601, -0.09743904322385788, -0.11260855197906494, -0.14480151236057281, 0.030852681025862694, 0.12826336920261383, 0.17598280310630798, -0.021104596555233, 0.0427471287548542, -0.12394917011260986, 0.08985790610313416, 0.02804681658744812, -0.14238527417182922, 0.14522022008895874, 0.08319882303476334, 0.039579126983881, -0.02057303860783577, 0.028140494599938393, 0.10166747123003006, 0.03424710035324097, -0.1190100610256195, 0.03255492448806763, 0.12030186504125595, -0.021463502198457718, -0.11105379462242126, 0.23182015120983124, -0.10750629007816315, -0.11496885120868683, 0.06617534160614014]]
  Reward: -0.5410281419754028
  Account Value: None
  Done: False
  Policy Mean: [[0.11464481800794601, -0.09743904322385788, -0.11260855197906494, -0.14480151236057281, 0.030852681025862694, 0.12826336920261383, 0.17598280310630798, -0.021104596555233, 0.0427471287548542, -0.12394917011260986, 0.08985790610313416, 0.02804681658744812, -0.14238527417182922, 0.14522022008895874, 0.08319882303476334, 0.039579126983881, -0.02057303860783577, 0.028140494599938393, 0.10166747123003006, 0.03424710035324097, -0.1190100610256195, 0.03255492448806763, 0.12030186504125595, -0.021463502198457718, -0.11105379462242126, 0.23182015120983124, -0.10750629007816315, -0.11496885120868683, 0.06617534160614014]]
  Policy Std: [[1.0034284591674805, 0.976804256439209, 0.9804749488830566, 0.9932587146759033, 1.0121442079544067, 1.0039632320404053, 1.0009573698043823, 1.0025033950805664, 0.9955798983573914, 0.9826322197914124, 0.9936424493789673, 0.9887740015983582, 0.9989004135131836, 1.038902997970581, 0.9870384931564331, 1.0012420415878296, 0.9875728487968445, 0.9975731372833252, 0.998661994934082, 0.9784038066864014, 0.995770275592804, 0.996944785118103, 0.9970985651016235, 0.99070805311203, 1.0111769437789917, 0.9880393743515015, 1.0210251808166504, 1.0141289234161377, 0.9971608519554138]]

Step 232:
  Date/Day: 233
  Action: [[0.07236477732658386, -0.06524182111024857, -0.07215747237205505, -0.09593180567026138, 0.029676102101802826, 0.08836275339126587, 0.1317429095506668, -0.014580486342310905, 0.03492940962314606, -0.08337955921888351, 0.06382450461387634, 0.03253985941410065, -0.09173861145973206, 0.09469243884086609, 0.06922384351491928, 0.023849189281463623, -0.02649226412177086, 0.012451035901904106, 0.07809913903474808, 0.02844228222966194, -0.07631528377532959, 0.019204385578632355, 0.08167646080255508, -0.011193353682756424, -0.07804901152849197, 0.16296422481536865, -0.08563847839832306, -0.08366619050502777, 0.04762093722820282]]
  Reward: 1.1360617876052856
  Account Value: None
  Done: False
  Policy Mean: [[0.07236477732658386, -0.06524182111024857, -0.07215747237205505, -0.09593180567026138, 0.029676102101802826, 0.08836275339126587, 0.1317429095506668, -0.014580486342310905, 0.03492940962314606, -0.08337955921888351, 0.06382450461387634, 0.03253985941410065, -0.09173861145973206, 0.09469243884086609, 0.06922384351491928, 0.023849189281463623, -0.02649226412177086, 0.012451035901904106, 0.07809913903474808, 0.02844228222966194, -0.07631528377532959, 0.019204385578632355, 0.08167646080255508, -0.011193353682756424, -0.07804901152849197, 0.16296422481536865, -0.08563847839832306, -0.08366619050502777, 0.04762093722820282]]
  Policy Std: [[1.0034284591674805, 0.976804256439209, 0.9804749488830566, 0.9932587146759033, 1.0121442079544067, 1.0039632320404053, 1.0009573698043823, 1.0025033950805664, 0.9955798983573914, 0.9826322197914124, 0.9936424493789673, 0.9887740015983582, 0.9989004135131836, 1.038902997970581, 0.9870384931564331, 1.0012420415878296, 0.9875728487968445, 0.9975731372833252, 0.998661994934082, 0.9784038066864014, 0.995770275592804, 0.996944785118103, 0.9970985651016235, 0.99070805311203, 1.0111769437789917, 0.9880393743515015, 1.0210251808166504, 1.0141289234161377, 0.9971608519554138]]

Step 233:
  Date/Day: 234
  Action: [[0.06455648690462112, -0.059122905135154724, -0.06457370519638062, -0.0863170474767685, 0.029258128255605698, 0.08066455274820328, 0.12329262495040894, -0.013168812729418278, 0.03330376371741295, -0.07555267959833145, 0.058711376041173935, 0.03320270776748657, -0.08231822401285172, 0.08511678129434586, 0.06639214605093002, 0.02090073749423027, -0.027246776968240738, 0.009670950472354889, 0.0733136311173439, 0.027385804802179337, -0.06846116483211517, 0.01683526113629341, 0.07440154254436493, -0.00936021376401186, -0.07187110930681229, 0.14971666038036346, -0.0812431275844574, -0.0777248740196228, 0.0441037118434906]]
  Reward: -0.2071210741996765
  Account Value: None
  Done: False
  Policy Mean: [[0.06455648690462112, -0.059122905135154724, -0.06457370519638062, -0.0863170474767685, 0.029258128255605698, 0.08066455274820328, 0.12329262495040894, -0.013168812729418278, 0.03330376371741295, -0.07555267959833145, 0.058711376041173935, 0.03320270776748657, -0.08231822401285172, 0.08511678129434586, 0.06639214605093002, 0.02090073749423027, -0.027246776968240738, 0.009670950472354889, 0.0733136311173439, 0.027385804802179337, -0.06846116483211517, 0.01683526113629341, 0.07440154254436493, -0.00936021376401186, -0.07187110930681229, 0.14971666038036346, -0.0812431275844574, -0.0777248740196228, 0.0441037118434906]]
  Policy Std: [[1.0034284591674805, 0.976804256439209, 0.9804749488830566, 0.9932587146759033, 1.0121442079544067, 1.0039632320404053, 1.0009573698043823, 1.0025033950805664, 0.9955798983573914, 0.9826322197914124, 0.9936424493789673, 0.9887740015983582, 0.9989004135131836, 1.038902997970581, 0.9870384931564331, 1.0012420415878296, 0.9875728487968445, 0.9975731372833252, 0.998661994934082, 0.9784038066864014, 0.995770275592804, 0.996944785118103, 0.9970985651016235, 0.99070805311203, 1.0111769437789917, 0.9880393743515015, 1.0210251808166504, 1.0141289234161377, 0.9971608519554138]]

Step 234:
  Date/Day: 235
  Action: [[0.08817803859710693, -0.07414441555738449, -0.08565611392259598, -0.11757548898458481, 0.03197422996163368, 0.09668265283107758, 0.13217701017856598, -0.020332632586359978, 0.02939664199948311, -0.09449668228626251, 0.06937078386545181, 0.01836428977549076, -0.11006683856248856, 0.11335903406143188, 0.059519559144973755, 0.02028736099600792, -0.019491787999868393, 0.02835126779973507, 0.0720953643321991, 0.0211343951523304, -0.09180255979299545, 0.025910329073667526, 0.09350154548883438, -0.008959195576608181, -0.08480764180421829, 0.1676192730665207, -0.08254829794168472, -0.08822602778673172, 0.04486784338951111]]
  Reward: -0.11994877457618713
  Account Value: None
  Done: False
  Policy Mean: [[0.08817803859710693, -0.07414441555738449, -0.08565611392259598, -0.11757548898458481, 0.03197422996163368, 0.09668265283107758, 0.13217701017856598, -0.020332632586359978, 0.02939664199948311, -0.09449668228626251, 0.06937078386545181, 0.01836428977549076, -0.11006683856248856, 0.11335903406143188, 0.059519559144973755, 0.02028736099600792, -0.019491787999868393, 0.02835126779973507, 0.0720953643321991, 0.0211343951523304, -0.09180255979299545, 0.025910329073667526, 0.09350154548883438, -0.008959195576608181, -0.08480764180421829, 0.1676192730665207, -0.08254829794168472, -0.08822602778673172, 0.04486784338951111]]
  Policy Std: [[1.0034284591674805, 0.976804256439209, 0.9804749488830566, 0.9932587146759033, 1.0121442079544067, 1.0039632320404053, 1.0009573698043823, 1.0025033950805664, 0.9955798983573914, 0.9826322197914124, 0.9936424493789673, 0.9887740015983582, 0.9989004135131836, 1.038902997970581, 0.9870384931564331, 1.0012420415878296, 0.9875728487968445, 0.9975731372833252, 0.998661994934082, 0.9784038066864014, 0.995770275592804, 0.996944785118103, 0.9970985651016235, 0.99070805311203, 1.0111769437789917, 0.9880393743515015, 1.0210251808166504, 1.0141289234161377, 0.9971608519554138]]

Step 235:
  Date/Day: 236
  Action: [[0.088669553399086, -0.07431107014417648, -0.0859212651848793, -0.11827190220355988, 0.03244415298104286, 0.09673351794481277, 0.1320311576128006, -0.020459536463022232, 0.02916807308793068, -0.09450215101242065, 0.06940615922212601, 0.017746834084391594, -0.11043895781040192, 0.11388946324586868, 0.05918126180768013, 0.02002413012087345, -0.018881477415561676, 0.028914012014865875, 0.07150447368621826, 0.02099958062171936, -0.09224523603916168, 0.026230722665786743, 0.09370946884155273, -0.009050239808857441, -0.08498193323612213, 0.16737447679042816, -0.08232809603214264, -0.0879492461681366, 0.044533610343933105]]
  Reward: -0.3001229763031006
  Account Value: None
  Done: False
  Policy Mean: [[0.088669553399086, -0.07431107014417648, -0.0859212651848793, -0.11827190220355988, 0.03244415298104286, 0.09673351794481277, 0.1320311576128006, -0.020459536463022232, 0.02916807308793068, -0.09450215101242065, 0.06940615922212601, 0.017746834084391594, -0.11043895781040192, 0.11388946324586868, 0.05918126180768013, 0.02002413012087345, -0.018881477415561676, 0.028914012014865875, 0.07150447368621826, 0.02099958062171936, -0.09224523603916168, 0.026230722665786743, 0.09370946884155273, -0.009050239808857441, -0.08498193323612213, 0.16737447679042816, -0.08232809603214264, -0.0879492461681366, 0.044533610343933105]]
  Policy Std: [[1.0034284591674805, 0.976804256439209, 0.9804749488830566, 0.9932587146759033, 1.0121442079544067, 1.0039632320404053, 1.0009573698043823, 1.0025033950805664, 0.9955798983573914, 0.9826322197914124, 0.9936424493789673, 0.9887740015983582, 0.9989004135131836, 1.038902997970581, 0.9870384931564331, 1.0012420415878296, 0.9875728487968445, 0.9975731372833252, 0.998661994934082, 0.9784038066864014, 0.995770275592804, 0.996944785118103, 0.9970985651016235, 0.99070805311203, 1.0111769437789917, 0.9880393743515015, 1.0210251808166504, 1.0141289234161377, 0.9971608519554138]]

Step 236:
  Date/Day: 237
  Action: [[0.11967351287603378, -0.09613334387540817, -0.10953789949417114, -0.13009989261627197, 0.02419760264456272, 0.11427795141935349, 0.13721652328968048, -0.0236028004437685, 0.02592291682958603, -0.11445263773202896, 0.0788712427020073, 0.002298973500728607, -0.11536939442157745, 0.13862323760986328, 0.057810477912425995, 0.027209090068936348, -0.015044857747852802, 0.044963546097278595, 0.0769118070602417, 0.016197793185710907, -0.10266562551259995, 0.02722538262605667, 0.10520516335964203, -0.01764429733157158, -0.10146663337945938, 0.17431364953517914, -0.07964204251766205, -0.10958142578601837, 0.05666571110486984]]
  Reward: 0.64162278175354
  Account Value: None
  Done: False
  Policy Mean: [[0.11967351287603378, -0.09613334387540817, -0.10953789949417114, -0.13009989261627197, 0.02419760264456272, 0.11427795141935349, 0.13721652328968048, -0.0236028004437685, 0.02592291682958603, -0.11445263773202896, 0.0788712427020073, 0.002298973500728607, -0.11536939442157745, 0.13862323760986328, 0.057810477912425995, 0.027209090068936348, -0.015044857747852802, 0.044963546097278595, 0.0769118070602417, 0.016197793185710907, -0.10266562551259995, 0.02722538262605667, 0.10520516335964203, -0.01764429733157158, -0.10146663337945938, 0.17431364953517914, -0.07964204251766205, -0.10958142578601837, 0.05666571110486984]]
  Policy Std: [[1.0034284591674805, 0.976804256439209, 0.9804749488830566, 0.9932587146759033, 1.0121442079544067, 1.0039632320404053, 1.0009573698043823, 1.0025033950805664, 0.9955798983573914, 0.9826322197914124, 0.9936424493789673, 0.9887740015983582, 0.9989004135131836, 1.038902997970581, 0.9870384931564331, 1.0012420415878296, 0.9875728487968445, 0.9975731372833252, 0.998661994934082, 0.9784038066864014, 0.995770275592804, 0.996944785118103, 0.9970985651016235, 0.99070805311203, 1.0111769437789917, 0.9880393743515015, 1.0210251808166504, 1.0141289234161377, 0.9971608519554138]]

Step 237:
  Date/Day: 238
  Action: [[0.08153332769870758, -0.06724166125059128, -0.0735812857747078, -0.08482028543949127, 0.02076086215674877, 0.07963424175977707, 0.09960904717445374, -0.015935366973280907, 0.020721398293972015, -0.07994792610406876, 0.05449375882744789, 0.010700017213821411, -0.06783550977706909, 0.09188094735145569, 0.04804997146129608, 0.013657329604029655, -0.023084471002221107, 0.030302170664072037, 0.05651606246829033, 0.012489991262555122, -0.06163862347602844, 0.01341295801103115, 0.07088345289230347, -0.010177909396588802, -0.07335954904556274, 0.11336953192949295, -0.06188282370567322, -0.08142252266407013, 0.040448278188705444]]
  Reward: 0.24659524857997894
  Account Value: None
  Done: False
  Policy Mean: [[0.08153332769870758, -0.06724166125059128, -0.0735812857747078, -0.08482028543949127, 0.02076086215674877, 0.07963424175977707, 0.09960904717445374, -0.015935366973280907, 0.020721398293972015, -0.07994792610406876, 0.05449375882744789, 0.010700017213821411, -0.06783550977706909, 0.09188094735145569, 0.04804997146129608, 0.013657329604029655, -0.023084471002221107, 0.030302170664072037, 0.05651606246829033, 0.012489991262555122, -0.06163862347602844, 0.01341295801103115, 0.07088345289230347, -0.010177909396588802, -0.07335954904556274, 0.11336953192949295, -0.06188282370567322, -0.08142252266407013, 0.040448278188705444]]
  Policy Std: [[1.0034284591674805, 0.976804256439209, 0.9804749488830566, 0.9932587146759033, 1.0121442079544067, 1.0039632320404053, 1.0009573698043823, 1.0025033950805664, 0.9955798983573914, 0.9826322197914124, 0.9936424493789673, 0.9887740015983582, 0.9989004135131836, 1.038902997970581, 0.9870384931564331, 1.0012420415878296, 0.9875728487968445, 0.9975731372833252, 0.998661994934082, 0.9784038066864014, 0.995770275592804, 0.996944785118103, 0.9970985651016235, 0.99070805311203, 1.0111769437789917, 0.9880393743515015, 1.0210251808166504, 1.0141289234161377, 0.9971608519554138]]

Step 238:
  Date/Day: 239
  Action: [[0.08153331279754639, -0.06724168360233307, -0.0735812783241272, -0.08482029289007187, 0.02076086215674877, 0.07963427156209946, 0.0996091216802597, -0.015935368835926056, 0.020721442997455597, -0.07994797080755234, 0.0544937439262867, 0.010700054466724396, -0.06783553957939148, 0.09188100695610046, 0.048050012439489365, 0.013657346367835999, -0.02308446541428566, 0.03030209429562092, 0.056516095995903015, 0.012490025721490383, -0.061638642102479935, 0.013412974774837494, 0.07088346034288406, -0.01017793919891119, -0.07335958629846573, 0.11336962878704071, -0.06188284978270531, -0.08142252266407013, 0.04044830799102783]]
  Reward: 0.2823648154735565
  Account Value: None
  Done: False
  Policy Mean: [[0.08153331279754639, -0.06724168360233307, -0.0735812783241272, -0.08482029289007187, 0.02076086215674877, 0.07963427156209946, 0.0996091216802597, -0.015935368835926056, 0.020721442997455597, -0.07994797080755234, 0.0544937439262867, 0.010700054466724396, -0.06783553957939148, 0.09188100695610046, 0.048050012439489365, 0.013657346367835999, -0.02308446541428566, 0.03030209429562092, 0.056516095995903015, 0.012490025721490383, -0.061638642102479935, 0.013412974774837494, 0.07088346034288406, -0.01017793919891119, -0.07335958629846573, 0.11336962878704071, -0.06188284978270531, -0.08142252266407013, 0.04044830799102783]]
  Policy Std: [[1.0034284591674805, 0.976804256439209, 0.9804749488830566, 0.9932587146759033, 1.0121442079544067, 1.0039632320404053, 1.0009573698043823, 1.0025033950805664, 0.9955798983573914, 0.9826322197914124, 0.9936424493789673, 0.9887740015983582, 0.9989004135131836, 1.038902997970581, 0.9870384931564331, 1.0012420415878296, 0.9875728487968445, 0.9975731372833252, 0.998661994934082, 0.9784038066864014, 0.995770275592804, 0.996944785118103, 0.9970985651016235, 0.99070805311203, 1.0111769437789917, 0.9880393743515015, 1.0210251808166504, 1.0141289234161377, 0.9971608519554138]]

Step 239:
  Date/Day: 240
  Action: [[0.08287777751684189, -0.07106319069862366, -0.07525040954351425, -0.08928866684436798, 0.022645534947514534, 0.08528604358434677, 0.11130392551422119, -0.015297288075089455, 0.026051979511976242, -0.08428194373846054, 0.05589483305811882, 0.014961344189941883, -0.07491369545459747, 0.09910748898983002, 0.05536560341715813, 0.01784183830022812, -0.02127893641591072, 0.024229584261775017, 0.06326644867658615, 0.017685452476143837, -0.06604131311178207, 0.015963654965162277, 0.0744408518075943, -0.014002921991050243, -0.07907700538635254, 0.12927432358264923, -0.06746372580528259, -0.08276211470365524, 0.04472003132104874]]
  Reward: -0.8517498970031738
  Account Value: None
  Done: False
  Policy Mean: [[0.08287777751684189, -0.07106319069862366, -0.07525040954351425, -0.08928866684436798, 0.022645534947514534, 0.08528604358434677, 0.11130392551422119, -0.015297288075089455, 0.026051979511976242, -0.08428194373846054, 0.05589483305811882, 0.014961344189941883, -0.07491369545459747, 0.09910748898983002, 0.05536560341715813, 0.01784183830022812, -0.02127893641591072, 0.024229584261775017, 0.06326644867658615, 0.017685452476143837, -0.06604131311178207, 0.015963654965162277, 0.0744408518075943, -0.014002921991050243, -0.07907700538635254, 0.12927432358264923, -0.06746372580528259, -0.08276211470365524, 0.04472003132104874]]
  Policy Std: [[1.0034284591674805, 0.976804256439209, 0.9804749488830566, 0.9932587146759033, 1.0121442079544067, 1.0039632320404053, 1.0009573698043823, 1.0025033950805664, 0.9955798983573914, 0.9826322197914124, 0.9936424493789673, 0.9887740015983582, 0.9989004135131836, 1.038902997970581, 0.9870384931564331, 1.0012420415878296, 0.9875728487968445, 0.9975731372833252, 0.998661994934082, 0.9784038066864014, 0.995770275592804, 0.996944785118103, 0.9970985651016235, 0.99070805311203, 1.0111769437789917, 0.9880393743515015, 1.0210251808166504, 1.0141289234161377, 0.9971608519554138]]

Step 240:
  Date/Day: 241
  Action: [[0.10344447195529938, -0.08266416937112808, -0.09621740132570267, -0.11480353772640228, 0.02355526015162468, 0.1056460291147232, 0.14361067116260529, -0.013796993531286716, 0.032375890761613846, -0.10384311527013779, 0.06649031490087509, 0.023748556151986122, -0.10915445536375046, 0.1271771639585495, 0.06700480729341507, 0.0314340740442276, -0.020624633878469467, 0.027879983186721802, 0.07776618003845215, 0.028020691126585007, -0.09140630066394806, 0.021006353199481964, 0.09009471535682678, -0.023452699184417725, -0.10236859321594238, 0.17303402721881866, -0.08241503685712814, -0.0930531919002533, 0.05225519835948944]]
  Reward: -1.0519137382507324
  Account Value: None
  Done: False
  Policy Mean: [[0.10344447195529938, -0.08266416937112808, -0.09621740132570267, -0.11480353772640228, 0.02355526015162468, 0.1056460291147232, 0.14361067116260529, -0.013796993531286716, 0.032375890761613846, -0.10384311527013779, 0.06649031490087509, 0.023748556151986122, -0.10915445536375046, 0.1271771639585495, 0.06700480729341507, 0.0314340740442276, -0.020624633878469467, 0.027879983186721802, 0.07776618003845215, 0.028020691126585007, -0.09140630066394806, 0.021006353199481964, 0.09009471535682678, -0.023452699184417725, -0.10236859321594238, 0.17303402721881866, -0.08241503685712814, -0.0930531919002533, 0.05225519835948944]]
  Policy Std: [[1.0034284591674805, 0.976804256439209, 0.9804749488830566, 0.9932587146759033, 1.0121442079544067, 1.0039632320404053, 1.0009573698043823, 1.0025033950805664, 0.9955798983573914, 0.9826322197914124, 0.9936424493789673, 0.9887740015983582, 0.9989004135131836, 1.038902997970581, 0.9870384931564331, 1.0012420415878296, 0.9875728487968445, 0.9975731372833252, 0.998661994934082, 0.9784038066864014, 0.995770275592804, 0.996944785118103, 0.9970985651016235, 0.99070805311203, 1.0111769437789917, 0.9880393743515015, 1.0210251808166504, 1.0141289234161377, 0.9971608519554138]]

Step 241:
  Date/Day: 242
  Action: [[0.0851534754037857, -0.06774929910898209, -0.0776251032948494, -0.09112626314163208, 0.017304835841059685, 0.08261618763208389, 0.11307182908058167, -0.011384794488549232, 0.018882539123296738, -0.09050432592630386, 0.04842875525355339, 0.009155230596661568, -0.08787946403026581, 0.10168536007404327, 0.04350573942065239, 0.021481459960341454, -0.01804162561893463, 0.01799672283232212, 0.05419575423002243, 0.01981450989842415, -0.07057970762252808, 0.013875794596970081, 0.06583307683467865, -0.013359041884541512, -0.07990621030330658, 0.12705519795417786, -0.06252508610486984, -0.07972699403762817, 0.04414281249046326]]
  Reward: 0.2862498164176941
  Account Value: None
  Done: False
  Policy Mean: [[0.0851534754037857, -0.06774929910898209, -0.0776251032948494, -0.09112626314163208, 0.017304835841059685, 0.08261618763208389, 0.11307182908058167, -0.011384794488549232, 0.018882539123296738, -0.09050432592630386, 0.04842875525355339, 0.009155230596661568, -0.08787946403026581, 0.10168536007404327, 0.04350573942065239, 0.021481459960341454, -0.01804162561893463, 0.01799672283232212, 0.05419575423002243, 0.01981450989842415, -0.07057970762252808, 0.013875794596970081, 0.06583307683467865, -0.013359041884541512, -0.07990621030330658, 0.12705519795417786, -0.06252508610486984, -0.07972699403762817, 0.04414281249046326]]
  Policy Std: [[1.0034284591674805, 0.976804256439209, 0.9804749488830566, 0.9932587146759033, 1.0121442079544067, 1.0039632320404053, 1.0009573698043823, 1.0025033950805664, 0.9955798983573914, 0.9826322197914124, 0.9936424493789673, 0.9887740015983582, 0.9989004135131836, 1.038902997970581, 0.9870384931564331, 1.0012420415878296, 0.9875728487968445, 0.9975731372833252, 0.998661994934082, 0.9784038066864014, 0.995770275592804, 0.996944785118103, 0.9970985651016235, 0.99070805311203, 1.0111769437789917, 0.9880393743515015, 1.0210251808166504, 1.0141289234161377, 0.9971608519554138]]

Step 242:
  Date/Day: 243
  Action: [[0.11244849860668182, -0.08178107440471649, -0.11041504144668579, -0.12317229062318802, 0.026609163731336594, 0.11135005205869675, 0.15110273659229279, -0.018337130546569824, 0.025770191103219986, -0.11609558016061783, 0.06843315064907074, 0.015473767183721066, -0.11988579481840134, 0.13554447889328003, 0.06408894807100296, 0.030784016475081444, -0.024331970140337944, 0.029381174594163895, 0.07984431833028793, 0.03194161131978035, -0.09964747726917267, 0.024762965738773346, 0.0947611927986145, -0.015169044956564903, -0.09827864170074463, 0.18785087764263153, -0.08543269336223602, -0.10608235001564026, 0.05813763290643692]]
  Reward: -1.4150171279907227
  Account Value: None
  Done: False
  Policy Mean: [[0.11244849860668182, -0.08178107440471649, -0.11041504144668579, -0.12317229062318802, 0.026609163731336594, 0.11135005205869675, 0.15110273659229279, -0.018337130546569824, 0.025770191103219986, -0.11609558016061783, 0.06843315064907074, 0.015473767183721066, -0.11988579481840134, 0.13554447889328003, 0.06408894807100296, 0.030784016475081444, -0.024331970140337944, 0.029381174594163895, 0.07984431833028793, 0.03194161131978035, -0.09964747726917267, 0.024762965738773346, 0.0947611927986145, -0.015169044956564903, -0.09827864170074463, 0.18785087764263153, -0.08543269336223602, -0.10608235001564026, 0.05813763290643692]]
  Policy Std: [[1.0034284591674805, 0.976804256439209, 0.9804749488830566, 0.9932587146759033, 1.0121442079544067, 1.0039632320404053, 1.0009573698043823, 1.0025033950805664, 0.9955798983573914, 0.9826322197914124, 0.9936424493789673, 0.9887740015983582, 0.9989004135131836, 1.038902997970581, 0.9870384931564331, 1.0012420415878296, 0.9875728487968445, 0.9975731372833252, 0.998661994934082, 0.9784038066864014, 0.995770275592804, 0.996944785118103, 0.9970985651016235, 0.99070805311203, 1.0111769437789917, 0.9880393743515015, 1.0210251808166504, 1.0141289234161377, 0.9971608519554138]]

Step 243:
  Date/Day: 244
  Action: [[0.12669606506824493, -0.09873735904693604, -0.13112032413482666, -0.14766252040863037, 0.028948377817869186, 0.1293725222349167, 0.18179063498973846, -0.01892155595123768, 0.03361348435282707, -0.13342414796352386, 0.07759998738765717, 0.01857771724462509, -0.15589357912540436, 0.15968595445156097, 0.06887851655483246, 0.040175192058086395, -0.02253470942378044, 0.031234005466103554, 0.09303794056177139, 0.03868681937456131, -0.12664850056171417, 0.03211531043052673, 0.12077855318784714, -0.021611997857689857, -0.1157507598400116, 0.23493653535842896, -0.0941375344991684, -0.1161297857761383, 0.06776399165391922]]
  Reward: 1.666541576385498
  Account Value: None
  Done: False
  Policy Mean: [[0.12669606506824493, -0.09873735904693604, -0.13112032413482666, -0.14766252040863037, 0.028948377817869186, 0.1293725222349167, 0.18179063498973846, -0.01892155595123768, 0.03361348435282707, -0.13342414796352386, 0.07759998738765717, 0.01857771724462509, -0.15589357912540436, 0.15968595445156097, 0.06887851655483246, 0.040175192058086395, -0.02253470942378044, 0.031234005466103554, 0.09303794056177139, 0.03868681937456131, -0.12664850056171417, 0.03211531043052673, 0.12077855318784714, -0.021611997857689857, -0.1157507598400116, 0.23493653535842896, -0.0941375344991684, -0.1161297857761383, 0.06776399165391922]]
  Policy Std: [[1.0034284591674805, 0.976804256439209, 0.9804749488830566, 0.9932587146759033, 1.0121442079544067, 1.0039632320404053, 1.0009573698043823, 1.0025033950805664, 0.9955798983573914, 0.9826322197914124, 0.9936424493789673, 0.9887740015983582, 0.9989004135131836, 1.038902997970581, 0.9870384931564331, 1.0012420415878296, 0.9875728487968445, 0.9975731372833252, 0.998661994934082, 0.9784038066864014, 0.995770275592804, 0.996944785118103, 0.9970985651016235, 0.99070805311203, 1.0111769437789917, 0.9880393743515015, 1.0210251808166504, 1.0141289234161377, 0.9971608519554138]]

Step 244:
  Date/Day: 245
  Action: [[0.1470973789691925, -0.11032965779304504, -0.14461781084537506, -0.16594438254833221, 0.03037191368639469, 0.1478680670261383, 0.19667330384254456, -0.021404599770903587, 0.03944278135895729, -0.14378568530082703, 0.09541741013526917, 0.023082708939909935, -0.16440504789352417, 0.18150250613689423, 0.08691532164812088, 0.04915502294898033, -0.01875966601073742, 0.04519402235746384, 0.10708167403936386, 0.04116850346326828, -0.1388222724199295, 0.035696934908628464, 0.13231873512268066, -0.02853548340499401, -0.13427101075649261, 0.2600633203983307, -0.11045882105827332, -0.12775897979736328, 0.07293854653835297]]
  Reward: 0.5265432596206665
  Account Value: None
  Done: False
  Policy Mean: [[0.1470973789691925, -0.11032965779304504, -0.14461781084537506, -0.16594438254833221, 0.03037191368639469, 0.1478680670261383, 0.19667330384254456, -0.021404599770903587, 0.03944278135895729, -0.14378568530082703, 0.09541741013526917, 0.023082708939909935, -0.16440504789352417, 0.18150250613689423, 0.08691532164812088, 0.04915502294898033, -0.01875966601073742, 0.04519402235746384, 0.10708167403936386, 0.04116850346326828, -0.1388222724199295, 0.035696934908628464, 0.13231873512268066, -0.02853548340499401, -0.13427101075649261, 0.2600633203983307, -0.11045882105827332, -0.12775897979736328, 0.07293854653835297]]
  Policy Std: [[1.0034284591674805, 0.976804256439209, 0.9804749488830566, 0.9932587146759033, 1.0121442079544067, 1.0039632320404053, 1.0009573698043823, 1.0025033950805664, 0.9955798983573914, 0.9826322197914124, 0.9936424493789673, 0.9887740015983582, 0.9989004135131836, 1.038902997970581, 0.9870384931564331, 1.0012420415878296, 0.9875728487968445, 0.9975731372833252, 0.998661994934082, 0.9784038066864014, 0.995770275592804, 0.996944785118103, 0.9970985651016235, 0.99070805311203, 1.0111769437789917, 0.9880393743515015, 1.0210251808166504, 1.0141289234161377, 0.9971608519554138]]

Step 245:
  Date/Day: 246
  Action: [[0.12472635507583618, -0.0922733023762703, -0.12309080362319946, -0.14043444395065308, 0.030642662197351456, 0.12641671299934387, 0.17425106465816498, -0.01797027327120304, 0.0365072600543499, -0.1237846240401268, 0.08119331300258636, 0.026192277669906616, -0.1359087973833084, 0.15382865071296692, 0.08090165257453918, 0.03828243166208267, -0.02301046997308731, 0.036791007965803146, 0.09415106475353241, 0.037745941430330276, -0.11431266367435455, 0.029546786099672318, 0.11125343292951584, -0.02434018813073635, -0.11558929085731506, 0.22161297500133514, -0.09873241186141968, -0.11107520759105682, 0.0628330186009407]]
  Reward: -0.5558258891105652
  Account Value: None
  Done: False
  Policy Mean: [[0.12472635507583618, -0.0922733023762703, -0.12309080362319946, -0.14043444395065308, 0.030642662197351456, 0.12641671299934387, 0.17425106465816498, -0.01797027327120304, 0.0365072600543499, -0.1237846240401268, 0.08119331300258636, 0.026192277669906616, -0.1359087973833084, 0.15382865071296692, 0.08090165257453918, 0.03828243166208267, -0.02301046997308731, 0.036791007965803146, 0.09415106475353241, 0.037745941430330276, -0.11431266367435455, 0.029546786099672318, 0.11125343292951584, -0.02434018813073635, -0.11558929085731506, 0.22161297500133514, -0.09873241186141968, -0.11107520759105682, 0.0628330186009407]]
  Policy Std: [[1.0034284591674805, 0.976804256439209, 0.9804749488830566, 0.9932587146759033, 1.0121442079544067, 1.0039632320404053, 1.0009573698043823, 1.0025033950805664, 0.9955798983573914, 0.9826322197914124, 0.9936424493789673, 0.9887740015983582, 0.9989004135131836, 1.038902997970581, 0.9870384931564331, 1.0012420415878296, 0.9875728487968445, 0.9975731372833252, 0.998661994934082, 0.9784038066864014, 0.995770275592804, 0.996944785118103, 0.9970985651016235, 0.99070805311203, 1.0111769437789917, 0.9880393743515015, 1.0210251808166504, 1.0141289234161377, 0.9971608519554138]]

Step 246:
  Date/Day: 247
  Action: [[0.12472635507583618, -0.0922733023762703, -0.12309080362319946, -0.14043444395065308, 0.030642662197351456, 0.12641671299934387, 0.17425106465816498, -0.01797027327120304, 0.0365072600543499, -0.1237846240401268, 0.08119331300258636, 0.026192277669906616, -0.1359087973833084, 0.15382865071296692, 0.08090165257453918, 0.03828243166208267, -0.02301046997308731, 0.036791007965803146, 0.09415106475353241, 0.037745941430330276, -0.11431266367435455, 0.029546786099672318, 0.11125343292951584, -0.02434018813073635, -0.11558929085731506, 0.22161297500133514, -0.09873241186141968, -0.11107520759105682, 0.0628330186009407]]
  Reward: 0.6376508474349976
  Account Value: None
  Done: False
  Policy Mean: [[0.12472635507583618, -0.0922733023762703, -0.12309080362319946, -0.14043444395065308, 0.030642662197351456, 0.12641671299934387, 0.17425106465816498, -0.01797027327120304, 0.0365072600543499, -0.1237846240401268, 0.08119331300258636, 0.026192277669906616, -0.1359087973833084, 0.15382865071296692, 0.08090165257453918, 0.03828243166208267, -0.02301046997308731, 0.036791007965803146, 0.09415106475353241, 0.037745941430330276, -0.11431266367435455, 0.029546786099672318, 0.11125343292951584, -0.02434018813073635, -0.11558929085731506, 0.22161297500133514, -0.09873241186141968, -0.11107520759105682, 0.0628330186009407]]
  Policy Std: [[1.0034284591674805, 0.976804256439209, 0.9804749488830566, 0.9932587146759033, 1.0121442079544067, 1.0039632320404053, 1.0009573698043823, 1.0025033950805664, 0.9955798983573914, 0.9826322197914124, 0.9936424493789673, 0.9887740015983582, 0.9989004135131836, 1.038902997970581, 0.9870384931564331, 1.0012420415878296, 0.9875728487968445, 0.9975731372833252, 0.998661994934082, 0.9784038066864014, 0.995770275592804, 0.996944785118103, 0.9970985651016235, 0.99070805311203, 1.0111769437789917, 0.9880393743515015, 1.0210251808166504, 1.0141289234161377, 0.9971608519554138]]

Step 247:
  Date/Day: 248
  Action: [[0.12209130078554153, -0.08840171247720718, -0.11878903210163116, -0.1356709599494934, 0.027999624609947205, 0.11901861429214478, 0.1583711951971054, -0.020547643303871155, 0.028240272775292397, -0.11884694546461105, 0.07745161652565002, 0.018200822174549103, -0.12694288790225983, 0.14510391652584076, 0.07181516289710999, 0.030900834128260612, -0.02349177375435829, 0.04136616736650467, 0.08426268398761749, 0.03060218319296837, -0.108433797955513, 0.027896638959646225, 0.10596933215856552, -0.020075738430023193, -0.10751523077487946, 0.19945909082889557, -0.09155173599720001, -0.10759489983320236, 0.057318538427352905]]
  Reward: 0.7304337620735168
  Account Value: None
  Done: False
  Policy Mean: [[0.12209130078554153, -0.08840171247720718, -0.11878903210163116, -0.1356709599494934, 0.027999624609947205, 0.11901861429214478, 0.1583711951971054, -0.020547643303871155, 0.028240272775292397, -0.11884694546461105, 0.07745161652565002, 0.018200822174549103, -0.12694288790225983, 0.14510391652584076, 0.07181516289710999, 0.030900834128260612, -0.02349177375435829, 0.04136616736650467, 0.08426268398761749, 0.03060218319296837, -0.108433797955513, 0.027896638959646225, 0.10596933215856552, -0.020075738430023193, -0.10751523077487946, 0.19945909082889557, -0.09155173599720001, -0.10759489983320236, 0.057318538427352905]]
  Policy Std: [[1.0034284591674805, 0.976804256439209, 0.9804749488830566, 0.9932587146759033, 1.0121442079544067, 1.0039632320404053, 1.0009573698043823, 1.0025033950805664, 0.9955798983573914, 0.9826322197914124, 0.9936424493789673, 0.9887740015983582, 0.9989004135131836, 1.038902997970581, 0.9870384931564331, 1.0012420415878296, 0.9875728487968445, 0.9975731372833252, 0.998661994934082, 0.9784038066864014, 0.995770275592804, 0.996944785118103, 0.9970985651016235, 0.99070805311203, 1.0111769437789917, 0.9880393743515015, 1.0210251808166504, 1.0141289234161377, 0.9971608519554138]]

Step 248:
  Date/Day: 249
  Action: [[0.06150589883327484, -0.05621703714132309, -0.05754169821739197, -0.07510686665773392, 0.03146298974752426, 0.07590638101100922, 0.10771314799785614, -0.012074153870344162, 0.03194441273808479, -0.07210233062505722, 0.05537431687116623, 0.03789278119802475, -0.06937052309513092, 0.08036036044359207, 0.06161021068692207, 0.012154296971857548, -0.04338419437408447, 0.015562143176794052, 0.07048102468252182, 0.021304689347743988, -0.0570366196334362, 0.013753465376794338, 0.0778302252292633, -0.005684751085937023, -0.06995977461338043, 0.1289755403995514, -0.07490702718496323, -0.07318935543298721, 0.03440459817647934]]
  Reward: 0.05891748145222664
  Account Value: None
  Done: False
  Policy Mean: [[0.06150589883327484, -0.05621703714132309, -0.05754169821739197, -0.07510686665773392, 0.03146298974752426, 0.07590638101100922, 0.10771314799785614, -0.012074153870344162, 0.03194441273808479, -0.07210233062505722, 0.05537431687116623, 0.03789278119802475, -0.06937052309513092, 0.08036036044359207, 0.06161021068692207, 0.012154296971857548, -0.04338419437408447, 0.015562143176794052, 0.07048102468252182, 0.021304689347743988, -0.0570366196334362, 0.013753465376794338, 0.0778302252292633, -0.005684751085937023, -0.06995977461338043, 0.1289755403995514, -0.07490702718496323, -0.07318935543298721, 0.03440459817647934]]
  Policy Std: [[1.0034284591674805, 0.976804256439209, 0.9804749488830566, 0.9932587146759033, 1.0121442079544067, 1.0039632320404053, 1.0009573698043823, 1.0025033950805664, 0.9955798983573914, 0.9826322197914124, 0.9936424493789673, 0.9887740015983582, 0.9989004135131836, 1.038902997970581, 0.9870384931564331, 1.0012420415878296, 0.9875728487968445, 0.9975731372833252, 0.998661994934082, 0.9784038066864014, 0.995770275592804, 0.996944785118103, 0.9970985651016235, 0.99070805311203, 1.0111769437789917, 0.9880393743515015, 1.0210251808166504, 1.0141289234161377, 0.9971608519554138]]

Step 249:
  Date/Day: 250
  Action: [[0.07928535342216492, -0.06760046631097794, -0.06986213475465775, -0.07579127699136734, 0.022070202976465225, 0.08170835673809052, 0.10096828639507294, -0.013852600008249283, 0.025101102888584137, -0.08197132498025894, 0.05443282052874565, 0.02060185931622982, -0.06426234543323517, 0.09030914306640625, 0.05195692554116249, 0.01224301103502512, -0.03828005492687225, 0.0261362437158823, 0.06608331203460693, 0.013039321638643742, -0.0552486889064312, 0.012002463452517986, 0.07785991579294205, -0.010271693579852581, -0.07531961798667908, 0.11666953563690186, -0.06374862790107727, -0.08498623967170715, 0.041016414761543274]]
  Reward: 0.4186887741088867
  Account Value: None
  Done: False
  Policy Mean: [[0.07928535342216492, -0.06760046631097794, -0.06986213475465775, -0.07579127699136734, 0.022070202976465225, 0.08170835673809052, 0.10096828639507294, -0.013852600008249283, 0.025101102888584137, -0.08197132498025894, 0.05443282052874565, 0.02060185931622982, -0.06426234543323517, 0.09030914306640625, 0.05195692554116249, 0.01224301103502512, -0.03828005492687225, 0.0261362437158823, 0.06608331203460693, 0.013039321638643742, -0.0552486889064312, 0.012002463452517986, 0.07785991579294205, -0.010271693579852581, -0.07531961798667908, 0.11666953563690186, -0.06374862790107727, -0.08498623967170715, 0.041016414761543274]]
  Policy Std: [[1.0034284591674805, 0.976804256439209, 0.9804749488830566, 0.9932587146759033, 1.0121442079544067, 1.0039632320404053, 1.0009573698043823, 1.0025033950805664, 0.9955798983573914, 0.9826322197914124, 0.9936424493789673, 0.9887740015983582, 0.9989004135131836, 1.038902997970581, 0.9870384931564331, 1.0012420415878296, 0.9875728487968445, 0.9975731372833252, 0.998661994934082, 0.9784038066864014, 0.995770275592804, 0.996944785118103, 0.9970985651016235, 0.99070805311203, 1.0111769437789917, 0.9880393743515015, 1.0210251808166504, 1.0141289234161377, 0.9971608519554138]]

Step 250:
  Date/Day: 251
  Action: [[0.07739155739545822, -0.06507663428783417, -0.07306638360023499, -0.07530707120895386, 0.018746040761470795, 0.08036725968122482, 0.10155147314071655, -0.015125533565878868, 0.023068994283676147, -0.0812540203332901, 0.0519806370139122, 0.019837355241179466, -0.0637308731675148, 0.09000463783740997, 0.05105072259902954, 0.01228816993534565, -0.03837694972753525, 0.025294030085206032, 0.06384777277708054, 0.012954755686223507, -0.057105205953121185, 0.009819264523684978, 0.0756421610713005, -0.008216720074415207, -0.07346024364233017, 0.11889146268367767, -0.06195884197950363, -0.08520017564296722, 0.04137948900461197]]
  Reward: 0.11069922149181366
  Account Value: None
  Done: False
  Policy Mean: [[0.07739155739545822, -0.06507663428783417, -0.07306638360023499, -0.07530707120895386, 0.018746040761470795, 0.08036725968122482, 0.10155147314071655, -0.015125533565878868, 0.023068994283676147, -0.0812540203332901, 0.0519806370139122, 0.019837355241179466, -0.0637308731675148, 0.09000463783740997, 0.05105072259902954, 0.01228816993534565, -0.03837694972753525, 0.025294030085206032, 0.06384777277708054, 0.012954755686223507, -0.057105205953121185, 0.009819264523684978, 0.0756421610713005, -0.008216720074415207, -0.07346024364233017, 0.11889146268367767, -0.06195884197950363, -0.08520017564296722, 0.04137948900461197]]
  Policy Std: [[1.0034284591674805, 0.976804256439209, 0.9804749488830566, 0.9932587146759033, 1.0121442079544067, 1.0039632320404053, 1.0009573698043823, 1.0025033950805664, 0.9955798983573914, 0.9826322197914124, 0.9936424493789673, 0.9887740015983582, 0.9989004135131836, 1.038902997970581, 0.9870384931564331, 1.0012420415878296, 0.9875728487968445, 0.9975731372833252, 0.998661994934082, 0.9784038066864014, 0.995770275592804, 0.996944785118103, 0.9970985651016235, 0.99070805311203, 1.0111769437789917, 0.9880393743515015, 1.0210251808166504, 1.0141289234161377, 0.9971608519554138]]

Step 251:
  Date/Day: 252
  Action: [[0.059030622243881226, -0.053148046135902405, -0.06278562545776367, -0.07102078199386597, 0.02545579895377159, 0.07824163138866425, 0.11605899035930634, -0.012960411608219147, 0.03355356305837631, -0.07285109162330627, 0.05758073553442955, 0.04507644474506378, -0.06584300100803375, 0.07826323062181473, 0.06738252192735672, 0.018937455490231514, -0.050279561430215836, 0.012035501189529896, 0.08127860724925995, 0.024262279272079468, -0.05806169658899307, 0.008157342672348022, 0.07890835404396057, -0.003626942401751876, -0.06859434396028519, 0.14391523599624634, -0.08059301227331161, -0.07972296327352524, 0.03912370651960373]]
  Reward: 0.5787773728370667
  Account Value: None
  Done: False
  Policy Mean: [[0.059030622243881226, -0.053148046135902405, -0.06278562545776367, -0.07102078199386597, 0.02545579895377159, 0.07824163138866425, 0.11605899035930634, -0.012960411608219147, 0.03355356305837631, -0.07285109162330627, 0.05758073553442955, 0.04507644474506378, -0.06584300100803375, 0.07826323062181473, 0.06738252192735672, 0.018937455490231514, -0.050279561430215836, 0.012035501189529896, 0.08127860724925995, 0.024262279272079468, -0.05806169658899307, 0.008157342672348022, 0.07890835404396057, -0.003626942401751876, -0.06859434396028519, 0.14391523599624634, -0.08059301227331161, -0.07972296327352524, 0.03912370651960373]]
  Policy Std: [[1.0034284591674805, 0.976804256439209, 0.9804749488830566, 0.9932587146759033, 1.0121442079544067, 1.0039632320404053, 1.0009573698043823, 1.0025033950805664, 0.9955798983573914, 0.9826322197914124, 0.9936424493789673, 0.9887740015983582, 0.9989004135131836, 1.038902997970581, 0.9870384931564331, 1.0012420415878296, 0.9875728487968445, 0.9975731372833252, 0.998661994934082, 0.9784038066864014, 0.995770275592804, 0.996944785118103, 0.9970985651016235, 0.99070805311203, 1.0111769437789917, 0.9880393743515015, 1.0210251808166504, 1.0141289234161377, 0.9971608519554138]]

Step 252:
  Date/Day: 253
  Action: [[0.07922640442848206, -0.06549567729234695, -0.0664667934179306, -0.08329086005687714, 0.028157878667116165, 0.07861936837434769, 0.09743285179138184, -0.014619061723351479, 0.024250268936157227, -0.07460744678974152, 0.05678471922874451, 0.015110617503523827, -0.0674348771572113, 0.08843760192394257, 0.05143268406391144, 0.011409290134906769, -0.02409438043832779, 0.031085176393389702, 0.06170973181724548, 0.012147334404289722, -0.05818728357553482, 0.015774525701999664, 0.07321684062480927, -0.009998627938330173, -0.07515762746334076, 0.11258559674024582, -0.06644228100776672, -0.07720363885164261, 0.03755785897374153]]
  Reward: 1.2564696073532104
  Account Value: None
  Done: False
  Policy Mean: [[0.07922640442848206, -0.06549567729234695, -0.0664667934179306, -0.08329086005687714, 0.028157878667116165, 0.07861936837434769, 0.09743285179138184, -0.014619061723351479, 0.024250268936157227, -0.07460744678974152, 0.05678471922874451, 0.015110617503523827, -0.0674348771572113, 0.08843760192394257, 0.05143268406391144, 0.011409290134906769, -0.02409438043832779, 0.031085176393389702, 0.06170973181724548, 0.012147334404289722, -0.05818728357553482, 0.015774525701999664, 0.07321684062480927, -0.009998627938330173, -0.07515762746334076, 0.11258559674024582, -0.06644228100776672, -0.07720363885164261, 0.03755785897374153]]
  Policy Std: [[1.0034284591674805, 0.976804256439209, 0.9804749488830566, 0.9932587146759033, 1.0121442079544067, 1.0039632320404053, 1.0009573698043823, 1.0025033950805664, 0.9955798983573914, 0.9826322197914124, 0.9936424493789673, 0.9887740015983582, 0.9989004135131836, 1.038902997970581, 0.9870384931564331, 1.0012420415878296, 0.9875728487968445, 0.9975731372833252, 0.998661994934082, 0.9784038066864014, 0.995770275592804, 0.996944785118103, 0.9970985651016235, 0.99070805311203, 1.0111769437789917, 0.9880393743515015, 1.0210251808166504, 1.0141289234161377, 0.9971608519554138]]

Step 253:
  Date/Day: 254
  Action: [[0.09109243750572205, -0.06801904737949371, -0.0870622843503952, -0.09432369470596313, 0.01997537538409233, 0.08816298842430115, 0.11806944012641907, -0.016088247299194336, 0.019249029457569122, -0.09095428138971329, 0.0596366710960865, 0.012215286493301392, -0.0843852162361145, 0.10363408923149109, 0.05476037785410881, 0.0195256806910038, -0.022808745503425598, 0.0291437990963459, 0.06418418139219284, 0.019453320652246475, -0.07337397336959839, 0.016229141503572464, 0.07740205526351929, -0.00864455383270979, -0.07897977530956268, 0.14315128326416016, -0.07124193757772446, -0.0921662449836731, 0.05017438530921936]]
  Reward: -0.2687147557735443
  Account Value: None
  Done: False
  Policy Mean: [[0.09109243750572205, -0.06801904737949371, -0.0870622843503952, -0.09432369470596313, 0.01997537538409233, 0.08816298842430115, 0.11806944012641907, -0.016088247299194336, 0.019249029457569122, -0.09095428138971329, 0.0596366710960865, 0.012215286493301392, -0.0843852162361145, 0.10363408923149109, 0.05476037785410881, 0.0195256806910038, -0.022808745503425598, 0.0291437990963459, 0.06418418139219284, 0.019453320652246475, -0.07337397336959839, 0.016229141503572464, 0.07740205526351929, -0.00864455383270979, -0.07897977530956268, 0.14315128326416016, -0.07124193757772446, -0.0921662449836731, 0.05017438530921936]]
  Policy Std: [[1.0034284591674805, 0.976804256439209, 0.9804749488830566, 0.9932587146759033, 1.0121442079544067, 1.0039632320404053, 1.0009573698043823, 1.0025033950805664, 0.9955798983573914, 0.9826322197914124, 0.9936424493789673, 0.9887740015983582, 0.9989004135131836, 1.038902997970581, 0.9870384931564331, 1.0012420415878296, 0.9875728487968445, 0.9975731372833252, 0.998661994934082, 0.9784038066864014, 0.995770275592804, 0.996944785118103, 0.9970985651016235, 0.99070805311203, 1.0111769437789917, 0.9880393743515015, 1.0210251808166504, 1.0141289234161377, 0.9971608519554138]]

Step 254:
  Date/Day: 255
  Action: [[0.15627937018871307, -0.11861329525709152, -0.14919187128543854, -0.16831332445144653, 0.026716455817222595, 0.1562526971101761, 0.21193233132362366, -0.017478005960583687, 0.04733370617032051, -0.14979150891304016, 0.10357032716274261, 0.03519189730286598, -0.17205680906772614, 0.1907932013273239, 0.10236676037311554, 0.054973721504211426, -0.03062586486339569, 0.04352375119924545, 0.11848940700292587, 0.045623160898685455, -0.14147205650806427, 0.033224381506443024, 0.14410021901130676, -0.03585619479417801, -0.14363954961299896, 0.28117677569389343, -0.1136983335018158, -0.14083008468151093, 0.08061355352401733]]
  Reward: 0.6674677729606628
  Account Value: None
  Done: False
  Policy Mean: [[0.15627937018871307, -0.11861329525709152, -0.14919187128543854, -0.16831332445144653, 0.026716455817222595, 0.1562526971101761, 0.21193233132362366, -0.017478005960583687, 0.04733370617032051, -0.14979150891304016, 0.10357032716274261, 0.03519189730286598, -0.17205680906772614, 0.1907932013273239, 0.10236676037311554, 0.054973721504211426, -0.03062586486339569, 0.04352375119924545, 0.11848940700292587, 0.045623160898685455, -0.14147205650806427, 0.033224381506443024, 0.14410021901130676, -0.03585619479417801, -0.14363954961299896, 0.28117677569389343, -0.1136983335018158, -0.14083008468151093, 0.08061355352401733]]
  Policy Std: [[1.0034284591674805, 0.976804256439209, 0.9804749488830566, 0.9932587146759033, 1.0121442079544067, 1.0039632320404053, 1.0009573698043823, 1.0025033950805664, 0.9955798983573914, 0.9826322197914124, 0.9936424493789673, 0.9887740015983582, 0.9989004135131836, 1.038902997970581, 0.9870384931564331, 1.0012420415878296, 0.9875728487968445, 0.9975731372833252, 0.998661994934082, 0.9784038066864014, 0.995770275592804, 0.996944785118103, 0.9970985651016235, 0.99070805311203, 1.0111769437789917, 0.9880393743515015, 1.0210251808166504, 1.0141289234161377, 0.9971608519554138]]

Step 255:
  Date/Day: 256
  Action: [[0.1307142823934555, -0.10251794010400772, -0.12367726862430573, -0.14385582506656647, 0.02241910807788372, 0.13280202448368073, 0.18237857520580292, -0.015865491703152657, 0.04049135372042656, -0.1300005465745926, 0.08853761851787567, 0.027234595268964767, -0.14196498692035675, 0.16401363909244537, 0.08890431374311447, 0.04932831972837448, -0.02332492545247078, 0.036033034324645996, 0.09801889210939407, 0.03819766640663147, -0.1184488981962204, 0.029426414519548416, 0.11406860500574112, -0.030072327703237534, -0.12184180319309235, 0.2339908331632614, -0.09735825657844543, -0.1213645339012146, 0.06952565908432007]]
  Reward: -1.1840957403182983
  Account Value: None
  Done: False
  Policy Mean: [[0.1307142823934555, -0.10251794010400772, -0.12367726862430573, -0.14385582506656647, 0.02241910807788372, 0.13280202448368073, 0.18237857520580292, -0.015865491703152657, 0.04049135372042656, -0.1300005465745926, 0.08853761851787567, 0.027234595268964767, -0.14196498692035675, 0.16401363909244537, 0.08890431374311447, 0.04932831972837448, -0.02332492545247078, 0.036033034324645996, 0.09801889210939407, 0.03819766640663147, -0.1184488981962204, 0.029426414519548416, 0.11406860500574112, -0.030072327703237534, -0.12184180319309235, 0.2339908331632614, -0.09735825657844543, -0.1213645339012146, 0.06952565908432007]]
  Policy Std: [[1.0034284591674805, 0.976804256439209, 0.9804749488830566, 0.9932587146759033, 1.0121442079544067, 1.0039632320404053, 1.0009573698043823, 1.0025033950805664, 0.9955798983573914, 0.9826322197914124, 0.9936424493789673, 0.9887740015983582, 0.9989004135131836, 1.038902997970581, 0.9870384931564331, 1.0012420415878296, 0.9875728487968445, 0.9975731372833252, 0.998661994934082, 0.9784038066864014, 0.995770275592804, 0.996944785118103, 0.9970985651016235, 0.99070805311203, 1.0111769437789917, 0.9880393743515015, 1.0210251808166504, 1.0141289234161377, 0.9971608519554138]]

Step 256:
  Date/Day: 257
  Action: [[0.12426844239234924, -0.09780573844909668, -0.11756902933120728, -0.1365826427936554, 0.02325945347547531, 0.1258169263601303, 0.17218562960624695, -0.016333458945155144, 0.038502659648656845, -0.12545232474803925, 0.08042681217193604, 0.022076379507780075, -0.13202299177646637, 0.15891079604625702, 0.08075616508722305, 0.04344470053911209, -0.02358289808034897, 0.03585565835237503, 0.08848462998867035, 0.0342339351773262, -0.11121763288974762, 0.028812464326620102, 0.10506061464548111, -0.027803519740700722, -0.11299636214971542, 0.21598662436008453, -0.08917688578367233, -0.11325198411941528, 0.06312916427850723]]
  Reward: 1.0979028940200806
  Account Value: None
  Done: False
  Policy Mean: [[0.12426844239234924, -0.09780573844909668, -0.11756902933120728, -0.1365826427936554, 0.02325945347547531, 0.1258169263601303, 0.17218562960624695, -0.016333458945155144, 0.038502659648656845, -0.12545232474803925, 0.08042681217193604, 0.022076379507780075, -0.13202299177646637, 0.15891079604625702, 0.08075616508722305, 0.04344470053911209, -0.02358289808034897, 0.03585565835237503, 0.08848462998867035, 0.0342339351773262, -0.11121763288974762, 0.028812464326620102, 0.10506061464548111, -0.027803519740700722, -0.11299636214971542, 0.21598662436008453, -0.08917688578367233, -0.11325198411941528, 0.06312916427850723]]
  Policy Std: [[1.0034284591674805, 0.976804256439209, 0.9804749488830566, 0.9932587146759033, 1.0121442079544067, 1.0039632320404053, 1.0009573698043823, 1.0025033950805664, 0.9955798983573914, 0.9826322197914124, 0.9936424493789673, 0.9887740015983582, 0.9989004135131836, 1.038902997970581, 0.9870384931564331, 1.0012420415878296, 0.9875728487968445, 0.9975731372833252, 0.998661994934082, 0.9784038066864014, 0.995770275592804, 0.996944785118103, 0.9970985651016235, 0.99070805311203, 1.0111769437789917, 0.9880393743515015, 1.0210251808166504, 1.0141289234161377, 0.9971608519554138]]

Step 257:
  Date/Day: 258
  Action: [[0.10775890201330185, -0.08653951436281204, -0.09847806394100189, -0.11161447316408157, 0.01788201555609703, 0.10065951943397522, 0.12866593897342682, -0.020162558183073997, 0.02385803312063217, -0.10735784471035004, 0.06760846078395844, 0.003852217923849821, -0.09529568254947662, 0.12732115387916565, 0.05922103300690651, 0.0256999172270298, -0.0202074833214283, 0.03875073045492172, 0.0648358017206192, 0.01757904514670372, -0.08591467142105103, 0.022942617535591125, 0.08668326586484909, -0.016385944560170174, -0.08671818673610687, 0.1567910760641098, -0.06820233911275864, -0.10263457149267197, 0.052647002041339874]]
  Reward: -0.11277568340301514
  Account Value: None
  Done: False
  Policy Mean: [[0.10775890201330185, -0.08653951436281204, -0.09847806394100189, -0.11161447316408157, 0.01788201555609703, 0.10065951943397522, 0.12866593897342682, -0.020162558183073997, 0.02385803312063217, -0.10735784471035004, 0.06760846078395844, 0.003852217923849821, -0.09529568254947662, 0.12732115387916565, 0.05922103300690651, 0.0256999172270298, -0.0202074833214283, 0.03875073045492172, 0.0648358017206192, 0.01757904514670372, -0.08591467142105103, 0.022942617535591125, 0.08668326586484909, -0.016385944560170174, -0.08671818673610687, 0.1567910760641098, -0.06820233911275864, -0.10263457149267197, 0.052647002041339874]]
  Policy Std: [[1.0034284591674805, 0.976804256439209, 0.9804749488830566, 0.9932587146759033, 1.0121442079544067, 1.0039632320404053, 1.0009573698043823, 1.0025033950805664, 0.9955798983573914, 0.9826322197914124, 0.9936424493789673, 0.9887740015983582, 0.9989004135131836, 1.038902997970581, 0.9870384931564331, 1.0012420415878296, 0.9875728487968445, 0.9975731372833252, 0.998661994934082, 0.9784038066864014, 0.995770275592804, 0.996944785118103, 0.9970985651016235, 0.99070805311203, 1.0111769437789917, 0.9880393743515015, 1.0210251808166504, 1.0141289234161377, 0.9971608519554138]]

Step 258:
  Date/Day: 259
  Action: [[0.0544215589761734, -0.04353781044483185, -0.057772450149059296, -0.07306366413831711, 0.024524349719285965, 0.06102825701236725, 0.09429594874382019, -0.01720084436237812, 0.017024556174874306, -0.06923429667949677, 0.03837092965841293, 0.012802693992853165, -0.0665941908955574, 0.07147642225027084, 0.040697649121284485, 0.0039037256501615047, -0.028376217931509018, 0.008997278288006783, 0.0440886914730072, 0.017970092594623566, -0.05380912125110626, 0.01451273076236248, 0.052235156297683716, 0.005292198620736599, -0.04562009125947952, 0.10527912527322769, -0.058536235243082047, -0.06856919825077057, 0.03416568785905838]]
  Reward: 0.31322914361953735
  Account Value: None
  Done: False
  Policy Mean: [[0.0544215589761734, -0.04353781044483185, -0.057772450149059296, -0.07306366413831711, 0.024524349719285965, 0.06102825701236725, 0.09429594874382019, -0.01720084436237812, 0.017024556174874306, -0.06923429667949677, 0.03837092965841293, 0.012802693992853165, -0.0665941908955574, 0.07147642225027084, 0.040697649121284485, 0.0039037256501615047, -0.028376217931509018, 0.008997278288006783, 0.0440886914730072, 0.017970092594623566, -0.05380912125110626, 0.01451273076236248, 0.052235156297683716, 0.005292198620736599, -0.04562009125947952, 0.10527912527322769, -0.058536235243082047, -0.06856919825077057, 0.03416568785905838]]
  Policy Std: [[1.0034284591674805, 0.976804256439209, 0.9804749488830566, 0.9932587146759033, 1.0121442079544067, 1.0039632320404053, 1.0009573698043823, 1.0025033950805664, 0.9955798983573914, 0.9826322197914124, 0.9936424493789673, 0.9887740015983582, 0.9989004135131836, 1.038902997970581, 0.9870384931564331, 1.0012420415878296, 0.9875728487968445, 0.9975731372833252, 0.998661994934082, 0.9784038066864014, 0.995770275592804, 0.996944785118103, 0.9970985651016235, 0.99070805311203, 1.0111769437789917, 0.9880393743515015, 1.0210251808166504, 1.0141289234161377, 0.9971608519554138]]

Step 259:
  Date/Day: 260
  Action: [[0.04585638642311096, -0.03709228336811066, -0.04793950915336609, -0.06228141486644745, 0.02272796630859375, 0.0530574694275856, 0.08537925779819489, -0.015657151117920876, 0.012119285762310028, -0.06176052987575531, 0.02890072390437126, 0.011705366894602776, -0.060151584446430206, 0.059177640825510025, 0.03753995895385742, 0.002370104193687439, -0.02822031080722809, 0.0043167597614228725, 0.034020788967609406, 0.015053575858473778, -0.04652279615402222, 0.014998731203377247, 0.04069766402244568, 0.008826222270727158, -0.03721795231103897, 0.09095649421215057, -0.05313316732645035, -0.06200782209634781, 0.03115280158817768]]
  Reward: 0.9782752394676208
  Account Value: None
  Done: False
  Policy Mean: [[0.04585638642311096, -0.03709228336811066, -0.04793950915336609, -0.06228141486644745, 0.02272796630859375, 0.0530574694275856, 0.08537925779819489, -0.015657151117920876, 0.012119285762310028, -0.06176052987575531, 0.02890072390437126, 0.011705366894602776, -0.060151584446430206, 0.059177640825510025, 0.03753995895385742, 0.002370104193687439, -0.02822031080722809, 0.0043167597614228725, 0.034020788967609406, 0.015053575858473778, -0.04652279615402222, 0.014998731203377247, 0.04069766402244568, 0.008826222270727158, -0.03721795231103897, 0.09095649421215057, -0.05313316732645035, -0.06200782209634781, 0.03115280158817768]]
  Policy Std: [[1.0034284591674805, 0.976804256439209, 0.9804749488830566, 0.9932587146759033, 1.0121442079544067, 1.0039632320404053, 1.0009573698043823, 1.0025033950805664, 0.9955798983573914, 0.9826322197914124, 0.9936424493789673, 0.9887740015983582, 0.9989004135131836, 1.038902997970581, 0.9870384931564331, 1.0012420415878296, 0.9875728487968445, 0.9975731372833252, 0.998661994934082, 0.9784038066864014, 0.995770275592804, 0.996944785118103, 0.9970985651016235, 0.99070805311203, 1.0111769437789917, 0.9880393743515015, 1.0210251808166504, 1.0141289234161377, 0.9971608519554138]]

Step 260:
  Date/Day: 261
  Action: [[0.07432045787572861, -0.055143170058727264, -0.06953933835029602, -0.0739537850022316, 0.018249675631523132, 0.0678706094622612, 0.08962234854698181, -0.018708718940615654, 0.006059177685528994, -0.07751236110925674, 0.039288949221372604, -0.0011309324763715267, -0.06632811576128006, 0.07961996644735336, 0.036806683987379074, 0.008608044125139713, -0.023813217878341675, 0.021742047742009163, 0.03913373127579689, 0.010983163490891457, -0.0563012957572937, 0.016396773979067802, 0.05335559695959091, 0.000821451423689723, -0.054911233484745026, 0.09878826141357422, -0.053310293704271317, -0.07984301447868347, 0.03959377110004425]]
  Reward: 0.03056810237467289
  Account Value: None
  Done: False
  Policy Mean: [[0.07432045787572861, -0.055143170058727264, -0.06953933835029602, -0.0739537850022316, 0.018249675631523132, 0.0678706094622612, 0.08962234854698181, -0.018708718940615654, 0.006059177685528994, -0.07751236110925674, 0.039288949221372604, -0.0011309324763715267, -0.06632811576128006, 0.07961996644735336, 0.036806683987379074, 0.008608044125139713, -0.023813217878341675, 0.021742047742009163, 0.03913373127579689, 0.010983163490891457, -0.0563012957572937, 0.016396773979067802, 0.05335559695959091, 0.000821451423689723, -0.054911233484745026, 0.09878826141357422, -0.053310293704271317, -0.07984301447868347, 0.03959377110004425]]
  Policy Std: [[1.0034284591674805, 0.976804256439209, 0.9804749488830566, 0.9932587146759033, 1.0121442079544067, 1.0039632320404053, 1.0009573698043823, 1.0025033950805664, 0.9955798983573914, 0.9826322197914124, 0.9936424493789673, 0.9887740015983582, 0.9989004135131836, 1.038902997970581, 0.9870384931564331, 1.0012420415878296, 0.9875728487968445, 0.9975731372833252, 0.998661994934082, 0.9784038066864014, 0.995770275592804, 0.996944785118103, 0.9970985651016235, 0.99070805311203, 1.0111769437789917, 0.9880393743515015, 1.0210251808166504, 1.0141289234161377, 0.9971608519554138]]

Step 261:
  Date/Day: 262
  Action: [[0.09122855216264725, -0.06841818988323212, -0.08686750382184982, -0.09366263449192047, 0.020200461149215698, 0.08542223274707794, 0.10758857429027557, -0.02126653492450714, 0.014581281691789627, -0.09387645870447159, 0.05423383787274361, 0.0004983926191926003, -0.0804416611790657, 0.10199254751205444, 0.04452173039317131, 0.0124239856377244, -0.02579028718173504, 0.029145382344722748, 0.055967461317777634, 0.015173777006566525, -0.06986729055643082, 0.0173853300511837, 0.07216520607471466, -0.005187724716961384, -0.06920695304870605, 0.12537220120429993, -0.06398465484380722, -0.09473423659801483, 0.04746832698583603]]
  Reward: -0.6579256057739258
  Account Value: None
  Done: False
  Policy Mean: [[0.09122855216264725, -0.06841818988323212, -0.08686750382184982, -0.09366263449192047, 0.020200461149215698, 0.08542223274707794, 0.10758857429027557, -0.02126653492450714, 0.014581281691789627, -0.09387645870447159, 0.05423383787274361, 0.0004983926191926003, -0.0804416611790657, 0.10199254751205444, 0.04452173039317131, 0.0124239856377244, -0.02579028718173504, 0.029145382344722748, 0.055967461317777634, 0.015173777006566525, -0.06986729055643082, 0.0173853300511837, 0.07216520607471466, -0.005187724716961384, -0.06920695304870605, 0.12537220120429993, -0.06398465484380722, -0.09473423659801483, 0.04746832698583603]]
  Policy Std: [[1.0034284591674805, 0.976804256439209, 0.9804749488830566, 0.9932587146759033, 1.0121442079544067, 1.0039632320404053, 1.0009573698043823, 1.0025033950805664, 0.9955798983573914, 0.9826322197914124, 0.9936424493789673, 0.9887740015983582, 0.9989004135131836, 1.038902997970581, 0.9870384931564331, 1.0012420415878296, 0.9875728487968445, 0.9975731372833252, 0.998661994934082, 0.9784038066864014, 0.995770275592804, 0.996944785118103, 0.9970985651016235, 0.99070805311203, 1.0111769437789917, 0.9880393743515015, 1.0210251808166504, 1.0141289234161377, 0.9971608519554138]]

Step 262:
  Date/Day: 263
  Action: [[0.10659998655319214, -0.0777759924530983, -0.10337728261947632, -0.11340013146400452, 0.022394997999072075, 0.1022862046957016, 0.13284724950790405, -0.02188193053007126, 0.019631357863545418, -0.10872102528810501, 0.0643426701426506, 0.0087116789072752, -0.1039247065782547, 0.12325456738471985, 0.055729690939188004, 0.02260373905301094, -0.028646672144532204, 0.03272701054811478, 0.07078041136264801, 0.023185472935438156, -0.08846357464790344, 0.020771361887454987, 0.0871400535106659, -0.010656876489520073, -0.08662840723991394, 0.1615418642759323, -0.07730356603860855, -0.10434214770793915, 0.053188346326351166]]
  Reward: -2.085304021835327
  Account Value: None
  Done: False
  Policy Mean: [[0.10659998655319214, -0.0777759924530983, -0.10337728261947632, -0.11340013146400452, 0.022394997999072075, 0.1022862046957016, 0.13284724950790405, -0.02188193053007126, 0.019631357863545418, -0.10872102528810501, 0.0643426701426506, 0.0087116789072752, -0.1039247065782547, 0.12325456738471985, 0.055729690939188004, 0.02260373905301094, -0.028646672144532204, 0.03272701054811478, 0.07078041136264801, 0.023185472935438156, -0.08846357464790344, 0.020771361887454987, 0.0871400535106659, -0.010656876489520073, -0.08662840723991394, 0.1615418642759323, -0.07730356603860855, -0.10434214770793915, 0.053188346326351166]]
  Policy Std: [[1.0034284591674805, 0.976804256439209, 0.9804749488830566, 0.9932587146759033, 1.0121442079544067, 1.0039632320404053, 1.0009573698043823, 1.0025033950805664, 0.9955798983573914, 0.9826322197914124, 0.9936424493789673, 0.9887740015983582, 0.9989004135131836, 1.038902997970581, 0.9870384931564331, 1.0012420415878296, 0.9875728487968445, 0.9975731372833252, 0.998661994934082, 0.9784038066864014, 0.995770275592804, 0.996944785118103, 0.9970985651016235, 0.99070805311203, 1.0111769437789917, 0.9880393743515015, 1.0210251808166504, 1.0141289234161377, 0.9971608519554138]]

Step 263:
  Date/Day: 264
  Action: [[0.12566718459129333, -0.09890240430831909, -0.11906101554632187, -0.13799914717674255, 0.02339904010295868, 0.12718291580677032, 0.17323176562786102, -0.016567276790738106, 0.0386953167617321, -0.12657473981380463, 0.08155977725982666, 0.021978840231895447, -0.1329827606678009, 0.1602187603712082, 0.08132420480251312, 0.04383251816034317, -0.023662738502025604, 0.03646894544363022, 0.08944649249315262, 0.034336838871240616, -0.11219330132007599, 0.029091451317071915, 0.10628077387809753, -0.0281254593282938, -0.1141132265329361, 0.21783693134784698, -0.09003967046737671, -0.11448850482702255, 0.06359582394361496]]
  Reward: 1.6908451318740845
  Account Value: None
  Done: False
  Policy Mean: [[0.12566718459129333, -0.09890240430831909, -0.11906101554632187, -0.13799914717674255, 0.02339904010295868, 0.12718291580677032, 0.17323176562786102, -0.016567276790738106, 0.0386953167617321, -0.12657473981380463, 0.08155977725982666, 0.021978840231895447, -0.1329827606678009, 0.1602187603712082, 0.08132420480251312, 0.04383251816034317, -0.023662738502025604, 0.03646894544363022, 0.08944649249315262, 0.034336838871240616, -0.11219330132007599, 0.029091451317071915, 0.10628077387809753, -0.0281254593282938, -0.1141132265329361, 0.21783693134784698, -0.09003967046737671, -0.11448850482702255, 0.06359582394361496]]
  Policy Std: [[1.0034284591674805, 0.976804256439209, 0.9804749488830566, 0.9932587146759033, 1.0121442079544067, 1.0039632320404053, 1.0009573698043823, 1.0025033950805664, 0.9955798983573914, 0.9826322197914124, 0.9936424493789673, 0.9887740015983582, 0.9989004135131836, 1.038902997970581, 0.9870384931564331, 1.0012420415878296, 0.9875728487968445, 0.9975731372833252, 0.998661994934082, 0.9784038066864014, 0.995770275592804, 0.996944785118103, 0.9970985651016235, 0.99070805311203, 1.0111769437789917, 0.9880393743515015, 1.0210251808166504, 1.0141289234161377, 0.9971608519554138]]

Step 264:
  Date/Day: 265
  Action: [[0.12372234463691711, -0.09130074828863144, -0.12200626730918884, -0.13908034563064575, 0.02993452176451683, 0.12487037479877472, 0.17144913971424103, -0.018449939787387848, 0.03515499457716942, -0.12296295911073685, 0.08008074760437012, 0.025038786232471466, -0.13415300846099854, 0.1520615965127945, 0.07915882021188736, 0.03686290234327316, -0.023276519030332565, 0.037089116871356964, 0.0921042338013649, 0.036495279520750046, -0.11292852461338043, 0.029143918305635452, 0.10974079370498657, -0.023524897173047066, -0.11398284882307053, 0.2173321545124054, -0.09719578921794891, -0.11033599823713303, 0.06186465173959732]]
  Reward: 0.5136974453926086
  Account Value: None
  Done: False
  Policy Mean: [[0.12372234463691711, -0.09130074828863144, -0.12200626730918884, -0.13908034563064575, 0.02993452176451683, 0.12487037479877472, 0.17144913971424103, -0.018449939787387848, 0.03515499457716942, -0.12296295911073685, 0.08008074760437012, 0.025038786232471466, -0.13415300846099854, 0.1520615965127945, 0.07915882021188736, 0.03686290234327316, -0.023276519030332565, 0.037089116871356964, 0.0921042338013649, 0.036495279520750046, -0.11292852461338043, 0.029143918305635452, 0.10974079370498657, -0.023524897173047066, -0.11398284882307053, 0.2173321545124054, -0.09719578921794891, -0.11033599823713303, 0.06186465173959732]]
  Policy Std: [[1.0034284591674805, 0.976804256439209, 0.9804749488830566, 0.9932587146759033, 1.0121442079544067, 1.0039632320404053, 1.0009573698043823, 1.0025033950805664, 0.9955798983573914, 0.9826322197914124, 0.9936424493789673, 0.9887740015983582, 0.9989004135131836, 1.038902997970581, 0.9870384931564331, 1.0012420415878296, 0.9875728487968445, 0.9975731372833252, 0.998661994934082, 0.9784038066864014, 0.995770275592804, 0.996944785118103, 0.9970985651016235, 0.99070805311203, 1.0111769437789917, 0.9880393743515015, 1.0210251808166504, 1.0141289234161377, 0.9971608519554138]]

Step 265:
  Date/Day: 266
  Action: [[0.0976860523223877, -0.07560413330793381, -0.09610211104154587, -0.10692092776298523, 0.025781624019145966, 0.1001514196395874, 0.13707897067070007, -0.016202418133616447, 0.027922647073864937, -0.09759390354156494, 0.0691903755068779, 0.02004150301218033, -0.09850693494081497, 0.11670401692390442, 0.06801856309175491, 0.026684459298849106, -0.023230819031596184, 0.02789975516498089, 0.08008849620819092, 0.02855454757809639, -0.085004061460495, 0.020167246460914612, 0.0909438207745552, -0.013815545476973057, -0.09097743779420853, 0.17361590266227722, -0.08349834382534027, -0.09963781386613846, 0.05717331916093826]]
  Reward: 0.5530321002006531
  Account Value: None
  Done: False
  Policy Mean: [[0.0976860523223877, -0.07560413330793381, -0.09610211104154587, -0.10692092776298523, 0.025781624019145966, 0.1001514196395874, 0.13707897067070007, -0.016202418133616447, 0.027922647073864937, -0.09759390354156494, 0.0691903755068779, 0.02004150301218033, -0.09850693494081497, 0.11670401692390442, 0.06801856309175491, 0.026684459298849106, -0.023230819031596184, 0.02789975516498089, 0.08008849620819092, 0.02855454757809639, -0.085004061460495, 0.020167246460914612, 0.0909438207745552, -0.013815545476973057, -0.09097743779420853, 0.17361590266227722, -0.08349834382534027, -0.09963781386613846, 0.05717331916093826]]
  Policy Std: [[1.0034284591674805, 0.976804256439209, 0.9804749488830566, 0.9932587146759033, 1.0121442079544067, 1.0039632320404053, 1.0009573698043823, 1.0025033950805664, 0.9955798983573914, 0.9826322197914124, 0.9936424493789673, 0.9887740015983582, 0.9989004135131836, 1.038902997970581, 0.9870384931564331, 1.0012420415878296, 0.9875728487968445, 0.9975731372833252, 0.998661994934082, 0.9784038066864014, 0.995770275592804, 0.996944785118103, 0.9970985651016235, 0.99070805311203, 1.0111769437789917, 0.9880393743515015, 1.0210251808166504, 1.0141289234161377, 0.9971608519554138]]

Step 266:
  Date/Day: 267
  Action: [[0.0982731506228447, -0.07626345008611679, -0.09675835072994232, -0.10805249959230423, 0.026534732431173325, 0.10118956118822098, 0.13875482976436615, -0.01608836092054844, 0.02879156917333603, -0.09792976081371307, 0.07007505744695663, 0.020690876990556717, -0.09977830201387405, 0.11782146990299225, 0.0692763477563858, 0.027344224974513054, -0.02310870587825775, 0.027797864750027657, 0.08160232752561569, 0.02946481853723526, -0.08609315007925034, 0.020596902817487717, 0.09216594696044922, -0.014353319071233273, -0.09204626083374023, 0.1764174997806549, -0.08456464111804962, -0.10010077059268951, 0.05772671103477478]]
  Reward: 1.3085668087005615
  Account Value: None
  Done: False
  Policy Mean: [[0.0982731506228447, -0.07626345008611679, -0.09675835072994232, -0.10805249959230423, 0.026534732431173325, 0.10118956118822098, 0.13875482976436615, -0.01608836092054844, 0.02879156917333603, -0.09792976081371307, 0.07007505744695663, 0.020690876990556717, -0.09977830201387405, 0.11782146990299225, 0.0692763477563858, 0.027344224974513054, -0.02310870587825775, 0.027797864750027657, 0.08160232752561569, 0.02946481853723526, -0.08609315007925034, 0.020596902817487717, 0.09216594696044922, -0.014353319071233273, -0.09204626083374023, 0.1764174997806549, -0.08456464111804962, -0.10010077059268951, 0.05772671103477478]]
  Policy Std: [[1.0034284591674805, 0.976804256439209, 0.9804749488830566, 0.9932587146759033, 1.0121442079544067, 1.0039632320404053, 1.0009573698043823, 1.0025033950805664, 0.9955798983573914, 0.9826322197914124, 0.9936424493789673, 0.9887740015983582, 0.9989004135131836, 1.038902997970581, 0.9870384931564331, 1.0012420415878296, 0.9875728487968445, 0.9975731372833252, 0.998661994934082, 0.9784038066864014, 0.995770275592804, 0.996944785118103, 0.9970985651016235, 0.99070805311203, 1.0111769437789917, 0.9880393743515015, 1.0210251808166504, 1.0141289234161377, 0.9971608519554138]]

Step 267:
  Date/Day: 268
  Action: [[0.04573699086904526, -0.0457276850938797, -0.04648052155971527, -0.059730201959609985, 0.01589716598391533, 0.05648234486579895, 0.09559015929698944, -0.008281639777123928, 0.022515282034873962, -0.061460498720407486, 0.04215472191572189, 0.022658340632915497, -0.059073902666568756, 0.06888504326343536, 0.0505581758916378, 0.015980182215571404, -0.02620970644056797, 0.006562190596014261, 0.04499669745564461, 0.019059788435697556, -0.04798302799463272, 0.010370471514761448, 0.048833612352609634, -0.0027752744499593973, -0.049062952399253845, 0.10964321345090866, -0.05357641354203224, -0.06205606460571289, 0.0327993705868721]]
  Reward: 0.34215784072875977
  Account Value: None
  Done: False
  Policy Mean: [[0.04573699086904526, -0.0457276850938797, -0.04648052155971527, -0.059730201959609985, 0.01589716598391533, 0.05648234486579895, 0.09559015929698944, -0.008281639777123928, 0.022515282034873962, -0.061460498720407486, 0.04215472191572189, 0.022658340632915497, -0.059073902666568756, 0.06888504326343536, 0.0505581758916378, 0.015980182215571404, -0.02620970644056797, 0.006562190596014261, 0.04499669745564461, 0.019059788435697556, -0.04798302799463272, 0.010370471514761448, 0.048833612352609634, -0.0027752744499593973, -0.049062952399253845, 0.10964321345090866, -0.05357641354203224, -0.06205606460571289, 0.0327993705868721]]
  Policy Std: [[1.0034284591674805, 0.976804256439209, 0.9804749488830566, 0.9932587146759033, 1.0121442079544067, 1.0039632320404053, 1.0009573698043823, 1.0025033950805664, 0.9955798983573914, 0.9826322197914124, 0.9936424493789673, 0.9887740015983582, 0.9989004135131836, 1.038902997970581, 0.9870384931564331, 1.0012420415878296, 0.9875728487968445, 0.9975731372833252, 0.998661994934082, 0.9784038066864014, 0.995770275592804, 0.996944785118103, 0.9970985651016235, 0.99070805311203, 1.0111769437789917, 0.9880393743515015, 1.0210251808166504, 1.0141289234161377, 0.9971608519554138]]

Step 268:
  Date/Day: 269
  Action: [[0.0611480250954628, -0.05812666565179825, -0.05761629343032837, -0.07456467300653458, 0.017997264862060547, 0.07068032026290894, 0.11171145737171173, -0.00975809246301651, 0.02734353393316269, -0.07398931682109833, 0.05207444354891777, 0.02488694339990616, -0.07344621419906616, 0.08416461199522018, 0.05792428180575371, 0.02120991237461567, -0.028193943202495575, 0.011364010162651539, 0.054730433970689774, 0.02171037718653679, -0.060506559908390045, 0.014660072512924671, 0.06027315557003021, -0.00860932469367981, -0.060340575873851776, 0.13114701211452484, -0.06234017014503479, -0.07321996241807938, 0.03894905745983124]]
  Reward: -0.5732584595680237
  Account Value: None
  Done: False
  Policy Mean: [[0.0611480250954628, -0.05812666565179825, -0.05761629343032837, -0.07456467300653458, 0.017997264862060547, 0.07068032026290894, 0.11171145737171173, -0.00975809246301651, 0.02734353393316269, -0.07398931682109833, 0.05207444354891777, 0.02488694339990616, -0.07344621419906616, 0.08416461199522018, 0.05792428180575371, 0.02120991237461567, -0.028193943202495575, 0.011364010162651539, 0.054730433970689774, 0.02171037718653679, -0.060506559908390045, 0.014660072512924671, 0.06027315557003021, -0.00860932469367981, -0.060340575873851776, 0.13114701211452484, -0.06234017014503479, -0.07321996241807938, 0.03894905745983124]]
  Policy Std: [[1.0034284591674805, 0.976804256439209, 0.9804749488830566, 0.9932587146759033, 1.0121442079544067, 1.0039632320404053, 1.0009573698043823, 1.0025033950805664, 0.9955798983573914, 0.9826322197914124, 0.9936424493789673, 0.9887740015983582, 0.9989004135131836, 1.038902997970581, 0.9870384931564331, 1.0012420415878296, 0.9875728487968445, 0.9975731372833252, 0.998661994934082, 0.9784038066864014, 0.995770275592804, 0.996944785118103, 0.9970985651016235, 0.99070805311203, 1.0111769437789917, 0.9880393743515015, 1.0210251808166504, 1.0141289234161377, 0.9971608519554138]]

Step 269:
  Date/Day: 270
  Action: [[0.06526625156402588, -0.05845918506383896, -0.06493722647428513, -0.0834222286939621, 0.021716272458434105, 0.07193029671907425, 0.11011248826980591, -0.01348025444895029, 0.025108329951763153, -0.07826634496450424, 0.05170779302716255, 0.018454011529684067, -0.07470887154340744, 0.0920536145567894, 0.052869025617837906, 0.01731008104979992, -0.024389144033193588, 0.016662053763866425, 0.05086355656385422, 0.02087230235338211, -0.06460505723953247, 0.017561916261911392, 0.06374704837799072, -0.0066947126761078835, -0.06120702624320984, 0.13079781830310822, -0.06025851145386696, -0.07230609655380249, 0.03708402439951897]]
  Reward: -1.0485916137695312
  Account Value: None
  Done: False
  Policy Mean: [[0.06526625156402588, -0.05845918506383896, -0.06493722647428513, -0.0834222286939621, 0.021716272458434105, 0.07193029671907425, 0.11011248826980591, -0.01348025444895029, 0.025108329951763153, -0.07826634496450424, 0.05170779302716255, 0.018454011529684067, -0.07470887154340744, 0.0920536145567894, 0.052869025617837906, 0.01731008104979992, -0.024389144033193588, 0.016662053763866425, 0.05086355656385422, 0.02087230235338211, -0.06460505723953247, 0.017561916261911392, 0.06374704837799072, -0.0066947126761078835, -0.06120702624320984, 0.13079781830310822, -0.06025851145386696, -0.07230609655380249, 0.03708402439951897]]
  Policy Std: [[1.0034284591674805, 0.976804256439209, 0.9804749488830566, 0.9932587146759033, 1.0121442079544067, 1.0039632320404053, 1.0009573698043823, 1.0025033950805664, 0.9955798983573914, 0.9826322197914124, 0.9936424493789673, 0.9887740015983582, 0.9989004135131836, 1.038902997970581, 0.9870384931564331, 1.0012420415878296, 0.9875728487968445, 0.9975731372833252, 0.998661994934082, 0.9784038066864014, 0.995770275592804, 0.996944785118103, 0.9970985651016235, 0.99070805311203, 1.0111769437789917, 0.9880393743515015, 1.0210251808166504, 1.0141289234161377, 0.9971608519554138]]

Step 270:
  Date/Day: 271
  Action: [[0.04946564882993698, -0.045809514820575714, -0.04868760704994202, -0.07043716311454773, 0.0278397798538208, 0.06034185737371445, 0.09205976128578186, -0.012638559564948082, 0.024423379451036453, -0.05921468511223793, 0.04457446560263634, 0.02521352469921112, -0.0594574511051178, 0.06710687279701233, 0.04833032563328743, 0.007042682729661465, -0.02728833630681038, 0.013093076646327972, 0.0503879114985466, 0.01696755364537239, -0.04969450831413269, 0.011971229687333107, 0.057818882167339325, -0.001383947441354394, -0.05519064515829086, 0.10318983346223831, -0.062035977840423584, -0.059368863701820374, 0.028460601344704628]]
  Reward: 0.4881209433078766
  Account Value: None
  Done: False
  Policy Mean: [[0.04946564882993698, -0.045809514820575714, -0.04868760704994202, -0.07043716311454773, 0.0278397798538208, 0.06034185737371445, 0.09205976128578186, -0.012638559564948082, 0.024423379451036453, -0.05921468511223793, 0.04457446560263634, 0.02521352469921112, -0.0594574511051178, 0.06710687279701233, 0.04833032563328743, 0.007042682729661465, -0.02728833630681038, 0.013093076646327972, 0.0503879114985466, 0.01696755364537239, -0.04969450831413269, 0.011971229687333107, 0.057818882167339325, -0.001383947441354394, -0.05519064515829086, 0.10318983346223831, -0.062035977840423584, -0.059368863701820374, 0.028460601344704628]]
  Policy Std: [[1.0034284591674805, 0.976804256439209, 0.9804749488830566, 0.9932587146759033, 1.0121442079544067, 1.0039632320404053, 1.0009573698043823, 1.0025033950805664, 0.9955798983573914, 0.9826322197914124, 0.9936424493789673, 0.9887740015983582, 0.9989004135131836, 1.038902997970581, 0.9870384931564331, 1.0012420415878296, 0.9875728487968445, 0.9975731372833252, 0.998661994934082, 0.9784038066864014, 0.995770275592804, 0.996944785118103, 0.9970985651016235, 0.99070805311203, 1.0111769437789917, 0.9880393743515015, 1.0210251808166504, 1.0141289234161377, 0.9971608519554138]]

Step 271:
  Date/Day: 272
  Action: [[0.05152639001607895, -0.047745414078235626, -0.05118131637573242, -0.07395263761281967, 0.02947346679866314, 0.06415586918592453, 0.09872603416442871, -0.013115518726408482, 0.026442620903253555, -0.062473393976688385, 0.04602288082242012, 0.026707371696829796, -0.06416962295770645, 0.07089029997587204, 0.05178892984986305, 0.008563114330172539, -0.026537004858255386, 0.011312376707792282, 0.05368658900260925, 0.01911814883351326, -0.05316326022148132, 0.013681531883776188, 0.060434602200984955, -0.0026251787785440683, -0.05799196660518646, 0.11184734106063843, -0.06593192368745804, -0.061602286994457245, 0.030905956402420998]]
  Reward: -0.21775224804878235
  Account Value: None
  Done: False
  Policy Mean: [[0.05152639001607895, -0.047745414078235626, -0.05118131637573242, -0.07395263761281967, 0.02947346679866314, 0.06415586918592453, 0.09872603416442871, -0.013115518726408482, 0.026442620903253555, -0.062473393976688385, 0.04602288082242012, 0.026707371696829796, -0.06416962295770645, 0.07089029997587204, 0.05178892984986305, 0.008563114330172539, -0.026537004858255386, 0.011312376707792282, 0.05368658900260925, 0.01911814883351326, -0.05316326022148132, 0.013681531883776188, 0.060434602200984955, -0.0026251787785440683, -0.05799196660518646, 0.11184734106063843, -0.06593192368745804, -0.061602286994457245, 0.030905956402420998]]
  Policy Std: [[1.0034284591674805, 0.976804256439209, 0.9804749488830566, 0.9932587146759033, 1.0121442079544067, 1.0039632320404053, 1.0009573698043823, 1.0025033950805664, 0.9955798983573914, 0.9826322197914124, 0.9936424493789673, 0.9887740015983582, 0.9989004135131836, 1.038902997970581, 0.9870384931564331, 1.0012420415878296, 0.9875728487968445, 0.9975731372833252, 0.998661994934082, 0.9784038066864014, 0.995770275592804, 0.996944785118103, 0.9970985651016235, 0.99070805311203, 1.0111769437789917, 0.9880393743515015, 1.0210251808166504, 1.0141289234161377, 0.9971608519554138]]

Step 272:
  Date/Day: 273
  Action: [[0.11404065787792206, -0.08822529017925262, -0.11309393495321274, -0.12902213633060455, 0.033300045877695084, 0.11313314735889435, 0.14825768768787384, -0.021781975403428078, 0.025257553905248642, -0.11257406324148178, 0.08043775707483292, 0.011641965247690678, -0.11468274891376495, 0.14036567509174347, 0.06738045811653137, 0.023275520652532578, -0.01825758069753647, 0.03692225366830826, 0.08223279565572739, 0.027397360652685165, -0.10000433027744293, 0.03158002719283104, 0.10570621490478516, -0.016975225880742073, -0.09875425696372986, 0.1941135674715042, -0.0870329886674881, -0.10722629725933075, 0.06048765778541565]]
  Reward: -1.0367530584335327
  Account Value: None
  Done: False
  Policy Mean: [[0.11404065787792206, -0.08822529017925262, -0.11309393495321274, -0.12902213633060455, 0.033300045877695084, 0.11313314735889435, 0.14825768768787384, -0.021781975403428078, 0.025257553905248642, -0.11257406324148178, 0.08043775707483292, 0.011641965247690678, -0.11468274891376495, 0.14036567509174347, 0.06738045811653137, 0.023275520652532578, -0.01825758069753647, 0.03692225366830826, 0.08223279565572739, 0.027397360652685165, -0.10000433027744293, 0.03158002719283104, 0.10570621490478516, -0.016975225880742073, -0.09875425696372986, 0.1941135674715042, -0.0870329886674881, -0.10722629725933075, 0.06048765778541565]]
  Policy Std: [[1.0034284591674805, 0.976804256439209, 0.9804749488830566, 0.9932587146759033, 1.0121442079544067, 1.0039632320404053, 1.0009573698043823, 1.0025033950805664, 0.9955798983573914, 0.9826322197914124, 0.9936424493789673, 0.9887740015983582, 0.9989004135131836, 1.038902997970581, 0.9870384931564331, 1.0012420415878296, 0.9875728487968445, 0.9975731372833252, 0.998661994934082, 0.9784038066864014, 0.995770275592804, 0.996944785118103, 0.9970985651016235, 0.99070805311203, 1.0111769437789917, 0.9880393743515015, 1.0210251808166504, 1.0141289234161377, 0.9971608519554138]]

Step 273:
  Date/Day: 274
  Action: [[0.05647984892129898, -0.04465610533952713, -0.06086588650941849, -0.08257144689559937, 0.03128621727228165, 0.06374184787273407, 0.09929342567920685, -0.01514401100575924, 0.015345117077231407, -0.06898569315671921, 0.04815826192498207, 0.016009824350476265, -0.07278001308441162, 0.08130070567131042, 0.04398615285754204, 0.0024921786971390247, -0.0195743590593338, 0.01578083261847496, 0.045803748071193695, 0.01987849920988083, -0.05999001860618591, 0.021375421434640884, 0.06373579055070877, 0.0006914648693054914, -0.0555511936545372, 0.12118306010961533, -0.06184109300374985, -0.06357074528932571, 0.03324968367815018]]
  Reward: 0.6106914281845093
  Account Value: None
  Done: False
  Policy Mean: [[0.05647984892129898, -0.04465610533952713, -0.06086588650941849, -0.08257144689559937, 0.03128621727228165, 0.06374184787273407, 0.09929342567920685, -0.01514401100575924, 0.015345117077231407, -0.06898569315671921, 0.04815826192498207, 0.016009824350476265, -0.07278001308441162, 0.08130070567131042, 0.04398615285754204, 0.0024921786971390247, -0.0195743590593338, 0.01578083261847496, 0.045803748071193695, 0.01987849920988083, -0.05999001860618591, 0.021375421434640884, 0.06373579055070877, 0.0006914648693054914, -0.0555511936545372, 0.12118306010961533, -0.06184109300374985, -0.06357074528932571, 0.03324968367815018]]
  Policy Std: [[1.0034284591674805, 0.976804256439209, 0.9804749488830566, 0.9932587146759033, 1.0121442079544067, 1.0039632320404053, 1.0009573698043823, 1.0025033950805664, 0.9955798983573914, 0.9826322197914124, 0.9936424493789673, 0.9887740015983582, 0.9989004135131836, 1.038902997970581, 0.9870384931564331, 1.0012420415878296, 0.9875728487968445, 0.9975731372833252, 0.998661994934082, 0.9784038066864014, 0.995770275592804, 0.996944785118103, 0.9970985651016235, 0.99070805311203, 1.0111769437789917, 0.9880393743515015, 1.0210251808166504, 1.0141289234161377, 0.9971608519554138]]

Step 274:
  Date/Day: 275
  Action: [[0.045999474823474884, -0.042706459760665894, -0.054234251379966736, -0.05448642373085022, 0.01881895214319229, 0.06121470034122467, 0.09347812831401825, -0.004626560024917126, 0.02081873267889023, -0.05604303628206253, 0.044830091297626495, 0.027712425217032433, -0.049704410135746, 0.05890343338251114, 0.04922669753432274, 0.011704133823513985, -0.02460484579205513, 0.015812348574399948, 0.052245303988456726, 0.019952088594436646, -0.0452842116355896, 0.008938129059970379, 0.0535920187830925, -0.0024647016543895006, -0.058448635041713715, 0.10901439934968948, -0.0609523206949234, -0.05945851653814316, 0.03218071535229683]]
  Reward: -0.5198612213134766
  Account Value: None
  Done: False
  Policy Mean: [[0.045999474823474884, -0.042706459760665894, -0.054234251379966736, -0.05448642373085022, 0.01881895214319229, 0.06121470034122467, 0.09347812831401825, -0.004626560024917126, 0.02081873267889023, -0.05604303628206253, 0.044830091297626495, 0.027712425217032433, -0.049704410135746, 0.05890343338251114, 0.04922669753432274, 0.011704133823513985, -0.02460484579205513, 0.015812348574399948, 0.052245303988456726, 0.019952088594436646, -0.0452842116355896, 0.008938129059970379, 0.0535920187830925, -0.0024647016543895006, -0.058448635041713715, 0.10901439934968948, -0.0609523206949234, -0.05945851653814316, 0.03218071535229683]]
  Policy Std: [[1.0034284591674805, 0.976804256439209, 0.9804749488830566, 0.9932587146759033, 1.0121442079544067, 1.0039632320404053, 1.0009573698043823, 1.0025033950805664, 0.9955798983573914, 0.9826322197914124, 0.9936424493789673, 0.9887740015983582, 0.9989004135131836, 1.038902997970581, 0.9870384931564331, 1.0012420415878296, 0.9875728487968445, 0.9975731372833252, 0.998661994934082, 0.9784038066864014, 0.995770275592804, 0.996944785118103, 0.9970985651016235, 0.99070805311203, 1.0111769437789917, 0.9880393743515015, 1.0210251808166504, 1.0141289234161377, 0.9971608519554138]]

Step 275:
  Date/Day: 276
  Action: [[0.06810253113508224, -0.06212582439184189, -0.08021299540996552, -0.09686081111431122, 0.03338584303855896, 0.08179458230733871, 0.13968701660633087, -0.006167265586555004, 0.03126898780465126, -0.07931425422430038, 0.06575971841812134, 0.02606596052646637, -0.09512536227703094, 0.09043332934379578, 0.05868541821837425, 0.020429974421858788, -0.010420884937047958, 0.01349555142223835, 0.06752924621105194, 0.031037651002407074, -0.08046907931566238, 0.03068292886018753, 0.08399850130081177, -0.01560294907540083, -0.08407536894083023, 0.17099924385547638, -0.07774735242128372, -0.07003438472747803, 0.04642438888549805]]
  Reward: 1.342160940170288
  Account Value: None
  Done: False
  Policy Mean: [[0.06810253113508224, -0.06212582439184189, -0.08021299540996552, -0.09686081111431122, 0.03338584303855896, 0.08179458230733871, 0.13968701660633087, -0.006167265586555004, 0.03126898780465126, -0.07931425422430038, 0.06575971841812134, 0.02606596052646637, -0.09512536227703094, 0.09043332934379578, 0.05868541821837425, 0.020429974421858788, -0.010420884937047958, 0.01349555142223835, 0.06752924621105194, 0.031037651002407074, -0.08046907931566238, 0.03068292886018753, 0.08399850130081177, -0.01560294907540083, -0.08407536894083023, 0.17099924385547638, -0.07774735242128372, -0.07003438472747803, 0.04642438888549805]]
  Policy Std: [[1.0034284591674805, 0.976804256439209, 0.9804749488830566, 0.9932587146759033, 1.0121442079544067, 1.0039632320404053, 1.0009573698043823, 1.0025033950805664, 0.9955798983573914, 0.9826322197914124, 0.9936424493789673, 0.9887740015983582, 0.9989004135131836, 1.038902997970581, 0.9870384931564331, 1.0012420415878296, 0.9875728487968445, 0.9975731372833252, 0.998661994934082, 0.9784038066864014, 0.995770275592804, 0.996944785118103, 0.9970985651016235, 0.99070805311203, 1.0111769437789917, 0.9880393743515015, 1.0210251808166504, 1.0141289234161377, 0.9971608519554138]]

Step 276:
  Date/Day: 277
  Action: [[0.07301618158817291, -0.06718293577432632, -0.07550070434808731, -0.09994787722826004, 0.027957893908023834, 0.08373648673295975, 0.13848908245563507, -0.01116906013339758, 0.03546198830008507, -0.08408214151859283, 0.07067865878343582, 0.0286126546561718, -0.09292615950107574, 0.10356150567531586, 0.06688147783279419, 0.023478364571928978, -0.021945545449852943, 0.011761970818042755, 0.07285108417272568, 0.031011149287223816, -0.08093620836734772, 0.027644138783216476, 0.08188816159963608, -0.015739643946290016, -0.07893318682909012, 0.17450089752674103, -0.07502742111682892, -0.08331694453954697, 0.049050748348236084]]
  Reward: -0.07636135816574097
  Account Value: None
  Done: False
  Policy Mean: [[0.07301618158817291, -0.06718293577432632, -0.07550070434808731, -0.09994787722826004, 0.027957893908023834, 0.08373648673295975, 0.13848908245563507, -0.01116906013339758, 0.03546198830008507, -0.08408214151859283, 0.07067865878343582, 0.0286126546561718, -0.09292615950107574, 0.10356150567531586, 0.06688147783279419, 0.023478364571928978, -0.021945545449852943, 0.011761970818042755, 0.07285108417272568, 0.031011149287223816, -0.08093620836734772, 0.027644138783216476, 0.08188816159963608, -0.015739643946290016, -0.07893318682909012, 0.17450089752674103, -0.07502742111682892, -0.08331694453954697, 0.049050748348236084]]
  Policy Std: [[1.0034284591674805, 0.976804256439209, 0.9804749488830566, 0.9932587146759033, 1.0121442079544067, 1.0039632320404053, 1.0009573698043823, 1.0025033950805664, 0.9955798983573914, 0.9826322197914124, 0.9936424493789673, 0.9887740015983582, 0.9989004135131836, 1.038902997970581, 0.9870384931564331, 1.0012420415878296, 0.9875728487968445, 0.9975731372833252, 0.998661994934082, 0.9784038066864014, 0.995770275592804, 0.996944785118103, 0.9970985651016235, 0.99070805311203, 1.0111769437789917, 0.9880393743515015, 1.0210251808166504, 1.0141289234161377, 0.9971608519554138]]

Step 277:
  Date/Day: 278
  Action: [[0.06452981382608414, -0.05821917951107025, -0.06816063076257706, -0.08823010325431824, 0.021482478827238083, 0.07137632369995117, 0.12154525518417358, -0.010257728397846222, 0.029111547395586967, -0.07755865901708603, 0.06142135709524155, 0.02555452100932598, -0.07811111211776733, 0.09043020009994507, 0.05426793918013573, 0.019550839439034462, -0.021702678874135017, 0.009907163679599762, 0.058643341064453125, 0.025952834635972977, -0.06903155893087387, 0.022435612976551056, 0.07109715044498444, -0.010152608156204224, -0.06742348521947861, 0.14756101369857788, -0.06622613221406937, -0.07466644048690796, 0.04066545516252518]]
  Reward: -0.32665836811065674
  Account Value: None
  Done: False
  Policy Mean: [[0.06452981382608414, -0.05821917951107025, -0.06816063076257706, -0.08823010325431824, 0.021482478827238083, 0.07137632369995117, 0.12154525518417358, -0.010257728397846222, 0.029111547395586967, -0.07755865901708603, 0.06142135709524155, 0.02555452100932598, -0.07811111211776733, 0.09043020009994507, 0.05426793918013573, 0.019550839439034462, -0.021702678874135017, 0.009907163679599762, 0.058643341064453125, 0.025952834635972977, -0.06903155893087387, 0.022435612976551056, 0.07109715044498444, -0.010152608156204224, -0.06742348521947861, 0.14756101369857788, -0.06622613221406937, -0.07466644048690796, 0.04066545516252518]]
  Policy Std: [[1.0034284591674805, 0.976804256439209, 0.9804749488830566, 0.9932587146759033, 1.0121442079544067, 1.0039632320404053, 1.0009573698043823, 1.0025033950805664, 0.9955798983573914, 0.9826322197914124, 0.9936424493789673, 0.9887740015983582, 0.9989004135131836, 1.038902997970581, 0.9870384931564331, 1.0012420415878296, 0.9875728487968445, 0.9975731372833252, 0.998661994934082, 0.9784038066864014, 0.995770275592804, 0.996944785118103, 0.9970985651016235, 0.99070805311203, 1.0111769437789917, 0.9880393743515015, 1.0210251808166504, 1.0141289234161377, 0.9971608519554138]]

Step 278:
  Date/Day: 279
  Action: [[0.05990445613861084, -0.05500879883766174, -0.06437059491872787, -0.08256909251213074, 0.022529590874910355, 0.06972341984510422, 0.12104746699333191, -0.01025103498250246, 0.0350474938750267, -0.07089009881019592, 0.05944095179438591, 0.03262730687856674, -0.07314308732748032, 0.08369238674640656, 0.06065556779503822, 0.024377595633268356, -0.027488166466355324, 0.0095748919993639, 0.06387834995985031, 0.028801046311855316, -0.06471995264291763, 0.018073607236146927, 0.06853477656841278, -0.00945924874395132, -0.06843113154172897, 0.14547687768936157, -0.07064580917358398, -0.07202371209859848, 0.03884346783161163]]
  Reward: -0.21752288937568665
  Account Value: None
  Done: False
  Policy Mean: [[0.05990445613861084, -0.05500879883766174, -0.06437059491872787, -0.08256909251213074, 0.022529590874910355, 0.06972341984510422, 0.12104746699333191, -0.01025103498250246, 0.0350474938750267, -0.07089009881019592, 0.05944095179438591, 0.03262730687856674, -0.07314308732748032, 0.08369238674640656, 0.06065556779503822, 0.024377595633268356, -0.027488166466355324, 0.0095748919993639, 0.06387834995985031, 0.028801046311855316, -0.06471995264291763, 0.018073607236146927, 0.06853477656841278, -0.00945924874395132, -0.06843113154172897, 0.14547687768936157, -0.07064580917358398, -0.07202371209859848, 0.03884346783161163]]
  Policy Std: [[1.0034284591674805, 0.976804256439209, 0.9804749488830566, 0.9932587146759033, 1.0121442079544067, 1.0039632320404053, 1.0009573698043823, 1.0025033950805664, 0.9955798983573914, 0.9826322197914124, 0.9936424493789673, 0.9887740015983582, 0.9989004135131836, 1.038902997970581, 0.9870384931564331, 1.0012420415878296, 0.9875728487968445, 0.9975731372833252, 0.998661994934082, 0.9784038066864014, 0.995770275592804, 0.996944785118103, 0.9970985651016235, 0.99070805311203, 1.0111769437789917, 0.9880393743515015, 1.0210251808166504, 1.0141289234161377, 0.9971608519554138]]

Step 279:
  Date/Day: 280
  Action: [[0.06663068383932114, -0.06390537321567535, -0.06683798134326935, -0.08905099332332611, 0.0228169746696949, 0.07445374876260757, 0.12317927181720734, -0.012352988123893738, 0.03849110007286072, -0.07567794620990753, 0.06616518646478653, 0.03399927541613579, -0.07743603736162186, 0.08670035004615784, 0.06295603513717651, 0.027089864015579224, -0.029598616063594818, 0.012692738324403763, 0.06890416145324707, 0.027103286236524582, -0.06780447065830231, 0.01721215434372425, 0.07682463526725769, -0.012560395523905754, -0.07541704922914505, 0.1469416469335556, -0.07426498085260391, -0.07531823217868805, 0.041049644351005554]]
  Reward: 0.3028722405433655
  Account Value: None
  Done: False
  Policy Mean: [[0.06663068383932114, -0.06390537321567535, -0.06683798134326935, -0.08905099332332611, 0.0228169746696949, 0.07445374876260757, 0.12317927181720734, -0.012352988123893738, 0.03849110007286072, -0.07567794620990753, 0.06616518646478653, 0.03399927541613579, -0.07743603736162186, 0.08670035004615784, 0.06295603513717651, 0.027089864015579224, -0.029598616063594818, 0.012692738324403763, 0.06890416145324707, 0.027103286236524582, -0.06780447065830231, 0.01721215434372425, 0.07682463526725769, -0.012560395523905754, -0.07541704922914505, 0.1469416469335556, -0.07426498085260391, -0.07531823217868805, 0.041049644351005554]]
  Policy Std: [[1.0034284591674805, 0.976804256439209, 0.9804749488830566, 0.9932587146759033, 1.0121442079544067, 1.0039632320404053, 1.0009573698043823, 1.0025033950805664, 0.9955798983573914, 0.9826322197914124, 0.9936424493789673, 0.9887740015983582, 0.9989004135131836, 1.038902997970581, 0.9870384931564331, 1.0012420415878296, 0.9875728487968445, 0.9975731372833252, 0.998661994934082, 0.9784038066864014, 0.995770275592804, 0.996944785118103, 0.9970985651016235, 0.99070805311203, 1.0111769437789917, 0.9880393743515015, 1.0210251808166504, 1.0141289234161377, 0.9971608519554138]]

Step 280:
  Date/Day: 281
  Action: [[0.036636874079704285, -0.035797812044620514, -0.03701426088809967, -0.06428754329681396, 0.018402839079499245, 0.04048089683055878, 0.07940728962421417, -0.004861929453909397, 0.01944773830473423, -0.05180437117815018, 0.039418723434209824, 0.016008591279387474, -0.04932606965303421, 0.051728036254644394, 0.027111656963825226, 0.006315240170806646, -0.012724886648356915, 0.0021400246769189835, 0.033998843282461166, 0.016557369381189346, -0.04652336239814758, 0.016449570655822754, 0.04571972042322159, -0.006721539422869682, -0.04302868992090225, 0.08652978390455246, -0.04872721806168556, -0.04589524865150452, 0.02666008658707142]]
  Reward: 0.2511989176273346
  Account Value: None
  Done: False
  Policy Mean: [[0.036636874079704285, -0.035797812044620514, -0.03701426088809967, -0.06428754329681396, 0.018402839079499245, 0.04048089683055878, 0.07940728962421417, -0.004861929453909397, 0.01944773830473423, -0.05180437117815018, 0.039418723434209824, 0.016008591279387474, -0.04932606965303421, 0.051728036254644394, 0.027111656963825226, 0.006315240170806646, -0.012724886648356915, 0.0021400246769189835, 0.033998843282461166, 0.016557369381189346, -0.04652336239814758, 0.016449570655822754, 0.04571972042322159, -0.006721539422869682, -0.04302868992090225, 0.08652978390455246, -0.04872721806168556, -0.04589524865150452, 0.02666008658707142]]
  Policy Std: [[1.0034284591674805, 0.976804256439209, 0.9804749488830566, 0.9932587146759033, 1.0121442079544067, 1.0039632320404053, 1.0009573698043823, 1.0025033950805664, 0.9955798983573914, 0.9826322197914124, 0.9936424493789673, 0.9887740015983582, 0.9989004135131836, 1.038902997970581, 0.9870384931564331, 1.0012420415878296, 0.9875728487968445, 0.9975731372833252, 0.998661994934082, 0.9784038066864014, 0.995770275592804, 0.996944785118103, 0.9970985651016235, 0.99070805311203, 1.0111769437789917, 0.9880393743515015, 1.0210251808166504, 1.0141289234161377, 0.9971608519554138]]

Step 281:
  Date/Day: 282
  Action: [[0.03575485944747925, -0.035498134791851044, -0.03335444629192352, -0.05175020545721054, 0.016572700813412666, 0.04472050070762634, 0.0713239535689354, -0.007246163673698902, 0.01806030422449112, -0.04982737451791763, 0.03334919735789299, 0.01803857833147049, -0.041730500757694244, 0.047940388321876526, 0.034900713711977005, 0.00800652988255024, -0.02386026456952095, 0.006300732493400574, 0.0384700670838356, 0.01321878656744957, -0.040247611701488495, 0.007995307445526123, 0.041324228048324585, -0.002884203800931573, -0.03617362678050995, 0.07793799787759781, -0.04975459724664688, -0.05151032656431198, 0.025275064632296562]]
  Reward: 0.3066282570362091
  Account Value: None
  Done: False
  Policy Mean: [[0.03575485944747925, -0.035498134791851044, -0.03335444629192352, -0.05175020545721054, 0.016572700813412666, 0.04472050070762634, 0.0713239535689354, -0.007246163673698902, 0.01806030422449112, -0.04982737451791763, 0.03334919735789299, 0.01803857833147049, -0.041730500757694244, 0.047940388321876526, 0.034900713711977005, 0.00800652988255024, -0.02386026456952095, 0.006300732493400574, 0.0384700670838356, 0.01321878656744957, -0.040247611701488495, 0.007995307445526123, 0.041324228048324585, -0.002884203800931573, -0.03617362678050995, 0.07793799787759781, -0.04975459724664688, -0.05151032656431198, 0.025275064632296562]]
  Policy Std: [[1.0034284591674805, 0.976804256439209, 0.9804749488830566, 0.9932587146759033, 1.0121442079544067, 1.0039632320404053, 1.0009573698043823, 1.0025033950805664, 0.9955798983573914, 0.9826322197914124, 0.9936424493789673, 0.9887740015983582, 0.9989004135131836, 1.038902997970581, 0.9870384931564331, 1.0012420415878296, 0.9875728487968445, 0.9975731372833252, 0.998661994934082, 0.9784038066864014, 0.995770275592804, 0.996944785118103, 0.9970985651016235, 0.99070805311203, 1.0111769437789917, 0.9880393743515015, 1.0210251808166504, 1.0141289234161377, 0.9971608519554138]]

Step 282:
  Date/Day: 283
  Action: [[0.03662073612213135, -0.03790488839149475, -0.034708134829998016, -0.057114578783512115, 0.016039807349443436, 0.04446013271808624, 0.07364565134048462, -0.006189834326505661, 0.010919477790594101, -0.054019995033741, 0.03388766944408417, 0.012627427466213703, -0.05211915820837021, 0.05432753264904022, 0.027883101254701614, 0.0009512216784060001, -0.014155758544802666, 0.0037941094487905502, 0.029220595955848694, 0.013042211532592773, -0.042125873267650604, 0.013147079385817051, 0.043016113340854645, -0.0031138083431869745, -0.040625423192977905, 0.07938621193170547, -0.04390708729624748, -0.048916980624198914, 0.028132637962698936]]
  Reward: 0.7388923764228821
  Account Value: None
  Done: False
  Policy Mean: [[0.03662073612213135, -0.03790488839149475, -0.034708134829998016, -0.057114578783512115, 0.016039807349443436, 0.04446013271808624, 0.07364565134048462, -0.006189834326505661, 0.010919477790594101, -0.054019995033741, 0.03388766944408417, 0.012627427466213703, -0.05211915820837021, 0.05432753264904022, 0.027883101254701614, 0.0009512216784060001, -0.014155758544802666, 0.0037941094487905502, 0.029220595955848694, 0.013042211532592773, -0.042125873267650604, 0.013147079385817051, 0.043016113340854645, -0.0031138083431869745, -0.040625423192977905, 0.07938621193170547, -0.04390708729624748, -0.048916980624198914, 0.028132637962698936]]
  Policy Std: [[1.0034284591674805, 0.976804256439209, 0.9804749488830566, 0.9932587146759033, 1.0121442079544067, 1.0039632320404053, 1.0009573698043823, 1.0025033950805664, 0.9955798983573914, 0.9826322197914124, 0.9936424493789673, 0.9887740015983582, 0.9989004135131836, 1.038902997970581, 0.9870384931564331, 1.0012420415878296, 0.9875728487968445, 0.9975731372833252, 0.998661994934082, 0.9784038066864014, 0.995770275592804, 0.996944785118103, 0.9970985651016235, 0.99070805311203, 1.0111769437789917, 0.9880393743515015, 1.0210251808166504, 1.0141289234161377, 0.9971608519554138]]

Step 283:
  Date/Day: 284
  Action: [[0.04238937050104141, -0.042655833065509796, -0.04184349998831749, -0.06308940052986145, 0.02035326138138771, 0.052269332110881805, 0.08570842444896698, -0.007560006342828274, 0.015684250742197037, -0.05736647546291351, 0.041482020169496536, 0.020665280520915985, -0.05970213562250137, 0.061627745628356934, 0.03729542717337608, 0.0033409963361918926, -0.0191300418227911, 0.00570015050470829, 0.04062477871775627, 0.016022004187107086, -0.04569808393716812, 0.013287614099681377, 0.05193622410297394, -0.0023037635255604982, -0.0501394122838974, 0.09661336243152618, -0.052884820848703384, -0.05434589087963104, 0.0314764678478241]]
  Reward: -1.3622270822525024
  Account Value: None
  Done: False
  Policy Mean: [[0.04238937050104141, -0.042655833065509796, -0.04184349998831749, -0.06308940052986145, 0.02035326138138771, 0.052269332110881805, 0.08570842444896698, -0.007560006342828274, 0.015684250742197037, -0.05736647546291351, 0.041482020169496536, 0.020665280520915985, -0.05970213562250137, 0.061627745628356934, 0.03729542717337608, 0.0033409963361918926, -0.0191300418227911, 0.00570015050470829, 0.04062477871775627, 0.016022004187107086, -0.04569808393716812, 0.013287614099681377, 0.05193622410297394, -0.0023037635255604982, -0.0501394122838974, 0.09661336243152618, -0.052884820848703384, -0.05434589087963104, 0.0314764678478241]]
  Policy Std: [[1.0034284591674805, 0.976804256439209, 0.9804749488830566, 0.9932587146759033, 1.0121442079544067, 1.0039632320404053, 1.0009573698043823, 1.0025033950805664, 0.9955798983573914, 0.9826322197914124, 0.9936424493789673, 0.9887740015983582, 0.9989004135131836, 1.038902997970581, 0.9870384931564331, 1.0012420415878296, 0.9875728487968445, 0.9975731372833252, 0.998661994934082, 0.9784038066864014, 0.995770275592804, 0.996944785118103, 0.9970985651016235, 0.99070805311203, 1.0111769437789917, 0.9880393743515015, 1.0210251808166504, 1.0141289234161377, 0.9971608519554138]]

Step 284:
  Date/Day: 285
  Action: [[0.08542500436306, -0.07660806179046631, -0.07240278273820877, -0.08583053946495056, 0.012412505224347115, 0.07851925492286682, 0.10052992403507233, -0.014089616015553474, 0.014367392286658287, -0.0882033184170723, 0.05680759996175766, -0.001863882876932621, -0.07848165929317474, 0.10194235295057297, 0.042765192687511444, 0.016193266957998276, -0.01776675134897232, 0.022422444075345993, 0.05395423248410225, 0.011875039897859097, -0.06490343809127808, 0.0170234777033329, 0.06807656586170197, -0.011332144029438496, -0.07272285968065262, 0.12074209749698639, -0.05283715948462486, -0.08914604038000107, 0.05165776610374451]]
  Reward: -0.9893174767494202
  Account Value: None
  Done: False
  Policy Mean: [[0.08542500436306, -0.07660806179046631, -0.07240278273820877, -0.08583053946495056, 0.012412505224347115, 0.07851925492286682, 0.10052992403507233, -0.014089616015553474, 0.014367392286658287, -0.0882033184170723, 0.05680759996175766, -0.001863882876932621, -0.07848165929317474, 0.10194235295057297, 0.042765192687511444, 0.016193266957998276, -0.01776675134897232, 0.022422444075345993, 0.05395423248410225, 0.011875039897859097, -0.06490343809127808, 0.0170234777033329, 0.06807656586170197, -0.011332144029438496, -0.07272285968065262, 0.12074209749698639, -0.05283715948462486, -0.08914604038000107, 0.05165776610374451]]
  Policy Std: [[1.0034284591674805, 0.976804256439209, 0.9804749488830566, 0.9932587146759033, 1.0121442079544067, 1.0039632320404053, 1.0009573698043823, 1.0025033950805664, 0.9955798983573914, 0.9826322197914124, 0.9936424493789673, 0.9887740015983582, 0.9989004135131836, 1.038902997970581, 0.9870384931564331, 1.0012420415878296, 0.9875728487968445, 0.9975731372833252, 0.998661994934082, 0.9784038066864014, 0.995770275592804, 0.996944785118103, 0.9970985651016235, 0.99070805311203, 1.0111769437789917, 0.9880393743515015, 1.0210251808166504, 1.0141289234161377, 0.9971608519554138]]

Step 285:
  Date/Day: 286
  Action: [[0.09392653405666351, -0.07695773243904114, -0.0872432217001915, -0.09892740845680237, 0.01830354705452919, 0.09093073755502701, 0.11811822652816772, -0.016398383304476738, 0.016513433307409286, -0.09648039191961288, 0.06489378958940506, 0.003915473818778992, -0.08916381001472473, 0.11554551124572754, 0.054457444697618484, 0.019785920158028603, -0.023172345012426376, 0.026776809245347977, 0.06708110123872757, 0.018974807113409042, -0.07723809778690338, 0.02204045280814171, 0.07974884659051895, -0.009326709434390068, -0.0771511048078537, 0.1511337012052536, -0.06402816623449326, -0.10132331401109695, 0.05489449203014374]]
  Reward: 0.3274809420108795
  Account Value: None
  Done: False
  Policy Mean: [[0.09392653405666351, -0.07695773243904114, -0.0872432217001915, -0.09892740845680237, 0.01830354705452919, 0.09093073755502701, 0.11811822652816772, -0.016398383304476738, 0.016513433307409286, -0.09648039191961288, 0.06489378958940506, 0.003915473818778992, -0.08916381001472473, 0.11554551124572754, 0.054457444697618484, 0.019785920158028603, -0.023172345012426376, 0.026776809245347977, 0.06708110123872757, 0.018974807113409042, -0.07723809778690338, 0.02204045280814171, 0.07974884659051895, -0.009326709434390068, -0.0771511048078537, 0.1511337012052536, -0.06402816623449326, -0.10132331401109695, 0.05489449203014374]]
  Policy Std: [[1.0034284591674805, 0.976804256439209, 0.9804749488830566, 0.9932587146759033, 1.0121442079544067, 1.0039632320404053, 1.0009573698043823, 1.0025033950805664, 0.9955798983573914, 0.9826322197914124, 0.9936424493789673, 0.9887740015983582, 0.9989004135131836, 1.038902997970581, 0.9870384931564331, 1.0012420415878296, 0.9875728487968445, 0.9975731372833252, 0.998661994934082, 0.9784038066864014, 0.995770275592804, 0.996944785118103, 0.9970985651016235, 0.99070805311203, 1.0111769437789917, 0.9880393743515015, 1.0210251808166504, 1.0141289234161377, 0.9971608519554138]]

Step 286:
  Date/Day: 287
  Action: [[0.09392653405666351, -0.07695772498846054, -0.08724323660135269, -0.09892742335796356, 0.01830354332923889, 0.0909307450056076, 0.11811821162700653, -0.016398388892412186, 0.01651344634592533, -0.09648039191961288, 0.06489380449056625, 0.003915480338037014, -0.08916379511356354, 0.11554549634456635, 0.054457467049360275, 0.01978592947125435, -0.023172367364168167, 0.026776809245347977, 0.06708110868930817, 0.01897481083869934, -0.07723809778690338, 0.02204044535756111, 0.07974885404109955, -0.009326706640422344, -0.0771511122584343, 0.15113374590873718, -0.06402818858623505, -0.10132333636283875, 0.05489449203014374]]
  Reward: 0.8699581027030945
  Account Value: None
  Done: False
  Policy Mean: [[0.09392653405666351, -0.07695772498846054, -0.08724323660135269, -0.09892742335796356, 0.01830354332923889, 0.0909307450056076, 0.11811821162700653, -0.016398388892412186, 0.01651344634592533, -0.09648039191961288, 0.06489380449056625, 0.003915480338037014, -0.08916379511356354, 0.11554549634456635, 0.054457467049360275, 0.01978592947125435, -0.023172367364168167, 0.026776809245347977, 0.06708110868930817, 0.01897481083869934, -0.07723809778690338, 0.02204044535756111, 0.07974885404109955, -0.009326706640422344, -0.0771511122584343, 0.15113374590873718, -0.06402818858623505, -0.10132333636283875, 0.05489449203014374]]
  Policy Std: [[1.0034284591674805, 0.976804256439209, 0.9804749488830566, 0.9932587146759033, 1.0121442079544067, 1.0039632320404053, 1.0009573698043823, 1.0025033950805664, 0.9955798983573914, 0.9826322197914124, 0.9936424493789673, 0.9887740015983582, 0.9989004135131836, 1.038902997970581, 0.9870384931564331, 1.0012420415878296, 0.9875728487968445, 0.9975731372833252, 0.998661994934082, 0.9784038066864014, 0.995770275592804, 0.996944785118103, 0.9970985651016235, 0.99070805311203, 1.0111769437789917, 0.9880393743515015, 1.0210251808166504, 1.0141289234161377, 0.9971608519554138]]

Step 287:
  Date/Day: 288
  Action: [[0.0939268171787262, -0.07695796340703964, -0.08724352717399597, -0.09892770648002625, 0.018303530290722847, 0.0909310132265091, 0.11811836063861847, -0.016398418694734573, 0.016513414680957794, -0.09648063033819199, 0.06489400565624237, 0.003915385343134403, -0.08916395902633667, 0.11554573476314545, 0.05445750430226326, 0.019785979762673378, -0.02317230962216854, 0.026776934042572975, 0.06708123534917831, 0.018974807113409042, -0.07723825424909592, 0.022040490061044693, 0.07974904030561447, -0.009326784871518612, -0.0771513432264328, 0.15113404393196106, -0.064028300344944, -0.10132357478141785, 0.05489456653594971]]
  Reward: 0.8821076154708862
  Account Value: None
  Done: False
  Policy Mean: [[0.0939268171787262, -0.07695796340703964, -0.08724352717399597, -0.09892770648002625, 0.018303530290722847, 0.0909310132265091, 0.11811836063861847, -0.016398418694734573, 0.016513414680957794, -0.09648063033819199, 0.06489400565624237, 0.003915385343134403, -0.08916395902633667, 0.11554573476314545, 0.05445750430226326, 0.019785979762673378, -0.02317230962216854, 0.026776934042572975, 0.06708123534917831, 0.018974807113409042, -0.07723825424909592, 0.022040490061044693, 0.07974904030561447, -0.009326784871518612, -0.0771513432264328, 0.15113404393196106, -0.064028300344944, -0.10132357478141785, 0.05489456653594971]]
  Policy Std: [[1.0034284591674805, 0.976804256439209, 0.9804749488830566, 0.9932587146759033, 1.0121442079544067, 1.0039632320404053, 1.0009573698043823, 1.0025033950805664, 0.9955798983573914, 0.9826322197914124, 0.9936424493789673, 0.9887740015983582, 0.9989004135131836, 1.038902997970581, 0.9870384931564331, 1.0012420415878296, 0.9875728487968445, 0.9975731372833252, 0.998661994934082, 0.9784038066864014, 0.995770275592804, 0.996944785118103, 0.9970985651016235, 0.99070805311203, 1.0111769437789917, 0.9880393743515015, 1.0210251808166504, 1.0141289234161377, 0.9971608519554138]]

Step 288:
  Date/Day: 289
  Action: [[0.08258125931024551, -0.07342670857906342, -0.07450094074010849, -0.09702515602111816, 0.024734482169151306, 0.08801590651273727, 0.12659390270709991, -0.013415876775979996, 0.024391667917370796, -0.09017462283372879, 0.06572547554969788, 0.018410153687000275, -0.09169294685125351, 0.10478341579437256, 0.06063525006175041, 0.019555432721972466, -0.029026253148913383, 0.014059662818908691, 0.06683889031410217, 0.02530880644917488, -0.07551280409097672, 0.025187253952026367, 0.07758123427629471, -0.010096475481987, -0.06823039054870605, 0.16057683527469635, -0.06958765536546707, -0.09226935356855392, 0.049339525401592255]]
  Reward: -0.25511810183525085
  Account Value: None
  Done: False
  Policy Mean: [[0.08258125931024551, -0.07342670857906342, -0.07450094074010849, -0.09702515602111816, 0.024734482169151306, 0.08801590651273727, 0.12659390270709991, -0.013415876775979996, 0.024391667917370796, -0.09017462283372879, 0.06572547554969788, 0.018410153687000275, -0.09169294685125351, 0.10478341579437256, 0.06063525006175041, 0.019555432721972466, -0.029026253148913383, 0.014059662818908691, 0.06683889031410217, 0.02530880644917488, -0.07551280409097672, 0.025187253952026367, 0.07758123427629471, -0.010096475481987, -0.06823039054870605, 0.16057683527469635, -0.06958765536546707, -0.09226935356855392, 0.049339525401592255]]
  Policy Std: [[1.0034284591674805, 0.976804256439209, 0.9804749488830566, 0.9932587146759033, 1.0121442079544067, 1.0039632320404053, 1.0009573698043823, 1.0025033950805664, 0.9955798983573914, 0.9826322197914124, 0.9936424493789673, 0.9887740015983582, 0.9989004135131836, 1.038902997970581, 0.9870384931564331, 1.0012420415878296, 0.9875728487968445, 0.9975731372833252, 0.998661994934082, 0.9784038066864014, 0.995770275592804, 0.996944785118103, 0.9970985651016235, 0.99070805311203, 1.0111769437789917, 0.9880393743515015, 1.0210251808166504, 1.0141289234161377, 0.9971608519554138]]

Step 289:
  Date/Day: 290
  Action: [[0.0647478699684143, -0.05525904893875122, -0.06263406574726105, -0.08564361929893494, 0.035499393939971924, 0.08030346035957336, 0.12459573149681091, -0.011600174009799957, 0.034221723675727844, -0.07281529903411865, 0.0598638541996479, 0.03379513695836067, -0.0845831036567688, 0.08661185950040817, 0.06758065521717072, 0.019176984205842018, -0.027545128017663956, 0.01171352993696928, 0.07496707886457443, 0.029558520764112473, -0.06909844279289246, 0.019137881696224213, 0.07247545570135117, -0.008929667994379997, -0.07166217267513275, 0.155217707157135, -0.08215487003326416, -0.07544773817062378, 0.044027142226696014]]
  Reward: -0.23897519707679749
  Account Value: None
  Done: False
  Policy Mean: [[0.0647478699684143, -0.05525904893875122, -0.06263406574726105, -0.08564361929893494, 0.035499393939971924, 0.08030346035957336, 0.12459573149681091, -0.011600174009799957, 0.034221723675727844, -0.07281529903411865, 0.0598638541996479, 0.03379513695836067, -0.0845831036567688, 0.08661185950040817, 0.06758065521717072, 0.019176984205842018, -0.027545128017663956, 0.01171352993696928, 0.07496707886457443, 0.029558520764112473, -0.06909844279289246, 0.019137881696224213, 0.07247545570135117, -0.008929667994379997, -0.07166217267513275, 0.155217707157135, -0.08215487003326416, -0.07544773817062378, 0.044027142226696014]]
  Policy Std: [[1.0034284591674805, 0.976804256439209, 0.9804749488830566, 0.9932587146759033, 1.0121442079544067, 1.0039632320404053, 1.0009573698043823, 1.0025033950805664, 0.9955798983573914, 0.9826322197914124, 0.9936424493789673, 0.9887740015983582, 0.9989004135131836, 1.038902997970581, 0.9870384931564331, 1.0012420415878296, 0.9875728487968445, 0.9975731372833252, 0.998661994934082, 0.9784038066864014, 0.995770275592804, 0.996944785118103, 0.9970985651016235, 0.99070805311203, 1.0111769437789917, 0.9880393743515015, 1.0210251808166504, 1.0141289234161377, 0.9971608519554138]]

Step 290:
  Date/Day: 291
  Action: [[0.0647476464509964, -0.05525875836610794, -0.0626336932182312, -0.08564332127571106, 0.03549915552139282, 0.08030294626951218, 0.12459494173526764, -0.011600162833929062, 0.03422129526734352, -0.07281510531902313, 0.059863463044166565, 0.03379493206739426, -0.08458277583122253, 0.08661144226789474, 0.06758008897304535, 0.01917659118771553, -0.027545053511857986, 0.011713607236742973, 0.07496623694896698, 0.029557999223470688, -0.06909803301095963, 0.01913784071803093, 0.07247495651245117, -0.00892936997115612, -0.0716618001461029, 0.15521645545959473, -0.08215449005365372, -0.07544732093811035, 0.04402676224708557]]
  Reward: -0.22029797732830048
  Account Value: None
  Done: False
  Policy Mean: [[0.0647476464509964, -0.05525875836610794, -0.0626336932182312, -0.08564332127571106, 0.03549915552139282, 0.08030294626951218, 0.12459494173526764, -0.011600162833929062, 0.03422129526734352, -0.07281510531902313, 0.059863463044166565, 0.03379493206739426, -0.08458277583122253, 0.08661144226789474, 0.06758008897304535, 0.01917659118771553, -0.027545053511857986, 0.011713607236742973, 0.07496623694896698, 0.029557999223470688, -0.06909803301095963, 0.01913784071803093, 0.07247495651245117, -0.00892936997115612, -0.0716618001461029, 0.15521645545959473, -0.08215449005365372, -0.07544732093811035, 0.04402676224708557]]
  Policy Std: [[1.0034284591674805, 0.976804256439209, 0.9804749488830566, 0.9932587146759033, 1.0121442079544067, 1.0039632320404053, 1.0009573698043823, 1.0025033950805664, 0.9955798983573914, 0.9826322197914124, 0.9936424493789673, 0.9887740015983582, 0.9989004135131836, 1.038902997970581, 0.9870384931564331, 1.0012420415878296, 0.9875728487968445, 0.9975731372833252, 0.998661994934082, 0.9784038066864014, 0.995770275592804, 0.996944785118103, 0.9970985651016235, 0.99070805311203, 1.0111769437789917, 0.9880393743515015, 1.0210251808166504, 1.0141289234161377, 0.9971608519554138]]

Step 291:
  Date/Day: 292
  Action: [[0.07365366816520691, -0.05989871174097061, -0.06957534700632095, -0.09752556681632996, 0.040564317256212234, 0.08696842938661575, 0.1321316659450531, -0.014204085804522038, 0.036091625690460205, -0.07942629605531693, 0.06326674669981003, 0.03229156509041786, -0.09346209466457367, 0.09948265552520752, 0.07109061628580093, 0.018832027912139893, -0.026028823107481003, 0.018722079694271088, 0.07567641139030457, 0.02877839282155037, -0.07700586318969727, 0.023192495107650757, 0.0797969326376915, -0.008835429325699806, -0.0773458480834961, 0.16318218410015106, -0.08581887930631638, -0.07732909917831421, 0.043223753571510315]]
  Reward: 0.45282086730003357
  Account Value: None
  Done: False
  Policy Mean: [[0.07365366816520691, -0.05989871174097061, -0.06957534700632095, -0.09752556681632996, 0.040564317256212234, 0.08696842938661575, 0.1321316659450531, -0.014204085804522038, 0.036091625690460205, -0.07942629605531693, 0.06326674669981003, 0.03229156509041786, -0.09346209466457367, 0.09948265552520752, 0.07109061628580093, 0.018832027912139893, -0.026028823107481003, 0.018722079694271088, 0.07567641139030457, 0.02877839282155037, -0.07700586318969727, 0.023192495107650757, 0.0797969326376915, -0.008835429325699806, -0.0773458480834961, 0.16318218410015106, -0.08581887930631638, -0.07732909917831421, 0.043223753571510315]]
  Policy Std: [[1.0034284591674805, 0.976804256439209, 0.9804749488830566, 0.9932587146759033, 1.0121442079544067, 1.0039632320404053, 1.0009573698043823, 1.0025033950805664, 0.9955798983573914, 0.9826322197914124, 0.9936424493789673, 0.9887740015983582, 0.9989004135131836, 1.038902997970581, 0.9870384931564331, 1.0012420415878296, 0.9875728487968445, 0.9975731372833252, 0.998661994934082, 0.9784038066864014, 0.995770275592804, 0.996944785118103, 0.9970985651016235, 0.99070805311203, 1.0111769437789917, 0.9880393743515015, 1.0210251808166504, 1.0141289234161377, 0.9971608519554138]]

Step 292:
  Date/Day: 293
  Action: [[0.07389743626117706, -0.060030534863471985, -0.06976918131113052, -0.09780238568782806, 0.04065956175327301, 0.08714792877435684, 0.1323462426662445, -0.01425670925527811, 0.036136262118816376, -0.07959266752004623, 0.06337568908929825, 0.0322495698928833, -0.09369733929634094, 0.09978660941123962, 0.07118603587150574, 0.018869711086153984, -0.02597283013164997, 0.01888430491089821, 0.07574708014726639, 0.02877485379576683, -0.07722678780555725, 0.023292548954486847, 0.07999306172132492, -0.008874128572642803, -0.07750847935676575, 0.16344255208969116, -0.08592793345451355, -0.07741591334342957, 0.043235763907432556]]
  Reward: 0.322797954082489
  Account Value: None
  Done: False
  Policy Mean: [[0.07389743626117706, -0.060030534863471985, -0.06976918131113052, -0.09780238568782806, 0.04065956175327301, 0.08714792877435684, 0.1323462426662445, -0.01425670925527811, 0.036136262118816376, -0.07959266752004623, 0.06337568908929825, 0.0322495698928833, -0.09369733929634094, 0.09978660941123962, 0.07118603587150574, 0.018869711086153984, -0.02597283013164997, 0.01888430491089821, 0.07574708014726639, 0.02877485379576683, -0.07722678780555725, 0.023292548954486847, 0.07999306172132492, -0.008874128572642803, -0.07750847935676575, 0.16344255208969116, -0.08592793345451355, -0.07741591334342957, 0.043235763907432556]]
  Policy Std: [[1.0034284591674805, 0.976804256439209, 0.9804749488830566, 0.9932587146759033, 1.0121442079544067, 1.0039632320404053, 1.0009573698043823, 1.0025033950805664, 0.9955798983573914, 0.9826322197914124, 0.9936424493789673, 0.9887740015983582, 0.9989004135131836, 1.038902997970581, 0.9870384931564331, 1.0012420415878296, 0.9875728487968445, 0.9975731372833252, 0.998661994934082, 0.9784038066864014, 0.995770275592804, 0.996944785118103, 0.9970985651016235, 0.99070805311203, 1.0111769437789917, 0.9880393743515015, 1.0210251808166504, 1.0141289234161377, 0.9971608519554138]]

Step 293:
  Date/Day: 294
  Action: [[0.062108784914016724, -0.0532929003238678, -0.06476270407438278, -0.08386644721031189, 0.033221300691366196, 0.07870529592037201, 0.12293942272663116, -0.011762522161006927, 0.0320780985057354, -0.07267510145902634, 0.057489458471536636, 0.032013535499572754, -0.08140943944454193, 0.08468646556138992, 0.0659765750169754, 0.018645189702510834, -0.027121026068925858, 0.010521097108721733, 0.07226555794477463, 0.029726888984441757, -0.06781192868947983, 0.017540834844112396, 0.07148793339729309, -0.006912109442055225, -0.06874224543571472, 0.15290707349777222, -0.08039738982915878, -0.07556608319282532, 0.04405064880847931]]
  Reward: -0.46857690811157227
  Account Value: None
  Done: False
  Policy Mean: [[0.062108784914016724, -0.0532929003238678, -0.06476270407438278, -0.08386644721031189, 0.033221300691366196, 0.07870529592037201, 0.12293942272663116, -0.011762522161006927, 0.0320780985057354, -0.07267510145902634, 0.057489458471536636, 0.032013535499572754, -0.08140943944454193, 0.08468646556138992, 0.0659765750169754, 0.018645189702510834, -0.027121026068925858, 0.010521097108721733, 0.07226555794477463, 0.029726888984441757, -0.06781192868947983, 0.017540834844112396, 0.07148793339729309, -0.006912109442055225, -0.06874224543571472, 0.15290707349777222, -0.08039738982915878, -0.07556608319282532, 0.04405064880847931]]
  Policy Std: [[1.0034284591674805, 0.976804256439209, 0.9804749488830566, 0.9932587146759033, 1.0121442079544067, 1.0039632320404053, 1.0009573698043823, 1.0025033950805664, 0.9955798983573914, 0.9826322197914124, 0.9936424493789673, 0.9887740015983582, 0.9989004135131836, 1.038902997970581, 0.9870384931564331, 1.0012420415878296, 0.9875728487968445, 0.9975731372833252, 0.998661994934082, 0.9784038066864014, 0.995770275592804, 0.996944785118103, 0.9970985651016235, 0.99070805311203, 1.0111769437789917, 0.9880393743515015, 1.0210251808166504, 1.0141289234161377, 0.9971608519554138]]

Step 294:
  Date/Day: 295
  Action: [[0.059021130204200745, -0.050651080906391144, -0.0648132711648941, -0.08111628890037537, 0.031298648566007614, 0.07568994909524918, 0.11946658790111542, -0.011668583378195763, 0.0298008993268013, -0.07113699615001678, 0.05477280542254448, 0.030488405376672745, -0.07797105610370636, 0.08150807023048401, 0.06380333751440048, 0.01754608191549778, -0.026539217680692673, 0.00958312302827835, 0.06895259022712708, 0.029207777231931686, -0.06532622873783112, 0.016390157863497734, 0.0696171298623085, -0.004839976318180561, -0.06539683043956757, 0.1482222080230713, -0.07795219123363495, -0.07436695694923401, 0.04312485456466675]]
  Reward: 0.34461715817451477
  Account Value: None
  Done: False
  Policy Mean: [[0.059021130204200745, -0.050651080906391144, -0.0648132711648941, -0.08111628890037537, 0.031298648566007614, 0.07568994909524918, 0.11946658790111542, -0.011668583378195763, 0.0298008993268013, -0.07113699615001678, 0.05477280542254448, 0.030488405376672745, -0.07797105610370636, 0.08150807023048401, 0.06380333751440048, 0.01754608191549778, -0.026539217680692673, 0.00958312302827835, 0.06895259022712708, 0.029207777231931686, -0.06532622873783112, 0.016390157863497734, 0.0696171298623085, -0.004839976318180561, -0.06539683043956757, 0.1482222080230713, -0.07795219123363495, -0.07436695694923401, 0.04312485456466675]]
  Policy Std: [[1.0034284591674805, 0.976804256439209, 0.9804749488830566, 0.9932587146759033, 1.0121442079544067, 1.0039632320404053, 1.0009573698043823, 1.0025033950805664, 0.9955798983573914, 0.9826322197914124, 0.9936424493789673, 0.9887740015983582, 0.9989004135131836, 1.038902997970581, 0.9870384931564331, 1.0012420415878296, 0.9875728487968445, 0.9975731372833252, 0.998661994934082, 0.9784038066864014, 0.995770275592804, 0.996944785118103, 0.9970985651016235, 0.99070805311203, 1.0111769437789917, 0.9880393743515015, 1.0210251808166504, 1.0141289234161377, 0.9971608519554138]]

Step 295:
  Date/Day: 296
  Action: [[0.05550536513328552, -0.04618960618972778, -0.05976841598749161, -0.07520359754562378, 0.027215423062443733, 0.06690501421689987, 0.10534968972206116, -0.013092652894556522, 0.020670024678111076, -0.07142425328493118, 0.044260550290346146, 0.017888817936182022, -0.07286596298217773, 0.07363366335630417, 0.049148622900247574, 0.011157617904245853, -0.025468897074460983, 0.00559246214106679, 0.054457902908325195, 0.024005990475416183, -0.05832831561565399, 0.01526813954114914, 0.058289170265197754, 0.0019725121092051268, -0.05216960608959198, 0.1251441091299057, -0.06623078137636185, -0.0718478336930275, 0.040435247123241425]]
  Reward: -0.37633609771728516
  Account Value: None
  Done: False
  Policy Mean: [[0.05550536513328552, -0.04618960618972778, -0.05976841598749161, -0.07520359754562378, 0.027215423062443733, 0.06690501421689987, 0.10534968972206116, -0.013092652894556522, 0.020670024678111076, -0.07142425328493118, 0.044260550290346146, 0.017888817936182022, -0.07286596298217773, 0.07363366335630417, 0.049148622900247574, 0.011157617904245853, -0.025468897074460983, 0.00559246214106679, 0.054457902908325195, 0.024005990475416183, -0.05832831561565399, 0.01526813954114914, 0.058289170265197754, 0.0019725121092051268, -0.05216960608959198, 0.1251441091299057, -0.06623078137636185, -0.0718478336930275, 0.040435247123241425]]
  Policy Std: [[1.0034284591674805, 0.976804256439209, 0.9804749488830566, 0.9932587146759033, 1.0121442079544067, 1.0039632320404053, 1.0009573698043823, 1.0025033950805664, 0.9955798983573914, 0.9826322197914124, 0.9936424493789673, 0.9887740015983582, 0.9989004135131836, 1.038902997970581, 0.9870384931564331, 1.0012420415878296, 0.9875728487968445, 0.9975731372833252, 0.998661994934082, 0.9784038066864014, 0.995770275592804, 0.996944785118103, 0.9970985651016235, 0.99070805311203, 1.0111769437789917, 0.9880393743515015, 1.0210251808166504, 1.0141289234161377, 0.9971608519554138]]

Step 296:
  Date/Day: 297
  Action: [[0.060874707996845245, -0.05074875056743622, -0.06432749330997467, -0.08298081904649734, 0.02828461490571499, 0.06910739094018936, 0.1079341322183609, -0.011336847208440304, 0.016478562727570534, -0.07288309931755066, 0.05166589841246605, 0.013576390221714973, -0.07963350415229797, 0.0810425728559494, 0.04703974351286888, 0.007828239351511002, -0.016380982473492622, 0.009140151552855968, 0.05350421741604805, 0.02412840723991394, -0.06402124464511871, 0.01949360966682434, 0.06474628299474716, -0.0025433117989450693, -0.05873200297355652, 0.13421563804149628, -0.06433761864900589, -0.07162235677242279, 0.043540000915527344]]
  Reward: 0.3564295768737793
  Account Value: None
  Done: False
  Policy Mean: [[0.060874707996845245, -0.05074875056743622, -0.06432749330997467, -0.08298081904649734, 0.02828461490571499, 0.06910739094018936, 0.1079341322183609, -0.011336847208440304, 0.016478562727570534, -0.07288309931755066, 0.05166589841246605, 0.013576390221714973, -0.07963350415229797, 0.0810425728559494, 0.04703974351286888, 0.007828239351511002, -0.016380982473492622, 0.009140151552855968, 0.05350421741604805, 0.02412840723991394, -0.06402124464511871, 0.01949360966682434, 0.06474628299474716, -0.0025433117989450693, -0.05873200297355652, 0.13421563804149628, -0.06433761864900589, -0.07162235677242279, 0.043540000915527344]]
  Policy Std: [[1.0034284591674805, 0.976804256439209, 0.9804749488830566, 0.9932587146759033, 1.0121442079544067, 1.0039632320404053, 1.0009573698043823, 1.0025033950805664, 0.9955798983573914, 0.9826322197914124, 0.9936424493789673, 0.9887740015983582, 0.9989004135131836, 1.038902997970581, 0.9870384931564331, 1.0012420415878296, 0.9875728487968445, 0.9975731372833252, 0.998661994934082, 0.9784038066864014, 0.995770275592804, 0.996944785118103, 0.9970985651016235, 0.99070805311203, 1.0111769437789917, 0.9880393743515015, 1.0210251808166504, 1.0141289234161377, 0.9971608519554138]]

Step 297:
  Date/Day: 298
  Action: [[0.06427785754203796, -0.05417943000793457, -0.06832410395145416, -0.08818674087524414, 0.031218407675623894, 0.07526955753564835, 0.11655627191066742, -0.01124031562358141, 0.021292701363563538, -0.07426036149263382, 0.05783163011074066, 0.019922563806176186, -0.08439455926418304, 0.08741166442632675, 0.05545594543218613, 0.011137159541249275, -0.017279915511608124, 0.012142246589064598, 0.06149916723370552, 0.02679167315363884, -0.06940307468175888, 0.02129475027322769, 0.07197101414203644, -0.005687194876372814, -0.06651519238948822, 0.14837650954723358, -0.07109097391366959, -0.0739300400018692, 0.04498819261789322]]
  Reward: -0.6719558835029602
  Account Value: None
  Done: False
  Policy Mean: [[0.06427785754203796, -0.05417943000793457, -0.06832410395145416, -0.08818674087524414, 0.031218407675623894, 0.07526955753564835, 0.11655627191066742, -0.01124031562358141, 0.021292701363563538, -0.07426036149263382, 0.05783163011074066, 0.019922563806176186, -0.08439455926418304, 0.08741166442632675, 0.05545594543218613, 0.011137159541249275, -0.017279915511608124, 0.012142246589064598, 0.06149916723370552, 0.02679167315363884, -0.06940307468175888, 0.02129475027322769, 0.07197101414203644, -0.005687194876372814, -0.06651519238948822, 0.14837650954723358, -0.07109097391366959, -0.0739300400018692, 0.04498819261789322]]
  Policy Std: [[1.0034284591674805, 0.976804256439209, 0.9804749488830566, 0.9932587146759033, 1.0121442079544067, 1.0039632320404053, 1.0009573698043823, 1.0025033950805664, 0.9955798983573914, 0.9826322197914124, 0.9936424493789673, 0.9887740015983582, 0.9989004135131836, 1.038902997970581, 0.9870384931564331, 1.0012420415878296, 0.9875728487968445, 0.9975731372833252, 0.998661994934082, 0.9784038066864014, 0.995770275592804, 0.996944785118103, 0.9970985651016235, 0.99070805311203, 1.0111769437789917, 0.9880393743515015, 1.0210251808166504, 1.0141289234161377, 0.9971608519554138]]

Step 298:
  Date/Day: 299
  Action: [[0.07166830450296402, -0.05812598019838333, -0.07651664316654205, -0.09662261605262756, 0.03636159002780914, 0.08606071025133133, 0.13146138191223145, -0.015569603070616722, 0.032118599861860275, -0.08196073770523071, 0.0598100908100605, 0.029185160994529724, -0.0897408127784729, 0.09852348268032074, 0.06737170368432999, 0.018610037863254547, -0.02689201384782791, 0.016295142471790314, 0.0722854882478714, 0.030321218073368073, -0.07623130083084106, 0.021404113620519638, 0.07911986857652664, -0.006198635324835777, -0.07290013134479523, 0.1629418432712555, -0.08357395976781845, -0.07972220331430435, 0.04396621137857437]]
  Reward: 0.32729145884513855
  Account Value: None
  Done: False
  Policy Mean: [[0.07166830450296402, -0.05812598019838333, -0.07651664316654205, -0.09662261605262756, 0.03636159002780914, 0.08606071025133133, 0.13146138191223145, -0.015569603070616722, 0.032118599861860275, -0.08196073770523071, 0.0598100908100605, 0.029185160994529724, -0.0897408127784729, 0.09852348268032074, 0.06737170368432999, 0.018610037863254547, -0.02689201384782791, 0.016295142471790314, 0.0722854882478714, 0.030321218073368073, -0.07623130083084106, 0.021404113620519638, 0.07911986857652664, -0.006198635324835777, -0.07290013134479523, 0.1629418432712555, -0.08357395976781845, -0.07972220331430435, 0.04396621137857437]]
  Policy Std: [[1.0034284591674805, 0.976804256439209, 0.9804749488830566, 0.9932587146759033, 1.0121442079544067, 1.0039632320404053, 1.0009573698043823, 1.0025033950805664, 0.9955798983573914, 0.9826322197914124, 0.9936424493789673, 0.9887740015983582, 0.9989004135131836, 1.038902997970581, 0.9870384931564331, 1.0012420415878296, 0.9875728487968445, 0.9975731372833252, 0.998661994934082, 0.9784038066864014, 0.995770275592804, 0.996944785118103, 0.9970985651016235, 0.99070805311203, 1.0111769437789917, 0.9880393743515015, 1.0210251808166504, 1.0141289234161377, 0.9971608519554138]]

Step 299:
  Date/Day: 300
  Action: [[0.08164052665233612, -0.06584484875202179, -0.08650004863739014, -0.11040593683719635, 0.03950202837586403, 0.09221737831830978, 0.13540220260620117, -0.018344147130846977, 0.026076573878526688, -0.08989116549491882, 0.0692700743675232, 0.021441273391246796, -0.09981563687324524, 0.11069656908512115, 0.06563282757997513, 0.015263170003890991, -0.021412497386336327, 0.021891001611948013, 0.07284335792064667, 0.02957572042942047, -0.08460730314254761, 0.02843090519309044, 0.08981072157621384, -0.00748162716627121, -0.07779188454151154, 0.17566736042499542, -0.08413304388523102, -0.08602625876665115, 0.0484810397028923]]
  Reward: -0.6819781064987183
  Account Value: None
  Done: False
  Policy Mean: [[0.08164052665233612, -0.06584484875202179, -0.08650004863739014, -0.11040593683719635, 0.03950202837586403, 0.09221737831830978, 0.13540220260620117, -0.018344147130846977, 0.026076573878526688, -0.08989116549491882, 0.0692700743675232, 0.021441273391246796, -0.09981563687324524, 0.11069656908512115, 0.06563282757997513, 0.015263170003890991, -0.021412497386336327, 0.021891001611948013, 0.07284335792064667, 0.02957572042942047, -0.08460730314254761, 0.02843090519309044, 0.08981072157621384, -0.00748162716627121, -0.07779188454151154, 0.17566736042499542, -0.08413304388523102, -0.08602625876665115, 0.0484810397028923]]
  Policy Std: [[1.0034284591674805, 0.976804256439209, 0.9804749488830566, 0.9932587146759033, 1.0121442079544067, 1.0039632320404053, 1.0009573698043823, 1.0025033950805664, 0.9955798983573914, 0.9826322197914124, 0.9936424493789673, 0.9887740015983582, 0.9989004135131836, 1.038902997970581, 0.9870384931564331, 1.0012420415878296, 0.9875728487968445, 0.9975731372833252, 0.998661994934082, 0.9784038066864014, 0.995770275592804, 0.996944785118103, 0.9970985651016235, 0.99070805311203, 1.0111769437789917, 0.9880393743515015, 1.0210251808166504, 1.0141289234161377, 0.9971608519554138]]

Step 300:
  Date/Day: 301
  Action: [[0.09684198349714279, -0.07878241688013077, -0.10173451900482178, -0.11879577487707138, 0.030360916629433632, 0.10504139214754105, 0.13867871463298798, -0.020198693498969078, 0.029254134744405746, -0.10357765853404999, 0.07581379264593124, 0.01744437776505947, -0.10442005097866058, 0.11705371737480164, 0.06522302329540253, 0.022317146882414818, -0.021473456174135208, 0.029348501935601234, 0.07440874725580215, 0.02417593076825142, -0.09418828785419464, 0.02637852355837822, 0.09381292015314102, -0.011353992857038975, -0.08889127522706985, 0.17719608545303345, -0.08824057877063751, -0.09867337346076965, 0.047513820230960846]]
  Reward: -1.082157015800476
  Account Value: None
  Done: False
  Policy Mean: [[0.09684198349714279, -0.07878241688013077, -0.10173451900482178, -0.11879577487707138, 0.030360916629433632, 0.10504139214754105, 0.13867871463298798, -0.020198693498969078, 0.029254134744405746, -0.10357765853404999, 0.07581379264593124, 0.01744437776505947, -0.10442005097866058, 0.11705371737480164, 0.06522302329540253, 0.022317146882414818, -0.021473456174135208, 0.029348501935601234, 0.07440874725580215, 0.02417593076825142, -0.09418828785419464, 0.02637852355837822, 0.09381292015314102, -0.011353992857038975, -0.08889127522706985, 0.17719608545303345, -0.08824057877063751, -0.09867337346076965, 0.047513820230960846]]
  Policy Std: [[1.0034284591674805, 0.976804256439209, 0.9804749488830566, 0.9932587146759033, 1.0121442079544067, 1.0039632320404053, 1.0009573698043823, 1.0025033950805664, 0.9955798983573914, 0.9826322197914124, 0.9936424493789673, 0.9887740015983582, 0.9989004135131836, 1.038902997970581, 0.9870384931564331, 1.0012420415878296, 0.9875728487968445, 0.9975731372833252, 0.998661994934082, 0.9784038066864014, 0.995770275592804, 0.996944785118103, 0.9970985651016235, 0.99070805311203, 1.0111769437789917, 0.9880393743515015, 1.0210251808166504, 1.0141289234161377, 0.9971608519554138]]

Step 301:
  Date/Day: 302
  Action: [[0.18236573040485382, -0.1401103138923645, -0.17809253931045532, -0.19619669020175934, 0.031228091567754745, 0.17494700849056244, 0.2073925882577896, -0.03113023191690445, 0.03792637959122658, -0.17073315382003784, 0.12369245290756226, 0.0037988456897437572, -0.17884278297424316, 0.20683366060256958, 0.08985413610935211, 0.055729322135448456, -0.009727331809699535, 0.06376012414693832, 0.11819688975811005, 0.03279728442430496, -0.1619289070367813, 0.04647529870271683, 0.15986183285713196, -0.03371969237923622, -0.15207235515117645, 0.2884764075279236, -0.12133963406085968, -0.15823914110660553, 0.08341626077890396]]
  Reward: 0.21857278048992157
  Account Value: None
  Done: False
  Policy Mean: [[0.18236573040485382, -0.1401103138923645, -0.17809253931045532, -0.19619669020175934, 0.031228091567754745, 0.17494700849056244, 0.2073925882577896, -0.03113023191690445, 0.03792637959122658, -0.17073315382003784, 0.12369245290756226, 0.0037988456897437572, -0.17884278297424316, 0.20683366060256958, 0.08985413610935211, 0.055729322135448456, -0.009727331809699535, 0.06376012414693832, 0.11819688975811005, 0.03279728442430496, -0.1619289070367813, 0.04647529870271683, 0.15986183285713196, -0.03371969237923622, -0.15207235515117645, 0.2884764075279236, -0.12133963406085968, -0.15823914110660553, 0.08341626077890396]]
  Policy Std: [[1.0034284591674805, 0.976804256439209, 0.9804749488830566, 0.9932587146759033, 1.0121442079544067, 1.0039632320404053, 1.0009573698043823, 1.0025033950805664, 0.9955798983573914, 0.9826322197914124, 0.9936424493789673, 0.9887740015983582, 0.9989004135131836, 1.038902997970581, 0.9870384931564331, 1.0012420415878296, 0.9875728487968445, 0.9975731372833252, 0.998661994934082, 0.9784038066864014, 0.995770275592804, 0.996944785118103, 0.9970985651016235, 0.99070805311203, 1.0111769437789917, 0.9880393743515015, 1.0210251808166504, 1.0141289234161377, 0.9971608519554138]]

Step 302:
  Date/Day: 303
  Action: [[0.1451198011636734, -0.11276190727949142, -0.14879916608333588, -0.16027586162090302, 0.03518185764551163, 0.14560483396053314, 0.18194474279880524, -0.024500152096152306, 0.03740636259317398, -0.13724385201931, 0.10425090789794922, 0.015600613318383694, -0.14197827875614166, 0.16376321017742157, 0.08616442233324051, 0.041918303817510605, -0.017854982987046242, 0.051831528544425964, 0.10541117936372757, 0.0310823954641819, -0.13068650662899017, 0.03947409614920616, 0.13369819521903992, -0.025928040966391563, -0.12767750024795532, 0.24006348848342896, -0.10863424837589264, -0.13285060226917267, 0.06783439964056015]]
  Reward: -0.8473634123802185
  Account Value: None
  Done: False
  Policy Mean: [[0.1451198011636734, -0.11276190727949142, -0.14879916608333588, -0.16027586162090302, 0.03518185764551163, 0.14560483396053314, 0.18194474279880524, -0.024500152096152306, 0.03740636259317398, -0.13724385201931, 0.10425090789794922, 0.015600613318383694, -0.14197827875614166, 0.16376321017742157, 0.08616442233324051, 0.041918303817510605, -0.017854982987046242, 0.051831528544425964, 0.10541117936372757, 0.0310823954641819, -0.13068650662899017, 0.03947409614920616, 0.13369819521903992, -0.025928040966391563, -0.12767750024795532, 0.24006348848342896, -0.10863424837589264, -0.13285060226917267, 0.06783439964056015]]
  Policy Std: [[1.0034284591674805, 0.976804256439209, 0.9804749488830566, 0.9932587146759033, 1.0121442079544067, 1.0039632320404053, 1.0009573698043823, 1.0025033950805664, 0.9955798983573914, 0.9826322197914124, 0.9936424493789673, 0.9887740015983582, 0.9989004135131836, 1.038902997970581, 0.9870384931564331, 1.0012420415878296, 0.9875728487968445, 0.9975731372833252, 0.998661994934082, 0.9784038066864014, 0.995770275592804, 0.996944785118103, 0.9970985651016235, 0.99070805311203, 1.0111769437789917, 0.9880393743515015, 1.0210251808166504, 1.0141289234161377, 0.9971608519554138]]

Step 303:
  Date/Day: 304
  Action: [[0.14438584446907043, -0.11145425587892532, -0.14626462757587433, -0.15773142874240875, 0.03295456990599632, 0.14214980602264404, 0.17670835554599762, -0.024382418021559715, 0.034311313182115555, -0.13580989837646484, 0.10150968283414841, 0.011815497651696205, -0.13996681571006775, 0.16087397933006287, 0.08174794167280197, 0.040081728249788284, -0.016212530434131622, 0.05272972583770752, 0.09930732101202011, 0.028222251683473587, -0.12904345989227295, 0.03875146806240082, 0.12947335839271545, -0.02521788328886032, -0.12504291534423828, 0.2310386747121811, -0.10455766320228577, -0.13097554445266724, 0.06593353301286697]]
  Reward: 0.5029734969139099
  Account Value: None
  Done: False
  Policy Mean: [[0.14438584446907043, -0.11145425587892532, -0.14626462757587433, -0.15773142874240875, 0.03295456990599632, 0.14214980602264404, 0.17670835554599762, -0.024382418021559715, 0.034311313182115555, -0.13580989837646484, 0.10150968283414841, 0.011815497651696205, -0.13996681571006775, 0.16087397933006287, 0.08174794167280197, 0.040081728249788284, -0.016212530434131622, 0.05272972583770752, 0.09930732101202011, 0.028222251683473587, -0.12904345989227295, 0.03875146806240082, 0.12947335839271545, -0.02521788328886032, -0.12504291534423828, 0.2310386747121811, -0.10455766320228577, -0.13097554445266724, 0.06593353301286697]]
  Policy Std: [[1.0034284591674805, 0.976804256439209, 0.9804749488830566, 0.9932587146759033, 1.0121442079544067, 1.0039632320404053, 1.0009573698043823, 1.0025033950805664, 0.9955798983573914, 0.9826322197914124, 0.9936424493789673, 0.9887740015983582, 0.9989004135131836, 1.038902997970581, 0.9870384931564331, 1.0012420415878296, 0.9875728487968445, 0.9975731372833252, 0.998661994934082, 0.9784038066864014, 0.995770275592804, 0.996944785118103, 0.9970985651016235, 0.99070805311203, 1.0111769437789917, 0.9880393743515015, 1.0210251808166504, 1.0141289234161377, 0.9971608519554138]]

Step 304:
  Date/Day: 305
  Action: [[0.14655403792858124, -0.1148199662566185, -0.15224379301071167, -0.16444841027259827, 0.038517922163009644, 0.15046821534633636, 0.18945050239562988, -0.02416110411286354, 0.04187151789665222, -0.1391993910074234, 0.1080968827009201, 0.020463276654481888, -0.14560340344905853, 0.1682438999414444, 0.09243746846914291, 0.04501737281680107, -0.019361253827810287, 0.050544410943984985, 0.1139797493815422, 0.03531838580965996, -0.13354317843914032, 0.04068203270435333, 0.13988661766052246, -0.027338258922100067, -0.13144266605377197, 0.2533254027366638, -0.11439789831638336, -0.13507580757141113, 0.07055018097162247]]
  Reward: 0.2907833158969879
  Account Value: None
  Done: False
  Policy Mean: [[0.14655403792858124, -0.1148199662566185, -0.15224379301071167, -0.16444841027259827, 0.038517922163009644, 0.15046821534633636, 0.18945050239562988, -0.02416110411286354, 0.04187151789665222, -0.1391993910074234, 0.1080968827009201, 0.020463276654481888, -0.14560340344905853, 0.1682438999414444, 0.09243746846914291, 0.04501737281680107, -0.019361253827810287, 0.050544410943984985, 0.1139797493815422, 0.03531838580965996, -0.13354317843914032, 0.04068203270435333, 0.13988661766052246, -0.027338258922100067, -0.13144266605377197, 0.2533254027366638, -0.11439789831638336, -0.13507580757141113, 0.07055018097162247]]
  Policy Std: [[1.0034284591674805, 0.976804256439209, 0.9804749488830566, 0.9932587146759033, 1.0121442079544067, 1.0039632320404053, 1.0009573698043823, 1.0025033950805664, 0.9955798983573914, 0.9826322197914124, 0.9936424493789673, 0.9887740015983582, 0.9989004135131836, 1.038902997970581, 0.9870384931564331, 1.0012420415878296, 0.9875728487968445, 0.9975731372833252, 0.998661994934082, 0.9784038066864014, 0.995770275592804, 0.996944785118103, 0.9970985651016235, 0.99070805311203, 1.0111769437789917, 0.9880393743515015, 1.0210251808166504, 1.0141289234161377, 0.9971608519554138]]

Step 305:
  Date/Day: 306
  Action: [[0.14655403792858124, -0.1148199662566185, -0.15224379301071167, -0.16444841027259827, 0.038517922163009644, 0.15046821534633636, 0.18945050239562988, -0.02416110411286354, 0.04187151789665222, -0.1391993910074234, 0.1080968827009201, 0.020463276654481888, -0.14560340344905853, 0.1682438999414444, 0.09243746846914291, 0.04501737281680107, -0.019361253827810287, 0.050544410943984985, 0.1139797493815422, 0.03531838580965996, -0.13354317843914032, 0.04068203270435333, 0.13988661766052246, -0.027338258922100067, -0.13144266605377197, 0.2533254027366638, -0.11439789831638336, -0.13507580757141113, 0.07055018097162247]]
  Reward: -0.7615782618522644
  Account Value: None
  Done: False
  Policy Mean: [[0.14655403792858124, -0.1148199662566185, -0.15224379301071167, -0.16444841027259827, 0.038517922163009644, 0.15046821534633636, 0.18945050239562988, -0.02416110411286354, 0.04187151789665222, -0.1391993910074234, 0.1080968827009201, 0.020463276654481888, -0.14560340344905853, 0.1682438999414444, 0.09243746846914291, 0.04501737281680107, -0.019361253827810287, 0.050544410943984985, 0.1139797493815422, 0.03531838580965996, -0.13354317843914032, 0.04068203270435333, 0.13988661766052246, -0.027338258922100067, -0.13144266605377197, 0.2533254027366638, -0.11439789831638336, -0.13507580757141113, 0.07055018097162247]]
  Policy Std: [[1.0034284591674805, 0.976804256439209, 0.9804749488830566, 0.9932587146759033, 1.0121442079544067, 1.0039632320404053, 1.0009573698043823, 1.0025033950805664, 0.9955798983573914, 0.9826322197914124, 0.9936424493789673, 0.9887740015983582, 0.9989004135131836, 1.038902997970581, 0.9870384931564331, 1.0012420415878296, 0.9875728487968445, 0.9975731372833252, 0.998661994934082, 0.9784038066864014, 0.995770275592804, 0.996944785118103, 0.9970985651016235, 0.99070805311203, 1.0111769437789917, 0.9880393743515015, 1.0210251808166504, 1.0141289234161377, 0.9971608519554138]]

Step 306:
  Date/Day: 307
  Action: [[0.14655403792858124, -0.1148199662566185, -0.15224379301071167, -0.16444841027259827, 0.038517922163009644, 0.15046821534633636, 0.18945050239562988, -0.02416110411286354, 0.04187151789665222, -0.1391993910074234, 0.1080968827009201, 0.020463276654481888, -0.14560340344905853, 0.1682438999414444, 0.09243746846914291, 0.04501737281680107, -0.019361253827810287, 0.050544410943984985, 0.1139797493815422, 0.03531838580965996, -0.13354317843914032, 0.04068203270435333, 0.13988661766052246, -0.027338258922100067, -0.13144266605377197, 0.2533254027366638, -0.11439789831638336, -0.13507580757141113, 0.07055018097162247]]
  Reward: -1.6484370231628418
  Account Value: None
  Done: False
  Policy Mean: [[0.14655403792858124, -0.1148199662566185, -0.15224379301071167, -0.16444841027259827, 0.038517922163009644, 0.15046821534633636, 0.18945050239562988, -0.02416110411286354, 0.04187151789665222, -0.1391993910074234, 0.1080968827009201, 0.020463276654481888, -0.14560340344905853, 0.1682438999414444, 0.09243746846914291, 0.04501737281680107, -0.019361253827810287, 0.050544410943984985, 0.1139797493815422, 0.03531838580965996, -0.13354317843914032, 0.04068203270435333, 0.13988661766052246, -0.027338258922100067, -0.13144266605377197, 0.2533254027366638, -0.11439789831638336, -0.13507580757141113, 0.07055018097162247]]
  Policy Std: [[1.0034284591674805, 0.976804256439209, 0.9804749488830566, 0.9932587146759033, 1.0121442079544067, 1.0039632320404053, 1.0009573698043823, 1.0025033950805664, 0.9955798983573914, 0.9826322197914124, 0.9936424493789673, 0.9887740015983582, 0.9989004135131836, 1.038902997970581, 0.9870384931564331, 1.0012420415878296, 0.9875728487968445, 0.9975731372833252, 0.998661994934082, 0.9784038066864014, 0.995770275592804, 0.996944785118103, 0.9970985651016235, 0.99070805311203, 1.0111769437789917, 0.9880393743515015, 1.0210251808166504, 1.0141289234161377, 0.9971608519554138]]

Step 307:
  Date/Day: 308
  Action: [[0.13423475623130798, -0.1047811359167099, -0.14543594419956207, -0.15501588582992554, 0.03441748023033142, 0.1461067795753479, 0.19426853954792023, -0.01879824884235859, 0.04444101080298424, -0.13817092776298523, 0.09670549631118774, 0.03729528188705444, -0.1490173637866974, 0.16607099771499634, 0.09307850897312164, 0.04397647827863693, -0.033366523683071136, 0.039409980177879333, 0.11699739843606949, 0.045099034905433655, -0.12969738245010376, 0.03440060466527939, 0.13597449660301208, -0.02848888374865055, -0.13250046968460083, 0.2583199143409729, -0.11114268004894257, -0.12697187066078186, 0.06799445301294327]]
  Reward: -0.018143728375434875
  Account Value: None
  Done: False
  Policy Mean: [[0.13423475623130798, -0.1047811359167099, -0.14543594419956207, -0.15501588582992554, 0.03441748023033142, 0.1461067795753479, 0.19426853954792023, -0.01879824884235859, 0.04444101080298424, -0.13817092776298523, 0.09670549631118774, 0.03729528188705444, -0.1490173637866974, 0.16607099771499634, 0.09307850897312164, 0.04397647827863693, -0.033366523683071136, 0.039409980177879333, 0.11699739843606949, 0.045099034905433655, -0.12969738245010376, 0.03440060466527939, 0.13597449660301208, -0.02848888374865055, -0.13250046968460083, 0.2583199143409729, -0.11114268004894257, -0.12697187066078186, 0.06799445301294327]]
  Policy Std: [[1.0034284591674805, 0.976804256439209, 0.9804749488830566, 0.9932587146759033, 1.0121442079544067, 1.0039632320404053, 1.0009573698043823, 1.0025033950805664, 0.9955798983573914, 0.9826322197914124, 0.9936424493789673, 0.9887740015983582, 0.9989004135131836, 1.038902997970581, 0.9870384931564331, 1.0012420415878296, 0.9875728487968445, 0.9975731372833252, 0.998661994934082, 0.9784038066864014, 0.995770275592804, 0.996944785118103, 0.9970985651016235, 0.99070805311203, 1.0111769437789917, 0.9880393743515015, 1.0210251808166504, 1.0141289234161377, 0.9971608519554138]]

Step 308:
  Date/Day: 309
  Action: [[0.15235751867294312, -0.11653901636600494, -0.16003893315792084, -0.17490790784358978, 0.037597477436065674, 0.15980832278728485, 0.20819734036922455, -0.021548282355070114, 0.04667769372463226, -0.14829972386360168, 0.10976982861757278, 0.031145673245191574, -0.16405954957008362, 0.1816035658121109, 0.09985833615064621, 0.05245503410696983, -0.023057494312524796, 0.04922434687614441, 0.12333279848098755, 0.04514492303133011, -0.14447994530200958, 0.04055942967534065, 0.144842267036438, -0.03243480250239372, -0.14289590716362, 0.2766075134277344, -0.12189672142267227, -0.13622404634952545, 0.0737515464425087]]
  Reward: 1.0269800424575806
  Account Value: None
  Done: False
  Policy Mean: [[0.15235751867294312, -0.11653901636600494, -0.16003893315792084, -0.17490790784358978, 0.037597477436065674, 0.15980832278728485, 0.20819734036922455, -0.021548282355070114, 0.04667769372463226, -0.14829972386360168, 0.10976982861757278, 0.031145673245191574, -0.16405954957008362, 0.1816035658121109, 0.09985833615064621, 0.05245503410696983, -0.023057494312524796, 0.04922434687614441, 0.12333279848098755, 0.04514492303133011, -0.14447994530200958, 0.04055942967534065, 0.144842267036438, -0.03243480250239372, -0.14289590716362, 0.2766075134277344, -0.12189672142267227, -0.13622404634952545, 0.0737515464425087]]
  Policy Std: [[1.0034284591674805, 0.976804256439209, 0.9804749488830566, 0.9932587146759033, 1.0121442079544067, 1.0039632320404053, 1.0009573698043823, 1.0025033950805664, 0.9955798983573914, 0.9826322197914124, 0.9936424493789673, 0.9887740015983582, 0.9989004135131836, 1.038902997970581, 0.9870384931564331, 1.0012420415878296, 0.9875728487968445, 0.9975731372833252, 0.998661994934082, 0.9784038066864014, 0.995770275592804, 0.996944785118103, 0.9970985651016235, 0.99070805311203, 1.0111769437789917, 0.9880393743515015, 1.0210251808166504, 1.0141289234161377, 0.9971608519554138]]

Step 309:
  Date/Day: 310
  Action: [[0.15082398056983948, -0.11682014167308807, -0.15762870013713837, -0.17109401524066925, 0.038727983832359314, 0.1567133218050003, 0.2006278783082962, -0.02346569113433361, 0.045068103820085526, -0.14488989114761353, 0.11033879965543747, 0.026132073253393173, -0.1557876467704773, 0.17626747488975525, 0.09745212644338608, 0.04896002635359764, -0.022069448605179787, 0.05051962286233902, 0.12030681222677231, 0.04041621834039688, -0.13992026448249817, 0.04099510237574577, 0.14406278729438782, -0.02996678464114666, -0.13803733885288239, 0.26777157187461853, -0.11951540410518646, -0.1373695433139801, 0.07274752110242844]]
  Reward: 2.5809831619262695
  Account Value: None
  Done: False
  Policy Mean: [[0.15082398056983948, -0.11682014167308807, -0.15762870013713837, -0.17109401524066925, 0.038727983832359314, 0.1567133218050003, 0.2006278783082962, -0.02346569113433361, 0.045068103820085526, -0.14488989114761353, 0.11033879965543747, 0.026132073253393173, -0.1557876467704773, 0.17626747488975525, 0.09745212644338608, 0.04896002635359764, -0.022069448605179787, 0.05051962286233902, 0.12030681222677231, 0.04041621834039688, -0.13992026448249817, 0.04099510237574577, 0.14406278729438782, -0.02996678464114666, -0.13803733885288239, 0.26777157187461853, -0.11951540410518646, -0.1373695433139801, 0.07274752110242844]]
  Policy Std: [[1.0034284591674805, 0.976804256439209, 0.9804749488830566, 0.9932587146759033, 1.0121442079544067, 1.0039632320404053, 1.0009573698043823, 1.0025033950805664, 0.9955798983573914, 0.9826322197914124, 0.9936424493789673, 0.9887740015983582, 0.9989004135131836, 1.038902997970581, 0.9870384931564331, 1.0012420415878296, 0.9875728487968445, 0.9975731372833252, 0.998661994934082, 0.9784038066864014, 0.995770275592804, 0.996944785118103, 0.9970985651016235, 0.99070805311203, 1.0111769437789917, 0.9880393743515015, 1.0210251808166504, 1.0141289234161377, 0.9971608519554138]]

Step 310:
  Date/Day: 311
  Action: [[0.08477582037448883, -0.06922446191310883, -0.09041716158390045, -0.10234322398900986, 0.03361858054995537, 0.09349655359983444, 0.13713692128658295, -0.015615916810929775, 0.033422913402318954, -0.08871931582689285, 0.06408414989709854, 0.02517516165971756, -0.09290395677089691, 0.1095927506685257, 0.06928150355815887, 0.025101203471422195, -0.023430045694112778, 0.024508923292160034, 0.07902643084526062, 0.028964892029762268, -0.081522636115551, 0.024999335408210754, 0.08832888305187225, -0.011923073790967464, -0.08400154113769531, 0.16829460859298706, -0.08172464370727539, -0.08734957873821259, 0.04873352497816086]]
  Reward: 0.8254955410957336
  Account Value: None
  Done: False
  Policy Mean: [[0.08477582037448883, -0.06922446191310883, -0.09041716158390045, -0.10234322398900986, 0.03361858054995537, 0.09349655359983444, 0.13713692128658295, -0.015615916810929775, 0.033422913402318954, -0.08871931582689285, 0.06408414989709854, 0.02517516165971756, -0.09290395677089691, 0.1095927506685257, 0.06928150355815887, 0.025101203471422195, -0.023430045694112778, 0.024508923292160034, 0.07902643084526062, 0.028964892029762268, -0.081522636115551, 0.024999335408210754, 0.08832888305187225, -0.011923073790967464, -0.08400154113769531, 0.16829460859298706, -0.08172464370727539, -0.08734957873821259, 0.04873352497816086]]
  Policy Std: [[1.0034284591674805, 0.976804256439209, 0.9804749488830566, 0.9932587146759033, 1.0121442079544067, 1.0039632320404053, 1.0009573698043823, 1.0025033950805664, 0.9955798983573914, 0.9826322197914124, 0.9936424493789673, 0.9887740015983582, 0.9989004135131836, 1.038902997970581, 0.9870384931564331, 1.0012420415878296, 0.9875728487968445, 0.9975731372833252, 0.998661994934082, 0.9784038066864014, 0.995770275592804, 0.996944785118103, 0.9970985651016235, 0.99070805311203, 1.0111769437789917, 0.9880393743515015, 1.0210251808166504, 1.0141289234161377, 0.9971608519554138]]

Step 311:
  Date/Day: 312
  Action: [[0.08476753532886505, -0.06921833008527756, -0.09040886908769608, -0.10233461856842041, 0.03361774981021881, 0.09348873049020767, 0.1371295005083084, -0.015614679083228111, 0.033421579748392105, -0.08871243894100189, 0.064078189432621, 0.02517540007829666, -0.09289681911468506, 0.10958468914031982, 0.06927800178527832, 0.025098593905568123, -0.023430200293660164, 0.024505525827407837, 0.07902128994464874, 0.028963778167963028, -0.08151563256978989, 0.024997275322675705, 0.0883217379450798, -0.011921065859496593, -0.08399507403373718, 0.1682826727628708, -0.08171990513801575, -0.08734294027090073, 0.048730477690696716]]
  Reward: -0.5197844505310059
  Account Value: None
  Done: False
  Policy Mean: [[0.08476753532886505, -0.06921833008527756, -0.09040886908769608, -0.10233461856842041, 0.03361774981021881, 0.09348873049020767, 0.1371295005083084, -0.015614679083228111, 0.033421579748392105, -0.08871243894100189, 0.064078189432621, 0.02517540007829666, -0.09289681911468506, 0.10958468914031982, 0.06927800178527832, 0.025098593905568123, -0.023430200293660164, 0.024505525827407837, 0.07902128994464874, 0.028963778167963028, -0.08151563256978989, 0.024997275322675705, 0.0883217379450798, -0.011921065859496593, -0.08399507403373718, 0.1682826727628708, -0.08171990513801575, -0.08734294027090073, 0.048730477690696716]]
  Policy Std: [[1.0034284591674805, 0.976804256439209, 0.9804749488830566, 0.9932587146759033, 1.0121442079544067, 1.0039632320404053, 1.0009573698043823, 1.0025033950805664, 0.9955798983573914, 0.9826322197914124, 0.9936424493789673, 0.9887740015983582, 0.9989004135131836, 1.038902997970581, 0.9870384931564331, 1.0012420415878296, 0.9875728487968445, 0.9975731372833252, 0.998661994934082, 0.9784038066864014, 0.995770275592804, 0.996944785118103, 0.9970985651016235, 0.99070805311203, 1.0111769437789917, 0.9880393743515015, 1.0210251808166504, 1.0141289234161377, 0.9971608519554138]]

Step 312:
  Date/Day: 313
  Action: [[0.08177577704191208, -0.07171450555324554, -0.07994289696216583, -0.09517722576856613, 0.029023155570030212, 0.08907868713140488, 0.12561838328838348, -0.015174984000623226, 0.03108067810535431, -0.08489491790533066, 0.059915170073509216, 0.020411284640431404, -0.08376298099756241, 0.10068805515766144, 0.06216786801815033, 0.021886778995394707, -0.02128566801548004, 0.023261794820427895, 0.07163498550653458, 0.021457836031913757, -0.07420258969068527, 0.021397743374109268, 0.08258023113012314, -0.014393943361938, -0.08147843182086945, 0.14537282288074493, -0.07486343383789062, -0.08325222879648209, 0.045904479920864105]]
  Reward: -2.17257022857666
  Account Value: None
  Done: False
  Policy Mean: [[0.08177577704191208, -0.07171450555324554, -0.07994289696216583, -0.09517722576856613, 0.029023155570030212, 0.08907868713140488, 0.12561838328838348, -0.015174984000623226, 0.03108067810535431, -0.08489491790533066, 0.059915170073509216, 0.020411284640431404, -0.08376298099756241, 0.10068805515766144, 0.06216786801815033, 0.021886778995394707, -0.02128566801548004, 0.023261794820427895, 0.07163498550653458, 0.021457836031913757, -0.07420258969068527, 0.021397743374109268, 0.08258023113012314, -0.014393943361938, -0.08147843182086945, 0.14537282288074493, -0.07486343383789062, -0.08325222879648209, 0.045904479920864105]]
  Policy Std: [[1.0034284591674805, 0.976804256439209, 0.9804749488830566, 0.9932587146759033, 1.0121442079544067, 1.0039632320404053, 1.0009573698043823, 1.0025033950805664, 0.9955798983573914, 0.9826322197914124, 0.9936424493789673, 0.9887740015983582, 0.9989004135131836, 1.038902997970581, 0.9870384931564331, 1.0012420415878296, 0.9875728487968445, 0.9975731372833252, 0.998661994934082, 0.9784038066864014, 0.995770275592804, 0.996944785118103, 0.9970985651016235, 0.99070805311203, 1.0111769437789917, 0.9880393743515015, 1.0210251808166504, 1.0141289234161377, 0.9971608519554138]]

Step 313:
  Date/Day: 314
  Action: [[0.12515367567539215, -0.09940236806869507, -0.12374517321586609, -0.14436961710453033, 0.03078174777328968, 0.13063634932041168, 0.17467603087425232, -0.017628775909543037, 0.03927140310406685, -0.12341640144586563, 0.08626227080821991, 0.025060206651687622, -0.1366255283355713, 0.14986324310302734, 0.08061760663986206, 0.041330501437187195, -0.01860751025378704, 0.03577733039855957, 0.0964127629995346, 0.03485463187098503, -0.11816349625587463, 0.031415991485118866, 0.11674519628286362, -0.03031921200454235, -0.12064246833324432, 0.21666403114795685, -0.10001345723867416, -0.11138095706701279, 0.06157993525266647]]
  Reward: 0.35576963424682617
  Account Value: None
  Done: False
  Policy Mean: [[0.12515367567539215, -0.09940236806869507, -0.12374517321586609, -0.14436961710453033, 0.03078174777328968, 0.13063634932041168, 0.17467603087425232, -0.017628775909543037, 0.03927140310406685, -0.12341640144586563, 0.08626227080821991, 0.025060206651687622, -0.1366255283355713, 0.14986324310302734, 0.08061760663986206, 0.041330501437187195, -0.01860751025378704, 0.03577733039855957, 0.0964127629995346, 0.03485463187098503, -0.11816349625587463, 0.031415991485118866, 0.11674519628286362, -0.03031921200454235, -0.12064246833324432, 0.21666403114795685, -0.10001345723867416, -0.11138095706701279, 0.06157993525266647]]
  Policy Std: [[1.0034284591674805, 0.976804256439209, 0.9804749488830566, 0.9932587146759033, 1.0121442079544067, 1.0039632320404053, 1.0009573698043823, 1.0025033950805664, 0.9955798983573914, 0.9826322197914124, 0.9936424493789673, 0.9887740015983582, 0.9989004135131836, 1.038902997970581, 0.9870384931564331, 1.0012420415878296, 0.9875728487968445, 0.9975731372833252, 0.998661994934082, 0.9784038066864014, 0.995770275592804, 0.996944785118103, 0.9970985651016235, 0.99070805311203, 1.0111769437789917, 0.9880393743515015, 1.0210251808166504, 1.0141289234161377, 0.9971608519554138]]

Step 314:
  Date/Day: 315
  Action: [[0.14753204584121704, -0.11522287875413895, -0.1460026651620865, -0.16637520492076874, 0.031323421746492386, 0.15098439157009125, 0.1901061087846756, -0.021052930504083633, 0.04041184112429619, -0.141328364610672, 0.10227923840284348, 0.02023470029234886, -0.1536477953195572, 0.16989018023014069, 0.08653123676776886, 0.04843391850590706, -0.01628335565328598, 0.044220492243766785, 0.10549789667129517, 0.03571078181266785, -0.13546960055828094, 0.035843003541231155, 0.13400986790657043, -0.03630348667502403, -0.13630247116088867, 0.24292799830436707, -0.10954928398132324, -0.12902164459228516, 0.06889583170413971]]
  Reward: -1.8695265054702759
  Account Value: None
  Done: False
  Policy Mean: [[0.14753204584121704, -0.11522287875413895, -0.1460026651620865, -0.16637520492076874, 0.031323421746492386, 0.15098439157009125, 0.1901061087846756, -0.021052930504083633, 0.04041184112429619, -0.141328364610672, 0.10227923840284348, 0.02023470029234886, -0.1536477953195572, 0.16989018023014069, 0.08653123676776886, 0.04843391850590706, -0.01628335565328598, 0.044220492243766785, 0.10549789667129517, 0.03571078181266785, -0.13546960055828094, 0.035843003541231155, 0.13400986790657043, -0.03630348667502403, -0.13630247116088867, 0.24292799830436707, -0.10954928398132324, -0.12902164459228516, 0.06889583170413971]]
  Policy Std: [[1.0034284591674805, 0.976804256439209, 0.9804749488830566, 0.9932587146759033, 1.0121442079544067, 1.0039632320404053, 1.0009573698043823, 1.0025033950805664, 0.9955798983573914, 0.9826322197914124, 0.9936424493789673, 0.9887740015983582, 0.9989004135131836, 1.038902997970581, 0.9870384931564331, 1.0012420415878296, 0.9875728487968445, 0.9975731372833252, 0.998661994934082, 0.9784038066864014, 0.995770275592804, 0.996944785118103, 0.9970985651016235, 0.99070805311203, 1.0111769437789917, 0.9880393743515015, 1.0210251808166504, 1.0141289234161377, 0.9971608519554138]]

Step 315:
  Date/Day: 316
  Action: [[0.14753387868404388, -0.11522417515516281, -0.14600451290607452, -0.166376993060112, 0.03132341057062149, 0.15098600089550018, 0.19010721147060394, -0.021053200587630272, 0.040411848574876785, -0.1413297951221466, 0.10228055715560913, 0.02023416943848133, -0.15364913642406464, 0.16989175975322723, 0.08653157949447632, 0.04843451827764511, -0.016283068805933, 0.0442211851477623, 0.10549850016832352, 0.03571077436208725, -0.13547098636627197, 0.03584334999322891, 0.13401120901107788, -0.03630399331450462, -0.13630372285842896, 0.24292999505996704, -0.10954996198415756, -0.12902306020259857, 0.06889639049768448]]
  Reward: 1.7484756708145142
  Account Value: None
  Done: False
  Policy Mean: [[0.14753387868404388, -0.11522417515516281, -0.14600451290607452, -0.166376993060112, 0.03132341057062149, 0.15098600089550018, 0.19010721147060394, -0.021053200587630272, 0.040411848574876785, -0.1413297951221466, 0.10228055715560913, 0.02023416943848133, -0.15364913642406464, 0.16989175975322723, 0.08653157949447632, 0.04843451827764511, -0.016283068805933, 0.0442211851477623, 0.10549850016832352, 0.03571077436208725, -0.13547098636627197, 0.03584334999322891, 0.13401120901107788, -0.03630399331450462, -0.13630372285842896, 0.24292999505996704, -0.10954996198415756, -0.12902306020259857, 0.06889639049768448]]
  Policy Std: [[1.0034284591674805, 0.976804256439209, 0.9804749488830566, 0.9932587146759033, 1.0121442079544067, 1.0039632320404053, 1.0009573698043823, 1.0025033950805664, 0.9955798983573914, 0.9826322197914124, 0.9936424493789673, 0.9887740015983582, 0.9989004135131836, 1.038902997970581, 0.9870384931564331, 1.0012420415878296, 0.9875728487968445, 0.9975731372833252, 0.998661994934082, 0.9784038066864014, 0.995770275592804, 0.996944785118103, 0.9970985651016235, 0.99070805311203, 1.0111769437789917, 0.9880393743515015, 1.0210251808166504, 1.0141289234161377, 0.9971608519554138]]

Step 316:
  Date/Day: 317
  Action: [[0.15137258172035217, -0.1178017407655716, -0.14946894347667694, -0.17007231712341309, 0.0317019522190094, 0.15382786095142365, 0.19379791617393494, -0.02172073908150196, 0.0404314287006855, -0.1445220410823822, 0.10464344918727875, 0.020290525630116463, -0.15768082439899445, 0.1731991022825241, 0.08968953788280487, 0.05051884800195694, -0.015992343425750732, 0.04541824758052826, 0.1074652299284935, 0.0364345945417881, -0.13908877968788147, 0.036602262407541275, 0.13783365488052368, -0.036775797605514526, -0.1393202394247055, 0.2489253133535385, -0.11308909952640533, -0.13087992370128632, 0.06989133358001709]]
  Reward: -1.6381163597106934
  Account Value: None
  Done: False
  Policy Mean: [[0.15137258172035217, -0.1178017407655716, -0.14946894347667694, -0.17007231712341309, 0.0317019522190094, 0.15382786095142365, 0.19379791617393494, -0.02172073908150196, 0.0404314287006855, -0.1445220410823822, 0.10464344918727875, 0.020290525630116463, -0.15768082439899445, 0.1731991022825241, 0.08968953788280487, 0.05051884800195694, -0.015992343425750732, 0.04541824758052826, 0.1074652299284935, 0.0364345945417881, -0.13908877968788147, 0.036602262407541275, 0.13783365488052368, -0.036775797605514526, -0.1393202394247055, 0.2489253133535385, -0.11308909952640533, -0.13087992370128632, 0.06989133358001709]]
  Policy Std: [[1.0034284591674805, 0.976804256439209, 0.9804749488830566, 0.9932587146759033, 1.0121442079544067, 1.0039632320404053, 1.0009573698043823, 1.0025033950805664, 0.9955798983573914, 0.9826322197914124, 0.9936424493789673, 0.9887740015983582, 0.9989004135131836, 1.038902997970581, 0.9870384931564331, 1.0012420415878296, 0.9875728487968445, 0.9975731372833252, 0.998661994934082, 0.9784038066864014, 0.995770275592804, 0.996944785118103, 0.9970985651016235, 0.99070805311203, 1.0111769437789917, 0.9880393743515015, 1.0210251808166504, 1.0141289234161377, 0.9971608519554138]]

Step 317:
  Date/Day: 318
  Action: [[0.17264287173748016, -0.1314115971326828, -0.16760016977787018, -0.18962432444095612, 0.034245219081640244, 0.16939528286457062, 0.21326394379138947, -0.024544797837734222, 0.04058612138032913, -0.16111809015274048, 0.11703558266162872, 0.018873298540711403, -0.18070773780345917, 0.1919073611497879, 0.1039324626326561, 0.06090770661830902, -0.01304549165070057, 0.05307578295469284, 0.11660467088222504, 0.04015219211578369, -0.15861687064170837, 0.04173131659626961, 0.1571502387523651, -0.039951588958501816, -0.15446269512176514, 0.2800651490688324, -0.12896917760372162, -0.14191089570522308, 0.07630619406700134]]
  Reward: 0.711685836315155
  Account Value: None
  Done: False
  Policy Mean: [[0.17264287173748016, -0.1314115971326828, -0.16760016977787018, -0.18962432444095612, 0.034245219081640244, 0.16939528286457062, 0.21326394379138947, -0.024544797837734222, 0.04058612138032913, -0.16111809015274048, 0.11703558266162872, 0.018873298540711403, -0.18070773780345917, 0.1919073611497879, 0.1039324626326561, 0.06090770661830902, -0.01304549165070057, 0.05307578295469284, 0.11660467088222504, 0.04015219211578369, -0.15861687064170837, 0.04173131659626961, 0.1571502387523651, -0.039951588958501816, -0.15446269512176514, 0.2800651490688324, -0.12896917760372162, -0.14191089570522308, 0.07630619406700134]]
  Policy Std: [[1.0034284591674805, 0.976804256439209, 0.9804749488830566, 0.9932587146759033, 1.0121442079544067, 1.0039632320404053, 1.0009573698043823, 1.0025033950805664, 0.9955798983573914, 0.9826322197914124, 0.9936424493789673, 0.9887740015983582, 0.9989004135131836, 1.038902997970581, 0.9870384931564331, 1.0012420415878296, 0.9875728487968445, 0.9975731372833252, 0.998661994934082, 0.9784038066864014, 0.995770275592804, 0.996944785118103, 0.9970985651016235, 0.99070805311203, 1.0111769437789917, 0.9880393743515015, 1.0210251808166504, 1.0141289234161377, 0.9971608519554138]]

Step 318:
  Date/Day: 319
  Action: [[0.13942821323871613, -0.11262986809015274, -0.136800155043602, -0.15441347658634186, 0.03332829102873802, 0.1414654552936554, 0.1718689501285553, -0.023950668051838875, 0.036747079342603683, -0.13089969754219055, 0.10007590055465698, 0.01276965718716383, -0.13336169719696045, 0.15489254891872406, 0.08137459307909012, 0.03986472636461258, -0.016023002564907074, 0.04557863622903824, 0.09925908595323563, 0.027029074728488922, -0.12216766923666, 0.03535933792591095, 0.12918996810913086, -0.029584132134914398, -0.12336274236440659, 0.22098445892333984, -0.10331655293703079, -0.12774969637393951, 0.06595632433891296]]
  Reward: 0.7777628302574158
  Account Value: None
  Done: False
  Policy Mean: [[0.13942821323871613, -0.11262986809015274, -0.136800155043602, -0.15441347658634186, 0.03332829102873802, 0.1414654552936554, 0.1718689501285553, -0.023950668051838875, 0.036747079342603683, -0.13089969754219055, 0.10007590055465698, 0.01276965718716383, -0.13336169719696045, 0.15489254891872406, 0.08137459307909012, 0.03986472636461258, -0.016023002564907074, 0.04557863622903824, 0.09925908595323563, 0.027029074728488922, -0.12216766923666, 0.03535933792591095, 0.12918996810913086, -0.029584132134914398, -0.12336274236440659, 0.22098445892333984, -0.10331655293703079, -0.12774969637393951, 0.06595632433891296]]
  Policy Std: [[1.0034284591674805, 0.976804256439209, 0.9804749488830566, 0.9932587146759033, 1.0121442079544067, 1.0039632320404053, 1.0009573698043823, 1.0025033950805664, 0.9955798983573914, 0.9826322197914124, 0.9936424493789673, 0.9887740015983582, 0.9989004135131836, 1.038902997970581, 0.9870384931564331, 1.0012420415878296, 0.9875728487968445, 0.9975731372833252, 0.998661994934082, 0.9784038066864014, 0.995770275592804, 0.996944785118103, 0.9970985651016235, 0.99070805311203, 1.0111769437789917, 0.9880393743515015, 1.0210251808166504, 1.0141289234161377, 0.9971608519554138]]

Step 319:
  Date/Day: 320
  Action: [[0.13942819833755493, -0.11262986809015274, -0.136800155043602, -0.15441347658634186, 0.03332829102873802, 0.1414654552936554, 0.1718689650297165, -0.023950669914484024, 0.036747079342603683, -0.13089971244335175, 0.10007590055465698, 0.01276965718716383, -0.13336169719696045, 0.15489254891872406, 0.08137459307909012, 0.03986472636461258, -0.016023002564907074, 0.04557863622903824, 0.09925908595323563, 0.027029074728488922, -0.12216766923666, 0.03535933792591095, 0.12918996810913086, -0.029584133997559547, -0.12336274236440659, 0.22098445892333984, -0.10331655293703079, -0.12774969637393951, 0.06595631688833237]]
  Reward: 1.3256908655166626
  Account Value: None
  Done: False
  Policy Mean: [[0.13942819833755493, -0.11262986809015274, -0.136800155043602, -0.15441347658634186, 0.03332829102873802, 0.1414654552936554, 0.1718689650297165, -0.023950669914484024, 0.036747079342603683, -0.13089971244335175, 0.10007590055465698, 0.01276965718716383, -0.13336169719696045, 0.15489254891872406, 0.08137459307909012, 0.03986472636461258, -0.016023002564907074, 0.04557863622903824, 0.09925908595323563, 0.027029074728488922, -0.12216766923666, 0.03535933792591095, 0.12918996810913086, -0.029584133997559547, -0.12336274236440659, 0.22098445892333984, -0.10331655293703079, -0.12774969637393951, 0.06595631688833237]]
  Policy Std: [[1.0034284591674805, 0.976804256439209, 0.9804749488830566, 0.9932587146759033, 1.0121442079544067, 1.0039632320404053, 1.0009573698043823, 1.0025033950805664, 0.9955798983573914, 0.9826322197914124, 0.9936424493789673, 0.9887740015983582, 0.9989004135131836, 1.038902997970581, 0.9870384931564331, 1.0012420415878296, 0.9875728487968445, 0.9975731372833252, 0.998661994934082, 0.9784038066864014, 0.995770275592804, 0.996944785118103, 0.9970985651016235, 0.99070805311203, 1.0111769437789917, 0.9880393743515015, 1.0210251808166504, 1.0141289234161377, 0.9971608519554138]]

Step 320:
  Date/Day: 321
  Action: [[0.08150845021009445, -0.06890732049942017, -0.07380347698926926, -0.08637295663356781, 0.021243831142783165, 0.0820804238319397, 0.10514755547046661, -0.015790317207574844, 0.023376133292913437, -0.08226477354764938, 0.054376546293497086, 0.0129108726978302, -0.07098042964935303, 0.09509383141994476, 0.051406946033239365, 0.015381615608930588, -0.02228827029466629, 0.026565833017230034, 0.05919911339879036, 0.014871985651552677, -0.06324244290590286, 0.014576738700270653, 0.07177387177944183, -0.012063381262123585, -0.07587715983390808, 0.12021443247795105, -0.06411602348089218, -0.08183374255895615, 0.042549602687358856]]
  Reward: -0.5134761929512024
  Account Value: None
  Done: False
  Policy Mean: [[0.08150845021009445, -0.06890732049942017, -0.07380347698926926, -0.08637295663356781, 0.021243831142783165, 0.0820804238319397, 0.10514755547046661, -0.015790317207574844, 0.023376133292913437, -0.08226477354764938, 0.054376546293497086, 0.0129108726978302, -0.07098042964935303, 0.09509383141994476, 0.051406946033239365, 0.015381615608930588, -0.02228827029466629, 0.026565833017230034, 0.05919911339879036, 0.014871985651552677, -0.06324244290590286, 0.014576738700270653, 0.07177387177944183, -0.012063381262123585, -0.07587715983390808, 0.12021443247795105, -0.06411602348089218, -0.08183374255895615, 0.042549602687358856]]
  Policy Std: [[1.0034284591674805, 0.976804256439209, 0.9804749488830566, 0.9932587146759033, 1.0121442079544067, 1.0039632320404053, 1.0009573698043823, 1.0025033950805664, 0.9955798983573914, 0.9826322197914124, 0.9936424493789673, 0.9887740015983582, 0.9989004135131836, 1.038902997970581, 0.9870384931564331, 1.0012420415878296, 0.9875728487968445, 0.9975731372833252, 0.998661994934082, 0.9784038066864014, 0.995770275592804, 0.996944785118103, 0.9970985651016235, 0.99070805311203, 1.0111769437789917, 0.9880393743515015, 1.0210251808166504, 1.0141289234161377, 0.9971608519554138]]

Step 321:
  Date/Day: 322
  Action: [[0.08153417706489563, -0.06724230200052261, -0.07358211278915405, -0.0848211944103241, 0.020760955289006233, 0.07963504642248154, 0.09960983693599701, -0.0159355066716671, 0.020721543580293655, -0.07994864135980606, 0.054494358599185944, 0.010699977166950703, -0.06783629208803177, 0.09188181906938553, 0.048050325363874435, 0.013657597824931145, -0.023084457963705063, 0.030302470549941063, 0.05651655048131943, 0.012490126304328442, -0.06163936108350754, 0.013413186185061932, 0.07088416814804077, -0.010178133845329285, -0.07336021214723587, 0.11337076127529144, -0.06188330799341202, -0.08142320811748505, 0.04044859856367111]]
  Reward: -0.6915097832679749
  Account Value: None
  Done: False
  Policy Mean: [[0.08153417706489563, -0.06724230200052261, -0.07358211278915405, -0.0848211944103241, 0.020760955289006233, 0.07963504642248154, 0.09960983693599701, -0.0159355066716671, 0.020721543580293655, -0.07994864135980606, 0.054494358599185944, 0.010699977166950703, -0.06783629208803177, 0.09188181906938553, 0.048050325363874435, 0.013657597824931145, -0.023084457963705063, 0.030302470549941063, 0.05651655048131943, 0.012490126304328442, -0.06163936108350754, 0.013413186185061932, 0.07088416814804077, -0.010178133845329285, -0.07336021214723587, 0.11337076127529144, -0.06188330799341202, -0.08142320811748505, 0.04044859856367111]]
  Policy Std: [[1.0034284591674805, 0.976804256439209, 0.9804749488830566, 0.9932587146759033, 1.0121442079544067, 1.0039632320404053, 1.0009573698043823, 1.0025033950805664, 0.9955798983573914, 0.9826322197914124, 0.9936424493789673, 0.9887740015983582, 0.9989004135131836, 1.038902997970581, 0.9870384931564331, 1.0012420415878296, 0.9875728487968445, 0.9975731372833252, 0.998661994934082, 0.9784038066864014, 0.995770275592804, 0.996944785118103, 0.9970985651016235, 0.99070805311203, 1.0111769437789917, 0.9880393743515015, 1.0210251808166504, 1.0141289234161377, 0.9971608519554138]]

Step 322:
  Date/Day: 323
  Action: [[0.13632413744926453, -0.10750021785497665, -0.12871119379997253, -0.14345313608646393, 0.025956111028790474, 0.13141855597496033, 0.1502421796321869, -0.024060875177383423, 0.02899184077978134, -0.12565308809280396, 0.09459135681390762, 0.006928441114723682, -0.11868895590305328, 0.14711087942123413, 0.07003297656774521, 0.03322839364409447, -0.020126525312662125, 0.049531370401382446, 0.08589384704828262, 0.020409196615219116, -0.11091072112321854, 0.028558284044265747, 0.11634413152933121, -0.0251441802829504, -0.11594286561012268, 0.1930609494447708, -0.09281967580318451, -0.12473000586032867, 0.05929940938949585]]
  Reward: -0.20018723607063293
  Account Value: None
  Done: False
  Policy Mean: [[0.13632413744926453, -0.10750021785497665, -0.12871119379997253, -0.14345313608646393, 0.025956111028790474, 0.13141855597496033, 0.1502421796321869, -0.024060875177383423, 0.02899184077978134, -0.12565308809280396, 0.09459135681390762, 0.006928441114723682, -0.11868895590305328, 0.14711087942123413, 0.07003297656774521, 0.03322839364409447, -0.020126525312662125, 0.049531370401382446, 0.08589384704828262, 0.020409196615219116, -0.11091072112321854, 0.028558284044265747, 0.11634413152933121, -0.0251441802829504, -0.11594286561012268, 0.1930609494447708, -0.09281967580318451, -0.12473000586032867, 0.05929940938949585]]
  Policy Std: [[1.0034284591674805, 0.976804256439209, 0.9804749488830566, 0.9932587146759033, 1.0121442079544067, 1.0039632320404053, 1.0009573698043823, 1.0025033950805664, 0.9955798983573914, 0.9826322197914124, 0.9936424493789673, 0.9887740015983582, 0.9989004135131836, 1.038902997970581, 0.9870384931564331, 1.0012420415878296, 0.9875728487968445, 0.9975731372833252, 0.998661994934082, 0.9784038066864014, 0.995770275592804, 0.996944785118103, 0.9970985651016235, 0.99070805311203, 1.0111769437789917, 0.9880393743515015, 1.0210251808166504, 1.0141289234161377, 0.9971608519554138]]

Step 323:
  Date/Day: 324
  Action: [[0.13942819833755493, -0.11262986809015274, -0.136800155043602, -0.15441347658634186, 0.03332829475402832, 0.1414654552936554, 0.1718689650297165, -0.023950668051838875, 0.036747079342603683, -0.13089969754219055, 0.10007590055465698, 0.012769658118486404, -0.13336169719696045, 0.15489254891872406, 0.08137460052967072, 0.03986472636461258, -0.016023006290197372, 0.04557863622903824, 0.09925908595323563, 0.02702907845377922, -0.12216766923666, 0.03535933792591095, 0.12918996810913086, -0.029584132134914398, -0.12336273491382599, 0.22098447382450104, -0.10331656038761139, -0.12774969637393951, 0.06595632433891296]]
  Reward: 0.21050390601158142
  Account Value: None
  Done: False
  Policy Mean: [[0.13942819833755493, -0.11262986809015274, -0.136800155043602, -0.15441347658634186, 0.03332829475402832, 0.1414654552936554, 0.1718689650297165, -0.023950668051838875, 0.036747079342603683, -0.13089969754219055, 0.10007590055465698, 0.012769658118486404, -0.13336169719696045, 0.15489254891872406, 0.08137460052967072, 0.03986472636461258, -0.016023006290197372, 0.04557863622903824, 0.09925908595323563, 0.02702907845377922, -0.12216766923666, 0.03535933792591095, 0.12918996810913086, -0.029584132134914398, -0.12336273491382599, 0.22098447382450104, -0.10331656038761139, -0.12774969637393951, 0.06595632433891296]]
  Policy Std: [[1.0034284591674805, 0.976804256439209, 0.9804749488830566, 0.9932587146759033, 1.0121442079544067, 1.0039632320404053, 1.0009573698043823, 1.0025033950805664, 0.9955798983573914, 0.9826322197914124, 0.9936424493789673, 0.9887740015983582, 0.9989004135131836, 1.038902997970581, 0.9870384931564331, 1.0012420415878296, 0.9875728487968445, 0.9975731372833252, 0.998661994934082, 0.9784038066864014, 0.995770275592804, 0.996944785118103, 0.9970985651016235, 0.99070805311203, 1.0111769437789917, 0.9880393743515015, 1.0210251808166504, 1.0141289234161377, 0.9971608519554138]]

Step 324:
  Date/Day: 325
  Action: [[0.13492509722709656, -0.10949110239744186, -0.13285626471042633, -0.15018688142299652, 0.033528853207826614, 0.13781262934207916, 0.16964781284332275, -0.023384973406791687, 0.03695094957947731, -0.1277584433555603, 0.09720742702484131, 0.0145176462829113, -0.129879429936409, 0.15129344165325165, 0.08110036700963974, 0.038515541702508926, -0.017276380211114883, 0.044139787554740906, 0.09877180308103561, 0.027346991002559662, -0.11883873492479324, 0.034577179700136185, 0.12624558806419373, -0.027926867827773094, -0.12051159143447876, 0.21730740368366241, -0.10202117264270782, -0.12478888034820557, 0.06479892134666443]]
  Reward: 1.9392921924591064
  Account Value: None
  Done: False
  Policy Mean: [[0.13492509722709656, -0.10949110239744186, -0.13285626471042633, -0.15018688142299652, 0.033528853207826614, 0.13781262934207916, 0.16964781284332275, -0.023384973406791687, 0.03695094957947731, -0.1277584433555603, 0.09720742702484131, 0.0145176462829113, -0.129879429936409, 0.15129344165325165, 0.08110036700963974, 0.038515541702508926, -0.017276380211114883, 0.044139787554740906, 0.09877180308103561, 0.027346991002559662, -0.11883873492479324, 0.034577179700136185, 0.12624558806419373, -0.027926867827773094, -0.12051159143447876, 0.21730740368366241, -0.10202117264270782, -0.12478888034820557, 0.06479892134666443]]
  Policy Std: [[1.0034284591674805, 0.976804256439209, 0.9804749488830566, 0.9932587146759033, 1.0121442079544067, 1.0039632320404053, 1.0009573698043823, 1.0025033950805664, 0.9955798983573914, 0.9826322197914124, 0.9936424493789673, 0.9887740015983582, 0.9989004135131836, 1.038902997970581, 0.9870384931564331, 1.0012420415878296, 0.9875728487968445, 0.9975731372833252, 0.998661994934082, 0.9784038066864014, 0.995770275592804, 0.996944785118103, 0.9970985651016235, 0.99070805311203, 1.0111769437789917, 0.9880393743515015, 1.0210251808166504, 1.0141289234161377, 0.9971608519554138]]

Step 325:
  Date/Day: 326
  Action: [[0.06054823100566864, -0.05518200248479843, -0.05994970351457596, -0.08278234302997589, 0.03130475431680679, 0.0746469646692276, 0.11342030763626099, -0.013736460357904434, 0.03056195378303528, -0.07148995995521545, 0.051634516566991806, 0.027955707162618637, -0.07391728460788727, 0.08289967477321625, 0.05950784683227539, 0.014437222853302956, -0.02548300474882126, 0.01100844144821167, 0.062441080808639526, 0.023762468248605728, -0.06205352768301964, 0.0166989304125309, 0.06831835955381393, -0.006992139853537083, -0.06605412811040878, 0.1325930655002594, -0.07341562956571579, -0.06956306099891663, 0.03748347610235214]]
  Reward: 1.4631273746490479
  Account Value: None
  Done: False
  Policy Mean: [[0.06054823100566864, -0.05518200248479843, -0.05994970351457596, -0.08278234302997589, 0.03130475431680679, 0.0746469646692276, 0.11342030763626099, -0.013736460357904434, 0.03056195378303528, -0.07148995995521545, 0.051634516566991806, 0.027955707162618637, -0.07391728460788727, 0.08289967477321625, 0.05950784683227539, 0.014437222853302956, -0.02548300474882126, 0.01100844144821167, 0.062441080808639526, 0.023762468248605728, -0.06205352768301964, 0.0166989304125309, 0.06831835955381393, -0.006992139853537083, -0.06605412811040878, 0.1325930655002594, -0.07341562956571579, -0.06956306099891663, 0.03748347610235214]]
  Policy Std: [[1.0034284591674805, 0.976804256439209, 0.9804749488830566, 0.9932587146759033, 1.0121442079544067, 1.0039632320404053, 1.0009573698043823, 1.0025033950805664, 0.9955798983573914, 0.9826322197914124, 0.9936424493789673, 0.9887740015983582, 0.9989004135131836, 1.038902997970581, 0.9870384931564331, 1.0012420415878296, 0.9875728487968445, 0.9975731372833252, 0.998661994934082, 0.9784038066864014, 0.995770275592804, 0.996944785118103, 0.9970985651016235, 0.99070805311203, 1.0111769437789917, 0.9880393743515015, 1.0210251808166504, 1.0141289234161377, 0.9971608519554138]]

Step 326:
  Date/Day: 327
  Action: [[0.04611734673380852, -0.0418986901640892, -0.04220174625515938, -0.06707622855901718, 0.021314095705747604, 0.051331400871276855, 0.07523298263549805, -0.010449040681123734, 0.01693378947675228, -0.05781126767396927, 0.03574034199118614, 0.010699888691306114, -0.04878850281238556, 0.060849063098430634, 0.032479576766490936, 0.005770932417362928, -0.019335314631462097, 0.013613361865282059, 0.03512764722108841, 0.013470196165144444, -0.04836924746632576, 0.013101290911436081, 0.04822073131799698, -0.005041210912168026, -0.04129809886217117, 0.08159992843866348, -0.04992098733782768, -0.05345987528562546, 0.024436090141534805]]
  Reward: 0.05866988003253937
  Account Value: None
  Done: False
  Policy Mean: [[0.04611734673380852, -0.0418986901640892, -0.04220174625515938, -0.06707622855901718, 0.021314095705747604, 0.051331400871276855, 0.07523298263549805, -0.010449040681123734, 0.01693378947675228, -0.05781126767396927, 0.03574034199118614, 0.010699888691306114, -0.04878850281238556, 0.060849063098430634, 0.032479576766490936, 0.005770932417362928, -0.019335314631462097, 0.013613361865282059, 0.03512764722108841, 0.013470196165144444, -0.04836924746632576, 0.013101290911436081, 0.04822073131799698, -0.005041210912168026, -0.04129809886217117, 0.08159992843866348, -0.04992098733782768, -0.05345987528562546, 0.024436090141534805]]
  Policy Std: [[1.0034284591674805, 0.976804256439209, 0.9804749488830566, 0.9932587146759033, 1.0121442079544067, 1.0039632320404053, 1.0009573698043823, 1.0025033950805664, 0.9955798983573914, 0.9826322197914124, 0.9936424493789673, 0.9887740015983582, 0.9989004135131836, 1.038902997970581, 0.9870384931564331, 1.0012420415878296, 0.9875728487968445, 0.9975731372833252, 0.998661994934082, 0.9784038066864014, 0.995770275592804, 0.996944785118103, 0.9970985651016235, 0.99070805311203, 1.0111769437789917, 0.9880393743515015, 1.0210251808166504, 1.0141289234161377, 0.9971608519554138]]

Step 327:
  Date/Day: 328
  Action: [[0.03582075238227844, -0.03555817902088165, -0.03344983235001564, -0.05183272808790207, 0.016624344512820244, 0.044838473200798035, 0.07150299847126007, -0.007273065857589245, 0.018124347552657127, -0.04988383501768112, 0.03344697132706642, 0.018161095678806305, -0.04183731973171234, 0.048027217388153076, 0.0350506454706192, 0.008023560047149658, -0.023943081498146057, 0.00630356278270483, 0.03863275796175003, 0.013249347917735577, -0.04028523340821266, 0.007990319281816483, 0.04144290089607239, -0.0028676080983132124, -0.03631381317973137, 0.07818150520324707, -0.04989929124712944, -0.05160719156265259, 0.025329777970910072]]
  Reward: 1.0281816720962524
  Account Value: None
  Done: False
  Policy Mean: [[0.03582075238227844, -0.03555817902088165, -0.03344983235001564, -0.05183272808790207, 0.016624344512820244, 0.044838473200798035, 0.07150299847126007, -0.007273065857589245, 0.018124347552657127, -0.04988383501768112, 0.03344697132706642, 0.018161095678806305, -0.04183731973171234, 0.048027217388153076, 0.0350506454706192, 0.008023560047149658, -0.023943081498146057, 0.00630356278270483, 0.03863275796175003, 0.013249347917735577, -0.04028523340821266, 0.007990319281816483, 0.04144290089607239, -0.0028676080983132124, -0.03631381317973137, 0.07818150520324707, -0.04989929124712944, -0.05160719156265259, 0.025329777970910072]]
  Policy Std: [[1.0034284591674805, 0.976804256439209, 0.9804749488830566, 0.9932587146759033, 1.0121442079544067, 1.0039632320404053, 1.0009573698043823, 1.0025033950805664, 0.9955798983573914, 0.9826322197914124, 0.9936424493789673, 0.9887740015983582, 0.9989004135131836, 1.038902997970581, 0.9870384931564331, 1.0012420415878296, 0.9875728487968445, 0.9975731372833252, 0.998661994934082, 0.9784038066864014, 0.995770275592804, 0.996944785118103, 0.9970985651016235, 0.99070805311203, 1.0111769437789917, 0.9880393743515015, 1.0210251808166504, 1.0141289234161377, 0.9971608519554138]]

Step 328:
  Date/Day: 329
  Action: [[0.03575487062335014, -0.03549812734127045, -0.03335445374250412, -0.051750168204307556, 0.01657271943986416, 0.04472051560878754, 0.07132396101951599, -0.007246167398989201, 0.0180603489279747, -0.049827344715595245, 0.03334920480847359, 0.018038641661405563, -0.04173045605421066, 0.047940343618392944, 0.03490076959133148, 0.008006563410162926, -0.023860327899456024, 0.006300739012658596, 0.03847014158964157, 0.013218794018030167, -0.040247593075037, 0.007995272986590862, 0.04132422059774399, -0.0028841982129961252, -0.036173634231090546, 0.0779380202293396, -0.04975464567542076, -0.051510341465473175, 0.025275055319070816]]
  Reward: -0.17996259033679962
  Account Value: None
  Done: False
  Policy Mean: [[0.03575487062335014, -0.03549812734127045, -0.03335445374250412, -0.051750168204307556, 0.01657271943986416, 0.04472051560878754, 0.07132396101951599, -0.007246167398989201, 0.0180603489279747, -0.049827344715595245, 0.03334920480847359, 0.018038641661405563, -0.04173045605421066, 0.047940343618392944, 0.03490076959133148, 0.008006563410162926, -0.023860327899456024, 0.006300739012658596, 0.03847014158964157, 0.013218794018030167, -0.040247593075037, 0.007995272986590862, 0.04132422059774399, -0.0028841982129961252, -0.036173634231090546, 0.0779380202293396, -0.04975464567542076, -0.051510341465473175, 0.025275055319070816]]
  Policy Std: [[1.0034284591674805, 0.976804256439209, 0.9804749488830566, 0.9932587146759033, 1.0121442079544067, 1.0039632320404053, 1.0009573698043823, 1.0025033950805664, 0.9955798983573914, 0.9826322197914124, 0.9936424493789673, 0.9887740015983582, 0.9989004135131836, 1.038902997970581, 0.9870384931564331, 1.0012420415878296, 0.9875728487968445, 0.9975731372833252, 0.998661994934082, 0.9784038066864014, 0.995770275592804, 0.996944785118103, 0.9970985651016235, 0.99070805311203, 1.0111769437789917, 0.9880393743515015, 1.0210251808166504, 1.0141289234161377, 0.9971608519554138]]

Step 329:
  Date/Day: 330
  Action: [[0.06044170260429382, -0.05502738058567047, -0.055889762938022614, -0.08006118983030319, 0.024039968848228455, 0.07033059000968933, 0.10724411904811859, -0.010307657532393932, 0.02774544432759285, -0.07192052900791168, 0.050099607557058334, 0.02044345624744892, -0.07416742295026779, 0.07743728905916214, 0.05093252286314964, 0.018673108890652657, -0.017499960958957672, 0.009177584201097488, 0.05511597543954849, 0.022874534130096436, -0.06698548048734665, 0.018603861331939697, 0.061727751046419144, -0.012358572334051132, -0.059041038155555725, 0.12827171385288239, -0.06668967008590698, -0.06998449563980103, 0.040522925555706024]]
  Reward: 0.19979967176914215
  Account Value: None
  Done: False
  Policy Mean: [[0.06044170260429382, -0.05502738058567047, -0.055889762938022614, -0.08006118983030319, 0.024039968848228455, 0.07033059000968933, 0.10724411904811859, -0.010307657532393932, 0.02774544432759285, -0.07192052900791168, 0.050099607557058334, 0.02044345624744892, -0.07416742295026779, 0.07743728905916214, 0.05093252286314964, 0.018673108890652657, -0.017499960958957672, 0.009177584201097488, 0.05511597543954849, 0.022874534130096436, -0.06698548048734665, 0.018603861331939697, 0.061727751046419144, -0.012358572334051132, -0.059041038155555725, 0.12827171385288239, -0.06668967008590698, -0.06998449563980103, 0.040522925555706024]]
  Policy Std: [[1.0034284591674805, 0.976804256439209, 0.9804749488830566, 0.9932587146759033, 1.0121442079544067, 1.0039632320404053, 1.0009573698043823, 1.0025033950805664, 0.9955798983573914, 0.9826322197914124, 0.9936424493789673, 0.9887740015983582, 0.9989004135131836, 1.038902997970581, 0.9870384931564331, 1.0012420415878296, 0.9875728487968445, 0.9975731372833252, 0.998661994934082, 0.9784038066864014, 0.995770275592804, 0.996944785118103, 0.9970985651016235, 0.99070805311203, 1.0111769437789917, 0.9880393743515015, 1.0210251808166504, 1.0141289234161377, 0.9971608519554138]]

Step 330:
  Date/Day: 331
  Action: [[0.05602823197841644, -0.04440533369779587, -0.053497232496738434, -0.07317394763231277, 0.026069212704896927, 0.06052844226360321, 0.09382207691669464, -0.00879661925137043, 0.008684586733579636, -0.06857506930828094, 0.039901722222566605, 0.0023414529860019684, -0.07677451521158218, 0.06952810287475586, 0.03570238873362541, 0.01007058098912239, -0.004356661345809698, 0.007911679334938526, 0.03120248019695282, 0.020023588091135025, -0.06323269754648209, 0.02695007622241974, 0.04825279861688614, -0.004320063628256321, -0.045537546277046204, 0.11399774998426437, -0.04975676164031029, -0.06259237974882126, 0.03958120197057724]]
  Reward: -0.19581469893455505
  Account Value: None
  Done: False
  Policy Mean: [[0.05602823197841644, -0.04440533369779587, -0.053497232496738434, -0.07317394763231277, 0.026069212704896927, 0.06052844226360321, 0.09382207691669464, -0.00879661925137043, 0.008684586733579636, -0.06857506930828094, 0.039901722222566605, 0.0023414529860019684, -0.07677451521158218, 0.06952810287475586, 0.03570238873362541, 0.01007058098912239, -0.004356661345809698, 0.007911679334938526, 0.03120248019695282, 0.020023588091135025, -0.06323269754648209, 0.02695007622241974, 0.04825279861688614, -0.004320063628256321, -0.045537546277046204, 0.11399774998426437, -0.04975676164031029, -0.06259237974882126, 0.03958120197057724]]
  Policy Std: [[1.0034284591674805, 0.976804256439209, 0.9804749488830566, 0.9932587146759033, 1.0121442079544067, 1.0039632320404053, 1.0009573698043823, 1.0025033950805664, 0.9955798983573914, 0.9826322197914124, 0.9936424493789673, 0.9887740015983582, 0.9989004135131836, 1.038902997970581, 0.9870384931564331, 1.0012420415878296, 0.9875728487968445, 0.9975731372833252, 0.998661994934082, 0.9784038066864014, 0.995770275592804, 0.996944785118103, 0.9970985651016235, 0.99070805311203, 1.0111769437789917, 0.9880393743515015, 1.0210251808166504, 1.0141289234161377, 0.9971608519554138]]

Step 331:
  Date/Day: 332
  Action: [[0.07810523360967636, -0.07012151926755905, -0.07944974303245544, -0.10124481469392776, 0.02995295450091362, 0.08899638801813126, 0.13183507323265076, -0.015318294055759907, 0.029354706406593323, -0.09123344719409943, 0.06755430996417999, 0.020763764157891273, -0.09203503280878067, 0.11262622475624084, 0.0655023530125618, 0.021971356123685837, -0.0250980406999588, 0.018281778320670128, 0.06808918714523315, 0.027553748339414597, -0.07935290783643723, 0.02626645937561989, 0.08171913027763367, -0.011582580395042896, -0.07276799529790878, 0.16885942220687866, -0.07325370609760284, -0.08615925908088684, 0.04827086627483368]]
  Reward: 0.8251135945320129
  Account Value: None
  Done: False
  Policy Mean: [[0.07810523360967636, -0.07012151926755905, -0.07944974303245544, -0.10124481469392776, 0.02995295450091362, 0.08899638801813126, 0.13183507323265076, -0.015318294055759907, 0.029354706406593323, -0.09123344719409943, 0.06755430996417999, 0.020763764157891273, -0.09203503280878067, 0.11262622475624084, 0.0655023530125618, 0.021971356123685837, -0.0250980406999588, 0.018281778320670128, 0.06808918714523315, 0.027553748339414597, -0.07935290783643723, 0.02626645937561989, 0.08171913027763367, -0.011582580395042896, -0.07276799529790878, 0.16885942220687866, -0.07325370609760284, -0.08615925908088684, 0.04827086627483368]]
  Policy Std: [[1.0034284591674805, 0.976804256439209, 0.9804749488830566, 0.9932587146759033, 1.0121442079544067, 1.0039632320404053, 1.0009573698043823, 1.0025033950805664, 0.9955798983573914, 0.9826322197914124, 0.9936424493789673, 0.9887740015983582, 0.9989004135131836, 1.038902997970581, 0.9870384931564331, 1.0012420415878296, 0.9875728487968445, 0.9975731372833252, 0.998661994934082, 0.9784038066864014, 0.995770275592804, 0.996944785118103, 0.9970985651016235, 0.99070805311203, 1.0111769437789917, 0.9880393743515015, 1.0210251808166504, 1.0141289234161377, 0.9971608519554138]]

Step 332:
  Date/Day: 333
  Action: [[0.07803286612033844, -0.07007335871458054, -0.07937692850828171, -0.10116326808929443, 0.029933340847492218, 0.08893053233623505, 0.13176146149635315, -0.015301447361707687, 0.029337581247091293, -0.09116794914007187, 0.0675119087100029, 0.020762085914611816, -0.0919705331325531, 0.11254194378852844, 0.06546805053949356, 0.021947721019387245, -0.025092601776123047, 0.018249206244945526, 0.06804369390010834, 0.027542173862457275, -0.07928995788097382, 0.02624468505382538, 0.08165326714515686, -0.011566775850951672, -0.07271909713745117, 0.16875183582305908, -0.07320722192525864, -0.08610880374908447, 0.048248156905174255]]
  Reward: -0.12742435932159424
  Account Value: None
  Done: False
  Policy Mean: [[0.07803286612033844, -0.07007335871458054, -0.07937692850828171, -0.10116326808929443, 0.029933340847492218, 0.08893053233623505, 0.13176146149635315, -0.015301447361707687, 0.029337581247091293, -0.09116794914007187, 0.0675119087100029, 0.020762085914611816, -0.0919705331325531, 0.11254194378852844, 0.06546805053949356, 0.021947721019387245, -0.025092601776123047, 0.018249206244945526, 0.06804369390010834, 0.027542173862457275, -0.07928995788097382, 0.02624468505382538, 0.08165326714515686, -0.011566775850951672, -0.07271909713745117, 0.16875183582305908, -0.07320722192525864, -0.08610880374908447, 0.048248156905174255]]
  Policy Std: [[1.0034284591674805, 0.976804256439209, 0.9804749488830566, 0.9932587146759033, 1.0121442079544067, 1.0039632320404053, 1.0009573698043823, 1.0025033950805664, 0.9955798983573914, 0.9826322197914124, 0.9936424493789673, 0.9887740015983582, 0.9989004135131836, 1.038902997970581, 0.9870384931564331, 1.0012420415878296, 0.9875728487968445, 0.9975731372833252, 0.998661994934082, 0.9784038066864014, 0.995770275592804, 0.996944785118103, 0.9970985651016235, 0.99070805311203, 1.0111769437789917, 0.9880393743515015, 1.0210251808166504, 1.0141289234161377, 0.9971608519554138]]

Step 333:
  Date/Day: 334
  Action: [[0.07807077467441559, -0.07009858638048172, -0.07941506057977676, -0.10120595991611481, 0.029943617060780525, 0.0889650210738182, 0.13180002570152283, -0.01531026978045702, 0.02934655174612999, -0.0912022590637207, 0.06753412634134293, 0.020762965083122253, -0.09200430661439896, 0.11258609592914581, 0.06548602133989334, 0.021960100159049034, -0.025095444172620773, 0.01826626807451248, 0.0680675283074379, 0.02754823863506317, -0.0793229341506958, 0.02625608816742897, 0.08168777078390121, -0.011575051583349705, -0.0727447122335434, 0.1688082069158554, -0.07323157042264938, -0.08613523840904236, 0.04826004058122635]]
  Reward: -2.077444553375244
  Account Value: None
  Done: False
  Policy Mean: [[0.07807077467441559, -0.07009858638048172, -0.07941506057977676, -0.10120595991611481, 0.029943617060780525, 0.0889650210738182, 0.13180002570152283, -0.01531026978045702, 0.02934655174612999, -0.0912022590637207, 0.06753412634134293, 0.020762965083122253, -0.09200430661439896, 0.11258609592914581, 0.06548602133989334, 0.021960100159049034, -0.025095444172620773, 0.01826626807451248, 0.0680675283074379, 0.02754823863506317, -0.0793229341506958, 0.02625608816742897, 0.08168777078390121, -0.011575051583349705, -0.0727447122335434, 0.1688082069158554, -0.07323157042264938, -0.08613523840904236, 0.04826004058122635]]
  Policy Std: [[1.0034284591674805, 0.976804256439209, 0.9804749488830566, 0.9932587146759033, 1.0121442079544067, 1.0039632320404053, 1.0009573698043823, 1.0025033950805664, 0.9955798983573914, 0.9826322197914124, 0.9936424493789673, 0.9887740015983582, 0.9989004135131836, 1.038902997970581, 0.9870384931564331, 1.0012420415878296, 0.9875728487968445, 0.9975731372833252, 0.998661994934082, 0.9784038066864014, 0.995770275592804, 0.996944785118103, 0.9970985651016235, 0.99070805311203, 1.0111769437789917, 0.9880393743515015, 1.0210251808166504, 1.0141289234161377, 0.9971608519554138]]

Step 334:
  Date/Day: 0
  Action: [[0.11889094859361649, -0.09790188819169998, -0.11336055397987366, -0.12986814975738525, 0.025850314646959305, 0.1180657222867012, 0.15101464092731476, -0.02126862108707428, 0.029528144747018814, -0.120102159678936, 0.08390152454376221, 0.009659052826464176, -0.11418469250202179, 0.15022508800029755, 0.07160931080579758, 0.030418040230870247, -0.022000566124916077, 0.03927241265773773, 0.08391021937131882, 0.024858560413122177, -0.10183168202638626, 0.031557682901620865, 0.10508446395397186, -0.02201787196099758, -0.10008516907691956, 0.19801883399486542, -0.08156977593898773, -0.11504445970058441, 0.0633985698223114]]
  Reward: -2.077444553375244
  Account Value: None
  Done: True
  Policy Mean: [[0.11889094859361649, -0.09790188819169998, -0.11336055397987366, -0.12986814975738525, 0.025850314646959305, 0.1180657222867012, 0.15101464092731476, -0.02126862108707428, 0.029528144747018814, -0.120102159678936, 0.08390152454376221, 0.009659052826464176, -0.11418469250202179, 0.15022508800029755, 0.07160931080579758, 0.030418040230870247, -0.022000566124916077, 0.03927241265773773, 0.08391021937131882, 0.024858560413122177, -0.10183168202638626, 0.031557682901620865, 0.10508446395397186, -0.02201787196099758, -0.10008516907691956, 0.19801883399486542, -0.08156977593898773, -0.11504445970058441, 0.0633985698223114]]
  Policy Std: [[1.0034284591674805, 0.976804256439209, 0.9804749488830566, 0.9932587146759033, 1.0121442079544067, 1.0039632320404053, 1.0009573698043823, 1.0025033950805664, 0.9955798983573914, 0.9826322197914124, 0.9936424493789673, 0.9887740015983582, 0.9989004135131836, 1.038902997970581, 0.9870384931564331, 1.0012420415878296, 0.9875728487968445, 0.9975731372833252, 0.998661994934082, 0.9784038066864014, 0.995770275592804, 0.996944785118103, 0.9970985651016235, 0.99070805311203, 1.0111769437789917, 0.9880393743515015, 1.0210251808166504, 1.0141289234161377, 0.9971608519554138]]

PERFORMANCE METRICS:
----------------------------------------
Max Single Step Reward: 4.505997
Min Single Step Reward: -4.041487
Reward Standard Deviation: 1.036133

PERIOD SUMMARY:
----------------------------------------
Model was trained on data from 2009-01-02 to 2020-06-30
Training period duration: 4197 days (11.49 years)
Episode tested on data from 2020-07-01 to 2021-10-27

================================================================================
Report generated on: 2025-07-28 16:33:06
================================================================================
