================================================================================
DEEP REINFORCEMENT LEARNING TRADING EPISODE REPORT
================================================================================
Generated: 2025-07-28 16:09:43
Report ID: 250728_1609

MODEL INFORMATION:
----------------------------------------
Model Name: PPO
Model Class: PPO
Timesteps: 10000384
Timesteps Formatted: 1e7
Deterministic Prediction: True

POLICY INFORMATION:
----------------------------------------
Policy Class: ActorCriticPolicy
Policy Type: stable_baselines3.common.policies.ActorCriticPolicy
Has Mlp Extractor: True
Mlp Extractor Type: MlpExtractor
Network Architecture: {'pi': [64, 64], 'vf': [64, 64]}
Activation Function: <class 'torch.nn.modules.activation.Tanh'>

Features Extractor:
  Type: FlattenExtractor
  Parameters: 0
  Structure:
    Layer 0: Flatten

Policy Network:
  Parameters: 22,848
  Layers:
    Layer 0: Linear (291 -> 64)
    Layer 1: Tanh
    Layer 2: Linear (64 -> 64)
    Layer 3: Tanh

Value Network:
  Parameters: 22,848
  Layers:
    Layer 0: Linear (291 -> 64)
    Layer 1: Tanh
    Layer 2: Linear (64 -> 64)
    Layer 3: Tanh

Action Network:
  Type: Linear
  Parameters: 1,885
  Structure: Linear(in_features=64, out_features=29, bias=True)
  Action Distribution: DiagGaussianDistribution

Value Network (Output):
  Type: Linear
  Parameters: 65
  Structure: Linear(in_features=64, out_features=1, bias=True)

Parameter Summary:
  Total Parameters: 47,675
  Trainable Parameters: 47,675

MODEL HYPER-PARAMETERS:
----------------------------------------
Learning Rate: 0.00025
Gamma: 0.99
Gae Lambda: 0.95
Clip Range: <function get_schedule_fn.<locals>.<lambda> at 0x7ff857fdac10>
Clip Range Vf: None
Ent Coef: 0.01
Vf Coef: 0.5
Max Grad Norm: 0.5
N Steps: 2048
Batch Size: 128
N Epochs: 10
Action Noise: None
Tensorboard Log: None
Verbose: 1
Optimizer Type: Adam
Optimizer Group 0 Lr: 0.00025
Optimizer Group 0 Betas: (0.9, 0.999)
Optimizer Group 0 Eps: 1e-05
Optimizer Group 0 Weight Decay: 0
Optimizer Group 0 Amsgrad: False
Optimizer Group 0 Maximize: False
Optimizer Group 0 Foreach: None
Optimizer Group 0 Capturable: False
Optimizer Group 0 Differentiable: False
Optimizer Group 0 Fused: None
Net Arch: {'pi': [64, 64], 'vf': [64, 64]}
Activation Fn: <class 'torch.nn.modules.activation.Tanh'>
Features Extractor Class: FlattenExtractor
Normalize Advantage: True
Use Sde: False
Num Timesteps: 10000384
Device: cpu

TRAINING PERIOD INFORMATION:
----------------------------------------
Train Start Date: 2009-01-02
Train End Date: 2020-06-30
Test Start Date: 2020-07-01
Test End Date: 2021-10-27
Training Duration Days: 4197
Training Duration Years: 11.490759753593428

ENVIRONMENT INFORMATION:
----------------------------------------
Environment Class: StockTradingEnv
Data Length: 335
Initial Amount: 1000000
Stock Dimension: 29
Action Space: Box(-1.0, 1.0, (29,), float32)
State Space: 291

EPISODE SUMMARY:
----------------------------------------
Total Steps: 335
Total Reward: 36.152981
Average Reward per Step: 0.107919
Episode Completion: Full Episode

DETAILED STEP TRACE:
----------------------------------------
Step 0:
  Date/Day: 1
  Action: [[-1.0, 1.0, -0.791741132736206, 1.0, 1.0, 1.0, 1.0, 1.0, 1.0, 1.0, -1.0, -1.0, -1.0, -1.0, 1.0, -1.0, -1.0, -1.0, -1.0, -1.0, -1.0, -0.7216755151748657, -1.0, -1.0, 1.0, 0.23894450068473816, 1.0, -1.0, 1.0]]
  Reward: 0.045048609375953674
  Account Value: None
  Done: False
  Policy Mean: [[-1.0090131759643555, 8.020158767700195, -0.791741132736206, 2.397292137145996, 2.1262476444244385, 2.6254780292510986, 2.1740756034851074, 1.4067203998565674, 8.495814323425293, 7.211336612701416, -6.479607105255127, -3.014578342437744, -3.906376600265503, -9.97520637512207, 2.7685739994049072, -3.1067333221435547, -9.210408210754395, -3.81095027923584, -6.80424690246582, -1.3972123861312866, -2.9925739765167236, -0.7216755151748657, -3.2729907035827637, -1.8695566654205322, 19.894685745239258, 0.23894450068473816, 1.878909707069397, -5.697225570678711, 1.0580956935882568]]
  Policy Std: [[299.91778564453125, 239.42083740234375, 301.9099426269531, 427.91748046875, 610.9515380859375, 750.0004272460938, 426.6400146484375, 362.2680969238281, 338.62457275390625, 372.10198974609375, 393.6465148925781, 373.148193359375, 268.5321960449219, 438.2530822753906, 587.0374755859375, 298.7802734375, 609.5599975585938, 681.5208129882812, 451.80718994140625, 211.8937225341797, 553.2722778320312, 320.8408203125, 358.08868408203125, 293.706787109375, 82.67616271972656, 292.9808044433594, 567.3499145507812, 318.3977355957031, 164.80508422851562]]

Step 1:
  Date/Day: 2
  Action: [[-1.0, 1.0, -0.791741132736206, 1.0, 1.0, 1.0, 1.0, 1.0, 1.0, 1.0, -1.0, -1.0, -1.0, -1.0, 1.0, -1.0, -1.0, -1.0, -1.0, -1.0, -1.0, -0.7216755151748657, -1.0, -1.0, 1.0, 0.23894450068473816, 1.0, -1.0, 1.0]]
  Reward: 0.6127952337265015
  Account Value: None
  Done: False
  Policy Mean: [[-1.0090131759643555, 8.020158767700195, -0.791741132736206, 2.397292137145996, 2.1262476444244385, 2.6254780292510986, 2.1740756034851074, 1.4067203998565674, 8.495814323425293, 7.211336612701416, -6.479607105255127, -3.014578342437744, -3.906376600265503, -9.97520637512207, 2.7685739994049072, -3.1067333221435547, -9.210408210754395, -3.81095027923584, -6.80424690246582, -1.3972123861312866, -2.9925739765167236, -0.7216755151748657, -3.2729907035827637, -1.8695566654205322, 19.894685745239258, 0.23894450068473816, 1.878909707069397, -5.697225570678711, 1.0580956935882568]]
  Policy Std: [[299.91778564453125, 239.42083740234375, 301.9099426269531, 427.91748046875, 610.9515380859375, 750.0004272460938, 426.6400146484375, 362.2680969238281, 338.62457275390625, 372.10198974609375, 393.6465148925781, 373.148193359375, 268.5321960449219, 438.2530822753906, 587.0374755859375, 298.7802734375, 609.5599975585938, 681.5208129882812, 451.80718994140625, 211.8937225341797, 553.2722778320312, 320.8408203125, 358.08868408203125, 293.706787109375, 82.67616271972656, 292.9808044433594, 567.3499145507812, 318.3977355957031, 164.80508422851562]]

Step 2:
  Date/Day: 3
  Action: [[-1.0, 1.0, -0.791741132736206, 1.0, 1.0, 1.0, 1.0, 1.0, 1.0, 1.0, -1.0, -1.0, -1.0, -1.0, 1.0, -1.0, -1.0, -1.0, -1.0, -1.0, -1.0, -0.7216755151748657, -1.0, -1.0, 1.0, 0.23894450068473816, 1.0, -1.0, 1.0]]
  Reward: -0.7909277081489563
  Account Value: None
  Done: False
  Policy Mean: [[-1.0090131759643555, 8.020158767700195, -0.791741132736206, 2.397292137145996, 2.1262476444244385, 2.6254780292510986, 2.1740756034851074, 1.4067203998565674, 8.495814323425293, 7.211336612701416, -6.479607105255127, -3.014578342437744, -3.906376600265503, -9.97520637512207, 2.7685739994049072, -3.1067333221435547, -9.210408210754395, -3.81095027923584, -6.80424690246582, -1.3972123861312866, -2.9925739765167236, -0.7216755151748657, -3.2729907035827637, -1.8695566654205322, 19.894685745239258, 0.23894450068473816, 1.878909707069397, -5.697225570678711, 1.0580956935882568]]
  Policy Std: [[299.91778564453125, 239.42083740234375, 301.9099426269531, 427.91748046875, 610.9515380859375, 750.0004272460938, 426.6400146484375, 362.2680969238281, 338.62457275390625, 372.10198974609375, 393.6465148925781, 373.148193359375, 268.5321960449219, 438.2530822753906, 587.0374755859375, 298.7802734375, 609.5599975585938, 681.5208129882812, 451.80718994140625, 211.8937225341797, 553.2722778320312, 320.8408203125, 358.08868408203125, 293.706787109375, 82.67616271972656, 292.9808044433594, 567.3499145507812, 318.3977355957031, 164.80508422851562]]

Step 3:
  Date/Day: 4
  Action: [[-1.0, 1.0, -0.791741132736206, 1.0, 1.0, 1.0, 1.0, 1.0, 1.0, 1.0, -1.0, -1.0, -1.0, -1.0, 1.0, -1.0, -1.0, -1.0, -1.0, -1.0, -1.0, -0.7216755151748657, -1.0, -1.0, 1.0, 0.23894450068473816, 1.0, -1.0, 1.0]]
  Reward: 0.40695762634277344
  Account Value: None
  Done: False
  Policy Mean: [[-1.0090131759643555, 8.020158767700195, -0.791741132736206, 2.397292137145996, 2.1262476444244385, 2.6254780292510986, 2.1740756034851074, 1.4067203998565674, 8.495814323425293, 7.211336612701416, -6.479607105255127, -3.014578342437744, -3.906376600265503, -9.97520637512207, 2.7685739994049072, -3.1067333221435547, -9.210408210754395, -3.81095027923584, -6.80424690246582, -1.3972123861312866, -2.9925739765167236, -0.7216755151748657, -3.2729907035827637, -1.8695566654205322, 19.894685745239258, 0.23894450068473816, 1.878909707069397, -5.697225570678711, 1.0580956935882568]]
  Policy Std: [[299.91778564453125, 239.42083740234375, 301.9099426269531, 427.91748046875, 610.9515380859375, 750.0004272460938, 426.6400146484375, 362.2680969238281, 338.62457275390625, 372.10198974609375, 393.6465148925781, 373.148193359375, 268.5321960449219, 438.2530822753906, 587.0374755859375, 298.7802734375, 609.5599975585938, 681.5208129882812, 451.80718994140625, 211.8937225341797, 553.2722778320312, 320.8408203125, 358.08868408203125, 293.706787109375, 82.67616271972656, 292.9808044433594, 567.3499145507812, 318.3977355957031, 164.80508422851562]]

Step 4:
  Date/Day: 5
  Action: [[-1.0, 1.0, -0.791741132736206, 1.0, 1.0, 1.0, 1.0, 1.0, 1.0, 1.0, -1.0, -1.0, -1.0, -1.0, 1.0, -1.0, -1.0, -1.0, -1.0, -1.0, -1.0, -0.7216755151748657, -1.0, -1.0, 1.0, 0.23894450068473816, 1.0, -1.0, 1.0]]
  Reward: -1.1070951223373413
  Account Value: None
  Done: False
  Policy Mean: [[-1.0090131759643555, 8.020158767700195, -0.791741132736206, 2.397292137145996, 2.1262476444244385, 2.6254780292510986, 2.1740756034851074, 1.4067203998565674, 8.495814323425293, 7.211336612701416, -6.479607105255127, -3.014578342437744, -3.906376600265503, -9.97520637512207, 2.7685739994049072, -3.1067333221435547, -9.210408210754395, -3.81095027923584, -6.80424690246582, -1.3972123861312866, -2.9925739765167236, -0.7216755151748657, -3.2729907035827637, -1.8695566654205322, 19.894685745239258, 0.23894450068473816, 1.878909707069397, -5.697225570678711, 1.0580956935882568]]
  Policy Std: [[299.91778564453125, 239.42083740234375, 301.9099426269531, 427.91748046875, 610.9515380859375, 750.0004272460938, 426.6400146484375, 362.2680969238281, 338.62457275390625, 372.10198974609375, 393.6465148925781, 373.148193359375, 268.5321960449219, 438.2530822753906, 587.0374755859375, 298.7802734375, 609.5599975585938, 681.5208129882812, 451.80718994140625, 211.8937225341797, 553.2722778320312, 320.8408203125, 358.08868408203125, 293.706787109375, 82.67616271972656, 292.9808044433594, 567.3499145507812, 318.3977355957031, 164.80508422851562]]

Step 5:
  Date/Day: 6
  Action: [[-1.0, 1.0, -0.7917534708976746, 1.0, 1.0, 1.0, 1.0, 1.0, 1.0, 1.0, -1.0, -1.0, -1.0, -1.0, 1.0, -1.0, -1.0, -1.0, -1.0, -1.0, -1.0, -0.721673309803009, -1.0, -1.0, 1.0, 0.2389337718486786, 1.0, -1.0, 1.0]]
  Reward: 1.0010676383972168
  Account Value: None
  Done: False
  Policy Mean: [[-1.009016990661621, 8.02019214630127, -0.7917534708976746, 2.3973193168640137, 2.126262664794922, 2.6254899501800537, 2.1740894317626953, 1.4067362546920776, 8.49584674835205, 7.211367607116699, -6.479635238647461, -3.0145928859710693, -3.9063894748687744, -9.97523307800293, 2.7685844898223877, -3.106735944747925, -9.210432052612305, -3.810955047607422, -6.80427360534668, -1.3972166776657104, -2.992569923400879, -0.721673309803009, -3.2730095386505127, -1.8695772886276245, 19.894763946533203, 0.2389337718486786, 1.8789247274398804, -5.697249412536621, 1.05808687210083]]
  Policy Std: [[299.91778564453125, 239.42083740234375, 301.9099426269531, 427.91748046875, 610.9515380859375, 750.0004272460938, 426.6400146484375, 362.2680969238281, 338.62457275390625, 372.10198974609375, 393.6465148925781, 373.148193359375, 268.5321960449219, 438.2530822753906, 587.0374755859375, 298.7802734375, 609.5599975585938, 681.5208129882812, 451.80718994140625, 211.8937225341797, 553.2722778320312, 320.8408203125, 358.08868408203125, 293.706787109375, 82.67616271972656, 292.9808044433594, 567.3499145507812, 318.3977355957031, 164.80508422851562]]

Step 6:
  Date/Day: 7
  Action: [[-0.5631365776062012, 1.0, -1.0, 1.0, 1.0, 1.0, 1.0, 1.0, 1.0, 1.0, -1.0, -1.0, -1.0, -1.0, 1.0, -1.0, -1.0, -1.0, -1.0, -1.0, -1.0, 1.0, -1.0, -1.0, 1.0, -1.0, 1.0, -1.0, 0.5398902893066406]]
  Reward: -0.02991531603038311
  Account Value: None
  Done: False
  Policy Mean: [[-0.5631365776062012, 14.854928970336914, -1.961389183998108, 7.00769567489624, 6.695162296295166, 4.476428985595703, 3.992637872695923, 4.69538688659668, 16.353710174560547, 11.825263977050781, -10.589481353759766, -6.591346263885498, -7.5225982666015625, -17.20465850830078, 3.3436505794525146, -5.02701473236084, -13.855201721191406, -5.23023796081543, -14.08370590209961, -2.676607131958008, -3.694321393966675, 1.3969075679779053, -8.208035469055176, -5.614111423492432, 38.423126220703125, -2.1600279808044434, 1.8708646297454834, -9.424250602722168, 0.5398902893066406]]
  Policy Std: [[299.91778564453125, 239.42083740234375, 301.9099426269531, 427.91748046875, 610.9515380859375, 750.0004272460938, 426.6400146484375, 362.2680969238281, 338.62457275390625, 372.10198974609375, 393.6465148925781, 373.148193359375, 268.5321960449219, 438.2530822753906, 587.0374755859375, 298.7802734375, 609.5599975585938, 681.5208129882812, 451.80718994140625, 211.8937225341797, 553.2722778320312, 320.8408203125, 358.08868408203125, 293.706787109375, 82.67616271972656, 292.9808044433594, 567.3499145507812, 318.3977355957031, 164.80508422851562]]

Step 7:
  Date/Day: 8
  Action: [[-0.5631318092346191, 1.0, -1.0, 1.0, 1.0, 1.0, 1.0, 1.0, 1.0, 1.0, -1.0, -1.0, -1.0, -1.0, 1.0, -1.0, -1.0, -1.0, -1.0, -1.0, -1.0, 1.0, -1.0, -1.0, 1.0, -1.0, 1.0, -1.0, 0.5398977994918823]]
  Reward: 2.205186367034912
  Account Value: None
  Done: False
  Policy Mean: [[-0.5631318092346191, 14.854935646057129, -1.9613940715789795, 7.007701396942139, 6.695167541503906, 4.47642183303833, 3.9926326274871826, 4.69539213180542, 16.353710174560547, 11.825257301330566, -10.589484214782715, -6.591348171234131, -7.522597312927246, -17.204662322998047, 3.3436598777770996, -5.027016639709473, -13.855207443237305, -5.230236053466797, -14.083701133728027, -2.6766130924224854, -3.694321870803833, 1.3969123363494873, -8.208040237426758, -5.614107131958008, 38.42313766479492, -2.160032033920288, 1.8708611726760864, -9.424260139465332, 0.5398977994918823]]
  Policy Std: [[299.91778564453125, 239.42083740234375, 301.9099426269531, 427.91748046875, 610.9515380859375, 750.0004272460938, 426.6400146484375, 362.2680969238281, 338.62457275390625, 372.10198974609375, 393.6465148925781, 373.148193359375, 268.5321960449219, 438.2530822753906, 587.0374755859375, 298.7802734375, 609.5599975585938, 681.5208129882812, 451.80718994140625, 211.8937225341797, 553.2722778320312, 320.8408203125, 358.08868408203125, 293.706787109375, 82.67616271972656, 292.9808044433594, 567.3499145507812, 318.3977355957031, 164.80508422851562]]

Step 8:
  Date/Day: 9
  Action: [[-0.5631317496299744, 1.0, -1.0, 1.0, 1.0, 1.0, 1.0, 1.0, 1.0, 1.0, -1.0, -1.0, -1.0, -1.0, 1.0, -1.0, -1.0, -1.0, -1.0, -1.0, -1.0, 1.0, -1.0, -1.0, 1.0, -1.0, 1.0, -1.0, 0.5398978590965271]]
  Reward: 0.4175897240638733
  Account Value: None
  Done: False
  Policy Mean: [[-0.5631317496299744, 14.854935646057129, -1.9613940715789795, 7.007701396942139, 6.695167541503906, 4.47642183303833, 3.9926326274871826, 4.69539213180542, 16.35371208190918, 11.825257301330566, -10.589484214782715, -6.591348171234131, -7.522597312927246, -17.204662322998047, 3.3436598777770996, -5.027016639709473, -13.855207443237305, -5.230236053466797, -14.083701133728027, -2.6766130924224854, -3.694321870803833, 1.3969123363494873, -8.208040237426758, -5.614107131958008, 38.42313766479492, -2.160032033920288, 1.8708611726760864, -9.424260139465332, 0.5398978590965271]]
  Policy Std: [[299.91778564453125, 239.42083740234375, 301.9099426269531, 427.91748046875, 610.9515380859375, 750.0004272460938, 426.6400146484375, 362.2680969238281, 338.62457275390625, 372.10198974609375, 393.6465148925781, 373.148193359375, 268.5321960449219, 438.2530822753906, 587.0374755859375, 298.7802734375, 609.5599975585938, 681.5208129882812, 451.80718994140625, 211.8937225341797, 553.2722778320312, 320.8408203125, 358.08868408203125, 293.706787109375, 82.67616271972656, 292.9808044433594, 567.3499145507812, 318.3977355957031, 164.80508422851562]]

Step 9:
  Date/Day: 10
  Action: [[-0.5627388954162598, 1.0, -1.0, 1.0, 1.0, 1.0, 1.0, 1.0, 1.0, 1.0, -1.0, -1.0, -1.0, -1.0, 1.0, -1.0, -1.0, -1.0, -1.0, -1.0, -1.0, 1.0, -1.0, -1.0, 1.0, -1.0, 1.0, -1.0, 0.5402156114578247]]
  Reward: -0.4497527480125427
  Account Value: None
  Done: False
  Policy Mean: [[-0.5627388954162598, 14.856410026550293, -1.961303472518921, 7.00948429107666, 6.695673942565918, 4.4769792556762695, 3.9921867847442627, 4.69576358795166, 16.355268478393555, 11.826399803161621, -10.590503692626953, -6.591533184051514, -7.523066520690918, -17.205690383911133, 3.3448331356048584, -5.027749061584473, -13.856417655944824, -5.230722427368164, -14.08478832244873, -2.677307605743408, -3.6946139335632324, 1.396524429321289, -8.208264350891113, -5.614290237426758, 38.425559997558594, -2.1597254276275635, 1.8709300756454468, -9.424738883972168, 0.5402156114578247]]
  Policy Std: [[299.91778564453125, 239.42083740234375, 301.9099426269531, 427.91748046875, 610.9515380859375, 750.0004272460938, 426.6400146484375, 362.2680969238281, 338.62457275390625, 372.10198974609375, 393.6465148925781, 373.148193359375, 268.5321960449219, 438.2530822753906, 587.0374755859375, 298.7802734375, 609.5599975585938, 681.5208129882812, 451.80718994140625, 211.8937225341797, 553.2722778320312, 320.8408203125, 358.08868408203125, 293.706787109375, 82.67616271972656, 292.9808044433594, 567.3499145507812, 318.3977355957031, 164.80508422851562]]

Step 10:
  Date/Day: 11
  Action: [[-0.5631318092346191, 1.0, -1.0, 1.0, 1.0, 1.0, 1.0, 1.0, 1.0, 1.0, -1.0, -1.0, -1.0, -1.0, 1.0, -1.0, -1.0, -1.0, -1.0, -1.0, -1.0, 1.0, -1.0, -1.0, 1.0, -1.0, 1.0, -1.0, 0.5398977994918823]]
  Reward: -0.10896697640419006
  Account Value: None
  Done: False
  Policy Mean: [[-0.5631318092346191, 14.854935646057129, -1.9613940715789795, 7.007701396942139, 6.695167541503906, 4.47642183303833, 3.9926326274871826, 4.69539213180542, 16.353710174560547, 11.825257301330566, -10.589484214782715, -6.591348171234131, -7.522597312927246, -17.204662322998047, 3.3436598777770996, -5.027016639709473, -13.855207443237305, -5.230236053466797, -14.083701133728027, -2.6766130924224854, -3.694321870803833, 1.3969123363494873, -8.208040237426758, -5.614107131958008, 38.42313766479492, -2.160032033920288, 1.8708611726760864, -9.424260139465332, 0.5398977994918823]]
  Policy Std: [[299.91778564453125, 239.42083740234375, 301.9099426269531, 427.91748046875, 610.9515380859375, 750.0004272460938, 426.6400146484375, 362.2680969238281, 338.62457275390625, 372.10198974609375, 393.6465148925781, 373.148193359375, 268.5321960449219, 438.2530822753906, 587.0374755859375, 298.7802734375, 609.5599975585938, 681.5208129882812, 451.80718994140625, 211.8937225341797, 553.2722778320312, 320.8408203125, 358.08868408203125, 293.706787109375, 82.67616271972656, 292.9808044433594, 567.3499145507812, 318.3977355957031, 164.80508422851562]]

Step 11:
  Date/Day: 12
  Action: [[-0.5631318092346191, 1.0, -1.0, 1.0, 1.0, 1.0, 1.0, 1.0, 1.0, 1.0, -1.0, -1.0, -1.0, -1.0, 1.0, -1.0, -1.0, -1.0, -1.0, -1.0, -1.0, 1.0, -1.0, -1.0, 1.0, -1.0, 1.0, -1.0, 0.5398977994918823]]
  Reward: 0.025805411860346794
  Account Value: None
  Done: False
  Policy Mean: [[-0.5631318092346191, 14.854935646057129, -1.9613940715789795, 7.007701396942139, 6.695167541503906, 4.47642183303833, 3.9926326274871826, 4.69539213180542, 16.353710174560547, 11.825257301330566, -10.589484214782715, -6.591348171234131, -7.522597312927246, -17.204662322998047, 3.3436598777770996, -5.027016639709473, -13.855207443237305, -5.230236053466797, -14.083701133728027, -2.6766130924224854, -3.694321870803833, 1.3969123363494873, -8.208040237426758, -5.614107131958008, 38.42313766479492, -2.160032033920288, 1.8708611726760864, -9.424260139465332, 0.5398977994918823]]
  Policy Std: [[299.91778564453125, 239.42083740234375, 301.9099426269531, 427.91748046875, 610.9515380859375, 750.0004272460938, 426.6400146484375, 362.2680969238281, 338.62457275390625, 372.10198974609375, 393.6465148925781, 373.148193359375, 268.5321960449219, 438.2530822753906, 587.0374755859375, 298.7802734375, 609.5599975585938, 681.5208129882812, 451.80718994140625, 211.8937225341797, 553.2722778320312, 320.8408203125, 358.08868408203125, 293.706787109375, 82.67616271972656, 292.9808044433594, 567.3499145507812, 318.3977355957031, 164.80508422851562]]

Step 12:
  Date/Day: 13
  Action: [[-0.5631073117256165, 1.0, -1.0, 1.0, 1.0, 1.0, 1.0, 1.0, 1.0, 1.0, -1.0, -1.0, -1.0, -1.0, 1.0, -1.0, -1.0, -1.0, -1.0, -1.0, -1.0, 1.0, -1.0, -1.0, 1.0, -1.0, 1.0, -1.0, 0.5399176478385925]]
  Reward: 0.41257232427597046
  Account Value: None
  Done: False
  Policy Mean: [[-0.5631073117256165, 14.855026245117188, -1.961388349533081, 7.0078125, 6.695199489593506, 4.476456642150879, 3.9926047325134277, 4.695415019989014, 16.353809356689453, 11.825328826904297, -10.589548110961914, -6.591359615325928, -7.5226263999938965, -17.204727172851562, 3.3437328338623047, -5.02706241607666, -13.8552827835083, -5.230266571044922, -14.083769798278809, -2.676656484603882, -3.694340467453003, 1.3968881368637085, -8.208054542541504, -5.614118576049805, 38.42328643798828, -2.160013198852539, 1.8708654642105103, -9.424290657043457, 0.5399176478385925]]
  Policy Std: [[299.91778564453125, 239.42083740234375, 301.9099426269531, 427.91748046875, 610.9515380859375, 750.0004272460938, 426.6400146484375, 362.2680969238281, 338.62457275390625, 372.10198974609375, 393.6465148925781, 373.148193359375, 268.5321960449219, 438.2530822753906, 587.0374755859375, 298.7802734375, 609.5599975585938, 681.5208129882812, 451.80718994140625, 211.8937225341797, 553.2722778320312, 320.8408203125, 358.08868408203125, 293.706787109375, 82.67616271972656, 292.9808044433594, 567.3499145507812, 318.3977355957031, 164.80508422851562]]

Step 13:
  Date/Day: 14
  Action: [[-0.3970411419868469, 1.0, -1.0, 1.0, 1.0, 1.0, 1.0, 1.0, 1.0, 1.0, -1.0, -1.0, -1.0, -1.0, 1.0, -1.0, -1.0, -1.0, -1.0, -1.0, -1.0, 1.0, -1.0, -1.0, 1.0, -1.0, 1.0, -1.0, 0.6869586706161499]]
  Reward: -0.07212572544813156
  Account Value: None
  Done: False
  Policy Mean: [[-0.3970411419868469, 15.478668212890625, -1.9158520698547363, 7.768075466156006, 6.913812637329102, 4.704958438873291, 3.7970235347747803, 4.848390102386475, 16.99588966369629, 12.299610137939453, -11.017648696899414, -6.670528888702393, -7.706461429595947, -17.63046646118164, 3.830122947692871, -5.344464302062988, -14.36813735961914, -5.4331841468811035, -14.530312538146973, -2.97160005569458, -3.8371331691741943, 1.2350341081619263, -8.297013282775879, -5.6744232177734375, 39.42860794067383, -2.0395641326904297, 1.9081169366836548, -9.626404762268066, 0.6869586706161499]]
  Policy Std: [[299.91778564453125, 239.42083740234375, 301.9099426269531, 427.91748046875, 610.9515380859375, 750.0004272460938, 426.6400146484375, 362.2680969238281, 338.62457275390625, 372.10198974609375, 393.6465148925781, 373.148193359375, 268.5321960449219, 438.2530822753906, 587.0374755859375, 298.7802734375, 609.5599975585938, 681.5208129882812, 451.80718994140625, 211.8937225341797, 553.2722778320312, 320.8408203125, 358.08868408203125, 293.706787109375, 82.67616271972656, 292.9808044433594, 567.3499145507812, 318.3977355957031, 164.80508422851562]]

Step 14:
  Date/Day: 15
  Action: [[-0.3970356285572052, 1.0, -1.0, 1.0, 1.0, 1.0, 1.0, 1.0, 1.0, 1.0, -1.0, -1.0, -1.0, -1.0, 1.0, -1.0, -1.0, -1.0, -1.0, -1.0, -1.0, 1.0, -1.0, -1.0, 1.0, -1.0, 1.0, -1.0, 0.686963677406311]]
  Reward: -1.0786852836608887
  Account Value: None
  Done: False
  Policy Mean: [[-0.3970356285572052, 15.478681564331055, -1.9158508777618408, 7.768092155456543, 6.913816928863525, 4.704966068267822, 3.797017812728882, 4.848394870758057, 16.99590301513672, 12.299620628356934, -11.017658233642578, -6.670531749725342, -7.706463813781738, -17.630475997924805, 3.8301360607147217, -5.3444719314575195, -14.368144989013672, -5.433189392089844, -14.530318260192871, -2.9716057777404785, -3.8371341228485107, 1.2350270748138428, -8.29701042175293, -5.674427032470703, 39.428627014160156, -2.0395607948303223, 1.908122181892395, -9.626408576965332, 0.686963677406311]]
  Policy Std: [[299.91778564453125, 239.42083740234375, 301.9099426269531, 427.91748046875, 610.9515380859375, 750.0004272460938, 426.6400146484375, 362.2680969238281, 338.62457275390625, 372.10198974609375, 393.6465148925781, 373.148193359375, 268.5321960449219, 438.2530822753906, 587.0374755859375, 298.7802734375, 609.5599975585938, 681.5208129882812, 451.80718994140625, 211.8937225341797, 553.2722778320312, 320.8408203125, 358.08868408203125, 293.706787109375, 82.67616271972656, 292.9808044433594, 567.3499145507812, 318.3977355957031, 164.80508422851562]]

Step 15:
  Date/Day: 16
  Action: [[-0.3970335125923157, 1.0, -1.0, 1.0, 1.0, 1.0, 1.0, 1.0, 1.0, 1.0, -1.0, -1.0, -1.0, -1.0, 1.0, -1.0, -1.0, -1.0, -1.0, -1.0, -1.0, 1.0, -1.0, -1.0, 1.0, -1.0, 1.0, -1.0, 0.6869660019874573]]
  Reward: -0.6979643106460571
  Account Value: None
  Done: False
  Policy Mean: [[-0.3970335125923157, 15.478693962097168, -1.9158494472503662, 7.768108367919922, 6.913822174072266, 4.7049689292907715, 3.797013998031616, 4.848397254943848, 16.99591636657715, 12.299630165100098, -11.017667770385742, -6.6705322265625, -7.70646858215332, -17.630483627319336, 3.830144166946411, -5.344478607177734, -14.368158340454102, -5.433192729949951, -14.530329704284668, -2.9716124534606934, -3.837139844894409, 1.235026240348816, -8.297015190124512, -5.674426078796387, 39.42864990234375, -2.0395591259002686, 1.9081201553344727, -9.626412391662598, 0.6869660019874573]]
  Policy Std: [[299.91778564453125, 239.42083740234375, 301.9099426269531, 427.91748046875, 610.9515380859375, 750.0004272460938, 426.6400146484375, 362.2680969238281, 338.62457275390625, 372.10198974609375, 393.6465148925781, 373.148193359375, 268.5321960449219, 438.2530822753906, 587.0374755859375, 298.7802734375, 609.5599975585938, 681.5208129882812, 451.80718994140625, 211.8937225341797, 553.2722778320312, 320.8408203125, 358.08868408203125, 293.706787109375, 82.67616271972656, 292.9808044433594, 567.3499145507812, 318.3977355957031, 164.80508422851562]]

Step 16:
  Date/Day: 17
  Action: [[-0.3970325291156769, 1.0, -1.0, 1.0, 1.0, 1.0, 1.0, 1.0, 1.0, 1.0, -1.0, -1.0, -1.0, -1.0, 1.0, -1.0, -1.0, -1.0, -1.0, -1.0, -1.0, 1.0, -1.0, -1.0, 1.0, -1.0, 1.0, -1.0, 0.6869670748710632]]
  Reward: 0.29226911067962646
  Account Value: None
  Done: False
  Policy Mean: [[-0.3970325291156769, 15.478702545166016, -1.915848731994629, 7.768116474151611, 6.913825035095215, 4.704969882965088, 3.7970120906829834, 4.848398208618164, 16.995922088623047, 12.299635887145996, -11.017671585083008, -6.670531749725342, -7.706470966339111, -17.6304874420166, 3.8301479816436768, -5.344481468200684, -14.368165016174316, -5.433194637298584, -14.530335426330566, -2.971615791320801, -3.8371427059173584, 1.2350256443023682, -8.297017097473145, -5.67442512512207, 39.42866134643555, -2.039558172225952, 1.9081190824508667, -9.62641429901123, 0.6869670748710632]]
  Policy Std: [[299.91778564453125, 239.42083740234375, 301.9099426269531, 427.91748046875, 610.9515380859375, 750.0004272460938, 426.6400146484375, 362.2680969238281, 338.62457275390625, 372.10198974609375, 393.6465148925781, 373.148193359375, 268.5321960449219, 438.2530822753906, 587.0374755859375, 298.7802734375, 609.5599975585938, 681.5208129882812, 451.80718994140625, 211.8937225341797, 553.2722778320312, 320.8408203125, 358.08868408203125, 293.706787109375, 82.67616271972656, 292.9808044433594, 567.3499145507812, 318.3977355957031, 164.80508422851562]]

Step 17:
  Date/Day: 18
  Action: [[-0.3970325291156769, 1.0, -1.0, 1.0, 1.0, 1.0, 1.0, 1.0, 1.0, 1.0, -1.0, -1.0, -1.0, -1.0, 1.0, -1.0, -1.0, -1.0, -1.0, -1.0, -1.0, 1.0, -1.0, -1.0, 1.0, -1.0, 1.0, -1.0, 0.6869670748710632]]
  Reward: -0.1371600478887558
  Account Value: None
  Done: False
  Policy Mean: [[-0.3970325291156769, 15.478702545166016, -1.915848731994629, 7.768116474151611, 6.913825035095215, 4.704969882965088, 3.7970120906829834, 4.848398208618164, 16.995922088623047, 12.299635887145996, -11.017671585083008, -6.670531749725342, -7.706470966339111, -17.6304874420166, 3.8301479816436768, -5.344481468200684, -14.368165016174316, -5.433194637298584, -14.530335426330566, -2.971615791320801, -3.8371427059173584, 1.2350256443023682, -8.297017097473145, -5.67442512512207, 39.42866134643555, -2.039558172225952, 1.9081190824508667, -9.62641429901123, 0.6869670748710632]]
  Policy Std: [[299.91778564453125, 239.42083740234375, 301.9099426269531, 427.91748046875, 610.9515380859375, 750.0004272460938, 426.6400146484375, 362.2680969238281, 338.62457275390625, 372.10198974609375, 393.6465148925781, 373.148193359375, 268.5321960449219, 438.2530822753906, 587.0374755859375, 298.7802734375, 609.5599975585938, 681.5208129882812, 451.80718994140625, 211.8937225341797, 553.2722778320312, 320.8408203125, 358.08868408203125, 293.706787109375, 82.67616271972656, 292.9808044433594, 567.3499145507812, 318.3977355957031, 164.80508422851562]]

Step 18:
  Date/Day: 19
  Action: [[-0.3970325291156769, 1.0, -1.0, 1.0, 1.0, 1.0, 1.0, 1.0, 1.0, 1.0, -1.0, -1.0, -1.0, -1.0, 1.0, -1.0, -1.0, -1.0, -1.0, -1.0, -1.0, 1.0, -1.0, -1.0, 1.0, -1.0, 1.0, -1.0, 0.6869670748710632]]
  Reward: 0.18291479349136353
  Account Value: None
  Done: False
  Policy Mean: [[-0.3970325291156769, 15.478702545166016, -1.915848731994629, 7.768116474151611, 6.913825035095215, 4.704969882965088, 3.7970120906829834, 4.848398208618164, 16.995922088623047, 12.299635887145996, -11.017671585083008, -6.670531749725342, -7.706470966339111, -17.6304874420166, 3.8301479816436768, -5.344481468200684, -14.368165016174316, -5.433194637298584, -14.530335426330566, -2.971615791320801, -3.8371427059173584, 1.2350256443023682, -8.297017097473145, -5.67442512512207, 39.42866134643555, -2.039558172225952, 1.9081190824508667, -9.62641429901123, 0.6869670748710632]]
  Policy Std: [[299.91778564453125, 239.42083740234375, 301.9099426269531, 427.91748046875, 610.9515380859375, 750.0004272460938, 426.6400146484375, 362.2680969238281, 338.62457275390625, 372.10198974609375, 393.6465148925781, 373.148193359375, 268.5321960449219, 438.2530822753906, 587.0374755859375, 298.7802734375, 609.5599975585938, 681.5208129882812, 451.80718994140625, 211.8937225341797, 553.2722778320312, 320.8408203125, 358.08868408203125, 293.706787109375, 82.67616271972656, 292.9808044433594, 567.3499145507812, 318.3977355957031, 164.80508422851562]]

Step 19:
  Date/Day: 20
  Action: [[-0.44910815358161926, 1.0, -1.0, 1.0, 1.0, 1.0, 1.0, 1.0, 1.0, 1.0, -1.0, -1.0, -1.0, -1.0, 1.0, -1.0, -1.0, -1.0, -1.0, -1.0, -1.0, 1.0, -1.0, -1.0, 1.0, -1.0, 1.0, -1.0, 0.6377092599868774]]
  Reward: -1.1209121942520142
  Account Value: None
  Done: False
  Policy Mean: [[-0.44910815358161926, 15.07813549041748, -1.9447726011276245, 7.32350492477417, 6.763479232788086, 4.61144495010376, 3.8604581356048584, 4.792696952819824, 16.623645782470703, 11.996302604675293, -10.737977027893066, -6.638568878173828, -7.561130523681641, -17.39665985107422, 3.6403071880340576, -5.171931266784668, -14.011683464050293, -5.323477268218994, -14.171220779418945, -2.7917582988739014, -3.6750032901763916, 1.2663378715515137, -8.182700157165527, -5.689554214477539, 38.77799987792969, -2.091254472732544, 1.9415898323059082, -9.550407409667969, 0.6377092599868774]]
  Policy Std: [[299.91778564453125, 239.42083740234375, 301.9099426269531, 427.91748046875, 610.9515380859375, 750.0004272460938, 426.6400146484375, 362.2680969238281, 338.62457275390625, 372.10198974609375, 393.6465148925781, 373.148193359375, 268.5321960449219, 438.2530822753906, 587.0374755859375, 298.7802734375, 609.5599975585938, 681.5208129882812, 451.80718994140625, 211.8937225341797, 553.2722778320312, 320.8408203125, 358.08868408203125, 293.706787109375, 82.67616271972656, 292.9808044433594, 567.3499145507812, 318.3977355957031, 164.80508422851562]]

Step 20:
  Date/Day: 21
  Action: [[-0.5633125901222229, 1.0, -1.0, 1.0, 1.0, 1.0, 1.0, 1.0, 1.0, 1.0, -1.0, -1.0, -1.0, -1.0, 1.0, -1.0, -1.0, -1.0, -1.0, -1.0, -1.0, 1.0, -1.0, -1.0, 1.0, -1.0, 1.0, -1.0, 0.5398833155632019]]
  Reward: -0.6043766736984253
  Account Value: None
  Done: False
  Policy Mean: [[-0.5633125901222229, 14.853619575500488, -1.961532711982727, 7.006313323974609, 6.694972515106201, 4.4761433601379395, 3.992872714996338, 4.695328712463379, 16.352764129638672, 11.824052810668945, -10.58913803100586, -6.591313362121582, -7.522469520568848, -17.203899383544922, 3.342670202255249, -5.026185035705566, -13.854464530944824, -5.22966194152832, -14.082954406738281, -2.6761860847473145, -3.693399429321289, 1.3972702026367188, -8.207841873168945, -5.614537715911865, 38.42131805419922, -2.1603078842163086, 1.8711671829223633, -9.423483848571777, 0.5398833155632019]]
  Policy Std: [[299.91778564453125, 239.42083740234375, 301.9099426269531, 427.91748046875, 610.9515380859375, 750.0004272460938, 426.6400146484375, 362.2680969238281, 338.62457275390625, 372.10198974609375, 393.6465148925781, 373.148193359375, 268.5321960449219, 438.2530822753906, 587.0374755859375, 298.7802734375, 609.5599975585938, 681.5208129882812, 451.80718994140625, 211.8937225341797, 553.2722778320312, 320.8408203125, 358.08868408203125, 293.706787109375, 82.67616271972656, 292.9808044433594, 567.3499145507812, 318.3977355957031, 164.80508422851562]]

Step 21:
  Date/Day: 22
  Action: [[-0.5874627232551575, 1.0, -1.0, 1.0, 1.0, 1.0, 1.0, 1.0, 1.0, 1.0, -1.0, -1.0, -1.0, -1.0, 1.0, -1.0, -1.0, -1.0, -1.0, -1.0, -1.0, 1.0, -1.0, -1.0, 1.0, -1.0, 1.0, -1.0, 0.5338494181632996]]
  Reward: 0.9660526514053345
  Account Value: None
  Done: False
  Policy Mean: [[-0.5874627232551575, 14.669384002685547, -1.9818453788757324, 6.829040050506592, 6.6564555168151855, 4.420965194702148, 4.013753890991211, 4.679175853729248, 16.196231842041016, 11.659066200256348, -10.520959854125977, -6.573293209075928, -7.48682165145874, -17.070772171020508, 3.222364664077759, -4.912875175476074, -13.738716125488281, -5.155760765075684, -13.956482887268066, -2.6251232624053955, -3.5828990936279297, 1.4439384937286377, -8.16660213470459, -5.651627540588379, 38.1167106628418, -2.191582441329956, 1.8953742980957031, -9.318812370300293, 0.5338494181632996]]
  Policy Std: [[299.91778564453125, 239.42083740234375, 301.9099426269531, 427.91748046875, 610.9515380859375, 750.0004272460938, 426.6400146484375, 362.2680969238281, 338.62457275390625, 372.10198974609375, 393.6465148925781, 373.148193359375, 268.5321960449219, 438.2530822753906, 587.0374755859375, 298.7802734375, 609.5599975585938, 681.5208129882812, 451.80718994140625, 211.8937225341797, 553.2722778320312, 320.8408203125, 358.08868408203125, 293.706787109375, 82.67616271972656, 292.9808044433594, 567.3499145507812, 318.3977355957031, 164.80508422851562]]

Step 22:
  Date/Day: 23
  Action: [[-0.6298799514770508, 1.0, -1.0, 1.0, 1.0, 1.0, 1.0, 1.0, 1.0, 1.0, -1.0, -1.0, -1.0, -1.0, 1.0, -1.0, -1.0, -1.0, -1.0, -1.0, -1.0, 1.0, -1.0, -1.0, 1.0, -1.0, 1.0, -1.0, 0.5007947683334351]]
  Reward: 0.3285323679447174
  Account Value: None
  Done: False
  Policy Mean: [[-0.6298799514770508, 14.391982078552246, -1.9978827238082886, 6.482957363128662, 6.524704933166504, 4.354557514190674, 4.061113357543945, 4.624668121337891, 15.90240478515625, 11.465014457702637, -10.256217002868652, -6.561071872711182, -7.330785751342773, -16.951812744140625, 3.127676010131836, -4.841912746429443, -13.453635215759277, -5.108076572418213, -13.651021957397461, -2.459846019744873, -3.533149242401123, 1.4395322799682617, -8.084169387817383, -5.601592063903809, 37.67757034301758, -2.2338356971740723, 1.9178613424301147, -9.373420715332031, 0.5007947683334351]]
  Policy Std: [[299.91778564453125, 239.42083740234375, 301.9099426269531, 427.91748046875, 610.9515380859375, 750.0004272460938, 426.6400146484375, 362.2680969238281, 338.62457275390625, 372.10198974609375, 393.6465148925781, 373.148193359375, 268.5321960449219, 438.2530822753906, 587.0374755859375, 298.7802734375, 609.5599975585938, 681.5208129882812, 451.80718994140625, 211.8937225341797, 553.2722778320312, 320.8408203125, 358.08868408203125, 293.706787109375, 82.67616271972656, 292.9808044433594, 567.3499145507812, 318.3977355957031, 164.80508422851562]]

Step 23:
  Date/Day: 24
  Action: [[-0.6298799514770508, 1.0, -1.0, 1.0, 1.0, 1.0, 1.0, 1.0, 1.0, 1.0, -1.0, -1.0, -1.0, -1.0, 1.0, -1.0, -1.0, -1.0, -1.0, -1.0, -1.0, 1.0, -1.0, -1.0, 1.0, -1.0, 1.0, -1.0, 0.5007947683334351]]
  Reward: 1.7751966714859009
  Account Value: None
  Done: False
  Policy Mean: [[-0.6298799514770508, 14.391982078552246, -1.9978827238082886, 6.482957363128662, 6.524704933166504, 4.354557514190674, 4.061113357543945, 4.624668121337891, 15.90240478515625, 11.465014457702637, -10.256217002868652, -6.561071872711182, -7.330785751342773, -16.951812744140625, 3.127676010131836, -4.841912746429443, -13.453635215759277, -5.108076572418213, -13.651021957397461, -2.459846019744873, -3.533149242401123, 1.4395322799682617, -8.084169387817383, -5.601592063903809, 37.67757034301758, -2.2338356971740723, 1.9178613424301147, -9.373420715332031, 0.5007947683334351]]
  Policy Std: [[299.91778564453125, 239.42083740234375, 301.9099426269531, 427.91748046875, 610.9515380859375, 750.0004272460938, 426.6400146484375, 362.2680969238281, 338.62457275390625, 372.10198974609375, 393.6465148925781, 373.148193359375, 268.5321960449219, 438.2530822753906, 587.0374755859375, 298.7802734375, 609.5599975585938, 681.5208129882812, 451.80718994140625, 211.8937225341797, 553.2722778320312, 320.8408203125, 358.08868408203125, 293.706787109375, 82.67616271972656, 292.9808044433594, 567.3499145507812, 318.3977355957031, 164.80508422851562]]

Step 24:
  Date/Day: 25
  Action: [[-0.6298799514770508, 1.0, -1.0, 1.0, 1.0, 1.0, 1.0, 1.0, 1.0, 1.0, -1.0, -1.0, -1.0, -1.0, 1.0, -1.0, -1.0, -1.0, -1.0, -1.0, -1.0, 1.0, -1.0, -1.0, 1.0, -1.0, 1.0, -1.0, 0.5007947683334351]]
  Reward: 0.43323850631713867
  Account Value: None
  Done: False
  Policy Mean: [[-0.6298799514770508, 14.391982078552246, -1.9978827238082886, 6.482957363128662, 6.524704933166504, 4.354557514190674, 4.061113357543945, 4.624668121337891, 15.90240478515625, 11.465014457702637, -10.256217002868652, -6.561071872711182, -7.330785751342773, -16.951812744140625, 3.127676010131836, -4.841912746429443, -13.453635215759277, -5.108076572418213, -13.651021957397461, -2.459846019744873, -3.533149242401123, 1.4395322799682617, -8.084169387817383, -5.601592063903809, 37.67757034301758, -2.2338356971740723, 1.9178613424301147, -9.373420715332031, 0.5007947683334351]]
  Policy Std: [[299.91778564453125, 239.42083740234375, 301.9099426269531, 427.91748046875, 610.9515380859375, 750.0004272460938, 426.6400146484375, 362.2680969238281, 338.62457275390625, 372.10198974609375, 393.6465148925781, 373.148193359375, 268.5321960449219, 438.2530822753906, 587.0374755859375, 298.7802734375, 609.5599975585938, 681.5208129882812, 451.80718994140625, 211.8937225341797, 553.2722778320312, 320.8408203125, 358.08868408203125, 293.706787109375, 82.67616271972656, 292.9808044433594, 567.3499145507812, 318.3977355957031, 164.80508422851562]]

Step 25:
  Date/Day: 26
  Action: [[-0.629879891872406, 1.0, -1.0, 1.0, 1.0, 1.0, 1.0, 1.0, 1.0, 1.0, -1.0, -1.0, -1.0, -1.0, 1.0, -1.0, -1.0, -1.0, -1.0, -1.0, -1.0, 1.0, -1.0, -1.0, 1.0, -1.0, 1.0, -1.0, 0.5007947683334351]]
  Reward: -0.1094638854265213
  Account Value: None
  Done: False
  Policy Mean: [[-0.629879891872406, 14.391982078552246, -1.9978827238082886, 6.482957363128662, 6.524704933166504, 4.354557514190674, 4.061113357543945, 4.624668121337891, 15.90240478515625, 11.465014457702637, -10.256217002868652, -6.561071872711182, -7.330785751342773, -16.951812744140625, 3.127676248550415, -4.841912746429443, -13.453635215759277, -5.108076572418213, -13.651021957397461, -2.459846019744873, -3.533149242401123, 1.4395322799682617, -8.084169387817383, -5.601592063903809, 37.67757034301758, -2.2338356971740723, 1.9178613424301147, -9.373420715332031, 0.5007947683334351]]
  Policy Std: [[299.91778564453125, 239.42083740234375, 301.9099426269531, 427.91748046875, 610.9515380859375, 750.0004272460938, 426.6400146484375, 362.2680969238281, 338.62457275390625, 372.10198974609375, 393.6465148925781, 373.148193359375, 268.5321960449219, 438.2530822753906, 587.0374755859375, 298.7802734375, 609.5599975585938, 681.5208129882812, 451.80718994140625, 211.8937225341797, 553.2722778320312, 320.8408203125, 358.08868408203125, 293.706787109375, 82.67616271972656, 292.9808044433594, 567.3499145507812, 318.3977355957031, 164.80508422851562]]

Step 26:
  Date/Day: 27
  Action: [[-0.6298799514770508, 1.0, -1.0, 1.0, 1.0, 1.0, 1.0, 1.0, 1.0, 1.0, -1.0, -1.0, -1.0, -1.0, 1.0, -1.0, -1.0, -1.0, -1.0, -1.0, -1.0, 1.0, -1.0, -1.0, 1.0, -1.0, 1.0, -1.0, 0.5007947683334351]]
  Reward: 0.8502278327941895
  Account Value: None
  Done: False
  Policy Mean: [[-0.6298799514770508, 14.391982078552246, -1.9978827238082886, 6.482957363128662, 6.524704933166504, 4.354557514190674, 4.061113357543945, 4.624668121337891, 15.90240478515625, 11.465014457702637, -10.256217002868652, -6.561071872711182, -7.330785751342773, -16.951812744140625, 3.127676010131836, -4.841912746429443, -13.453635215759277, -5.108076572418213, -13.651021957397461, -2.459846019744873, -3.533149242401123, 1.4395322799682617, -8.084169387817383, -5.601592063903809, 37.67757034301758, -2.2338356971740723, 1.9178613424301147, -9.373420715332031, 0.5007947683334351]]
  Policy Std: [[299.91778564453125, 239.42083740234375, 301.9099426269531, 427.91748046875, 610.9515380859375, 750.0004272460938, 426.6400146484375, 362.2680969238281, 338.62457275390625, 372.10198974609375, 393.6465148925781, 373.148193359375, 268.5321960449219, 438.2530822753906, 587.0374755859375, 298.7802734375, 609.5599975585938, 681.5208129882812, 451.80718994140625, 211.8937225341797, 553.2722778320312, 320.8408203125, 358.08868408203125, 293.706787109375, 82.67616271972656, 292.9808044433594, 567.3499145507812, 318.3977355957031, 164.80508422851562]]

Step 27:
  Date/Day: 28
  Action: [[-0.5720367431640625, 1.0, -1.0, 1.0, 1.0, 1.0, 1.0, 1.0, 1.0, 1.0, -1.0, -1.0, -1.0, -1.0, 1.0, -1.0, -1.0, -1.0, -1.0, -1.0, -1.0, 1.0, -1.0, -1.0, 1.0, -1.0, 1.0, -1.0, 0.5098879933357239]]
  Reward: -0.6816067695617676
  Account Value: None
  Done: False
  Policy Mean: [[-0.5720367431640625, 14.698467254638672, -2.0012078285217285, 6.802842617034912, 6.579049110412598, 4.4555253982543945, 3.9970431327819824, 4.663569927215576, 16.22170639038086, 11.739602088928223, -10.460798263549805, -6.550265312194824, -7.459880828857422, -17.15032386779785, 3.390749216079712, -4.953216075897217, -13.689305305480957, -5.202761173248291, -13.928242683410645, -2.59580135345459, -3.5907440185546875, 1.3483290672302246, -8.147934913635254, -5.590058326721191, 38.13885498046875, -2.092961549758911, 1.849352478981018, -9.439346313476562, 0.5098879933357239]]
  Policy Std: [[299.91778564453125, 239.42083740234375, 301.9099426269531, 427.91748046875, 610.9515380859375, 750.0004272460938, 426.6400146484375, 362.2680969238281, 338.62457275390625, 372.10198974609375, 393.6465148925781, 373.148193359375, 268.5321960449219, 438.2530822753906, 587.0374755859375, 298.7802734375, 609.5599975585938, 681.5208129882812, 451.80718994140625, 211.8937225341797, 553.2722778320312, 320.8408203125, 358.08868408203125, 293.706787109375, 82.67616271972656, 292.9808044433594, 567.3499145507812, 318.3977355957031, 164.80508422851562]]

Step 28:
  Date/Day: 29
  Action: [[-0.6923645734786987, 1.0, -1.0, 1.0, 1.0, 1.0, 1.0, 1.0, 1.0, 1.0, -1.0, -1.0, -1.0, -1.0, 1.0, -1.0, -1.0, -1.0, -1.0, -1.0, -1.0, 1.0, -1.0, -1.0, 1.0, -1.0, 1.0, -1.0, 0.4120749235153198]]
  Reward: 1.0855176448822021
  Account Value: None
  Done: False
  Policy Mean: [[-0.6923645734786987, 14.207066535949707, -1.9839563369750977, 6.315732002258301, 6.438361167907715, 4.286240577697754, 4.105005264282227, 4.545118808746338, 15.7322416305542, 11.379157066345215, -10.159309387207031, -6.470045566558838, -7.333508491516113, -16.770763397216797, 2.9683287143707275, -4.75607967376709, -13.384747505187988, -5.060327053070068, -13.620994567871094, -2.4030508995056152, -3.4911530017852783, 1.481391191482544, -8.075854301452637, -5.5544843673706055, 37.34626007080078, -2.210540294647217, 1.8303942680358887, -9.232354164123535, 0.4120749235153198]]
  Policy Std: [[299.91778564453125, 239.42083740234375, 301.9099426269531, 427.91748046875, 610.9515380859375, 750.0004272460938, 426.6400146484375, 362.2680969238281, 338.62457275390625, 372.10198974609375, 393.6465148925781, 373.148193359375, 268.5321960449219, 438.2530822753906, 587.0374755859375, 298.7802734375, 609.5599975585938, 681.5208129882812, 451.80718994140625, 211.8937225341797, 553.2722778320312, 320.8408203125, 358.08868408203125, 293.706787109375, 82.67616271972656, 292.9808044433594, 567.3499145507812, 318.3977355957031, 164.80508422851562]]

Step 29:
  Date/Day: 30
  Action: [[-0.5731086730957031, 1.0, -1.0, 1.0, 1.0, 1.0, 1.0, 1.0, 1.0, 1.0, -1.0, -1.0, -1.0, -1.0, 1.0, -1.0, -1.0, -1.0, -1.0, -1.0, -1.0, 1.0, -1.0, -1.0, 1.0, -1.0, 1.0, -1.0, 0.5090981721878052]]
  Reward: -0.7297555208206177
  Account Value: None
  Done: False
  Policy Mean: [[-0.5731086730957031, 14.694664001464844, -2.0013718605041504, 6.798263072967529, 6.577783584594727, 4.454129695892334, 3.998211145401001, 4.662607669830322, 16.217653274536133, 11.73669147491455, -10.458110809326172, -6.5498480796813965, -7.458600997924805, -17.147720336914062, 3.387634038925171, -4.951418876647949, -13.686202049255371, -5.201574802398682, -13.925405502319336, -2.5939486026763916, -3.59010910987854, 1.349320888519287, -8.147350311279297, -5.589593410491943, 38.1327018737793, -2.0938446521759033, 1.8493010997772217, -9.43819808959961, 0.5090981721878052]]
  Policy Std: [[299.91778564453125, 239.42083740234375, 301.9099426269531, 427.91748046875, 610.9515380859375, 750.0004272460938, 426.6400146484375, 362.2680969238281, 338.62457275390625, 372.10198974609375, 393.6465148925781, 373.148193359375, 268.5321960449219, 438.2530822753906, 587.0374755859375, 298.7802734375, 609.5599975585938, 681.5208129882812, 451.80718994140625, 211.8937225341797, 553.2722778320312, 320.8408203125, 358.08868408203125, 293.706787109375, 82.67616271972656, 292.9808044433594, 567.3499145507812, 318.3977355957031, 164.80508422851562]]

Step 30:
  Date/Day: 31
  Action: [[-0.653033971786499, 1.0, -1.0, 1.0, 1.0, 1.0, 1.0, 1.0, 1.0, 1.0, -1.0, -1.0, -1.0, -1.0, 1.0, -1.0, -1.0, -1.0, -1.0, -1.0, -1.0, 1.0, -1.0, -1.0, 1.0, -1.0, 1.0, -1.0, 0.4939432144165039]]
  Reward: 0.267107218503952
  Account Value: None
  Done: False
  Policy Mean: [[-0.653033971786499, 14.28500747680664, -2.007324457168579, 6.417282581329346, 6.507985591888428, 4.322091579437256, 4.056637287139893, 4.617183208465576, 15.808802604675293, 11.384123802185059, -10.234115600585938, -6.543900012969971, -7.30886173248291, -16.852676391601562, 3.0570225715637207, -4.777667999267578, -13.419085502624512, -5.069079399108887, -13.587593078613281, -2.449645519256592, -3.4604427814483643, 1.4730479717254639, -8.060196876525879, -5.632720947265625, 37.49406051635742, -2.2542147636413574, 1.9266303777694702, -9.298222541809082, 0.4939432144165039]]
  Policy Std: [[299.91778564453125, 239.42083740234375, 301.9099426269531, 427.91748046875, 610.9515380859375, 750.0004272460938, 426.6400146484375, 362.2680969238281, 338.62457275390625, 372.10198974609375, 393.6465148925781, 373.148193359375, 268.5321960449219, 438.2530822753906, 587.0374755859375, 298.7802734375, 609.5599975585938, 681.5208129882812, 451.80718994140625, 211.8937225341797, 553.2722778320312, 320.8408203125, 358.08868408203125, 293.706787109375, 82.67616271972656, 292.9808044433594, 567.3499145507812, 318.3977355957031, 164.80508422851562]]

Step 31:
  Date/Day: 32
  Action: [[-0.6527736186981201, 1.0, -1.0, 1.0, 1.0, 1.0, 1.0, 1.0, 1.0, 1.0, -1.0, -1.0, -1.0, -1.0, 1.0, -1.0, -1.0, -1.0, -1.0, -1.0, -1.0, 1.0, -1.0, -1.0, 1.0, -1.0, 1.0, -1.0, 0.4941622018814087]]
  Reward: -0.28710222244262695
  Account Value: None
  Done: False
  Policy Mean: [[-0.6527736186981201, 14.28591537475586, -2.007359504699707, 6.418294906616211, 6.508276462554932, 4.322455883026123, 4.056378364562988, 4.617412567138672, 15.80980396270752, 11.384818077087402, -10.23478889465332, -6.544052600860596, -7.309133529663086, -16.85337257385254, 3.0578465461730957, -4.778049945831299, -13.419721603393555, -5.069348335266113, -13.58823299407959, -2.450049638748169, -3.4605343341827393, 1.472778558731079, -8.060307502746582, -5.632848739624023, 37.49552917480469, -2.2539520263671875, 1.92670738697052, -9.298516273498535, 0.4941622018814087]]
  Policy Std: [[299.91778564453125, 239.42083740234375, 301.9099426269531, 427.91748046875, 610.9515380859375, 750.0004272460938, 426.6400146484375, 362.2680969238281, 338.62457275390625, 372.10198974609375, 393.6465148925781, 373.148193359375, 268.5321960449219, 438.2530822753906, 587.0374755859375, 298.7802734375, 609.5599975585938, 681.5208129882812, 451.80718994140625, 211.8937225341797, 553.2722778320312, 320.8408203125, 358.08868408203125, 293.706787109375, 82.67616271972656, 292.9808044433594, 567.3499145507812, 318.3977355957031, 164.80508422851562]]

Step 32:
  Date/Day: 33
  Action: [[-0.6527736186981201, 1.0, -1.0, 1.0, 1.0, 1.0, 1.0, 1.0, 1.0, 1.0, -1.0, -1.0, -1.0, -1.0, 1.0, -1.0, -1.0, -1.0, -1.0, -1.0, -1.0, 1.0, -1.0, -1.0, 1.0, -1.0, 1.0, -1.0, 0.4941622018814087]]
  Reward: -0.20427769422531128
  Account Value: None
  Done: False
  Policy Mean: [[-0.6527736186981201, 14.28591537475586, -2.007359504699707, 6.418294906616211, 6.508276462554932, 4.322455883026123, 4.056378364562988, 4.617412567138672, 15.80980396270752, 11.384818077087402, -10.23478889465332, -6.544052600860596, -7.309133529663086, -16.85337257385254, 3.0578465461730957, -4.778049945831299, -13.419721603393555, -5.069348335266113, -13.58823299407959, -2.450049638748169, -3.4605343341827393, 1.472778558731079, -8.060307502746582, -5.632848739624023, 37.49552917480469, -2.2539520263671875, 1.92670738697052, -9.298516273498535, 0.4941622018814087]]
  Policy Std: [[299.91778564453125, 239.42083740234375, 301.9099426269531, 427.91748046875, 610.9515380859375, 750.0004272460938, 426.6400146484375, 362.2680969238281, 338.62457275390625, 372.10198974609375, 393.6465148925781, 373.148193359375, 268.5321960449219, 438.2530822753906, 587.0374755859375, 298.7802734375, 609.5599975585938, 681.5208129882812, 451.80718994140625, 211.8937225341797, 553.2722778320312, 320.8408203125, 358.08868408203125, 293.706787109375, 82.67616271972656, 292.9808044433594, 567.3499145507812, 318.3977355957031, 164.80508422851562]]

Step 33:
  Date/Day: 34
  Action: [[-0.6527736186981201, 1.0, -1.0, 1.0, 1.0, 1.0, 1.0, 1.0, 1.0, 1.0, -1.0, -1.0, -1.0, -1.0, 1.0, -1.0, -1.0, -1.0, -1.0, -1.0, -1.0, 1.0, -1.0, -1.0, 1.0, -1.0, 1.0, -1.0, 0.4941622018814087]]
  Reward: -0.33705809712409973
  Account Value: None
  Done: False
  Policy Mean: [[-0.6527736186981201, 14.28591537475586, -2.007359504699707, 6.418294906616211, 6.508276462554932, 4.322455883026123, 4.056378364562988, 4.617412567138672, 15.80980396270752, 11.384818077087402, -10.23478889465332, -6.544052600860596, -7.309133529663086, -16.85337257385254, 3.0578465461730957, -4.778049945831299, -13.419721603393555, -5.069348335266113, -13.58823299407959, -2.450049638748169, -3.4605343341827393, 1.472778558731079, -8.060307502746582, -5.632848739624023, 37.49552917480469, -2.2539520263671875, 1.92670738697052, -9.298516273498535, 0.4941622018814087]]
  Policy Std: [[299.91778564453125, 239.42083740234375, 301.9099426269531, 427.91748046875, 610.9515380859375, 750.0004272460938, 426.6400146484375, 362.2680969238281, 338.62457275390625, 372.10198974609375, 393.6465148925781, 373.148193359375, 268.5321960449219, 438.2530822753906, 587.0374755859375, 298.7802734375, 609.5599975585938, 681.5208129882812, 451.80718994140625, 211.8937225341797, 553.2722778320312, 320.8408203125, 358.08868408203125, 293.706787109375, 82.67616271972656, 292.9808044433594, 567.3499145507812, 318.3977355957031, 164.80508422851562]]

Step 34:
  Date/Day: 35
  Action: [[-0.652773380279541, 1.0, -1.0, 1.0, 1.0, 1.0, 1.0, 1.0, 1.0, 1.0, -1.0, -1.0, -1.0, -1.0, 1.0, -1.0, -1.0, -1.0, -1.0, -1.0, -1.0, 1.0, -1.0, -1.0, 1.0, -1.0, 1.0, -1.0, 0.49416226148605347]]
  Reward: -0.15181779861450195
  Account Value: None
  Done: False
  Policy Mean: [[-0.652773380279541, 14.28591537475586, -2.007359504699707, 6.418294906616211, 6.50827693939209, 4.322455883026123, 4.056378364562988, 4.617412567138672, 15.80980396270752, 11.384818077087402, -10.23478889465332, -6.544052600860596, -7.309133529663086, -16.853370666503906, 3.057846784591675, -4.778050422668457, -13.419722557067871, -5.069348335266113, -13.58823299407959, -2.450049877166748, -3.4605345726013184, 1.4727783203125, -8.060307502746582, -5.632848739624023, 37.49552917480469, -2.2539520263671875, 1.9267072677612305, -9.298517227172852, 0.49416226148605347]]
  Policy Std: [[299.91778564453125, 239.42083740234375, 301.9099426269531, 427.91748046875, 610.9515380859375, 750.0004272460938, 426.6400146484375, 362.2680969238281, 338.62457275390625, 372.10198974609375, 393.6465148925781, 373.148193359375, 268.5321960449219, 438.2530822753906, 587.0374755859375, 298.7802734375, 609.5599975585938, 681.5208129882812, 451.80718994140625, 211.8937225341797, 553.2722778320312, 320.8408203125, 358.08868408203125, 293.706787109375, 82.67616271972656, 292.9808044433594, 567.3499145507812, 318.3977355957031, 164.80508422851562]]

Step 35:
  Date/Day: 36
  Action: [[-0.6303542852401733, 1.0, -1.0, 1.0, 1.0, 1.0, 1.0, 1.0, 1.0, 1.0, -1.0, -1.0, -1.0, -1.0, 1.0, -1.0, -1.0, -1.0, -1.0, -1.0, -1.0, 1.0, -1.0, -1.0, 1.0, -1.0, 1.0, -1.0, 0.5008170008659363]]
  Reward: -0.05574972182512283
  Account Value: None
  Done: False
  Policy Mean: [[-0.6303542852401733, 14.390347480773926, -1.9979716539382935, 6.481765270233154, 6.524813175201416, 4.35447883605957, 4.061305522918701, 4.624748706817627, 15.901579856872559, 11.46373462677002, -10.256607055664062, -6.561136245727539, -7.330959320068359, -16.950857162475586, 3.1260645389556885, -4.840814590454102, -13.453779220581055, -5.107326030731201, -13.650741577148438, -2.459588050842285, -3.5314431190490723, 1.440226674079895, -8.08417797088623, -5.60283088684082, 37.676090240478516, -2.234405279159546, 1.9185184240341187, -9.372065544128418, 0.5008170008659363]]
  Policy Std: [[299.91778564453125, 239.42083740234375, 301.9099426269531, 427.91748046875, 610.9515380859375, 750.0004272460938, 426.6400146484375, 362.2680969238281, 338.62457275390625, 372.10198974609375, 393.6465148925781, 373.148193359375, 268.5321960449219, 438.2530822753906, 587.0374755859375, 298.7802734375, 609.5599975585938, 681.5208129882812, 451.80718994140625, 211.8937225341797, 553.2722778320312, 320.8408203125, 358.08868408203125, 293.706787109375, 82.67616271972656, 292.9808044433594, 567.3499145507812, 318.3977355957031, 164.80508422851562]]

Step 36:
  Date/Day: 37
  Action: [[-0.6298799514770508, 1.0, -1.0, 1.0, 1.0, 1.0, 1.0, 1.0, 1.0, 1.0, -1.0, -1.0, -1.0, -1.0, 1.0, -1.0, -1.0, -1.0, -1.0, -1.0, -1.0, 1.0, -1.0, -1.0, 1.0, -1.0, 1.0, -1.0, 0.5007947683334351]]
  Reward: 0.875830352306366
  Account Value: None
  Done: False
  Policy Mean: [[-0.6298799514770508, 14.391982078552246, -1.9978827238082886, 6.482957363128662, 6.524704933166504, 4.354557514190674, 4.061113357543945, 4.624668121337891, 15.90240478515625, 11.465014457702637, -10.256217002868652, -6.561071872711182, -7.330785751342773, -16.951812744140625, 3.127676010131836, -4.841912746429443, -13.453635215759277, -5.108076572418213, -13.651021957397461, -2.459846019744873, -3.533149242401123, 1.4395322799682617, -8.084169387817383, -5.601592063903809, 37.67757034301758, -2.2338356971740723, 1.9178613424301147, -9.373420715332031, 0.5007947683334351]]
  Policy Std: [[299.91778564453125, 239.42083740234375, 301.9099426269531, 427.91748046875, 610.9515380859375, 750.0004272460938, 426.6400146484375, 362.2680969238281, 338.62457275390625, 372.10198974609375, 393.6465148925781, 373.148193359375, 268.5321960449219, 438.2530822753906, 587.0374755859375, 298.7802734375, 609.5599975585938, 681.5208129882812, 451.80718994140625, 211.8937225341797, 553.2722778320312, 320.8408203125, 358.08868408203125, 293.706787109375, 82.67616271972656, 292.9808044433594, 567.3499145507812, 318.3977355957031, 164.80508422851562]]

Step 37:
  Date/Day: 38
  Action: [[-0.6409494280815125, 1.0, -1.0, 1.0, 1.0, 1.0, 1.0, 1.0, 1.0, 1.0, -1.0, -1.0, -1.0, -1.0, 1.0, -1.0, -1.0, -1.0, -1.0, -1.0, -1.0, 1.0, -1.0, -1.0, 1.0, -1.0, 1.0, -1.0, 0.4992203116416931]]
  Reward: 0.9017902612686157
  Account Value: None
  Done: False
  Policy Mean: [[-0.6409494280815125, 14.343345642089844, -2.0017991065979004, 6.451480388641357, 6.521058082580566, 4.3432841300964355, 4.061456680297852, 4.623663902282715, 15.8656644821167, 11.426786422729492, -10.253067016601562, -6.55656623840332, -7.325921535491943, -16.911640167236328, 3.0903360843658447, -4.811284065246582, -13.443985939025879, -5.0885467529296875, -13.628228187561035, -2.4544339179992676, -3.494380474090576, 1.456955909729004, -8.076726913452148, -5.623411655426025, 37.606346130371094, -2.246115207672119, 1.9270824193954468, -9.336996078491211, 0.4992203116416931]]
  Policy Std: [[299.91778564453125, 239.42083740234375, 301.9099426269531, 427.91748046875, 610.9515380859375, 750.0004272460938, 426.6400146484375, 362.2680969238281, 338.62457275390625, 372.10198974609375, 393.6465148925781, 373.148193359375, 268.5321960449219, 438.2530822753906, 587.0374755859375, 298.7802734375, 609.5599975585938, 681.5208129882812, 451.80718994140625, 211.8937225341797, 553.2722778320312, 320.8408203125, 358.08868408203125, 293.706787109375, 82.67616271972656, 292.9808044433594, 567.3499145507812, 318.3977355957031, 164.80508422851562]]

Step 38:
  Date/Day: 39
  Action: [[-0.6298982501029968, 1.0, -1.0, 1.0, 1.0, 1.0, 1.0, 1.0, 1.0, 1.0, -1.0, -1.0, -1.0, -1.0, 1.0, -1.0, -1.0, -1.0, -1.0, -1.0, -1.0, 1.0, -1.0, -1.0, 1.0, -1.0, 1.0, -1.0, 0.5007957816123962]]
  Reward: 3.1061370372772217
  Account Value: None
  Done: False
  Policy Mean: [[-0.6298982501029968, 14.391919136047363, -1.997885823249817, 6.482911586761475, 6.524709701538086, 4.354554653167725, 4.061120986938477, 4.624671459197998, 15.902375221252441, 11.4649658203125, -10.256233215332031, -6.561074733734131, -7.3307929039001465, -16.951778411865234, 3.1276142597198486, -4.84187126159668, -13.453641891479492, -5.108048439025879, -13.651013374328613, -2.459836006164551, -3.533083438873291, 1.4395588636398315, -8.0841703414917, -5.601639747619629, 37.67751693725586, -2.2338576316833496, 1.9178870916366577, -9.373370170593262, 0.5007957816123962]]
  Policy Std: [[299.91778564453125, 239.42083740234375, 301.9099426269531, 427.91748046875, 610.9515380859375, 750.0004272460938, 426.6400146484375, 362.2680969238281, 338.62457275390625, 372.10198974609375, 393.6465148925781, 373.148193359375, 268.5321960449219, 438.2530822753906, 587.0374755859375, 298.7802734375, 609.5599975585938, 681.5208129882812, 451.80718994140625, 211.8937225341797, 553.2722778320312, 320.8408203125, 358.08868408203125, 293.706787109375, 82.67616271972656, 292.9808044433594, 567.3499145507812, 318.3977355957031, 164.80508422851562]]

Step 39:
  Date/Day: 40
  Action: [[-0.6295571327209473, 1.0, -1.0, 1.0, 1.0, 1.0, 1.0, 1.0, 1.0, 1.0, -1.0, -1.0, -1.0, -1.0, 1.0, -1.0, -1.0, -1.0, -1.0, -1.0, -1.0, 1.0, -1.0, -1.0, 1.0, -1.0, 1.0, -1.0, 0.46022558212280273]]
  Reward: 1.3529958724975586
  Account Value: None
  Done: False
  Policy Mean: [[-0.6295571327209473, 14.393861770629883, -1.934430480003357, 6.568904876708984, 6.491353988647461, 4.376780033111572, 4.068386077880859, 4.578408241271973, 15.872881889343262, 11.524775505065918, -10.30391788482666, -6.499622344970703, -7.364330768585205, -16.84185791015625, 3.0607376098632812, -4.8298444747924805, -13.485209465026855, -5.128590106964111, -13.73996353149414, -2.498013973236084, -3.573410749435425, 1.3871614933013916, -8.037786483764648, -5.597190856933594, 37.553768157958984, -2.1862077713012695, 1.9063576459884644, -9.226521492004395, 0.46022558212280273]]
  Policy Std: [[299.91778564453125, 239.42083740234375, 301.9099426269531, 427.91748046875, 610.9515380859375, 750.0004272460938, 426.6400146484375, 362.2680969238281, 338.62457275390625, 372.10198974609375, 393.6465148925781, 373.148193359375, 268.5321960449219, 438.2530822753906, 587.0374755859375, 298.7802734375, 609.5599975585938, 681.5208129882812, 451.80718994140625, 211.8937225341797, 553.2722778320312, 320.8408203125, 358.08868408203125, 293.706787109375, 82.67616271972656, 292.9808044433594, 567.3499145507812, 318.3977355957031, 164.80508422851562]]

Step 40:
  Date/Day: 41
  Action: [[-0.6228737831115723, 1.0, -1.0, 1.0, 1.0, 1.0, 1.0, 1.0, 1.0, 1.0, -1.0, -1.0, -1.0, -1.0, 1.0, -1.0, -1.0, -1.0, -1.0, -1.0, -1.0, 1.0, -1.0, -1.0, 1.0, -1.0, 1.0, -1.0, 0.4609379172325134]]
  Reward: 0.24612382054328918
  Account Value: None
  Done: False
  Policy Mean: [[-0.6228737831115723, 14.431690216064453, -1.9422730207443237, 6.551425933837891, 6.493295669555664, 4.386096000671387, 4.08032751083374, 4.582557201385498, 15.916155815124512, 11.542468070983887, -10.291238784790039, -6.5121870040893555, -7.371928691864014, -16.907567977905273, 3.0991437435150146, -4.849609375, -13.471006393432617, -5.132350921630859, -13.751347541809082, -2.4835195541381836, -3.5918009281158447, 1.3792564868927002, -8.05976676940918, -5.577699661254883, 37.64493942260742, -2.17319393157959, 1.897584080696106, -9.278984069824219, 0.4609379172325134]]
  Policy Std: [[299.91778564453125, 239.42083740234375, 301.9099426269531, 427.91748046875, 610.9515380859375, 750.0004272460938, 426.6400146484375, 362.2680969238281, 338.62457275390625, 372.10198974609375, 393.6465148925781, 373.148193359375, 268.5321960449219, 438.2530822753906, 587.0374755859375, 298.7802734375, 609.5599975585938, 681.5208129882812, 451.80718994140625, 211.8937225341797, 553.2722778320312, 320.8408203125, 358.08868408203125, 293.706787109375, 82.67616271972656, 292.9808044433594, 567.3499145507812, 318.3977355957031, 164.80508422851562]]

Step 41:
  Date/Day: 42
  Action: [[-0.622567892074585, 1.0, -1.0, 1.0, 1.0, 1.0, 1.0, 1.0, 1.0, 1.0, -1.0, -1.0, -1.0, -1.0, 1.0, -1.0, -1.0, -1.0, -1.0, -1.0, -1.0, 1.0, -1.0, -1.0, 1.0, -1.0, 1.0, -1.0, 0.4611576199531555]]
  Reward: -0.7589818835258484
  Account Value: None
  Done: False
  Policy Mean: [[-0.622567892074585, 14.432655334472656, -1.9422179460525513, 6.552606582641602, 6.493610858917236, 4.3864593505859375, 4.080013275146484, 4.58281946182251, 15.917195320129395, 11.54318618774414, -10.291921615600586, -6.5122857093811035, -7.37226676940918, -16.908218383789062, 3.099968194961548, -4.850048065185547, -13.471771240234375, -5.132652282714844, -13.752052307128906, -2.4840071201324463, -3.591925859451294, 1.3789668083190918, -8.059881210327148, -5.577846050262451, 37.646453857421875, -2.1729400157928467, 1.8976236581802368, -9.279240608215332, 0.4611576199531555]]
  Policy Std: [[299.91778564453125, 239.42083740234375, 301.9099426269531, 427.91748046875, 610.9515380859375, 750.0004272460938, 426.6400146484375, 362.2680969238281, 338.62457275390625, 372.10198974609375, 393.6465148925781, 373.148193359375, 268.5321960449219, 438.2530822753906, 587.0374755859375, 298.7802734375, 609.5599975585938, 681.5208129882812, 451.80718994140625, 211.8937225341797, 553.2722778320312, 320.8408203125, 358.08868408203125, 293.706787109375, 82.67616271972656, 292.9808044433594, 567.3499145507812, 318.3977355957031, 164.80508422851562]]

Step 42:
  Date/Day: 43
  Action: [[-0.6228737831115723, 1.0, -1.0, 1.0, 1.0, 1.0, 1.0, 1.0, 1.0, 1.0, -1.0, -1.0, -1.0, -1.0, 1.0, -1.0, -1.0, -1.0, -1.0, -1.0, -1.0, 1.0, -1.0, -1.0, 1.0, -1.0, 1.0, -1.0, 0.4609379172325134]]
  Reward: 1.0360749959945679
  Account Value: None
  Done: False
  Policy Mean: [[-0.6228737831115723, 14.431690216064453, -1.9422730207443237, 6.551425933837891, 6.493295669555664, 4.386096000671387, 4.08032751083374, 4.582557201385498, 15.916155815124512, 11.542468070983887, -10.291238784790039, -6.5121870040893555, -7.371928691864014, -16.907567977905273, 3.0991437435150146, -4.849609375, -13.471006393432617, -5.132350921630859, -13.751347541809082, -2.4835195541381836, -3.5918009281158447, 1.3792564868927002, -8.05976676940918, -5.577699661254883, 37.64493942260742, -2.17319393157959, 1.897584080696106, -9.278984069824219, 0.4609379172325134]]
  Policy Std: [[299.91778564453125, 239.42083740234375, 301.9099426269531, 427.91748046875, 610.9515380859375, 750.0004272460938, 426.6400146484375, 362.2680969238281, 338.62457275390625, 372.10198974609375, 393.6465148925781, 373.148193359375, 268.5321960449219, 438.2530822753906, 587.0374755859375, 298.7802734375, 609.5599975585938, 681.5208129882812, 451.80718994140625, 211.8937225341797, 553.2722778320312, 320.8408203125, 358.08868408203125, 293.706787109375, 82.67616271972656, 292.9808044433594, 567.3499145507812, 318.3977355957031, 164.80508422851562]]

Step 43:
  Date/Day: 44
  Action: [[-0.6228737831115723, 1.0, -1.0, 1.0, 1.0, 1.0, 1.0, 1.0, 1.0, 1.0, -1.0, -1.0, -1.0, -1.0, 1.0, -1.0, -1.0, -1.0, -1.0, -1.0, -1.0, 1.0, -1.0, -1.0, 1.0, -1.0, 1.0, -1.0, 0.4609379768371582]]
  Reward: 1.4647895097732544
  Account Value: None
  Done: False
  Policy Mean: [[-0.6228737831115723, 14.431690216064453, -1.9422730207443237, 6.551426410675049, 6.493295669555664, 4.386096000671387, 4.08032751083374, 4.582557201385498, 15.916157722473145, 11.542468070983887, -10.291238784790039, -6.5121870040893555, -7.371928691864014, -16.907567977905273, 3.099144220352173, -4.849609375, -13.471006393432617, -5.132350921630859, -13.751348495483398, -2.4835195541381836, -3.5918009281158447, 1.3792564868927002, -8.05976676940918, -5.577699661254883, 37.64493942260742, -2.1731936931610107, 1.897584080696106, -9.278984069824219, 0.4609379768371582]]
  Policy Std: [[299.91778564453125, 239.42083740234375, 301.9099426269531, 427.91748046875, 610.9515380859375, 750.0004272460938, 426.6400146484375, 362.2680969238281, 338.62457275390625, 372.10198974609375, 393.6465148925781, 373.148193359375, 268.5321960449219, 438.2530822753906, 587.0374755859375, 298.7802734375, 609.5599975585938, 681.5208129882812, 451.80718994140625, 211.8937225341797, 553.2722778320312, 320.8408203125, 358.08868408203125, 293.706787109375, 82.67616271972656, 292.9808044433594, 567.3499145507812, 318.3977355957031, 164.80508422851562]]

Step 44:
  Date/Day: 45
  Action: [[-0.42246952652931213, 1.0, -1.0, 1.0, 1.0, 1.0, 1.0, 1.0, 1.0, 1.0, -1.0, -1.0, -1.0, -1.0, 1.0, -1.0, -1.0, -1.0, -1.0, -1.0, -1.0, 1.0, -1.0, -1.0, 1.0, -1.0, 1.0, -1.0, 0.6383436322212219]]
  Reward: -2.656038284301758
  Account Value: None
  Done: False
  Policy Mean: [[-0.42246952652931213, 15.18632698059082, -1.8771942853927612, 7.521055698394775, 6.78604793548584, 4.661706447601318, 3.8351967334747314, 4.767211437225342, 16.728357315063477, 12.121864318847656, -10.853519439697266, -6.596322536468506, -7.628452777862549, -17.40146827697754, 3.662245988845825, -5.22133731842041, -14.122504234313965, -5.366708278656006, -14.346405029296875, -2.8737151622772217, -3.762355089187622, 1.201580286026001, -8.166080474853516, -5.668210983276367, 38.87159729003906, -2.0166332721710205, 1.95254385471344, -9.45651912689209, 0.6383436322212219]]
  Policy Std: [[299.91778564453125, 239.42083740234375, 301.9099426269531, 427.91748046875, 610.9515380859375, 750.0004272460938, 426.6400146484375, 362.2680969238281, 338.62457275390625, 372.10198974609375, 393.6465148925781, 373.148193359375, 268.5321960449219, 438.2530822753906, 587.0374755859375, 298.7802734375, 609.5599975585938, 681.5208129882812, 451.80718994140625, 211.8937225341797, 553.2722778320312, 320.8408203125, 358.08868408203125, 293.706787109375, 82.67616271972656, 292.9808044433594, 567.3499145507812, 318.3977355957031, 164.80508422851562]]

Step 45:
  Date/Day: 46
  Action: [[-0.5950288772583008, 1.0, -1.0, 1.0, 1.0, 1.0, 1.0, 1.0, 1.0, 1.0, -1.0, -1.0, -1.0, -1.0, 1.0, -1.0, -1.0, -1.0, -1.0, -1.0, -1.0, 1.0, -1.0, -1.0, 1.0, -1.0, 1.0, -1.0, 0.4823493957519531]]
  Reward: -0.7282954454421997
  Account Value: None
  Done: False
  Policy Mean: [[-0.5950288772583008, 14.622729301452637, -1.9173744916915894, 6.850921630859375, 6.603240966796875, 4.453897953033447, 4.025077819824219, 4.62776517868042, 16.155792236328125, 11.711230278015137, -10.485193252563477, -6.523832321166992, -7.480075836181641, -16.99651336669922, 3.177532434463501, -4.932899475097656, -13.694037437438965, -5.186200141906738, -13.982006072998047, -2.611481189727783, -3.636019468307495, 1.3771564960479736, -8.107234954833984, -5.634088516235352, 37.9919319152832, -2.1494102478027344, 1.9008827209472656, -9.2503662109375, 0.4823493957519531]]
  Policy Std: [[299.91778564453125, 239.42083740234375, 301.9099426269531, 427.91748046875, 610.9515380859375, 750.0004272460938, 426.6400146484375, 362.2680969238281, 338.62457275390625, 372.10198974609375, 393.6465148925781, 373.148193359375, 268.5321960449219, 438.2530822753906, 587.0374755859375, 298.7802734375, 609.5599975585938, 681.5208129882812, 451.80718994140625, 211.8937225341797, 553.2722778320312, 320.8408203125, 358.08868408203125, 293.706787109375, 82.67616271972656, 292.9808044433594, 567.3499145507812, 318.3977355957031, 164.80508422851562]]

Step 46:
  Date/Day: 47
  Action: [[-0.6228737831115723, 1.0, -1.0, 1.0, 1.0, 1.0, 1.0, 1.0, 1.0, 1.0, -1.0, -1.0, -1.0, -1.0, 1.0, -1.0, -1.0, -1.0, -1.0, -1.0, -1.0, 1.0, -1.0, -1.0, 1.0, -1.0, 1.0, -1.0, 0.4609379172325134]]
  Reward: -2.7661216259002686
  Account Value: None
  Done: False
  Policy Mean: [[-0.6228737831115723, 14.431690216064453, -1.9422730207443237, 6.551425933837891, 6.493295669555664, 4.386096000671387, 4.08032751083374, 4.582557201385498, 15.916155815124512, 11.542468070983887, -10.291238784790039, -6.5121870040893555, -7.371928691864014, -16.907567977905273, 3.0991437435150146, -4.849609375, -13.471006393432617, -5.132350921630859, -13.751347541809082, -2.4835195541381836, -3.5918009281158447, 1.3792564868927002, -8.05976676940918, -5.577699661254883, 37.64493942260742, -2.17319393157959, 1.897584080696106, -9.278984069824219, 0.4609379172325134]]
  Policy Std: [[299.91778564453125, 239.42083740234375, 301.9099426269531, 427.91748046875, 610.9515380859375, 750.0004272460938, 426.6400146484375, 362.2680969238281, 338.62457275390625, 372.10198974609375, 393.6465148925781, 373.148193359375, 268.5321960449219, 438.2530822753906, 587.0374755859375, 298.7802734375, 609.5599975585938, 681.5208129882812, 451.80718994140625, 211.8937225341797, 553.2722778320312, 320.8408203125, 358.08868408203125, 293.706787109375, 82.67616271972656, 292.9808044433594, 567.3499145507812, 318.3977355957031, 164.80508422851562]]

Step 47:
  Date/Day: 48
  Action: [[-0.6228737831115723, 1.0, -1.0, 1.0, 1.0, 1.0, 1.0, 1.0, 1.0, 1.0, -1.0, -1.0, -1.0, -1.0, 1.0, -1.0, -1.0, -1.0, -1.0, -1.0, -1.0, 1.0, -1.0, -1.0, 1.0, -1.0, 1.0, -1.0, 0.4609379172325134]]
  Reward: 1.4481682777404785
  Account Value: None
  Done: False
  Policy Mean: [[-0.6228737831115723, 14.431690216064453, -1.9422730207443237, 6.551425933837891, 6.493295669555664, 4.386096000671387, 4.08032751083374, 4.582557201385498, 15.916155815124512, 11.542468070983887, -10.291238784790039, -6.5121870040893555, -7.371928691864014, -16.907567977905273, 3.0991437435150146, -4.849609375, -13.471006393432617, -5.132350921630859, -13.751347541809082, -2.4835195541381836, -3.5918009281158447, 1.3792564868927002, -8.05976676940918, -5.577699661254883, 37.64493942260742, -2.17319393157959, 1.897584080696106, -9.278984069824219, 0.4609379172325134]]
  Policy Std: [[299.91778564453125, 239.42083740234375, 301.9099426269531, 427.91748046875, 610.9515380859375, 750.0004272460938, 426.6400146484375, 362.2680969238281, 338.62457275390625, 372.10198974609375, 393.6465148925781, 373.148193359375, 268.5321960449219, 438.2530822753906, 587.0374755859375, 298.7802734375, 609.5599975585938, 681.5208129882812, 451.80718994140625, 211.8937225341797, 553.2722778320312, 320.8408203125, 358.08868408203125, 293.706787109375, 82.67616271972656, 292.9808044433594, 567.3499145507812, 318.3977355957031, 164.80508422851562]]

Step 48:
  Date/Day: 49
  Action: [[-0.6239199638366699, 1.0, -1.0, 1.0, 1.0, 1.0, 1.0, 1.0, 1.0, 1.0, -1.0, -1.0, -1.0, -1.0, 1.0, -1.0, -1.0, -1.0, -1.0, -1.0, -1.0, 1.0, -1.0, -1.0, 1.0, -1.0, 1.0, -1.0, 0.46218061447143555]]
  Reward: -1.7689753770828247
  Account Value: None
  Done: False
  Policy Mean: [[-0.6239199638366699, 14.433408737182617, -1.944586992263794, 6.5515265464782715, 6.496044158935547, 4.386950492858887, 4.07996940612793, 4.584751605987549, 15.919814109802246, 11.543278694152832, -10.292635917663574, -6.515181064605713, -7.37190055847168, -16.912246704101562, 3.1010587215423584, -4.850702285766602, -13.47321605682373, -5.132466793060303, -13.75109577178955, -2.483196973800659, -3.590120553970337, 1.3816070556640625, -8.062164306640625, -5.579716682434082, 37.654090881347656, -2.1751251220703125, 1.8988834619522095, -9.283303260803223, 0.46218061447143555]]
  Policy Std: [[299.91778564453125, 239.42083740234375, 301.9099426269531, 427.91748046875, 610.9515380859375, 750.0004272460938, 426.6400146484375, 362.2680969238281, 338.62457275390625, 372.10198974609375, 393.6465148925781, 373.148193359375, 268.5321960449219, 438.2530822753906, 587.0374755859375, 298.7802734375, 609.5599975585938, 681.5208129882812, 451.80718994140625, 211.8937225341797, 553.2722778320312, 320.8408203125, 358.08868408203125, 293.706787109375, 82.67616271972656, 292.9808044433594, 567.3499145507812, 318.3977355957031, 164.80508422851562]]

Step 49:
  Date/Day: 50
  Action: [[-0.6228750944137573, 1.0, -1.0, 1.0, 1.0, 1.0, 1.0, 1.0, 1.0, 1.0, -1.0, -1.0, -1.0, -1.0, 1.0, -1.0, -1.0, -1.0, -1.0, -1.0, -1.0, 1.0, -1.0, -1.0, 1.0, -1.0, 1.0, -1.0, 0.46093934774398804]]
  Reward: 0.07799915224313736
  Account Value: None
  Done: False
  Policy Mean: [[-0.6228750944137573, 14.431693077087402, -1.9422757625579834, 6.551425933837891, 6.493298530578613, 4.386097431182861, 4.080327033996582, 4.582559585571289, 15.916160583496094, 11.54246997833252, -10.291239738464355, -6.512190818786621, -7.371929168701172, -16.907573699951172, 3.0991461277008057, -4.849610328674316, -13.471009254455566, -5.132350921630859, -13.751348495483398, -2.4835190773010254, -3.591798782348633, 1.3792591094970703, -8.059769630432129, -5.577702045440674, 37.64494705200195, -2.1731958389282227, 1.8975856304168701, -9.2789888381958, 0.46093934774398804]]
  Policy Std: [[299.91778564453125, 239.42083740234375, 301.9099426269531, 427.91748046875, 610.9515380859375, 750.0004272460938, 426.6400146484375, 362.2680969238281, 338.62457275390625, 372.10198974609375, 393.6465148925781, 373.148193359375, 268.5321960449219, 438.2530822753906, 587.0374755859375, 298.7802734375, 609.5599975585938, 681.5208129882812, 451.80718994140625, 211.8937225341797, 553.2722778320312, 320.8408203125, 358.08868408203125, 293.706787109375, 82.67616271972656, 292.9808044433594, 567.3499145507812, 318.3977355957031, 164.80508422851562]]

Step 50:
  Date/Day: 51
  Action: [[-0.6229516267776489, 1.0, -1.0, 1.0, 1.0, 1.0, 1.0, 1.0, 1.0, 1.0, -1.0, -1.0, -1.0, -1.0, 1.0, -1.0, -1.0, -1.0, -1.0, -1.0, -1.0, 1.0, -1.0, -1.0, 1.0, -1.0, 1.0, -1.0, 0.4610276222229004]]
  Reward: 1.178263783454895
  Account Value: None
  Done: False
  Policy Mean: [[-0.6229516267776489, 14.431821823120117, -1.942441701889038, 6.551438808441162, 6.493498802185059, 4.386161804199219, 4.0803022384643555, 4.582717418670654, 15.91642951965332, 11.542534828186035, -10.291345596313477, -6.512406349182129, -7.371930122375488, -16.907913208007812, 3.0992848873138428, -4.849691390991211, -13.471171379089355, -5.13236141204834, -13.751337051391602, -2.483497381210327, -3.591679811477661, 1.379427433013916, -8.059943199157715, -5.577848434448242, 37.6456184387207, -2.173333168029785, 1.897679328918457, -9.279298782348633, 0.4610276222229004]]
  Policy Std: [[299.91778564453125, 239.42083740234375, 301.9099426269531, 427.91748046875, 610.9515380859375, 750.0004272460938, 426.6400146484375, 362.2680969238281, 338.62457275390625, 372.10198974609375, 393.6465148925781, 373.148193359375, 268.5321960449219, 438.2530822753906, 587.0374755859375, 298.7802734375, 609.5599975585938, 681.5208129882812, 451.80718994140625, 211.8937225341797, 553.2722778320312, 320.8408203125, 358.08868408203125, 293.706787109375, 82.67616271972656, 292.9808044433594, 567.3499145507812, 318.3977355957031, 164.80508422851562]]

Step 51:
  Date/Day: 52
  Action: [[-0.6268115639686584, 1.0, -1.0, 1.0, 1.0, 1.0, 1.0, 1.0, 1.0, 1.0, -1.0, -1.0, -1.0, -1.0, 1.0, -1.0, -1.0, -1.0, -1.0, -1.0, -1.0, 1.0, -1.0, -1.0, 1.0, -1.0, 1.0, -1.0, 0.4661310315132141]]
  Reward: -0.1892220377922058
  Account Value: None
  Done: False
  Policy Mean: [[-0.6268115639686584, 14.437448501586914, -1.9516206979751587, 6.550770282745361, 6.503894805908203, 4.388802528381348, 4.078733444213867, 4.59127950668335, 15.929458618164062, 11.54430866241455, -10.295897483825684, -6.52396821975708, -7.371213912963867, -16.925508499145508, 3.1066157817840576, -4.853538990020752, -13.478899955749512, -5.1324310302734375, -13.748948097229004, -2.4819769859313965, -3.584737539291382, 1.3887836933135986, -8.06895637512207, -5.585511684417725, 37.67919921875, -2.1812238693237305, 1.902715802192688, -9.296317100524902, 0.4661310315132141]]
  Policy Std: [[299.91778564453125, 239.42083740234375, 301.9099426269531, 427.91748046875, 610.9515380859375, 750.0004272460938, 426.6400146484375, 362.2680969238281, 338.62457275390625, 372.10198974609375, 393.6465148925781, 373.148193359375, 268.5321960449219, 438.2530822753906, 587.0374755859375, 298.7802734375, 609.5599975585938, 681.5208129882812, 451.80718994140625, 211.8937225341797, 553.2722778320312, 320.8408203125, 358.08868408203125, 293.706787109375, 82.67616271972656, 292.9808044433594, 567.3499145507812, 318.3977355957031, 164.80508422851562]]

Step 52:
  Date/Day: 53
  Action: [[-0.632343590259552, 1.0, -1.0, 1.0, 1.0, 1.0, 1.0, 1.0, 1.0, 1.0, -1.0, -1.0, -1.0, -1.0, 1.0, -1.0, -1.0, -1.0, -1.0, -1.0, -1.0, 1.0, -1.0, -1.0, 1.0, -1.0, 1.0, -1.0, 0.4893146753311157]]
  Reward: 0.3654632270336151
  Account Value: None
  Done: False
  Policy Mean: [[-0.632343590259552, 14.420846939086914, -1.9847815036773682, 6.515707969665527, 6.525700569152832, 4.374805927276611, 4.068392276763916, 4.617472171783447, 15.93024730682373, 11.506421089172363, -10.281192779541016, -6.555465221405029, -7.350177764892578, -16.958370208740234, 3.1249756813049316, -4.852015018463135, -13.474676132202148, -5.120423793792725, -13.697376251220703, -2.469078540802002, -3.551215887069702, 1.4241410493850708, -8.08637809753418, -5.602237701416016, 37.715553283691406, -2.2163777351379395, 1.9162794351577759, -9.35367488861084, 0.4893146753311157]]
  Policy Std: [[299.91778564453125, 239.42083740234375, 301.9099426269531, 427.91748046875, 610.9515380859375, 750.0004272460938, 426.6400146484375, 362.2680969238281, 338.62457275390625, 372.10198974609375, 393.6465148925781, 373.148193359375, 268.5321960449219, 438.2530822753906, 587.0374755859375, 298.7802734375, 609.5599975585938, 681.5208129882812, 451.80718994140625, 211.8937225341797, 553.2722778320312, 320.8408203125, 358.08868408203125, 293.706787109375, 82.67616271972656, 292.9808044433594, 567.3499145507812, 318.3977355957031, 164.80508422851562]]

Step 53:
  Date/Day: 54
  Action: [[-0.5631319284439087, 1.0, -1.0, 1.0, 1.0, 1.0, 1.0, 1.0, 1.0, 1.0, -1.0, -1.0, -1.0, -1.0, 1.0, -1.0, -1.0, -1.0, -1.0, -1.0, -1.0, 1.0, -1.0, -1.0, 1.0, -1.0, 1.0, -1.0, 0.5398976802825928]]
  Reward: -0.6850489377975464
  Account Value: None
  Done: False
  Policy Mean: [[-0.5631319284439087, 14.854933738708496, -1.961394190788269, 7.007700443267822, 6.695167541503906, 4.476422309875488, 3.9926328659057617, 4.6953911781311035, 16.353710174560547, 11.825257301330566, -10.589483261108398, -6.591348171234131, -7.522597312927246, -17.204662322998047, 3.3436594009399414, -5.0270161628723145, -13.855206489562988, -5.230235576629639, -14.083700180053711, -2.6766128540039062, -3.694321632385254, 1.3969124555587769, -8.208039283752441, -5.614107608795166, 38.423133850097656, -2.160032272338867, 1.8708614110946655, -9.424260139465332, 0.5398976802825928]]
  Policy Std: [[299.91778564453125, 239.42083740234375, 301.9099426269531, 427.91748046875, 610.9515380859375, 750.0004272460938, 426.6400146484375, 362.2680969238281, 338.62457275390625, 372.10198974609375, 393.6465148925781, 373.148193359375, 268.5321960449219, 438.2530822753906, 587.0374755859375, 298.7802734375, 609.5599975585938, 681.5208129882812, 451.80718994140625, 211.8937225341797, 553.2722778320312, 320.8408203125, 358.08868408203125, 293.706787109375, 82.67616271972656, 292.9808044433594, 567.3499145507812, 318.3977355957031, 164.80508422851562]]

Step 54:
  Date/Day: 55
  Action: [[-0.5631318092346191, 1.0, -1.0, 1.0, 1.0, 1.0, 1.0, 1.0, 1.0, 1.0, -1.0, -1.0, -1.0, -1.0, 1.0, -1.0, -1.0, -1.0, -1.0, -1.0, -1.0, 1.0, -1.0, -1.0, 1.0, -1.0, 1.0, -1.0, 0.5398977994918823]]
  Reward: -0.4759059548377991
  Account Value: None
  Done: False
  Policy Mean: [[-0.5631318092346191, 14.854935646057129, -1.9613940715789795, 7.007701396942139, 6.695167541503906, 4.47642183303833, 3.9926326274871826, 4.69539213180542, 16.353710174560547, 11.825257301330566, -10.589484214782715, -6.591348171234131, -7.522597312927246, -17.204662322998047, 3.3436598777770996, -5.027016639709473, -13.855207443237305, -5.230236053466797, -14.083701133728027, -2.6766130924224854, -3.694321870803833, 1.3969123363494873, -8.208040237426758, -5.614107131958008, 38.42313766479492, -2.160032033920288, 1.8708611726760864, -9.424260139465332, 0.5398977994918823]]
  Policy Std: [[299.91778564453125, 239.42083740234375, 301.9099426269531, 427.91748046875, 610.9515380859375, 750.0004272460938, 426.6400146484375, 362.2680969238281, 338.62457275390625, 372.10198974609375, 393.6465148925781, 373.148193359375, 268.5321960449219, 438.2530822753906, 587.0374755859375, 298.7802734375, 609.5599975585938, 681.5208129882812, 451.80718994140625, 211.8937225341797, 553.2722778320312, 320.8408203125, 358.08868408203125, 293.706787109375, 82.67616271972656, 292.9808044433594, 567.3499145507812, 318.3977355957031, 164.80508422851562]]

Step 55:
  Date/Day: 56
  Action: [[-0.563132107257843, 1.0, -1.0, 1.0, 1.0, 1.0, 1.0, 1.0, 1.0, 1.0, -1.0, -1.0, -1.0, -1.0, 1.0, -1.0, -1.0, -1.0, -1.0, -1.0, -1.0, 1.0, -1.0, -1.0, 1.0, -1.0, 1.0, -1.0, 0.539897620677948]]
  Reward: -1.7767609357833862
  Account Value: None
  Done: False
  Policy Mean: [[-0.563132107257843, 14.85493278503418, -1.961394190788269, 7.007699489593506, 6.695167064666748, 4.47642183303833, 3.992633104324341, 4.6953911781311035, 16.353710174560547, 11.825257301330566, -10.589483261108398, -6.591348648071289, -7.522597312927246, -17.204662322998047, 3.3436591625213623, -5.027015686035156, -13.855206489562988, -5.2302350997924805, -14.083699226379395, -2.676612377166748, -3.694321393966675, 1.3969125747680664, -8.208039283752441, -5.614108085632324, 38.423133850097656, -2.160032272338867, 1.870861291885376, -9.424260139465332, 0.539897620677948]]
  Policy Std: [[299.91778564453125, 239.42083740234375, 301.9099426269531, 427.91748046875, 610.9515380859375, 750.0004272460938, 426.6400146484375, 362.2680969238281, 338.62457275390625, 372.10198974609375, 393.6465148925781, 373.148193359375, 268.5321960449219, 438.2530822753906, 587.0374755859375, 298.7802734375, 609.5599975585938, 681.5208129882812, 451.80718994140625, 211.8937225341797, 553.2722778320312, 320.8408203125, 358.08868408203125, 293.706787109375, 82.67616271972656, 292.9808044433594, 567.3499145507812, 318.3977355957031, 164.80508422851562]]

Step 56:
  Date/Day: 57
  Action: [[-0.5129160284996033, 1.0, -1.0, 1.0, 1.0, 1.0, 1.0, 1.0, 1.0, 1.0, -1.0, -1.0, -1.0, -1.0, 1.0, -1.0, -1.0, -1.0, -1.0, -1.0, -1.0, 1.0, -1.0, -1.0, 1.0, -1.0, 1.0, -1.0, 0.5879912376403809]]
  Reward: 0.20607531070709229
  Account Value: None
  Done: False
  Policy Mean: [[-0.5129160284996033, 15.097168922424316, -1.965945839881897, 7.320861339569092, 6.746778964996338, 4.604583263397217, 3.8774020671844482, 4.758240222930908, 16.60776138305664, 12.074814796447754, -10.769025802612305, -6.618772983551025, -7.567256927490234, -17.37647247314453, 3.625227928161621, -5.175653457641602, -14.059550285339355, -5.3393096923828125, -14.218988418579102, -2.8025035858154297, -3.7162256240844727, 1.2623422145843506, -8.201020240783691, -5.619634628295898, 38.785491943359375, -2.051016330718994, 1.9131171703338623, -9.546866416931152, 0.5879912376403809]]
  Policy Std: [[299.91778564453125, 239.42083740234375, 301.9099426269531, 427.91748046875, 610.9515380859375, 750.0004272460938, 426.6400146484375, 362.2680969238281, 338.62457275390625, 372.10198974609375, 393.6465148925781, 373.148193359375, 268.5321960449219, 438.2530822753906, 587.0374755859375, 298.7802734375, 609.5599975585938, 681.5208129882812, 451.80718994140625, 211.8937225341797, 553.2722778320312, 320.8408203125, 358.08868408203125, 293.706787109375, 82.67616271972656, 292.9808044433594, 567.3499145507812, 318.3977355957031, 164.80508422851562]]

Step 57:
  Date/Day: 58
  Action: [[-0.5129160284996033, 1.0, -1.0, 1.0, 1.0, 1.0, 1.0, 1.0, 1.0, 1.0, -1.0, -1.0, -1.0, -1.0, 1.0, -1.0, -1.0, -1.0, -1.0, -1.0, -1.0, 1.0, -1.0, -1.0, 1.0, -1.0, 1.0, -1.0, 0.5879912376403809]]
  Reward: -2.4148647785186768
  Account Value: None
  Done: False
  Policy Mean: [[-0.5129160284996033, 15.097168922424316, -1.965945839881897, 7.320861339569092, 6.746778964996338, 4.604583263397217, 3.8774020671844482, 4.758240222930908, 16.60776138305664, 12.074814796447754, -10.769025802612305, -6.618772983551025, -7.567256927490234, -17.37647247314453, 3.625227928161621, -5.175653457641602, -14.059550285339355, -5.3393096923828125, -14.218988418579102, -2.8025035858154297, -3.7162256240844727, 1.2623422145843506, -8.201020240783691, -5.619634628295898, 38.785491943359375, -2.051016330718994, 1.9131171703338623, -9.546866416931152, 0.5879912376403809]]
  Policy Std: [[299.91778564453125, 239.42083740234375, 301.9099426269531, 427.91748046875, 610.9515380859375, 750.0004272460938, 426.6400146484375, 362.2680969238281, 338.62457275390625, 372.10198974609375, 393.6465148925781, 373.148193359375, 268.5321960449219, 438.2530822753906, 587.0374755859375, 298.7802734375, 609.5599975585938, 681.5208129882812, 451.80718994140625, 211.8937225341797, 553.2722778320312, 320.8408203125, 358.08868408203125, 293.706787109375, 82.67616271972656, 292.9808044433594, 567.3499145507812, 318.3977355957031, 164.80508422851562]]

Step 58:
  Date/Day: 59
  Action: [[-0.5129160284996033, 1.0, -1.0, 1.0, 1.0, 1.0, 1.0, 1.0, 1.0, 1.0, -1.0, -1.0, -1.0, -1.0, 1.0, -1.0, -1.0, -1.0, -1.0, -1.0, -1.0, 1.0, -1.0, -1.0, 1.0, -1.0, 1.0, -1.0, 0.5879912376403809]]
  Reward: 0.19143228232860565
  Account Value: None
  Done: False
  Policy Mean: [[-0.5129160284996033, 15.097168922424316, -1.965945839881897, 7.320861339569092, 6.746778964996338, 4.604583263397217, 3.8774020671844482, 4.758240222930908, 16.60776138305664, 12.074814796447754, -10.769025802612305, -6.618772983551025, -7.567256927490234, -17.37647247314453, 3.625227928161621, -5.175653457641602, -14.059550285339355, -5.3393096923828125, -14.218988418579102, -2.8025035858154297, -3.7162256240844727, 1.2623422145843506, -8.201020240783691, -5.619634628295898, 38.785491943359375, -2.051016330718994, 1.9131171703338623, -9.546866416931152, 0.5879912376403809]]
  Policy Std: [[299.91778564453125, 239.42083740234375, 301.9099426269531, 427.91748046875, 610.9515380859375, 750.0004272460938, 426.6400146484375, 362.2680969238281, 338.62457275390625, 372.10198974609375, 393.6465148925781, 373.148193359375, 268.5321960449219, 438.2530822753906, 587.0374755859375, 298.7802734375, 609.5599975585938, 681.5208129882812, 451.80718994140625, 211.8937225341797, 553.2722778320312, 320.8408203125, 358.08868408203125, 293.706787109375, 82.67616271972656, 292.9808044433594, 567.3499145507812, 318.3977355957031, 164.80508422851562]]

Step 59:
  Date/Day: 60
  Action: [[-0.5129160284996033, 1.0, -1.0, 1.0, 1.0, 1.0, 1.0, 1.0, 1.0, 1.0, -1.0, -1.0, -1.0, -1.0, 1.0, -1.0, -1.0, -1.0, -1.0, -1.0, -1.0, 1.0, -1.0, -1.0, 1.0, -1.0, 1.0, -1.0, 0.5879912376403809]]
  Reward: 1.853402853012085
  Account Value: None
  Done: False
  Policy Mean: [[-0.5129160284996033, 15.097168922424316, -1.965945839881897, 7.320861339569092, 6.746778964996338, 4.604583263397217, 3.8774020671844482, 4.758240222930908, 16.60776138305664, 12.074814796447754, -10.769025802612305, -6.618772983551025, -7.567256927490234, -17.37647247314453, 3.625227928161621, -5.175653457641602, -14.059550285339355, -5.3393096923828125, -14.218988418579102, -2.8025035858154297, -3.7162256240844727, 1.2623422145843506, -8.201020240783691, -5.619634628295898, 38.785491943359375, -2.051016330718994, 1.9131171703338623, -9.546866416931152, 0.5879912376403809]]
  Policy Std: [[299.91778564453125, 239.42083740234375, 301.9099426269531, 427.91748046875, 610.9515380859375, 750.0004272460938, 426.6400146484375, 362.2680969238281, 338.62457275390625, 372.10198974609375, 393.6465148925781, 373.148193359375, 268.5321960449219, 438.2530822753906, 587.0374755859375, 298.7802734375, 609.5599975585938, 681.5208129882812, 451.80718994140625, 211.8937225341797, 553.2722778320312, 320.8408203125, 358.08868408203125, 293.706787109375, 82.67616271972656, 292.9808044433594, 567.3499145507812, 318.3977355957031, 164.80508422851562]]

Step 60:
  Date/Day: 61
  Action: [[-0.5129160284996033, 1.0, -1.0, 1.0, 1.0, 1.0, 1.0, 1.0, 1.0, 1.0, -1.0, -1.0, -1.0, -1.0, 1.0, -1.0, -1.0, -1.0, -1.0, -1.0, -1.0, 1.0, -1.0, -1.0, 1.0, -1.0, 1.0, -1.0, 0.5879912376403809]]
  Reward: 1.5655367374420166
  Account Value: None
  Done: False
  Policy Mean: [[-0.5129160284996033, 15.097168922424316, -1.965945839881897, 7.320861339569092, 6.746778964996338, 4.604583263397217, 3.8774020671844482, 4.758240222930908, 16.60776138305664, 12.074814796447754, -10.769025802612305, -6.618772983551025, -7.567256927490234, -17.37647247314453, 3.625227928161621, -5.175653457641602, -14.059550285339355, -5.3393096923828125, -14.218988418579102, -2.8025035858154297, -3.7162256240844727, 1.2623422145843506, -8.201020240783691, -5.619634628295898, 38.785491943359375, -2.051016330718994, 1.9131171703338623, -9.546866416931152, 0.5879912376403809]]
  Policy Std: [[299.91778564453125, 239.42083740234375, 301.9099426269531, 427.91748046875, 610.9515380859375, 750.0004272460938, 426.6400146484375, 362.2680969238281, 338.62457275390625, 372.10198974609375, 393.6465148925781, 373.148193359375, 268.5321960449219, 438.2530822753906, 587.0374755859375, 298.7802734375, 609.5599975585938, 681.5208129882812, 451.80718994140625, 211.8937225341797, 553.2722778320312, 320.8408203125, 358.08868408203125, 293.706787109375, 82.67616271972656, 292.9808044433594, 567.3499145507812, 318.3977355957031, 164.80508422851562]]

Step 61:
  Date/Day: 62
  Action: [[-0.6298799514770508, 1.0, -1.0, 1.0, 1.0, 1.0, 1.0, 1.0, 1.0, 1.0, -1.0, -1.0, -1.0, -1.0, 1.0, -1.0, -1.0, -1.0, -1.0, -1.0, -1.0, 1.0, -1.0, -1.0, 1.0, -1.0, 1.0, -1.0, 0.5007947683334351]]
  Reward: -0.23843830823898315
  Account Value: None
  Done: False
  Policy Mean: [[-0.6298799514770508, 14.391982078552246, -1.9978827238082886, 6.482957363128662, 6.524704933166504, 4.354557514190674, 4.061113357543945, 4.624668121337891, 15.90240478515625, 11.465014457702637, -10.256217002868652, -6.561071872711182, -7.330785751342773, -16.951812744140625, 3.127676010131836, -4.841912746429443, -13.453635215759277, -5.108076572418213, -13.651021957397461, -2.459846019744873, -3.533149242401123, 1.4395322799682617, -8.084169387817383, -5.601592063903809, 37.67757034301758, -2.2338356971740723, 1.9178613424301147, -9.373420715332031, 0.5007947683334351]]
  Policy Std: [[299.91778564453125, 239.42083740234375, 301.9099426269531, 427.91748046875, 610.9515380859375, 750.0004272460938, 426.6400146484375, 362.2680969238281, 338.62457275390625, 372.10198974609375, 393.6465148925781, 373.148193359375, 268.5321960449219, 438.2530822753906, 587.0374755859375, 298.7802734375, 609.5599975585938, 681.5208129882812, 451.80718994140625, 211.8937225341797, 553.2722778320312, 320.8408203125, 358.08868408203125, 293.706787109375, 82.67616271972656, 292.9808044433594, 567.3499145507812, 318.3977355957031, 164.80508422851562]]

Step 62:
  Date/Day: 63
  Action: [[-0.5129169225692749, 1.0, -1.0, 1.0, 1.0, 1.0, 1.0, 1.0, 1.0, 1.0, -1.0, -1.0, -1.0, -1.0, 1.0, -1.0, -1.0, -1.0, -1.0, -1.0, -1.0, 1.0, -1.0, -1.0, 1.0, -1.0, 1.0, -1.0, 0.5879904627799988]]
  Reward: 1.5973604917526245
  Account Value: None
  Done: False
  Policy Mean: [[-0.5129169225692749, 15.097162246704102, -1.9659461975097656, 7.320853233337402, 6.746777534484863, 4.604581356048584, 3.87740421295166, 4.758238792419434, 16.60775375366211, 12.074809074401855, -10.769021034240723, -6.618772983551025, -7.567255973815918, -17.376468658447266, 3.625223159790039, -5.175650119781494, -14.059544563293457, -5.3393073081970215, -14.21898365020752, -2.8025002479553223, -3.716223955154419, 1.2623438835144043, -8.201018333435059, -5.619635105133057, 38.785484313964844, -2.051018238067627, 1.9131172895431519, -9.546863555908203, 0.5879904627799988]]
  Policy Std: [[299.91778564453125, 239.42083740234375, 301.9099426269531, 427.91748046875, 610.9515380859375, 750.0004272460938, 426.6400146484375, 362.2680969238281, 338.62457275390625, 372.10198974609375, 393.6465148925781, 373.148193359375, 268.5321960449219, 438.2530822753906, 587.0374755859375, 298.7802734375, 609.5599975585938, 681.5208129882812, 451.80718994140625, 211.8937225341797, 553.2722778320312, 320.8408203125, 358.08868408203125, 293.706787109375, 82.67616271972656, 292.9808044433594, 567.3499145507812, 318.3977355957031, 164.80508422851562]]

Step 63:
  Date/Day: 64
  Action: [[-0.6298799514770508, 1.0, -1.0, 1.0, 1.0, 1.0, 1.0, 1.0, 1.0, 1.0, -1.0, -1.0, -1.0, -1.0, 1.0, -1.0, -1.0, -1.0, -1.0, -1.0, -1.0, 1.0, -1.0, -1.0, 1.0, -1.0, 1.0, -1.0, 0.5007947683334351]]
  Reward: 0.13193728029727936
  Account Value: None
  Done: False
  Policy Mean: [[-0.6298799514770508, 14.391982078552246, -1.9978827238082886, 6.482957363128662, 6.524704933166504, 4.354557514190674, 4.061113357543945, 4.624668121337891, 15.90240478515625, 11.465014457702637, -10.256217002868652, -6.561071872711182, -7.330785751342773, -16.951812744140625, 3.127676010131836, -4.841912746429443, -13.453635215759277, -5.108076572418213, -13.651021957397461, -2.459846019744873, -3.533149242401123, 1.4395322799682617, -8.084169387817383, -5.601592063903809, 37.67757034301758, -2.2338356971740723, 1.9178613424301147, -9.373420715332031, 0.5007947683334351]]
  Policy Std: [[299.91778564453125, 239.42083740234375, 301.9099426269531, 427.91748046875, 610.9515380859375, 750.0004272460938, 426.6400146484375, 362.2680969238281, 338.62457275390625, 372.10198974609375, 393.6465148925781, 373.148193359375, 268.5321960449219, 438.2530822753906, 587.0374755859375, 298.7802734375, 609.5599975585938, 681.5208129882812, 451.80718994140625, 211.8937225341797, 553.2722778320312, 320.8408203125, 358.08868408203125, 293.706787109375, 82.67616271972656, 292.9808044433594, 567.3499145507812, 318.3977355957031, 164.80508422851562]]

Step 64:
  Date/Day: 65
  Action: [[-0.6228643655776978, 1.0, -1.0, 1.0, 1.0, 1.0, 1.0, 1.0, 1.0, 1.0, -1.0, -1.0, -1.0, -1.0, 1.0, -1.0, -1.0, -1.0, -1.0, -1.0, -1.0, 1.0, -1.0, -1.0, 1.0, -1.0, 1.0, -1.0, 0.46094268560409546]]
  Reward: -0.9615821242332458
  Account Value: None
  Done: False
  Policy Mean: [[-0.6228643655776978, 14.431782722473145, -1.942266821861267, 6.551534175872803, 6.49333381652832, 4.386129856109619, 4.08031702041626, 4.582571983337402, 15.916258811950684, 11.542551040649414, -10.291311264038086, -6.512198448181152, -7.371970176696777, -16.90762710571289, 3.0991857051849365, -4.849648952484131, -13.471087455749512, -5.132379055023193, -13.751443862915039, -2.4835610389709473, -3.5918307304382324, 1.3792483806610107, -8.059792518615723, -5.577712059020996, 37.64510726928711, -2.1731791496276855, 1.8975814580917358, -9.278993606567383, 0.46094268560409546]]
  Policy Std: [[299.91778564453125, 239.42083740234375, 301.9099426269531, 427.91748046875, 610.9515380859375, 750.0004272460938, 426.6400146484375, 362.2680969238281, 338.62457275390625, 372.10198974609375, 393.6465148925781, 373.148193359375, 268.5321960449219, 438.2530822753906, 587.0374755859375, 298.7802734375, 609.5599975585938, 681.5208129882812, 451.80718994140625, 211.8937225341797, 553.2722778320312, 320.8408203125, 358.08868408203125, 293.706787109375, 82.67616271972656, 292.9808044433594, 567.3499145507812, 318.3977355957031, 164.80508422851562]]

Step 65:
  Date/Day: 66
  Action: [[-0.6298789978027344, 1.0, -1.0, 1.0, 1.0, 1.0, 1.0, 1.0, 1.0, 1.0, -1.0, -1.0, -1.0, -1.0, 1.0, -1.0, -1.0, -1.0, -1.0, -1.0, -1.0, 1.0, -1.0, -1.0, 1.0, -1.0, 1.0, -1.0, 0.5007954239845276]]
  Reward: 1.9494167566299438
  Account Value: None
  Done: False
  Policy Mean: [[-0.6298789978027344, 14.391987800598145, -1.9978824853897095, 6.4829630851745605, 6.524706840515137, 4.354559421539307, 4.061111927032471, 4.624668598175049, 15.902409553527832, 11.465018272399902, -10.256219863891602, -6.561072826385498, -7.330787181854248, -16.95181655883789, 3.1276798248291016, -4.841915130615234, -13.453639030456543, -5.108078956604004, -13.65102767944336, -2.459848403930664, -3.5331509113311768, 1.4395310878753662, -8.0841703414917, -5.601593017578125, 37.677581787109375, -2.2338342666625977, 1.9178613424301147, -9.373421669006348, 0.5007954239845276]]
  Policy Std: [[299.91778564453125, 239.42083740234375, 301.9099426269531, 427.91748046875, 610.9515380859375, 750.0004272460938, 426.6400146484375, 362.2680969238281, 338.62457275390625, 372.10198974609375, 393.6465148925781, 373.148193359375, 268.5321960449219, 438.2530822753906, 587.0374755859375, 298.7802734375, 609.5599975585938, 681.5208129882812, 451.80718994140625, 211.8937225341797, 553.2722778320312, 320.8408203125, 358.08868408203125, 293.706787109375, 82.67616271972656, 292.9808044433594, 567.3499145507812, 318.3977355957031, 164.80508422851562]]

Step 66:
  Date/Day: 67
  Action: [[-0.6298799514770508, 1.0, -1.0, 1.0, 1.0, 1.0, 1.0, 1.0, 1.0, 1.0, -1.0, -1.0, -1.0, -1.0, 1.0, -1.0, -1.0, -1.0, -1.0, -1.0, -1.0, 1.0, -1.0, -1.0, 1.0, -1.0, 1.0, -1.0, 0.5007947683334351]]
  Reward: -1.5490642786026
  Account Value: None
  Done: False
  Policy Mean: [[-0.6298799514770508, 14.391982078552246, -1.9978827238082886, 6.482957363128662, 6.524704933166504, 4.354557514190674, 4.061113357543945, 4.624668121337891, 15.90240478515625, 11.465014457702637, -10.256217002868652, -6.561071872711182, -7.330785751342773, -16.951812744140625, 3.127676010131836, -4.841912746429443, -13.453635215759277, -5.108076572418213, -13.651021957397461, -2.459846019744873, -3.533149242401123, 1.4395322799682617, -8.084169387817383, -5.601592063903809, 37.67757034301758, -2.2338356971740723, 1.9178613424301147, -9.373420715332031, 0.5007947683334351]]
  Policy Std: [[299.91778564453125, 239.42083740234375, 301.9099426269531, 427.91748046875, 610.9515380859375, 750.0004272460938, 426.6400146484375, 362.2680969238281, 338.62457275390625, 372.10198974609375, 393.6465148925781, 373.148193359375, 268.5321960449219, 438.2530822753906, 587.0374755859375, 298.7802734375, 609.5599975585938, 681.5208129882812, 451.80718994140625, 211.8937225341797, 553.2722778320312, 320.8408203125, 358.08868408203125, 293.706787109375, 82.67616271972656, 292.9808044433594, 567.3499145507812, 318.3977355957031, 164.80508422851562]]

Step 67:
  Date/Day: 68
  Action: [[-0.6298799514770508, 1.0, -1.0, 1.0, 1.0, 1.0, 1.0, 1.0, 1.0, 1.0, -1.0, -1.0, -1.0, -1.0, 1.0, -1.0, -1.0, -1.0, -1.0, -1.0, -1.0, 1.0, -1.0, -1.0, 1.0, -1.0, 1.0, -1.0, 0.5007947683334351]]
  Reward: 2.2546544075012207
  Account Value: None
  Done: False
  Policy Mean: [[-0.6298799514770508, 14.391982078552246, -1.9978827238082886, 6.482957363128662, 6.524704933166504, 4.354557514190674, 4.061113357543945, 4.624668121337891, 15.90240478515625, 11.465014457702637, -10.256217002868652, -6.561071872711182, -7.330785751342773, -16.951812744140625, 3.127676010131836, -4.841912746429443, -13.453635215759277, -5.108076572418213, -13.651021957397461, -2.459846019744873, -3.533149242401123, 1.4395322799682617, -8.084169387817383, -5.601592063903809, 37.67757034301758, -2.2338356971740723, 1.9178613424301147, -9.373420715332031, 0.5007947683334351]]
  Policy Std: [[299.91778564453125, 239.42083740234375, 301.9099426269531, 427.91748046875, 610.9515380859375, 750.0004272460938, 426.6400146484375, 362.2680969238281, 338.62457275390625, 372.10198974609375, 393.6465148925781, 373.148193359375, 268.5321960449219, 438.2530822753906, 587.0374755859375, 298.7802734375, 609.5599975585938, 681.5208129882812, 451.80718994140625, 211.8937225341797, 553.2722778320312, 320.8408203125, 358.08868408203125, 293.706787109375, 82.67616271972656, 292.9808044433594, 567.3499145507812, 318.3977355957031, 164.80508422851562]]

Step 68:
  Date/Day: 69
  Action: [[-0.6298799514770508, 1.0, -1.0, 1.0, 1.0, 1.0, 1.0, 1.0, 1.0, 1.0, -1.0, -1.0, -1.0, -1.0, 1.0, -1.0, -1.0, -1.0, -1.0, -1.0, -1.0, 1.0, -1.0, -1.0, 1.0, -1.0, 1.0, -1.0, 0.5007947683334351]]
  Reward: -0.35200849175453186
  Account Value: None
  Done: False
  Policy Mean: [[-0.6298799514770508, 14.391982078552246, -1.9978827238082886, 6.482957363128662, 6.524704933166504, 4.354557514190674, 4.061113357543945, 4.624668121337891, 15.90240478515625, 11.465014457702637, -10.256217002868652, -6.561071872711182, -7.330785751342773, -16.951812744140625, 3.127676010131836, -4.841912746429443, -13.453635215759277, -5.108076572418213, -13.651021957397461, -2.459846019744873, -3.533149242401123, 1.4395322799682617, -8.084169387817383, -5.601592063903809, 37.67757034301758, -2.2338356971740723, 1.9178613424301147, -9.373420715332031, 0.5007947683334351]]
  Policy Std: [[299.91778564453125, 239.42083740234375, 301.9099426269531, 427.91748046875, 610.9515380859375, 750.0004272460938, 426.6400146484375, 362.2680969238281, 338.62457275390625, 372.10198974609375, 393.6465148925781, 373.148193359375, 268.5321960449219, 438.2530822753906, 587.0374755859375, 298.7802734375, 609.5599975585938, 681.5208129882812, 451.80718994140625, 211.8937225341797, 553.2722778320312, 320.8408203125, 358.08868408203125, 293.706787109375, 82.67616271972656, 292.9808044433594, 567.3499145507812, 318.3977355957031, 164.80508422851562]]

Step 69:
  Date/Day: 70
  Action: [[-0.6298799514770508, 1.0, -1.0, 1.0, 1.0, 1.0, 1.0, 1.0, 1.0, 1.0, -1.0, -1.0, -1.0, -1.0, 1.0, -1.0, -1.0, -1.0, -1.0, -1.0, -1.0, 1.0, -1.0, -1.0, 1.0, -1.0, 1.0, -1.0, 0.5007947683334351]]
  Reward: 0.7694029211997986
  Account Value: None
  Done: False
  Policy Mean: [[-0.6298799514770508, 14.391982078552246, -1.9978827238082886, 6.482957363128662, 6.524704933166504, 4.354557514190674, 4.061113357543945, 4.624668121337891, 15.90240478515625, 11.465014457702637, -10.256217002868652, -6.561071872711182, -7.330785751342773, -16.951812744140625, 3.127676248550415, -4.841912746429443, -13.453635215759277, -5.108076572418213, -13.651021957397461, -2.459846019744873, -3.533149242401123, 1.4395322799682617, -8.084169387817383, -5.601592063903809, 37.67757034301758, -2.2338356971740723, 1.9178613424301147, -9.373420715332031, 0.5007947683334351]]
  Policy Std: [[299.91778564453125, 239.42083740234375, 301.9099426269531, 427.91748046875, 610.9515380859375, 750.0004272460938, 426.6400146484375, 362.2680969238281, 338.62457275390625, 372.10198974609375, 393.6465148925781, 373.148193359375, 268.5321960449219, 438.2530822753906, 587.0374755859375, 298.7802734375, 609.5599975585938, 681.5208129882812, 451.80718994140625, 211.8937225341797, 553.2722778320312, 320.8408203125, 358.08868408203125, 293.706787109375, 82.67616271972656, 292.9808044433594, 567.3499145507812, 318.3977355957031, 164.80508422851562]]

Step 70:
  Date/Day: 71
  Action: [[-0.6473070383071899, 1.0, -1.0, 1.0, 1.0, 1.0, 1.0, 1.0, 1.0, 1.0, -1.0, -1.0, -1.0, -1.0, 1.0, -1.0, -1.0, -1.0, -1.0, -1.0, -1.0, 1.0, -1.0, -1.0, 1.0, -1.0, 1.0, -1.0, 0.49677425622940063]]
  Reward: 1.037640929222107
  Account Value: None
  Done: False
  Policy Mean: [[-0.6473070383071899, 14.312067031860352, -2.004812479019165, 6.433055877685547, 6.514786243438721, 4.332271575927734, 4.059080123901367, 4.620741844177246, 15.836091041564941, 11.40337085723877, -10.244035720825195, -6.550286769866943, -7.3176116943359375, -16.88058853149414, 3.0718016624450684, -4.792900085449219, -13.43153190612793, -5.077718257904053, -13.60718822479248, -2.4519174098968506, -3.4751570224761963, 1.4660269021987915, -8.068316459655762, -5.629700183868408, 37.5477409362793, -2.2509825229644775, 1.9276838302612305, -9.315719604492188, 0.49677425622940063]]
  Policy Std: [[299.91778564453125, 239.42083740234375, 301.9099426269531, 427.91748046875, 610.9515380859375, 750.0004272460938, 426.6400146484375, 362.2680969238281, 338.62457275390625, 372.10198974609375, 393.6465148925781, 373.148193359375, 268.5321960449219, 438.2530822753906, 587.0374755859375, 298.7802734375, 609.5599975585938, 681.5208129882812, 451.80718994140625, 211.8937225341797, 553.2722778320312, 320.8408203125, 358.08868408203125, 293.706787109375, 82.67616271972656, 292.9808044433594, 567.3499145507812, 318.3977355957031, 164.80508422851562]]

Step 71:
  Date/Day: 72
  Action: [[-0.6298799514770508, 1.0, -1.0, 1.0, 1.0, 1.0, 1.0, 1.0, 1.0, 1.0, -1.0, -1.0, -1.0, -1.0, 1.0, -1.0, -1.0, -1.0, -1.0, -1.0, -1.0, 1.0, -1.0, -1.0, 1.0, -1.0, 1.0, -1.0, 0.5007947683334351]]
  Reward: -0.2872467339038849
  Account Value: None
  Done: False
  Policy Mean: [[-0.6298799514770508, 14.391982078552246, -1.997882604598999, 6.482957363128662, 6.524705410003662, 4.354557514190674, 4.061113357543945, 4.624667644500732, 15.902403831481934, 11.465014457702637, -10.256217002868652, -6.561071872711182, -7.330785751342773, -16.951812744140625, 3.127675771713257, -4.841912746429443, -13.453635215759277, -5.108076095581055, -13.651021957397461, -2.459845781326294, -3.533149003982544, 1.4395323991775513, -8.084169387817383, -5.601592063903809, 37.67757034301758, -2.2338356971740723, 1.9178613424301147, -9.373420715332031, 0.5007947683334351]]
  Policy Std: [[299.91778564453125, 239.42083740234375, 301.9099426269531, 427.91748046875, 610.9515380859375, 750.0004272460938, 426.6400146484375, 362.2680969238281, 338.62457275390625, 372.10198974609375, 393.6465148925781, 373.148193359375, 268.5321960449219, 438.2530822753906, 587.0374755859375, 298.7802734375, 609.5599975585938, 681.5208129882812, 451.80718994140625, 211.8937225341797, 553.2722778320312, 320.8408203125, 358.08868408203125, 293.706787109375, 82.67616271972656, 292.9808044433594, 567.3499145507812, 318.3977355957031, 164.80508422851562]]

Step 72:
  Date/Day: 73
  Action: [[-0.6298799514770508, 1.0, -1.0, 1.0, 1.0, 1.0, 1.0, 1.0, 1.0, 1.0, -1.0, -1.0, -1.0, -1.0, 1.0, -1.0, -1.0, -1.0, -1.0, -1.0, -1.0, 1.0, -1.0, -1.0, 1.0, -1.0, 1.0, -1.0, 0.5007947683334351]]
  Reward: -1.2023563385009766
  Account Value: None
  Done: False
  Policy Mean: [[-0.6298799514770508, 14.391982078552246, -1.9978827238082886, 6.482957363128662, 6.524704933166504, 4.354557514190674, 4.061113357543945, 4.624668121337891, 15.90240478515625, 11.465014457702637, -10.256217002868652, -6.561071872711182, -7.330785751342773, -16.951812744140625, 3.127676010131836, -4.841912746429443, -13.453635215759277, -5.108076572418213, -13.651021957397461, -2.459846019744873, -3.533149242401123, 1.4395322799682617, -8.084169387817383, -5.601592063903809, 37.67757034301758, -2.2338356971740723, 1.9178613424301147, -9.373420715332031, 0.5007947683334351]]
  Policy Std: [[299.91778564453125, 239.42083740234375, 301.9099426269531, 427.91748046875, 610.9515380859375, 750.0004272460938, 426.6400146484375, 362.2680969238281, 338.62457275390625, 372.10198974609375, 393.6465148925781, 373.148193359375, 268.5321960449219, 438.2530822753906, 587.0374755859375, 298.7802734375, 609.5599975585938, 681.5208129882812, 451.80718994140625, 211.8937225341797, 553.2722778320312, 320.8408203125, 358.08868408203125, 293.706787109375, 82.67616271972656, 292.9808044433594, 567.3499145507812, 318.3977355957031, 164.80508422851562]]

Step 73:
  Date/Day: 74
  Action: [[-0.6298799514770508, 1.0, -1.0, 1.0, 1.0, 1.0, 1.0, 1.0, 1.0, 1.0, -1.0, -1.0, -1.0, -1.0, 1.0, -1.0, -1.0, -1.0, -1.0, -1.0, -1.0, 1.0, -1.0, -1.0, 1.0, -1.0, 1.0, -1.0, 0.5007947683334351]]
  Reward: -0.16029490530490875
  Account Value: None
  Done: False
  Policy Mean: [[-0.6298799514770508, 14.391982078552246, -1.9978827238082886, 6.482957363128662, 6.524704933166504, 4.354557514190674, 4.061113357543945, 4.624668121337891, 15.90240478515625, 11.465014457702637, -10.256217002868652, -6.561071872711182, -7.330785751342773, -16.951812744140625, 3.127676010131836, -4.841912746429443, -13.453635215759277, -5.108076572418213, -13.651021957397461, -2.459846019744873, -3.533149242401123, 1.4395322799682617, -8.084169387817383, -5.601592063903809, 37.67757034301758, -2.2338356971740723, 1.9178613424301147, -9.373420715332031, 0.5007947683334351]]
  Policy Std: [[299.91778564453125, 239.42083740234375, 301.9099426269531, 427.91748046875, 610.9515380859375, 750.0004272460938, 426.6400146484375, 362.2680969238281, 338.62457275390625, 372.10198974609375, 393.6465148925781, 373.148193359375, 268.5321960449219, 438.2530822753906, 587.0374755859375, 298.7802734375, 609.5599975585938, 681.5208129882812, 451.80718994140625, 211.8937225341797, 553.2722778320312, 320.8408203125, 358.08868408203125, 293.706787109375, 82.67616271972656, 292.9808044433594, 567.3499145507812, 318.3977355957031, 164.80508422851562]]

Step 74:
  Date/Day: 75
  Action: [[-0.6298799514770508, 1.0, -1.0, 1.0, 1.0, 1.0, 1.0, 1.0, 1.0, 1.0, -1.0, -1.0, -1.0, -1.0, 1.0, -1.0, -1.0, -1.0, -1.0, -1.0, -1.0, 1.0, -1.0, -1.0, 1.0, -1.0, 1.0, -1.0, 0.5007947683334351]]
  Reward: 0.62935870885849
  Account Value: None
  Done: False
  Policy Mean: [[-0.6298799514770508, 14.391982078552246, -1.9978827238082886, 6.482957363128662, 6.524704933166504, 4.354557514190674, 4.061113357543945, 4.624668121337891, 15.90240478515625, 11.465014457702637, -10.256217002868652, -6.561071872711182, -7.330785751342773, -16.951812744140625, 3.127676010131836, -4.841912746429443, -13.453635215759277, -5.108076572418213, -13.651021957397461, -2.459846019744873, -3.533149242401123, 1.4395322799682617, -8.084169387817383, -5.601592063903809, 37.67757034301758, -2.2338356971740723, 1.9178613424301147, -9.373420715332031, 0.5007947683334351]]
  Policy Std: [[299.91778564453125, 239.42083740234375, 301.9099426269531, 427.91748046875, 610.9515380859375, 750.0004272460938, 426.6400146484375, 362.2680969238281, 338.62457275390625, 372.10198974609375, 393.6465148925781, 373.148193359375, 268.5321960449219, 438.2530822753906, 587.0374755859375, 298.7802734375, 609.5599975585938, 681.5208129882812, 451.80718994140625, 211.8937225341797, 553.2722778320312, 320.8408203125, 358.08868408203125, 293.706787109375, 82.67616271972656, 292.9808044433594, 567.3499145507812, 318.3977355957031, 164.80508422851562]]

Step 75:
  Date/Day: 76
  Action: [[-0.6298799514770508, 1.0, -1.0, 1.0, 1.0, 1.0, 1.0, 1.0, 1.0, 1.0, -1.0, -1.0, -1.0, -1.0, 1.0, -1.0, -1.0, -1.0, -1.0, -1.0, -1.0, 1.0, -1.0, -1.0, 1.0, -1.0, 1.0, -1.0, 0.5007947683334351]]
  Reward: -1.5533300638198853
  Account Value: None
  Done: False
  Policy Mean: [[-0.6298799514770508, 14.391982078552246, -1.9978827238082886, 6.482957363128662, 6.524704933166504, 4.354557514190674, 4.061113357543945, 4.624668121337891, 15.90240478515625, 11.465014457702637, -10.256217002868652, -6.561071872711182, -7.330785751342773, -16.951812744140625, 3.127676010131836, -4.841912746429443, -13.453635215759277, -5.108076572418213, -13.651021957397461, -2.459846019744873, -3.533149242401123, 1.4395322799682617, -8.084169387817383, -5.601592063903809, 37.67757034301758, -2.2338356971740723, 1.9178613424301147, -9.373420715332031, 0.5007947683334351]]
  Policy Std: [[299.91778564453125, 239.42083740234375, 301.9099426269531, 427.91748046875, 610.9515380859375, 750.0004272460938, 426.6400146484375, 362.2680969238281, 338.62457275390625, 372.10198974609375, 393.6465148925781, 373.148193359375, 268.5321960449219, 438.2530822753906, 587.0374755859375, 298.7802734375, 609.5599975585938, 681.5208129882812, 451.80718994140625, 211.8937225341797, 553.2722778320312, 320.8408203125, 358.08868408203125, 293.706787109375, 82.67616271972656, 292.9808044433594, 567.3499145507812, 318.3977355957031, 164.80508422851562]]

Step 76:
  Date/Day: 77
  Action: [[-0.6298799514770508, 1.0, -1.0, 1.0, 1.0, 1.0, 1.0, 1.0, 1.0, 1.0, -1.0, -1.0, -1.0, -1.0, 1.0, -1.0, -1.0, -1.0, -1.0, -1.0, -1.0, 1.0, -1.0, -1.0, 1.0, -1.0, 1.0, -1.0, 0.5007947683334351]]
  Reward: 0.33391234278678894
  Account Value: None
  Done: False
  Policy Mean: [[-0.6298799514770508, 14.391982078552246, -1.9978827238082886, 6.482957363128662, 6.524704933166504, 4.354557514190674, 4.061113357543945, 4.624668121337891, 15.90240478515625, 11.465014457702637, -10.256217002868652, -6.561071872711182, -7.330785751342773, -16.951812744140625, 3.127676010131836, -4.841912746429443, -13.453635215759277, -5.108076572418213, -13.651021957397461, -2.459846019744873, -3.533149242401123, 1.4395322799682617, -8.084169387817383, -5.601592063903809, 37.67757034301758, -2.2338356971740723, 1.9178613424301147, -9.373420715332031, 0.5007947683334351]]
  Policy Std: [[299.91778564453125, 239.42083740234375, 301.9099426269531, 427.91748046875, 610.9515380859375, 750.0004272460938, 426.6400146484375, 362.2680969238281, 338.62457275390625, 372.10198974609375, 393.6465148925781, 373.148193359375, 268.5321960449219, 438.2530822753906, 587.0374755859375, 298.7802734375, 609.5599975585938, 681.5208129882812, 451.80718994140625, 211.8937225341797, 553.2722778320312, 320.8408203125, 358.08868408203125, 293.706787109375, 82.67616271972656, 292.9808044433594, 567.3499145507812, 318.3977355957031, 164.80508422851562]]

Step 77:
  Date/Day: 78
  Action: [[-0.6298799514770508, 1.0, -1.0, 1.0, 1.0, 1.0, 1.0, 1.0, 1.0, 1.0, -1.0, -1.0, -1.0, -1.0, 1.0, -1.0, -1.0, -1.0, -1.0, -1.0, -1.0, 1.0, -1.0, -1.0, 1.0, -1.0, 1.0, -1.0, 0.5007947683334351]]
  Reward: -0.7291843891143799
  Account Value: None
  Done: False
  Policy Mean: [[-0.6298799514770508, 14.391982078552246, -1.9978827238082886, 6.482957363128662, 6.524704933166504, 4.354557514190674, 4.061113357543945, 4.624668121337891, 15.90240478515625, 11.465014457702637, -10.256217002868652, -6.561071872711182, -7.330785751342773, -16.951812744140625, 3.127676010131836, -4.841912746429443, -13.453635215759277, -5.108076572418213, -13.651021957397461, -2.459846019744873, -3.533149242401123, 1.4395322799682617, -8.084169387817383, -5.601592063903809, 37.67757034301758, -2.2338356971740723, 1.9178613424301147, -9.373420715332031, 0.5007947683334351]]
  Policy Std: [[299.91778564453125, 239.42083740234375, 301.9099426269531, 427.91748046875, 610.9515380859375, 750.0004272460938, 426.6400146484375, 362.2680969238281, 338.62457275390625, 372.10198974609375, 393.6465148925781, 373.148193359375, 268.5321960449219, 438.2530822753906, 587.0374755859375, 298.7802734375, 609.5599975585938, 681.5208129882812, 451.80718994140625, 211.8937225341797, 553.2722778320312, 320.8408203125, 358.08868408203125, 293.706787109375, 82.67616271972656, 292.9808044433594, 567.3499145507812, 318.3977355957031, 164.80508422851562]]

Step 78:
  Date/Day: 79
  Action: [[-0.6298799514770508, 1.0, -1.0, 1.0, 1.0, 1.0, 1.0, 1.0, 1.0, 1.0, -1.0, -1.0, -1.0, -1.0, 1.0, -1.0, -1.0, -1.0, -1.0, -1.0, -1.0, 1.0, -1.0, -1.0, 1.0, -1.0, 1.0, -1.0, 0.5007947683334351]]
  Reward: 0.5841848254203796
  Account Value: None
  Done: False
  Policy Mean: [[-0.6298799514770508, 14.391982078552246, -1.9978827238082886, 6.482957363128662, 6.524704933166504, 4.354557514190674, 4.061113357543945, 4.624668121337891, 15.90240478515625, 11.465014457702637, -10.256217002868652, -6.561071872711182, -7.330785751342773, -16.951812744140625, 3.127676010131836, -4.841912746429443, -13.453635215759277, -5.108076572418213, -13.651021957397461, -2.459846019744873, -3.533149242401123, 1.4395322799682617, -8.084169387817383, -5.601592063903809, 37.67757034301758, -2.2338356971740723, 1.9178613424301147, -9.373420715332031, 0.5007947683334351]]
  Policy Std: [[299.91778564453125, 239.42083740234375, 301.9099426269531, 427.91748046875, 610.9515380859375, 750.0004272460938, 426.6400146484375, 362.2680969238281, 338.62457275390625, 372.10198974609375, 393.6465148925781, 373.148193359375, 268.5321960449219, 438.2530822753906, 587.0374755859375, 298.7802734375, 609.5599975585938, 681.5208129882812, 451.80718994140625, 211.8937225341797, 553.2722778320312, 320.8408203125, 358.08868408203125, 293.706787109375, 82.67616271972656, 292.9808044433594, 567.3499145507812, 318.3977355957031, 164.80508422851562]]

Step 79:
  Date/Day: 80
  Action: [[-0.6298799514770508, 1.0, -1.0, 1.0, 1.0, 1.0, 1.0, 1.0, 1.0, 1.0, -1.0, -1.0, -1.0, -1.0, 1.0, -1.0, -1.0, -1.0, -1.0, -1.0, -1.0, 1.0, -1.0, -1.0, 1.0, -1.0, 1.0, -1.0, 0.5007947683334351]]
  Reward: 0.27364256978034973
  Account Value: None
  Done: False
  Policy Mean: [[-0.6298799514770508, 14.391982078552246, -1.9978827238082886, 6.482957363128662, 6.524704933166504, 4.354557514190674, 4.061113357543945, 4.624668121337891, 15.90240478515625, 11.465014457702637, -10.256217002868652, -6.561071872711182, -7.330785751342773, -16.951812744140625, 3.127676010131836, -4.841912746429443, -13.453635215759277, -5.108076572418213, -13.651021957397461, -2.459846019744873, -3.533149242401123, 1.4395322799682617, -8.084169387817383, -5.601592063903809, 37.67757034301758, -2.2338356971740723, 1.9178613424301147, -9.373420715332031, 0.5007947683334351]]
  Policy Std: [[299.91778564453125, 239.42083740234375, 301.9099426269531, 427.91748046875, 610.9515380859375, 750.0004272460938, 426.6400146484375, 362.2680969238281, 338.62457275390625, 372.10198974609375, 393.6465148925781, 373.148193359375, 268.5321960449219, 438.2530822753906, 587.0374755859375, 298.7802734375, 609.5599975585938, 681.5208129882812, 451.80718994140625, 211.8937225341797, 553.2722778320312, 320.8408203125, 358.08868408203125, 293.706787109375, 82.67616271972656, 292.9808044433594, 567.3499145507812, 318.3977355957031, 164.80508422851562]]

Step 80:
  Date/Day: 81
  Action: [[-0.6298799514770508, 1.0, -1.0, 1.0, 1.0, 1.0, 1.0, 1.0, 1.0, 1.0, -1.0, -1.0, -1.0, -1.0, 1.0, -1.0, -1.0, -1.0, -1.0, -1.0, -1.0, 1.0, -1.0, -1.0, 1.0, -1.0, 1.0, -1.0, 0.5007947683334351]]
  Reward: -2.4292917251586914
  Account Value: None
  Done: False
  Policy Mean: [[-0.6298799514770508, 14.391982078552246, -1.9978827238082886, 6.482957363128662, 6.524704933166504, 4.354557514190674, 4.061113357543945, 4.624668121337891, 15.90240478515625, 11.465014457702637, -10.256217002868652, -6.561071872711182, -7.330785751342773, -16.951812744140625, 3.127676010131836, -4.841912746429443, -13.453635215759277, -5.108076572418213, -13.651021957397461, -2.459846019744873, -3.533149242401123, 1.4395322799682617, -8.084169387817383, -5.601592063903809, 37.67757034301758, -2.2338356971740723, 1.9178613424301147, -9.373420715332031, 0.5007947683334351]]
  Policy Std: [[299.91778564453125, 239.42083740234375, 301.9099426269531, 427.91748046875, 610.9515380859375, 750.0004272460938, 426.6400146484375, 362.2680969238281, 338.62457275390625, 372.10198974609375, 393.6465148925781, 373.148193359375, 268.5321960449219, 438.2530822753906, 587.0374755859375, 298.7802734375, 609.5599975585938, 681.5208129882812, 451.80718994140625, 211.8937225341797, 553.2722778320312, 320.8408203125, 358.08868408203125, 293.706787109375, 82.67616271972656, 292.9808044433594, 567.3499145507812, 318.3977355957031, 164.80508422851562]]

Step 81:
  Date/Day: 82
  Action: [[-0.6298799514770508, 1.0, -1.0, 1.0, 1.0, 1.0, 1.0, 1.0, 1.0, 1.0, -1.0, -1.0, -1.0, -1.0, 1.0, -1.0, -1.0, -1.0, -1.0, -1.0, -1.0, 1.0, -1.0, -1.0, 1.0, -1.0, 1.0, -1.0, 0.5007947683334351]]
  Reward: -0.7601739764213562
  Account Value: None
  Done: False
  Policy Mean: [[-0.6298799514770508, 14.391982078552246, -1.9978827238082886, 6.482957363128662, 6.524704933166504, 4.354557514190674, 4.061113357543945, 4.624668121337891, 15.90240478515625, 11.465014457702637, -10.256217002868652, -6.561071872711182, -7.330785751342773, -16.951812744140625, 3.127676010131836, -4.841912746429443, -13.453635215759277, -5.108076572418213, -13.651021957397461, -2.459846019744873, -3.533149242401123, 1.4395322799682617, -8.084169387817383, -5.601592063903809, 37.67757034301758, -2.2338356971740723, 1.9178613424301147, -9.373420715332031, 0.5007947683334351]]
  Policy Std: [[299.91778564453125, 239.42083740234375, 301.9099426269531, 427.91748046875, 610.9515380859375, 750.0004272460938, 426.6400146484375, 362.2680969238281, 338.62457275390625, 372.10198974609375, 393.6465148925781, 373.148193359375, 268.5321960449219, 438.2530822753906, 587.0374755859375, 298.7802734375, 609.5599975585938, 681.5208129882812, 451.80718994140625, 211.8937225341797, 553.2722778320312, 320.8408203125, 358.08868408203125, 293.706787109375, 82.67616271972656, 292.9808044433594, 567.3499145507812, 318.3977355957031, 164.80508422851562]]

Step 82:
  Date/Day: 83
  Action: [[-0.5129160284996033, 1.0, -1.0, 1.0, 1.0, 1.0, 1.0, 1.0, 1.0, 1.0, -1.0, -1.0, -1.0, -1.0, 1.0, -1.0, -1.0, -1.0, -1.0, -1.0, -1.0, 1.0, -1.0, -1.0, 1.0, -1.0, 1.0, -1.0, 0.5879912376403809]]
  Reward: -3.7707672119140625
  Account Value: None
  Done: False
  Policy Mean: [[-0.5129160284996033, 15.097168922424316, -1.965945839881897, 7.320861339569092, 6.746778964996338, 4.604583263397217, 3.8774020671844482, 4.758240222930908, 16.60776138305664, 12.074814796447754, -10.769025802612305, -6.618772983551025, -7.567256927490234, -17.37647247314453, 3.625227928161621, -5.175653457641602, -14.059550285339355, -5.3393096923828125, -14.218988418579102, -2.8025035858154297, -3.7162256240844727, 1.2623422145843506, -8.201020240783691, -5.619634628295898, 38.785491943359375, -2.051016330718994, 1.9131171703338623, -9.546866416931152, 0.5879912376403809]]
  Policy Std: [[299.91778564453125, 239.42083740234375, 301.9099426269531, 427.91748046875, 610.9515380859375, 750.0004272460938, 426.6400146484375, 362.2680969238281, 338.62457275390625, 372.10198974609375, 393.6465148925781, 373.148193359375, 268.5321960449219, 438.2530822753906, 587.0374755859375, 298.7802734375, 609.5599975585938, 681.5208129882812, 451.80718994140625, 211.8937225341797, 553.2722778320312, 320.8408203125, 358.08868408203125, 293.706787109375, 82.67616271972656, 292.9808044433594, 567.3499145507812, 318.3977355957031, 164.80508422851562]]

Step 83:
  Date/Day: 84
  Action: [[-0.5129160284996033, 1.0, -1.0, 1.0, 1.0, 1.0, 1.0, 1.0, 1.0, 1.0, -1.0, -1.0, -1.0, -1.0, 1.0, -1.0, -1.0, -1.0, -1.0, -1.0, -1.0, 1.0, -1.0, -1.0, 1.0, -1.0, 1.0, -1.0, 0.5879912376403809]]
  Reward: 0.1751868575811386
  Account Value: None
  Done: False
  Policy Mean: [[-0.5129160284996033, 15.097168922424316, -1.965945839881897, 7.320861339569092, 6.746778964996338, 4.604583263397217, 3.8774020671844482, 4.758240222930908, 16.60776138305664, 12.074814796447754, -10.769025802612305, -6.618772983551025, -7.567256927490234, -17.37647247314453, 3.625227928161621, -5.175653457641602, -14.059550285339355, -5.3393096923828125, -14.218988418579102, -2.8025035858154297, -3.7162256240844727, 1.2623422145843506, -8.201020240783691, -5.619634628295898, 38.785491943359375, -2.051016330718994, 1.9131171703338623, -9.546866416931152, 0.5879912376403809]]
  Policy Std: [[299.91778564453125, 239.42083740234375, 301.9099426269531, 427.91748046875, 610.9515380859375, 750.0004272460938, 426.6400146484375, 362.2680969238281, 338.62457275390625, 372.10198974609375, 393.6465148925781, 373.148193359375, 268.5321960449219, 438.2530822753906, 587.0374755859375, 298.7802734375, 609.5599975585938, 681.5208129882812, 451.80718994140625, 211.8937225341797, 553.2722778320312, 320.8408203125, 358.08868408203125, 293.706787109375, 82.67616271972656, 292.9808044433594, 567.3499145507812, 318.3977355957031, 164.80508422851562]]

Step 84:
  Date/Day: 85
  Action: [[-0.5129160284996033, 1.0, -1.0, 1.0, 1.0, 1.0, 1.0, 1.0, 1.0, 1.0, -1.0, -1.0, -1.0, -1.0, 1.0, -1.0, -1.0, -1.0, -1.0, -1.0, -1.0, 1.0, -1.0, -1.0, 1.0, -1.0, 1.0, -1.0, 0.5879912376403809]]
  Reward: -0.37900644540786743
  Account Value: None
  Done: False
  Policy Mean: [[-0.5129160284996033, 15.097168922424316, -1.965945839881897, 7.320861339569092, 6.746778964996338, 4.604583263397217, 3.8774020671844482, 4.758240222930908, 16.60776138305664, 12.074814796447754, -10.769025802612305, -6.618772983551025, -7.567256927490234, -17.37647247314453, 3.625227928161621, -5.175653457641602, -14.059550285339355, -5.3393096923828125, -14.218988418579102, -2.8025035858154297, -3.7162256240844727, 1.2623422145843506, -8.201020240783691, -5.619634628295898, 38.785491943359375, -2.051016330718994, 1.9131171703338623, -9.546866416931152, 0.5879912376403809]]
  Policy Std: [[299.91778564453125, 239.42083740234375, 301.9099426269531, 427.91748046875, 610.9515380859375, 750.0004272460938, 426.6400146484375, 362.2680969238281, 338.62457275390625, 372.10198974609375, 393.6465148925781, 373.148193359375, 268.5321960449219, 438.2530822753906, 587.0374755859375, 298.7802734375, 609.5599975585938, 681.5208129882812, 451.80718994140625, 211.8937225341797, 553.2722778320312, 320.8408203125, 358.08868408203125, 293.706787109375, 82.67616271972656, 292.9808044433594, 567.3499145507812, 318.3977355957031, 164.80508422851562]]

Step 85:
  Date/Day: 86
  Action: [[-0.5129160284996033, 1.0, -1.0, 1.0, 1.0, 1.0, 1.0, 1.0, 1.0, 1.0, -1.0, -1.0, -1.0, -1.0, 1.0, -1.0, -1.0, -1.0, -1.0, -1.0, -1.0, 1.0, -1.0, -1.0, 1.0, -1.0, 1.0, -1.0, 0.5879912376403809]]
  Reward: 1.4894771575927734
  Account Value: None
  Done: False
  Policy Mean: [[-0.5129160284996033, 15.097168922424316, -1.965945839881897, 7.320861339569092, 6.746778964996338, 4.604583263397217, 3.8774020671844482, 4.758240222930908, 16.60776138305664, 12.074814796447754, -10.769025802612305, -6.618772983551025, -7.567256927490234, -17.37647247314453, 3.625227928161621, -5.175653457641602, -14.059550285339355, -5.3393096923828125, -14.218988418579102, -2.8025035858154297, -3.7162256240844727, 1.2623422145843506, -8.201020240783691, -5.619634628295898, 38.785491943359375, -2.051016330718994, 1.9131171703338623, -9.546866416931152, 0.5879912376403809]]
  Policy Std: [[299.91778564453125, 239.42083740234375, 301.9099426269531, 427.91748046875, 610.9515380859375, 750.0004272460938, 426.6400146484375, 362.2680969238281, 338.62457275390625, 372.10198974609375, 393.6465148925781, 373.148193359375, 268.5321960449219, 438.2530822753906, 587.0374755859375, 298.7802734375, 609.5599975585938, 681.5208129882812, 451.80718994140625, 211.8937225341797, 553.2722778320312, 320.8408203125, 358.08868408203125, 293.706787109375, 82.67616271972656, 292.9808044433594, 567.3499145507812, 318.3977355957031, 164.80508422851562]]

Step 86:
  Date/Day: 87
  Action: [[-0.5129160284996033, 1.0, -1.0, 1.0, 1.0, 1.0, 1.0, 1.0, 1.0, 1.0, -1.0, -1.0, -1.0, -1.0, 1.0, -1.0, -1.0, -1.0, -1.0, -1.0, -1.0, 1.0, -1.0, -1.0, 1.0, -1.0, 1.0, -1.0, 0.5879912376403809]]
  Reward: 2.0557150840759277
  Account Value: None
  Done: False
  Policy Mean: [[-0.5129160284996033, 15.097168922424316, -1.965945839881897, 7.320861339569092, 6.746778964996338, 4.604583263397217, 3.8774020671844482, 4.758240222930908, 16.60776138305664, 12.074814796447754, -10.769025802612305, -6.618772983551025, -7.567256927490234, -17.37647247314453, 3.625227928161621, -5.175653457641602, -14.059550285339355, -5.3393096923828125, -14.218988418579102, -2.8025035858154297, -3.7162256240844727, 1.2623422145843506, -8.201020240783691, -5.619634628295898, 38.785491943359375, -2.051016330718994, 1.9131171703338623, -9.546866416931152, 0.5879912376403809]]
  Policy Std: [[299.91778564453125, 239.42083740234375, 301.9099426269531, 427.91748046875, 610.9515380859375, 750.0004272460938, 426.6400146484375, 362.2680969238281, 338.62457275390625, 372.10198974609375, 393.6465148925781, 373.148193359375, 268.5321960449219, 438.2530822753906, 587.0374755859375, 298.7802734375, 609.5599975585938, 681.5208129882812, 451.80718994140625, 211.8937225341797, 553.2722778320312, 320.8408203125, 358.08868408203125, 293.706787109375, 82.67616271972656, 292.9808044433594, 567.3499145507812, 318.3977355957031, 164.80508422851562]]

Step 87:
  Date/Day: 88
  Action: [[-0.6298799514770508, 1.0, -1.0, 1.0, 1.0, 1.0, 1.0, 1.0, 1.0, 1.0, -1.0, -1.0, -1.0, -1.0, 1.0, -1.0, -1.0, -1.0, -1.0, -1.0, -1.0, 1.0, -1.0, -1.0, 1.0, -1.0, 1.0, -1.0, 0.5007947683334351]]
  Reward: 2.7497472763061523
  Account Value: None
  Done: False
  Policy Mean: [[-0.6298799514770508, 14.391982078552246, -1.9978827238082886, 6.482957363128662, 6.524704933166504, 4.354557514190674, 4.061113357543945, 4.624668121337891, 15.90240478515625, 11.465014457702637, -10.256217002868652, -6.561071872711182, -7.330785751342773, -16.951812744140625, 3.127676010131836, -4.841912746429443, -13.453635215759277, -5.108076572418213, -13.651021957397461, -2.459846019744873, -3.533149242401123, 1.4395322799682617, -8.084169387817383, -5.601592063903809, 37.67757034301758, -2.2338356971740723, 1.9178613424301147, -9.373420715332031, 0.5007947683334351]]
  Policy Std: [[299.91778564453125, 239.42083740234375, 301.9099426269531, 427.91748046875, 610.9515380859375, 750.0004272460938, 426.6400146484375, 362.2680969238281, 338.62457275390625, 372.10198974609375, 393.6465148925781, 373.148193359375, 268.5321960449219, 438.2530822753906, 587.0374755859375, 298.7802734375, 609.5599975585938, 681.5208129882812, 451.80718994140625, 211.8937225341797, 553.2722778320312, 320.8408203125, 358.08868408203125, 293.706787109375, 82.67616271972656, 292.9808044433594, 567.3499145507812, 318.3977355957031, 164.80508422851562]]

Step 88:
  Date/Day: 89
  Action: [[-0.6298799514770508, 1.0, -1.0, 1.0, 1.0, 1.0, 1.0, 1.0, 1.0, 1.0, -1.0, -1.0, -1.0, -1.0, 1.0, -1.0, -1.0, -1.0, -1.0, -1.0, -1.0, 1.0, -1.0, -1.0, 1.0, -1.0, 1.0, -1.0, 0.5007947683334351]]
  Reward: 1.8424630165100098
  Account Value: None
  Done: False
  Policy Mean: [[-0.6298799514770508, 14.391982078552246, -1.9978827238082886, 6.482957363128662, 6.524704933166504, 4.354557514190674, 4.061113357543945, 4.624668121337891, 15.90240478515625, 11.465014457702637, -10.256217002868652, -6.561071872711182, -7.330785751342773, -16.951812744140625, 3.127676010131836, -4.841912746429443, -13.453635215759277, -5.108076572418213, -13.651021957397461, -2.459846019744873, -3.533149242401123, 1.4395322799682617, -8.084169387817383, -5.601592063903809, 37.67757034301758, -2.2338356971740723, 1.9178613424301147, -9.373420715332031, 0.5007947683334351]]
  Policy Std: [[299.91778564453125, 239.42083740234375, 301.9099426269531, 427.91748046875, 610.9515380859375, 750.0004272460938, 426.6400146484375, 362.2680969238281, 338.62457275390625, 372.10198974609375, 393.6465148925781, 373.148193359375, 268.5321960449219, 438.2530822753906, 587.0374755859375, 298.7802734375, 609.5599975585938, 681.5208129882812, 451.80718994140625, 211.8937225341797, 553.2722778320312, 320.8408203125, 358.08868408203125, 293.706787109375, 82.67616271972656, 292.9808044433594, 567.3499145507812, 318.3977355957031, 164.80508422851562]]

Step 89:
  Date/Day: 90
  Action: [[-0.6298799514770508, 1.0, -1.0, 1.0, 1.0, 1.0, 1.0, 1.0, 1.0, 1.0, -1.0, -1.0, -1.0, -1.0, 1.0, -1.0, -1.0, -1.0, -1.0, -1.0, -1.0, 1.0, -1.0, -1.0, 1.0, -1.0, 1.0, -1.0, 0.5007947683334351]]
  Reward: -0.3226889669895172
  Account Value: None
  Done: False
  Policy Mean: [[-0.6298799514770508, 14.391982078552246, -1.9978827238082886, 6.482957363128662, 6.524704933166504, 4.354557514190674, 4.061113357543945, 4.624668121337891, 15.90240478515625, 11.465014457702637, -10.256217002868652, -6.561071872711182, -7.330785751342773, -16.951812744140625, 3.127676010131836, -4.841912746429443, -13.453635215759277, -5.108076572418213, -13.651021957397461, -2.459846019744873, -3.533149242401123, 1.4395322799682617, -8.084169387817383, -5.601592063903809, 37.67757034301758, -2.2338356971740723, 1.9178613424301147, -9.373420715332031, 0.5007947683334351]]
  Policy Std: [[299.91778564453125, 239.42083740234375, 301.9099426269531, 427.91748046875, 610.9515380859375, 750.0004272460938, 426.6400146484375, 362.2680969238281, 338.62457275390625, 372.10198974609375, 393.6465148925781, 373.148193359375, 268.5321960449219, 438.2530822753906, 587.0374755859375, 298.7802734375, 609.5599975585938, 681.5208129882812, 451.80718994140625, 211.8937225341797, 553.2722778320312, 320.8408203125, 358.08868408203125, 293.706787109375, 82.67616271972656, 292.9808044433594, 567.3499145507812, 318.3977355957031, 164.80508422851562]]

Step 90:
  Date/Day: 91
  Action: [[-0.6298799514770508, 1.0, -1.0, 1.0, 1.0, 1.0, 1.0, 1.0, 1.0, 1.0, -1.0, -1.0, -1.0, -1.0, 1.0, -1.0, -1.0, -1.0, -1.0, -1.0, -1.0, 1.0, -1.0, -1.0, 1.0, -1.0, 1.0, -1.0, 0.5007947683334351]]
  Reward: 4.018095016479492
  Account Value: None
  Done: False
  Policy Mean: [[-0.6298799514770508, 14.391982078552246, -1.9978827238082886, 6.482957363128662, 6.524704933166504, 4.354557514190674, 4.061113357543945, 4.624668121337891, 15.90240478515625, 11.465014457702637, -10.256217002868652, -6.561071872711182, -7.330785751342773, -16.951812744140625, 3.127676010131836, -4.841912746429443, -13.453635215759277, -5.108076572418213, -13.651021957397461, -2.459846019744873, -3.533149242401123, 1.4395322799682617, -8.084169387817383, -5.601592063903809, 37.67757034301758, -2.2338356971740723, 1.9178613424301147, -9.373420715332031, 0.5007947683334351]]
  Policy Std: [[299.91778564453125, 239.42083740234375, 301.9099426269531, 427.91748046875, 610.9515380859375, 750.0004272460938, 426.6400146484375, 362.2680969238281, 338.62457275390625, 372.10198974609375, 393.6465148925781, 373.148193359375, 268.5321960449219, 438.2530822753906, 587.0374755859375, 298.7802734375, 609.5599975585938, 681.5208129882812, 451.80718994140625, 211.8937225341797, 553.2722778320312, 320.8408203125, 358.08868408203125, 293.706787109375, 82.67616271972656, 292.9808044433594, 567.3499145507812, 318.3977355957031, 164.80508422851562]]

Step 91:
  Date/Day: 92
  Action: [[-0.7778616547584534, 1.0, -1.0, 1.0, 1.0, 1.0, 1.0, 1.0, 1.0, 1.0, -1.0, -1.0, -1.0, -1.0, 1.0, -1.0, -1.0, -1.0, -1.0, -1.0, -1.0, 1.0, -1.0, -1.0, 1.0, -1.0, 1.0, -1.0, 0.36811545491218567]]
  Reward: 1.113922119140625
  Account Value: None
  Done: False
  Policy Mean: [[-0.7778616547584534, 13.682645797729492, -1.9521446228027344, 5.759454250335693, 6.259274482727051, 4.0945234298706055, 4.1739349365234375, 4.4645819664001465, 15.15552806854248, 10.9329833984375, -9.704948425292969, -6.416226863861084, -7.088053226470947, -16.3798885345459, 2.6358423233032227, -4.5651702880859375, -12.891971588134766, -4.913330554962158, -13.061479568481445, -2.1767048835754395, -3.4107277393341064, 1.544555902481079, -7.891228199005127, -5.502747058868408, 36.38131332397461, -2.3453989028930664, 1.8775619268417358, -9.13304615020752, 0.36811545491218567]]
  Policy Std: [[299.91778564453125, 239.42083740234375, 301.9099426269531, 427.91748046875, 610.9515380859375, 750.0004272460938, 426.6400146484375, 362.2680969238281, 338.62457275390625, 372.10198974609375, 393.6465148925781, 373.148193359375, 268.5321960449219, 438.2530822753906, 587.0374755859375, 298.7802734375, 609.5599975585938, 681.5208129882812, 451.80718994140625, 211.8937225341797, 553.2722778320312, 320.8408203125, 358.08868408203125, 293.706787109375, 82.67616271972656, 292.9808044433594, 567.3499145507812, 318.3977355957031, 164.80508422851562]]

Step 92:
  Date/Day: 93
  Action: [[-0.6298799514770508, 1.0, -1.0, 1.0, 1.0, 1.0, 1.0, 1.0, 1.0, 1.0, -1.0, -1.0, -1.0, -1.0, 1.0, -1.0, -1.0, -1.0, -1.0, -1.0, -1.0, 1.0, -1.0, -1.0, 1.0, -1.0, 1.0, -1.0, 0.5007947683334351]]
  Reward: -0.39092910289764404
  Account Value: None
  Done: False
  Policy Mean: [[-0.6298799514770508, 14.391982078552246, -1.9978827238082886, 6.482957363128662, 6.524704933166504, 4.354557514190674, 4.061113357543945, 4.624668121337891, 15.90240478515625, 11.465014457702637, -10.256217002868652, -6.561071872711182, -7.330785751342773, -16.951812744140625, 3.127676010131836, -4.841912746429443, -13.453635215759277, -5.108076572418213, -13.651021957397461, -2.459846019744873, -3.533149242401123, 1.4395322799682617, -8.084169387817383, -5.601592063903809, 37.67757034301758, -2.2338356971740723, 1.9178613424301147, -9.373420715332031, 0.5007947683334351]]
  Policy Std: [[299.91778564453125, 239.42083740234375, 301.9099426269531, 427.91748046875, 610.9515380859375, 750.0004272460938, 426.6400146484375, 362.2680969238281, 338.62457275390625, 372.10198974609375, 393.6465148925781, 373.148193359375, 268.5321960449219, 438.2530822753906, 587.0374755859375, 298.7802734375, 609.5599975585938, 681.5208129882812, 451.80718994140625, 211.8937225341797, 553.2722778320312, 320.8408203125, 358.08868408203125, 293.706787109375, 82.67616271972656, 292.9808044433594, 567.3499145507812, 318.3977355957031, 164.80508422851562]]

Step 93:
  Date/Day: 94
  Action: [[-0.6298799514770508, 1.0, -1.0, 1.0, 1.0, 1.0, 1.0, 1.0, 1.0, 1.0, -1.0, -1.0, -1.0, -1.0, 1.0, -1.0, -1.0, -1.0, -1.0, -1.0, -1.0, 1.0, -1.0, -1.0, 1.0, -1.0, 1.0, -1.0, 0.5007947683334351]]
  Reward: -0.9997534155845642
  Account Value: None
  Done: False
  Policy Mean: [[-0.6298799514770508, 14.391982078552246, -1.9978827238082886, 6.482957363128662, 6.524704933166504, 4.354557514190674, 4.061113357543945, 4.624668121337891, 15.90240478515625, 11.465014457702637, -10.256217002868652, -6.561071872711182, -7.330785751342773, -16.951812744140625, 3.127676010131836, -4.841912746429443, -13.453635215759277, -5.108076572418213, -13.651021957397461, -2.459846019744873, -3.533149242401123, 1.4395322799682617, -8.084169387817383, -5.601592063903809, 37.67757034301758, -2.2338356971740723, 1.9178613424301147, -9.373420715332031, 0.5007947683334351]]
  Policy Std: [[299.91778564453125, 239.42083740234375, 301.9099426269531, 427.91748046875, 610.9515380859375, 750.0004272460938, 426.6400146484375, 362.2680969238281, 338.62457275390625, 372.10198974609375, 393.6465148925781, 373.148193359375, 268.5321960449219, 438.2530822753906, 587.0374755859375, 298.7802734375, 609.5599975585938, 681.5208129882812, 451.80718994140625, 211.8937225341797, 553.2722778320312, 320.8408203125, 358.08868408203125, 293.706787109375, 82.67616271972656, 292.9808044433594, 567.3499145507812, 318.3977355957031, 164.80508422851562]]

Step 94:
  Date/Day: 95
  Action: [[-0.6298799514770508, 1.0, -1.0, 1.0, 1.0, 1.0, 1.0, 1.0, 1.0, 1.0, -1.0, -1.0, -1.0, -1.0, 1.0, -1.0, -1.0, -1.0, -1.0, -1.0, -1.0, 1.0, -1.0, -1.0, 1.0, -1.0, 1.0, -1.0, 0.5007947683334351]]
  Reward: 1.7271206378936768
  Account Value: None
  Done: False
  Policy Mean: [[-0.6298799514770508, 14.391982078552246, -1.9978827238082886, 6.482957363128662, 6.524704933166504, 4.354557514190674, 4.061113357543945, 4.624668121337891, 15.90240478515625, 11.465014457702637, -10.256217002868652, -6.561071872711182, -7.330785751342773, -16.951812744140625, 3.127676010131836, -4.841912746429443, -13.453635215759277, -5.108076572418213, -13.651021957397461, -2.459846019744873, -3.533149242401123, 1.4395322799682617, -8.084169387817383, -5.601592063903809, 37.67757034301758, -2.2338356971740723, 1.9178613424301147, -9.373420715332031, 0.5007947683334351]]
  Policy Std: [[299.91778564453125, 239.42083740234375, 301.9099426269531, 427.91748046875, 610.9515380859375, 750.0004272460938, 426.6400146484375, 362.2680969238281, 338.62457275390625, 372.10198974609375, 393.6465148925781, 373.148193359375, 268.5321960449219, 438.2530822753906, 587.0374755859375, 298.7802734375, 609.5599975585938, 681.5208129882812, 451.80718994140625, 211.8937225341797, 553.2722778320312, 320.8408203125, 358.08868408203125, 293.706787109375, 82.67616271972656, 292.9808044433594, 567.3499145507812, 318.3977355957031, 164.80508422851562]]

Step 95:
  Date/Day: 96
  Action: [[-0.6298799514770508, 1.0, -1.0, 1.0, 1.0, 1.0, 1.0, 1.0, 1.0, 1.0, -1.0, -1.0, -1.0, -1.0, 1.0, -1.0, -1.0, -1.0, -1.0, -1.0, -1.0, 1.0, -1.0, -1.0, 1.0, -1.0, 1.0, -1.0, 0.5007947683334351]]
  Reward: 1.9550102949142456
  Account Value: None
  Done: False
  Policy Mean: [[-0.6298799514770508, 14.391982078552246, -1.9978827238082886, 6.482957363128662, 6.524704933166504, 4.354557514190674, 4.061113357543945, 4.624668121337891, 15.90240478515625, 11.465014457702637, -10.256217002868652, -6.561071872711182, -7.330785751342773, -16.951812744140625, 3.127676010131836, -4.841912746429443, -13.453635215759277, -5.108076572418213, -13.651021957397461, -2.459846019744873, -3.533149242401123, 1.4395322799682617, -8.084169387817383, -5.601592063903809, 37.67757034301758, -2.2338356971740723, 1.9178613424301147, -9.373420715332031, 0.5007947683334351]]
  Policy Std: [[299.91778564453125, 239.42083740234375, 301.9099426269531, 427.91748046875, 610.9515380859375, 750.0004272460938, 426.6400146484375, 362.2680969238281, 338.62457275390625, 372.10198974609375, 393.6465148925781, 373.148193359375, 268.5321960449219, 438.2530822753906, 587.0374755859375, 298.7802734375, 609.5599975585938, 681.5208129882812, 451.80718994140625, 211.8937225341797, 553.2722778320312, 320.8408203125, 358.08868408203125, 293.706787109375, 82.67616271972656, 292.9808044433594, 567.3499145507812, 318.3977355957031, 164.80508422851562]]

Step 96:
  Date/Day: 97
  Action: [[-0.6298799514770508, 1.0, -1.0, 1.0, 1.0, 1.0, 1.0, 1.0, 1.0, 1.0, -1.0, -1.0, -1.0, -1.0, 1.0, -1.0, -1.0, -1.0, -1.0, -1.0, -1.0, 1.0, -1.0, -1.0, 1.0, -1.0, 1.0, -1.0, 0.5007947683334351]]
  Reward: -0.09314579516649246
  Account Value: None
  Done: False
  Policy Mean: [[-0.6298799514770508, 14.391982078552246, -1.9978827238082886, 6.482957363128662, 6.524704933166504, 4.354557514190674, 4.061113357543945, 4.624668121337891, 15.90240478515625, 11.465014457702637, -10.256217002868652, -6.561071872711182, -7.330785751342773, -16.951812744140625, 3.127676010131836, -4.841912746429443, -13.453635215759277, -5.108076572418213, -13.651021957397461, -2.459846019744873, -3.533149242401123, 1.4395322799682617, -8.084169387817383, -5.601592063903809, 37.67757034301758, -2.2338356971740723, 1.9178613424301147, -9.373420715332031, 0.5007947683334351]]
  Policy Std: [[299.91778564453125, 239.42083740234375, 301.9099426269531, 427.91748046875, 610.9515380859375, 750.0004272460938, 426.6400146484375, 362.2680969238281, 338.62457275390625, 372.10198974609375, 393.6465148925781, 373.148193359375, 268.5321960449219, 438.2530822753906, 587.0374755859375, 298.7802734375, 609.5599975585938, 681.5208129882812, 451.80718994140625, 211.8937225341797, 553.2722778320312, 320.8408203125, 358.08868408203125, 293.706787109375, 82.67616271972656, 292.9808044433594, 567.3499145507812, 318.3977355957031, 164.80508422851562]]

Step 97:
  Date/Day: 98
  Action: [[-0.6298799514770508, 1.0, -1.0, 1.0, 1.0, 1.0, 1.0, 1.0, 1.0, 1.0, -1.0, -1.0, -1.0, -1.0, 1.0, -1.0, -1.0, -1.0, -1.0, -1.0, -1.0, 1.0, -1.0, -1.0, 1.0, -1.0, 1.0, -1.0, 0.5007947683334351]]
  Reward: -1.3593906164169312
  Account Value: None
  Done: False
  Policy Mean: [[-0.6298799514770508, 14.391982078552246, -1.9978827238082886, 6.482957363128662, 6.524704933166504, 4.354557514190674, 4.061113357543945, 4.624668121337891, 15.90240478515625, 11.465014457702637, -10.256217002868652, -6.561071872711182, -7.330785751342773, -16.951812744140625, 3.127676010131836, -4.841912746429443, -13.453635215759277, -5.108076572418213, -13.651021957397461, -2.459846019744873, -3.533149242401123, 1.4395322799682617, -8.084169387817383, -5.601592063903809, 37.67757034301758, -2.2338356971740723, 1.9178613424301147, -9.373420715332031, 0.5007947683334351]]
  Policy Std: [[299.91778564453125, 239.42083740234375, 301.9099426269531, 427.91748046875, 610.9515380859375, 750.0004272460938, 426.6400146484375, 362.2680969238281, 338.62457275390625, 372.10198974609375, 393.6465148925781, 373.148193359375, 268.5321960449219, 438.2530822753906, 587.0374755859375, 298.7802734375, 609.5599975585938, 681.5208129882812, 451.80718994140625, 211.8937225341797, 553.2722778320312, 320.8408203125, 358.08868408203125, 293.706787109375, 82.67616271972656, 292.9808044433594, 567.3499145507812, 318.3977355957031, 164.80508422851562]]

Step 98:
  Date/Day: 99
  Action: [[-0.6298799514770508, 1.0, -1.0, 1.0, 1.0, 1.0, 1.0, 1.0, 1.0, 1.0, -1.0, -1.0, -1.0, -1.0, 1.0, -1.0, -1.0, -1.0, -1.0, -1.0, -1.0, 1.0, -1.0, -1.0, 1.0, -1.0, 1.0, -1.0, 0.5007947683334351]]
  Reward: 0.009991052560508251
  Account Value: None
  Done: False
  Policy Mean: [[-0.6298799514770508, 14.391982078552246, -1.9978827238082886, 6.482957363128662, 6.524704933166504, 4.354557514190674, 4.061113357543945, 4.624668121337891, 15.90240478515625, 11.465014457702637, -10.256217002868652, -6.561071872711182, -7.330785751342773, -16.951812744140625, 3.127676010131836, -4.841912746429443, -13.453635215759277, -5.108076572418213, -13.651021957397461, -2.459846019744873, -3.533149242401123, 1.4395322799682617, -8.084169387817383, -5.601592063903809, 37.67757034301758, -2.2338356971740723, 1.9178613424301147, -9.373420715332031, 0.5007947683334351]]
  Policy Std: [[299.91778564453125, 239.42083740234375, 301.9099426269531, 427.91748046875, 610.9515380859375, 750.0004272460938, 426.6400146484375, 362.2680969238281, 338.62457275390625, 372.10198974609375, 393.6465148925781, 373.148193359375, 268.5321960449219, 438.2530822753906, 587.0374755859375, 298.7802734375, 609.5599975585938, 681.5208129882812, 451.80718994140625, 211.8937225341797, 553.2722778320312, 320.8408203125, 358.08868408203125, 293.706787109375, 82.67616271972656, 292.9808044433594, 567.3499145507812, 318.3977355957031, 164.80508422851562]]

Step 99:
  Date/Day: 100
  Action: [[-0.6298799514770508, 1.0, -1.0, 1.0, 1.0, 1.0, 1.0, 1.0, 1.0, 1.0, -1.0, -1.0, -1.0, -1.0, 1.0, -1.0, -1.0, -1.0, -1.0, -1.0, -1.0, 1.0, -1.0, -1.0, 1.0, -1.0, 1.0, -1.0, 0.5007947683334351]]
  Reward: -1.1967544555664062
  Account Value: None
  Done: False
  Policy Mean: [[-0.6298799514770508, 14.391982078552246, -1.9978827238082886, 6.482957363128662, 6.524704933166504, 4.354557514190674, 4.061113357543945, 4.624668121337891, 15.90240478515625, 11.465014457702637, -10.256217002868652, -6.561071872711182, -7.330785751342773, -16.951812744140625, 3.127676010131836, -4.841912746429443, -13.453635215759277, -5.108076572418213, -13.651021957397461, -2.459846019744873, -3.533149242401123, 1.4395322799682617, -8.084169387817383, -5.601592063903809, 37.67757034301758, -2.2338356971740723, 1.9178613424301147, -9.373420715332031, 0.5007947683334351]]
  Policy Std: [[299.91778564453125, 239.42083740234375, 301.9099426269531, 427.91748046875, 610.9515380859375, 750.0004272460938, 426.6400146484375, 362.2680969238281, 338.62457275390625, 372.10198974609375, 393.6465148925781, 373.148193359375, 268.5321960449219, 438.2530822753906, 587.0374755859375, 298.7802734375, 609.5599975585938, 681.5208129882812, 451.80718994140625, 211.8937225341797, 553.2722778320312, 320.8408203125, 358.08868408203125, 293.706787109375, 82.67616271972656, 292.9808044433594, 567.3499145507812, 318.3977355957031, 164.80508422851562]]

Step 100:
  Date/Day: 101
  Action: [[-0.6298799514770508, 1.0, -1.0, 1.0, 1.0, 1.0, 1.0, 1.0, 1.0, 1.0, -1.0, -1.0, -1.0, -1.0, 1.0, -1.0, -1.0, -1.0, -1.0, -1.0, -1.0, 1.0, -1.0, -1.0, 1.0, -1.0, 1.0, -1.0, 0.5007947683334351]]
  Reward: 1.5285145044326782
  Account Value: None
  Done: False
  Policy Mean: [[-0.6298799514770508, 14.391982078552246, -1.9978827238082886, 6.482957363128662, 6.524704933166504, 4.354557514190674, 4.061113357543945, 4.624668121337891, 15.90240478515625, 11.465014457702637, -10.256217002868652, -6.561071872711182, -7.330785751342773, -16.951812744140625, 3.127676010131836, -4.841912746429443, -13.453635215759277, -5.108076572418213, -13.651021957397461, -2.459846019744873, -3.533149242401123, 1.4395322799682617, -8.084169387817383, -5.601592063903809, 37.67757034301758, -2.2338356971740723, 1.9178613424301147, -9.373420715332031, 0.5007947683334351]]
  Policy Std: [[299.91778564453125, 239.42083740234375, 301.9099426269531, 427.91748046875, 610.9515380859375, 750.0004272460938, 426.6400146484375, 362.2680969238281, 338.62457275390625, 372.10198974609375, 393.6465148925781, 373.148193359375, 268.5321960449219, 438.2530822753906, 587.0374755859375, 298.7802734375, 609.5599975585938, 681.5208129882812, 451.80718994140625, 211.8937225341797, 553.2722778320312, 320.8408203125, 358.08868408203125, 293.706787109375, 82.67616271972656, 292.9808044433594, 567.3499145507812, 318.3977355957031, 164.80508422851562]]

Step 101:
  Date/Day: 102
  Action: [[-0.6298799514770508, 1.0, -1.0, 1.0, 1.0, 1.0, 1.0, 1.0, 1.0, 1.0, -1.0, -1.0, -1.0, -1.0, 1.0, -1.0, -1.0, -1.0, -1.0, -1.0, -1.0, 1.0, -1.0, -1.0, 1.0, -1.0, 1.0, -1.0, 0.5007947683334351]]
  Reward: 1.6928558349609375
  Account Value: None
  Done: False
  Policy Mean: [[-0.6298799514770508, 14.391982078552246, -1.9978827238082886, 6.482957363128662, 6.524704933166504, 4.354557514190674, 4.061113357543945, 4.624668121337891, 15.90240478515625, 11.465014457702637, -10.256217002868652, -6.561071872711182, -7.330785751342773, -16.951812744140625, 3.127676010131836, -4.841912746429443, -13.453635215759277, -5.108076572418213, -13.651021957397461, -2.459846019744873, -3.533149242401123, 1.4395322799682617, -8.084169387817383, -5.601592063903809, 37.67757034301758, -2.2338356971740723, 1.9178613424301147, -9.373420715332031, 0.5007947683334351]]
  Policy Std: [[299.91778564453125, 239.42083740234375, 301.9099426269531, 427.91748046875, 610.9515380859375, 750.0004272460938, 426.6400146484375, 362.2680969238281, 338.62457275390625, 372.10198974609375, 393.6465148925781, 373.148193359375, 268.5321960449219, 438.2530822753906, 587.0374755859375, 298.7802734375, 609.5599975585938, 681.5208129882812, 451.80718994140625, 211.8937225341797, 553.2722778320312, 320.8408203125, 358.08868408203125, 293.706787109375, 82.67616271972656, 292.9808044433594, 567.3499145507812, 318.3977355957031, 164.80508422851562]]

Step 102:
  Date/Day: 103
  Action: [[-0.6298799514770508, 1.0, -1.0, 1.0, 1.0, 1.0, 1.0, 1.0, 1.0, 1.0, -1.0, -1.0, -1.0, -1.0, 1.0, -1.0, -1.0, -1.0, -1.0, -1.0, -1.0, 1.0, -1.0, -1.0, 1.0, -1.0, 1.0, -1.0, 0.5007947683334351]]
  Reward: -1.5097638368606567
  Account Value: None
  Done: False
  Policy Mean: [[-0.6298799514770508, 14.391982078552246, -1.9978827238082886, 6.482957363128662, 6.524704933166504, 4.354557514190674, 4.061113357543945, 4.624668121337891, 15.90240478515625, 11.465014457702637, -10.256217002868652, -6.561071872711182, -7.330785751342773, -16.951812744140625, 3.127676010131836, -4.841912746429443, -13.453635215759277, -5.108076572418213, -13.651021957397461, -2.459846019744873, -3.533149242401123, 1.4395322799682617, -8.084169387817383, -5.601592063903809, 37.67757034301758, -2.2338356971740723, 1.9178613424301147, -9.373420715332031, 0.5007947683334351]]
  Policy Std: [[299.91778564453125, 239.42083740234375, 301.9099426269531, 427.91748046875, 610.9515380859375, 750.0004272460938, 426.6400146484375, 362.2680969238281, 338.62457275390625, 372.10198974609375, 393.6465148925781, 373.148193359375, 268.5321960449219, 438.2530822753906, 587.0374755859375, 298.7802734375, 609.5599975585938, 681.5208129882812, 451.80718994140625, 211.8937225341797, 553.2722778320312, 320.8408203125, 358.08868408203125, 293.706787109375, 82.67616271972656, 292.9808044433594, 567.3499145507812, 318.3977355957031, 164.80508422851562]]

Step 103:
  Date/Day: 104
  Action: [[-0.6298799514770508, 1.0, -1.0, 1.0, 1.0, 1.0, 1.0, 1.0, 1.0, 1.0, -1.0, -1.0, -1.0, -1.0, 1.0, -1.0, -1.0, -1.0, -1.0, -1.0, -1.0, 1.0, -1.0, -1.0, 1.0, -1.0, 1.0, -1.0, 0.5007947683334351]]
  Reward: 0.37109440565109253
  Account Value: None
  Done: False
  Policy Mean: [[-0.6298799514770508, 14.391982078552246, -1.9978827238082886, 6.482957363128662, 6.524704933166504, 4.354557514190674, 4.061113357543945, 4.624668121337891, 15.90240478515625, 11.465014457702637, -10.256217002868652, -6.561071872711182, -7.330785751342773, -16.951812744140625, 3.127676010131836, -4.841912746429443, -13.453635215759277, -5.108076572418213, -13.651021957397461, -2.459846019744873, -3.533149242401123, 1.4395322799682617, -8.084169387817383, -5.601592063903809, 37.67757034301758, -2.2338356971740723, 1.9178613424301147, -9.373420715332031, 0.5007947683334351]]
  Policy Std: [[299.91778564453125, 239.42083740234375, 301.9099426269531, 427.91748046875, 610.9515380859375, 750.0004272460938, 426.6400146484375, 362.2680969238281, 338.62457275390625, 372.10198974609375, 393.6465148925781, 373.148193359375, 268.5321960449219, 438.2530822753906, 587.0374755859375, 298.7802734375, 609.5599975585938, 681.5208129882812, 451.80718994140625, 211.8937225341797, 553.2722778320312, 320.8408203125, 358.08868408203125, 293.706787109375, 82.67616271972656, 292.9808044433594, 567.3499145507812, 318.3977355957031, 164.80508422851562]]

Step 104:
  Date/Day: 105
  Action: [[-0.6298799514770508, 1.0, -1.0, 1.0, 1.0, 1.0, 1.0, 1.0, 1.0, 1.0, -1.0, -1.0, -1.0, -1.0, 1.0, -1.0, -1.0, -1.0, -1.0, -1.0, -1.0, 1.0, -1.0, -1.0, 1.0, -1.0, 1.0, -1.0, 0.5007947683334351]]
  Reward: -1.0168111324310303
  Account Value: None
  Done: False
  Policy Mean: [[-0.6298799514770508, 14.391982078552246, -1.9978827238082886, 6.482957363128662, 6.524704933166504, 4.354557514190674, 4.061113357543945, 4.624668121337891, 15.90240478515625, 11.465014457702637, -10.256217002868652, -6.561071872711182, -7.330785751342773, -16.951812744140625, 3.127676010131836, -4.841912746429443, -13.453635215759277, -5.108076572418213, -13.651021957397461, -2.459846019744873, -3.533149242401123, 1.4395322799682617, -8.084169387817383, -5.601592063903809, 37.67757034301758, -2.2338356971740723, 1.9178613424301147, -9.373420715332031, 0.5007947683334351]]
  Policy Std: [[299.91778564453125, 239.42083740234375, 301.9099426269531, 427.91748046875, 610.9515380859375, 750.0004272460938, 426.6400146484375, 362.2680969238281, 338.62457275390625, 372.10198974609375, 393.6465148925781, 373.148193359375, 268.5321960449219, 438.2530822753906, 587.0374755859375, 298.7802734375, 609.5599975585938, 681.5208129882812, 451.80718994140625, 211.8937225341797, 553.2722778320312, 320.8408203125, 358.08868408203125, 293.706787109375, 82.67616271972656, 292.9808044433594, 567.3499145507812, 318.3977355957031, 164.80508422851562]]

Step 105:
  Date/Day: 106
  Action: [[-0.6298799514770508, 1.0, -1.0, 1.0, 1.0, 1.0, 1.0, 1.0, 1.0, 1.0, -1.0, -1.0, -1.0, -1.0, 1.0, -1.0, -1.0, -1.0, -1.0, -1.0, -1.0, 1.0, -1.0, -1.0, 1.0, -1.0, 1.0, -1.0, 0.5007947683334351]]
  Reward: 0.7226204872131348
  Account Value: None
  Done: False
  Policy Mean: [[-0.6298799514770508, 14.391982078552246, -1.9978827238082886, 6.482957363128662, 6.524704933166504, 4.354557514190674, 4.061113357543945, 4.624668121337891, 15.90240478515625, 11.465014457702637, -10.256217002868652, -6.561071872711182, -7.330785751342773, -16.951812744140625, 3.127676010131836, -4.841912746429443, -13.453635215759277, -5.108076572418213, -13.651021957397461, -2.459846019744873, -3.533149242401123, 1.4395322799682617, -8.084169387817383, -5.601592063903809, 37.67757034301758, -2.2338356971740723, 1.9178613424301147, -9.373420715332031, 0.5007947683334351]]
  Policy Std: [[299.91778564453125, 239.42083740234375, 301.9099426269531, 427.91748046875, 610.9515380859375, 750.0004272460938, 426.6400146484375, 362.2680969238281, 338.62457275390625, 372.10198974609375, 393.6465148925781, 373.148193359375, 268.5321960449219, 438.2530822753906, 587.0374755859375, 298.7802734375, 609.5599975585938, 681.5208129882812, 451.80718994140625, 211.8937225341797, 553.2722778320312, 320.8408203125, 358.08868408203125, 293.706787109375, 82.67616271972656, 292.9808044433594, 567.3499145507812, 318.3977355957031, 164.80508422851562]]

Step 106:
  Date/Day: 107
  Action: [[-0.6298799514770508, 1.0, -1.0, 1.0, 1.0, 1.0, 1.0, 1.0, 1.0, 1.0, -1.0, -1.0, -1.0, -1.0, 1.0, -1.0, -1.0, -1.0, -1.0, -1.0, -1.0, 1.0, -1.0, -1.0, 1.0, -1.0, 1.0, -1.0, 0.5007947683334351]]
  Reward: 0.5343441963195801
  Account Value: None
  Done: False
  Policy Mean: [[-0.6298799514770508, 14.391982078552246, -1.9978827238082886, 6.482957363128662, 6.524704933166504, 4.354557514190674, 4.061113357543945, 4.624668121337891, 15.90240478515625, 11.465014457702637, -10.256217002868652, -6.561071872711182, -7.330785751342773, -16.951812744140625, 3.127676010131836, -4.841912746429443, -13.453635215759277, -5.108076572418213, -13.651021957397461, -2.459846019744873, -3.533149242401123, 1.4395322799682617, -8.084169387817383, -5.601592063903809, 37.67757034301758, -2.2338356971740723, 1.9178613424301147, -9.373420715332031, 0.5007947683334351]]
  Policy Std: [[299.91778564453125, 239.42083740234375, 301.9099426269531, 427.91748046875, 610.9515380859375, 750.0004272460938, 426.6400146484375, 362.2680969238281, 338.62457275390625, 372.10198974609375, 393.6465148925781, 373.148193359375, 268.5321960449219, 438.2530822753906, 587.0374755859375, 298.7802734375, 609.5599975585938, 681.5208129882812, 451.80718994140625, 211.8937225341797, 553.2722778320312, 320.8408203125, 358.08868408203125, 293.706787109375, 82.67616271972656, 292.9808044433594, 567.3499145507812, 318.3977355957031, 164.80508422851562]]

Step 107:
  Date/Day: 108
  Action: [[-0.6298799514770508, 1.0, -1.0, 1.0, 1.0, 1.0, 1.0, 1.0, 1.0, 1.0, -1.0, -1.0, -1.0, -1.0, 1.0, -1.0, -1.0, -1.0, -1.0, -1.0, -1.0, 1.0, -1.0, -1.0, 1.0, -1.0, 1.0, -1.0, 0.5007947683334351]]
  Reward: 0.6827691197395325
  Account Value: None
  Done: False
  Policy Mean: [[-0.6298799514770508, 14.391982078552246, -1.9978827238082886, 6.482957363128662, 6.524704933166504, 4.354557514190674, 4.061113357543945, 4.624668121337891, 15.90240478515625, 11.465014457702637, -10.256217002868652, -6.561071872711182, -7.330785751342773, -16.951812744140625, 3.127676010131836, -4.841912746429443, -13.453635215759277, -5.108076572418213, -13.651021957397461, -2.459846019744873, -3.533149242401123, 1.4395322799682617, -8.084169387817383, -5.601592063903809, 37.67757034301758, -2.2338356971740723, 1.9178613424301147, -9.373420715332031, 0.5007947683334351]]
  Policy Std: [[299.91778564453125, 239.42083740234375, 301.9099426269531, 427.91748046875, 610.9515380859375, 750.0004272460938, 426.6400146484375, 362.2680969238281, 338.62457275390625, 372.10198974609375, 393.6465148925781, 373.148193359375, 268.5321960449219, 438.2530822753906, 587.0374755859375, 298.7802734375, 609.5599975585938, 681.5208129882812, 451.80718994140625, 211.8937225341797, 553.2722778320312, 320.8408203125, 358.08868408203125, 293.706787109375, 82.67616271972656, 292.9808044433594, 567.3499145507812, 318.3977355957031, 164.80508422851562]]

Step 108:
  Date/Day: 109
  Action: [[-0.6298799514770508, 1.0, -1.0, 1.0, 1.0, 1.0, 1.0, 1.0, 1.0, 1.0, -1.0, -1.0, -1.0, -1.0, 1.0, -1.0, -1.0, -1.0, -1.0, -1.0, -1.0, 1.0, -1.0, -1.0, 1.0, -1.0, 1.0, -1.0, 0.5007947683334351]]
  Reward: 1.1795235872268677
  Account Value: None
  Done: False
  Policy Mean: [[-0.6298799514770508, 14.391982078552246, -1.9978827238082886, 6.482957363128662, 6.524704933166504, 4.354557514190674, 4.061113357543945, 4.624668121337891, 15.90240478515625, 11.465014457702637, -10.256217002868652, -6.561071872711182, -7.330785751342773, -16.951812744140625, 3.127676010131836, -4.841912746429443, -13.453635215759277, -5.108076572418213, -13.651021957397461, -2.459846019744873, -3.533149242401123, 1.4395322799682617, -8.084169387817383, -5.601592063903809, 37.67757034301758, -2.2338356971740723, 1.9178613424301147, -9.373420715332031, 0.5007947683334351]]
  Policy Std: [[299.91778564453125, 239.42083740234375, 301.9099426269531, 427.91748046875, 610.9515380859375, 750.0004272460938, 426.6400146484375, 362.2680969238281, 338.62457275390625, 372.10198974609375, 393.6465148925781, 373.148193359375, 268.5321960449219, 438.2530822753906, 587.0374755859375, 298.7802734375, 609.5599975585938, 681.5208129882812, 451.80718994140625, 211.8937225341797, 553.2722778320312, 320.8408203125, 358.08868408203125, 293.706787109375, 82.67616271972656, 292.9808044433594, 567.3499145507812, 318.3977355957031, 164.80508422851562]]

Step 109:
  Date/Day: 110
  Action: [[-0.6298799514770508, 1.0, -1.0, 1.0, 1.0, 1.0, 1.0, 1.0, 1.0, 1.0, -1.0, -1.0, -1.0, -1.0, 1.0, -1.0, -1.0, -1.0, -1.0, -1.0, -1.0, 1.0, -1.0, -1.0, 1.0, -1.0, 1.0, -1.0, 0.5007947683334351]]
  Reward: -0.4184193015098572
  Account Value: None
  Done: False
  Policy Mean: [[-0.6298799514770508, 14.391982078552246, -1.9978827238082886, 6.482957363128662, 6.524704933166504, 4.354557514190674, 4.061113357543945, 4.624668121337891, 15.90240478515625, 11.465014457702637, -10.256217002868652, -6.561071872711182, -7.330785751342773, -16.951812744140625, 3.127676010131836, -4.841912746429443, -13.453635215759277, -5.108076572418213, -13.651021957397461, -2.459846019744873, -3.533149242401123, 1.4395322799682617, -8.084169387817383, -5.601592063903809, 37.67757034301758, -2.2338356971740723, 1.9178613424301147, -9.373420715332031, 0.5007947683334351]]
  Policy Std: [[299.91778564453125, 239.42083740234375, 301.9099426269531, 427.91748046875, 610.9515380859375, 750.0004272460938, 426.6400146484375, 362.2680969238281, 338.62457275390625, 372.10198974609375, 393.6465148925781, 373.148193359375, 268.5321960449219, 438.2530822753906, 587.0374755859375, 298.7802734375, 609.5599975585938, 681.5208129882812, 451.80718994140625, 211.8937225341797, 553.2722778320312, 320.8408203125, 358.08868408203125, 293.706787109375, 82.67616271972656, 292.9808044433594, 567.3499145507812, 318.3977355957031, 164.80508422851562]]

Step 110:
  Date/Day: 111
  Action: [[-0.6298799514770508, 1.0, -1.0, 1.0, 1.0, 1.0, 1.0, 1.0, 1.0, 1.0, -1.0, -1.0, -1.0, -1.0, 1.0, -1.0, -1.0, -1.0, -1.0, -1.0, -1.0, 1.0, -1.0, -1.0, 1.0, -1.0, 1.0, -1.0, 0.5007947683334351]]
  Reward: 0.34792354702949524
  Account Value: None
  Done: False
  Policy Mean: [[-0.6298799514770508, 14.391982078552246, -1.9978827238082886, 6.482957363128662, 6.524704933166504, 4.354557514190674, 4.061113357543945, 4.624668121337891, 15.90240478515625, 11.465014457702637, -10.256217002868652, -6.561071872711182, -7.330785751342773, -16.951812744140625, 3.127676010131836, -4.841912746429443, -13.453635215759277, -5.108076572418213, -13.651021957397461, -2.459846019744873, -3.533149242401123, 1.4395322799682617, -8.084169387817383, -5.601592063903809, 37.67757034301758, -2.2338356971740723, 1.9178613424301147, -9.373420715332031, 0.5007947683334351]]
  Policy Std: [[299.91778564453125, 239.42083740234375, 301.9099426269531, 427.91748046875, 610.9515380859375, 750.0004272460938, 426.6400146484375, 362.2680969238281, 338.62457275390625, 372.10198974609375, 393.6465148925781, 373.148193359375, 268.5321960449219, 438.2530822753906, 587.0374755859375, 298.7802734375, 609.5599975585938, 681.5208129882812, 451.80718994140625, 211.8937225341797, 553.2722778320312, 320.8408203125, 358.08868408203125, 293.706787109375, 82.67616271972656, 292.9808044433594, 567.3499145507812, 318.3977355957031, 164.80508422851562]]

Step 111:
  Date/Day: 112
  Action: [[-0.6298799514770508, 1.0, -1.0, 1.0, 1.0, 1.0, 1.0, 1.0, 1.0, 1.0, -1.0, -1.0, -1.0, -1.0, 1.0, -1.0, -1.0, -1.0, -1.0, -1.0, -1.0, 1.0, -1.0, -1.0, 1.0, -1.0, 1.0, -1.0, 0.5007947683334351]]
  Reward: -0.5460579991340637
  Account Value: None
  Done: False
  Policy Mean: [[-0.6298799514770508, 14.391982078552246, -1.9978827238082886, 6.482957363128662, 6.524704933166504, 4.354557514190674, 4.061113357543945, 4.624668121337891, 15.90240478515625, 11.465014457702637, -10.256217002868652, -6.561071872711182, -7.330785751342773, -16.951812744140625, 3.127676010131836, -4.841912746429443, -13.453635215759277, -5.108076572418213, -13.651021957397461, -2.459846019744873, -3.533149242401123, 1.4395322799682617, -8.084169387817383, -5.601592063903809, 37.67757034301758, -2.2338356971740723, 1.9178613424301147, -9.373420715332031, 0.5007947683334351]]
  Policy Std: [[299.91778564453125, 239.42083740234375, 301.9099426269531, 427.91748046875, 610.9515380859375, 750.0004272460938, 426.6400146484375, 362.2680969238281, 338.62457275390625, 372.10198974609375, 393.6465148925781, 373.148193359375, 268.5321960449219, 438.2530822753906, 587.0374755859375, 298.7802734375, 609.5599975585938, 681.5208129882812, 451.80718994140625, 211.8937225341797, 553.2722778320312, 320.8408203125, 358.08868408203125, 293.706787109375, 82.67616271972656, 292.9808044433594, 567.3499145507812, 318.3977355957031, 164.80508422851562]]

Step 112:
  Date/Day: 113
  Action: [[-0.6298799514770508, 1.0, -1.0, 1.0, 1.0, 1.0, 1.0, 1.0, 1.0, 1.0, -1.0, -1.0, -1.0, -1.0, 1.0, -1.0, -1.0, -1.0, -1.0, -1.0, -1.0, 1.0, -1.0, -1.0, 1.0, -1.0, 1.0, -1.0, 0.5007947683334351]]
  Reward: -0.11812325567007065
  Account Value: None
  Done: False
  Policy Mean: [[-0.6298799514770508, 14.391982078552246, -1.9978827238082886, 6.482957363128662, 6.524704933166504, 4.354557514190674, 4.061113357543945, 4.624668121337891, 15.90240478515625, 11.465014457702637, -10.256217002868652, -6.561071872711182, -7.330785751342773, -16.951812744140625, 3.127676010131836, -4.841912746429443, -13.453635215759277, -5.108076572418213, -13.651021957397461, -2.459846019744873, -3.533149242401123, 1.4395322799682617, -8.084169387817383, -5.601592063903809, 37.67757034301758, -2.2338356971740723, 1.9178613424301147, -9.373420715332031, 0.5007947683334351]]
  Policy Std: [[299.91778564453125, 239.42083740234375, 301.9099426269531, 427.91748046875, 610.9515380859375, 750.0004272460938, 426.6400146484375, 362.2680969238281, 338.62457275390625, 372.10198974609375, 393.6465148925781, 373.148193359375, 268.5321960449219, 438.2530822753906, 587.0374755859375, 298.7802734375, 609.5599975585938, 681.5208129882812, 451.80718994140625, 211.8937225341797, 553.2722778320312, 320.8408203125, 358.08868408203125, 293.706787109375, 82.67616271972656, 292.9808044433594, 567.3499145507812, 318.3977355957031, 164.80508422851562]]

Step 113:
  Date/Day: 114
  Action: [[-0.6298799514770508, 1.0, -1.0, 1.0, 1.0, 1.0, 1.0, 1.0, 1.0, 1.0, -1.0, -1.0, -1.0, -1.0, 1.0, -1.0, -1.0, -1.0, -1.0, -1.0, -1.0, 1.0, -1.0, -1.0, 1.0, -1.0, 1.0, -1.0, 0.5007947683334351]]
  Reward: 0.6031897068023682
  Account Value: None
  Done: False
  Policy Mean: [[-0.6298799514770508, 14.391982078552246, -1.9978827238082886, 6.482957363128662, 6.524704933166504, 4.354557514190674, 4.061113357543945, 4.624668121337891, 15.90240478515625, 11.465014457702637, -10.256217002868652, -6.561071872711182, -7.330785751342773, -16.951812744140625, 3.127676010131836, -4.841912746429443, -13.453635215759277, -5.108076572418213, -13.651021957397461, -2.459846019744873, -3.533149242401123, 1.4395322799682617, -8.084169387817383, -5.601592063903809, 37.67757034301758, -2.2338356971740723, 1.9178613424301147, -9.373420715332031, 0.5007947683334351]]
  Policy Std: [[299.91778564453125, 239.42083740234375, 301.9099426269531, 427.91748046875, 610.9515380859375, 750.0004272460938, 426.6400146484375, 362.2680969238281, 338.62457275390625, 372.10198974609375, 393.6465148925781, 373.148193359375, 268.5321960449219, 438.2530822753906, 587.0374755859375, 298.7802734375, 609.5599975585938, 681.5208129882812, 451.80718994140625, 211.8937225341797, 553.2722778320312, 320.8408203125, 358.08868408203125, 293.706787109375, 82.67616271972656, 292.9808044433594, 567.3499145507812, 318.3977355957031, 164.80508422851562]]

Step 114:
  Date/Day: 115
  Action: [[-0.6298799514770508, 1.0, -1.0, 1.0, 1.0, 1.0, 1.0, 1.0, 1.0, 1.0, -1.0, -1.0, -1.0, -1.0, 1.0, -1.0, -1.0, -1.0, -1.0, -1.0, -1.0, 1.0, -1.0, -1.0, 1.0, -1.0, 1.0, -1.0, 0.5007947683334351]]
  Reward: -1.1014163494110107
  Account Value: None
  Done: False
  Policy Mean: [[-0.6298799514770508, 14.391982078552246, -1.9978827238082886, 6.482957363128662, 6.524704933166504, 4.354557514190674, 4.061113357543945, 4.624668121337891, 15.90240478515625, 11.465014457702637, -10.256217002868652, -6.561071872711182, -7.330785751342773, -16.951812744140625, 3.127676010131836, -4.841912746429443, -13.453635215759277, -5.108076572418213, -13.651021957397461, -2.459846019744873, -3.533149242401123, 1.4395322799682617, -8.084169387817383, -5.601592063903809, 37.67757034301758, -2.2338356971740723, 1.9178613424301147, -9.373420715332031, 0.5007947683334351]]
  Policy Std: [[299.91778564453125, 239.42083740234375, 301.9099426269531, 427.91748046875, 610.9515380859375, 750.0004272460938, 426.6400146484375, 362.2680969238281, 338.62457275390625, 372.10198974609375, 393.6465148925781, 373.148193359375, 268.5321960449219, 438.2530822753906, 587.0374755859375, 298.7802734375, 609.5599975585938, 681.5208129882812, 451.80718994140625, 211.8937225341797, 553.2722778320312, 320.8408203125, 358.08868408203125, 293.706787109375, 82.67616271972656, 292.9808044433594, 567.3499145507812, 318.3977355957031, 164.80508422851562]]

Step 115:
  Date/Day: 116
  Action: [[-0.6298799514770508, 1.0, -1.0, 1.0, 1.0, 1.0, 1.0, 1.0, 1.0, 1.0, -1.0, -1.0, -1.0, -1.0, 1.0, -1.0, -1.0, -1.0, -1.0, -1.0, -1.0, 1.0, -1.0, -1.0, 1.0, -1.0, 1.0, -1.0, 0.5007947683334351]]
  Reward: 1.0713130235671997
  Account Value: None
  Done: False
  Policy Mean: [[-0.6298799514770508, 14.391982078552246, -1.9978827238082886, 6.482957363128662, 6.524704933166504, 4.354557514190674, 4.061113357543945, 4.624668121337891, 15.90240478515625, 11.465014457702637, -10.256217002868652, -6.561071872711182, -7.330785751342773, -16.951812744140625, 3.127676010131836, -4.841912746429443, -13.453635215759277, -5.108076572418213, -13.651021957397461, -2.459846019744873, -3.533149242401123, 1.4395322799682617, -8.084169387817383, -5.601592063903809, 37.67757034301758, -2.2338356971740723, 1.9178613424301147, -9.373420715332031, 0.5007947683334351]]
  Policy Std: [[299.91778564453125, 239.42083740234375, 301.9099426269531, 427.91748046875, 610.9515380859375, 750.0004272460938, 426.6400146484375, 362.2680969238281, 338.62457275390625, 372.10198974609375, 393.6465148925781, 373.148193359375, 268.5321960449219, 438.2530822753906, 587.0374755859375, 298.7802734375, 609.5599975585938, 681.5208129882812, 451.80718994140625, 211.8937225341797, 553.2722778320312, 320.8408203125, 358.08868408203125, 293.706787109375, 82.67616271972656, 292.9808044433594, 567.3499145507812, 318.3977355957031, 164.80508422851562]]

Step 116:
  Date/Day: 117
  Action: [[-0.6298799514770508, 1.0, -1.0, 1.0, 1.0, 1.0, 1.0, 1.0, 1.0, 1.0, -1.0, -1.0, -1.0, -1.0, 1.0, -1.0, -1.0, -1.0, -1.0, -1.0, -1.0, 1.0, -1.0, -1.0, 1.0, -1.0, 1.0, -1.0, 0.5007947683334351]]
  Reward: -0.349984735250473
  Account Value: None
  Done: False
  Policy Mean: [[-0.6298799514770508, 14.391982078552246, -1.9978827238082886, 6.482957363128662, 6.524704933166504, 4.354557514190674, 4.061113357543945, 4.624668121337891, 15.90240478515625, 11.465014457702637, -10.256217002868652, -6.561071872711182, -7.330785751342773, -16.951812744140625, 3.127676010131836, -4.841912746429443, -13.453635215759277, -5.108076572418213, -13.651021957397461, -2.459846019744873, -3.533149242401123, 1.4395322799682617, -8.084169387817383, -5.601592063903809, 37.67757034301758, -2.2338356971740723, 1.9178613424301147, -9.373420715332031, 0.5007947683334351]]
  Policy Std: [[299.91778564453125, 239.42083740234375, 301.9099426269531, 427.91748046875, 610.9515380859375, 750.0004272460938, 426.6400146484375, 362.2680969238281, 338.62457275390625, 372.10198974609375, 393.6465148925781, 373.148193359375, 268.5321960449219, 438.2530822753906, 587.0374755859375, 298.7802734375, 609.5599975585938, 681.5208129882812, 451.80718994140625, 211.8937225341797, 553.2722778320312, 320.8408203125, 358.08868408203125, 293.706787109375, 82.67616271972656, 292.9808044433594, 567.3499145507812, 318.3977355957031, 164.80508422851562]]

Step 117:
  Date/Day: 118
  Action: [[-0.6298799514770508, 1.0, -1.0, 1.0, 1.0, 1.0, 1.0, 1.0, 1.0, 1.0, -1.0, -1.0, -1.0, -1.0, 1.0, -1.0, -1.0, -1.0, -1.0, -1.0, -1.0, 1.0, -1.0, -1.0, 1.0, -1.0, 1.0, -1.0, 0.5007947683334351]]
  Reward: 0.46842262148857117
  Account Value: None
  Done: False
  Policy Mean: [[-0.6298799514770508, 14.391982078552246, -1.9978827238082886, 6.482957363128662, 6.524704933166504, 4.354557514190674, 4.061113357543945, 4.624668121337891, 15.90240478515625, 11.465014457702637, -10.256217002868652, -6.561071872711182, -7.330785751342773, -16.951812744140625, 3.127676010131836, -4.841912746429443, -13.453635215759277, -5.108076572418213, -13.651021957397461, -2.459846019744873, -3.533149242401123, 1.4395322799682617, -8.084169387817383, -5.601592063903809, 37.67757034301758, -2.2338356971740723, 1.9178613424301147, -9.373420715332031, 0.5007947683334351]]
  Policy Std: [[299.91778564453125, 239.42083740234375, 301.9099426269531, 427.91748046875, 610.9515380859375, 750.0004272460938, 426.6400146484375, 362.2680969238281, 338.62457275390625, 372.10198974609375, 393.6465148925781, 373.148193359375, 268.5321960449219, 438.2530822753906, 587.0374755859375, 298.7802734375, 609.5599975585938, 681.5208129882812, 451.80718994140625, 211.8937225341797, 553.2722778320312, 320.8408203125, 358.08868408203125, 293.706787109375, 82.67616271972656, 292.9808044433594, 567.3499145507812, 318.3977355957031, 164.80508422851562]]

Step 118:
  Date/Day: 119
  Action: [[-0.6298799514770508, 1.0, -1.0, 1.0, 1.0, 1.0, 1.0, 1.0, 1.0, 1.0, -1.0, -1.0, -1.0, -1.0, 1.0, -1.0, -1.0, -1.0, -1.0, -1.0, -1.0, 1.0, -1.0, -1.0, 1.0, -1.0, 1.0, -1.0, 0.5007947683334351]]
  Reward: -0.3861997425556183
  Account Value: None
  Done: False
  Policy Mean: [[-0.6298799514770508, 14.391982078552246, -1.9978827238082886, 6.482957363128662, 6.524704933166504, 4.354557514190674, 4.061113357543945, 4.624668121337891, 15.90240478515625, 11.465014457702637, -10.256217002868652, -6.561071872711182, -7.330785751342773, -16.951812744140625, 3.127676010131836, -4.841912746429443, -13.453635215759277, -5.108076572418213, -13.651021957397461, -2.459846019744873, -3.533149242401123, 1.4395322799682617, -8.084169387817383, -5.601592063903809, 37.67757034301758, -2.2338356971740723, 1.9178613424301147, -9.373420715332031, 0.5007947683334351]]
  Policy Std: [[299.91778564453125, 239.42083740234375, 301.9099426269531, 427.91748046875, 610.9515380859375, 750.0004272460938, 426.6400146484375, 362.2680969238281, 338.62457275390625, 372.10198974609375, 393.6465148925781, 373.148193359375, 268.5321960449219, 438.2530822753906, 587.0374755859375, 298.7802734375, 609.5599975585938, 681.5208129882812, 451.80718994140625, 211.8937225341797, 553.2722778320312, 320.8408203125, 358.08868408203125, 293.706787109375, 82.67616271972656, 292.9808044433594, 567.3499145507812, 318.3977355957031, 164.80508422851562]]

Step 119:
  Date/Day: 120
  Action: [[-0.6298799514770508, 1.0, -1.0, 1.0, 1.0, 1.0, 1.0, 1.0, 1.0, 1.0, -1.0, -1.0, -1.0, -1.0, 1.0, -1.0, -1.0, -1.0, -1.0, -1.0, -1.0, 1.0, -1.0, -1.0, 1.0, -1.0, 1.0, -1.0, 0.5007947683334351]]
  Reward: 0.02701857127249241
  Account Value: None
  Done: False
  Policy Mean: [[-0.6298799514770508, 14.391982078552246, -1.9978827238082886, 6.482957363128662, 6.524704933166504, 4.354557514190674, 4.061113357543945, 4.624668121337891, 15.90240478515625, 11.465014457702637, -10.256217002868652, -6.561071872711182, -7.330785751342773, -16.951812744140625, 3.127676010131836, -4.841912746429443, -13.453635215759277, -5.108076572418213, -13.651021957397461, -2.459846019744873, -3.533149242401123, 1.4395322799682617, -8.084169387817383, -5.601592063903809, 37.67757034301758, -2.2338356971740723, 1.9178613424301147, -9.373420715332031, 0.5007947683334351]]
  Policy Std: [[299.91778564453125, 239.42083740234375, 301.9099426269531, 427.91748046875, 610.9515380859375, 750.0004272460938, 426.6400146484375, 362.2680969238281, 338.62457275390625, 372.10198974609375, 393.6465148925781, 373.148193359375, 268.5321960449219, 438.2530822753906, 587.0374755859375, 298.7802734375, 609.5599975585938, 681.5208129882812, 451.80718994140625, 211.8937225341797, 553.2722778320312, 320.8408203125, 358.08868408203125, 293.706787109375, 82.67616271972656, 292.9808044433594, 567.3499145507812, 318.3977355957031, 164.80508422851562]]

Step 120:
  Date/Day: 121
  Action: [[-0.6298799514770508, 1.0, -1.0, 1.0, 1.0, 1.0, 1.0, 1.0, 1.0, 1.0, -1.0, -1.0, -1.0, -1.0, 1.0, -1.0, -1.0, -1.0, -1.0, -1.0, -1.0, 1.0, -1.0, -1.0, 1.0, -1.0, 1.0, -1.0, 0.5007947683334351]]
  Reward: -0.959411084651947
  Account Value: None
  Done: False
  Policy Mean: [[-0.6298799514770508, 14.391982078552246, -1.9978827238082886, 6.482957363128662, 6.524704933166504, 4.354557514190674, 4.061113357543945, 4.624668121337891, 15.90240478515625, 11.465014457702637, -10.256217002868652, -6.561071872711182, -7.330785751342773, -16.951812744140625, 3.127676010131836, -4.841912746429443, -13.453635215759277, -5.108076572418213, -13.651021957397461, -2.459846019744873, -3.533149242401123, 1.4395322799682617, -8.084169387817383, -5.601592063903809, 37.67757034301758, -2.2338356971740723, 1.9178613424301147, -9.373420715332031, 0.5007947683334351]]
  Policy Std: [[299.91778564453125, 239.42083740234375, 301.9099426269531, 427.91748046875, 610.9515380859375, 750.0004272460938, 426.6400146484375, 362.2680969238281, 338.62457275390625, 372.10198974609375, 393.6465148925781, 373.148193359375, 268.5321960449219, 438.2530822753906, 587.0374755859375, 298.7802734375, 609.5599975585938, 681.5208129882812, 451.80718994140625, 211.8937225341797, 553.2722778320312, 320.8408203125, 358.08868408203125, 293.706787109375, 82.67616271972656, 292.9808044433594, 567.3499145507812, 318.3977355957031, 164.80508422851562]]

Step 121:
  Date/Day: 122
  Action: [[-0.6298799514770508, 1.0, -1.0, 1.0, 1.0, 1.0, 1.0, 1.0, 1.0, 1.0, -1.0, -1.0, -1.0, -1.0, 1.0, -1.0, -1.0, -1.0, -1.0, -1.0, -1.0, 1.0, -1.0, -1.0, 1.0, -1.0, 1.0, -1.0, 0.5007947683334351]]
  Reward: 0.6467077136039734
  Account Value: None
  Done: False
  Policy Mean: [[-0.6298799514770508, 14.391982078552246, -1.9978827238082886, 6.482957363128662, 6.524704933166504, 4.354557514190674, 4.061113357543945, 4.624668121337891, 15.90240478515625, 11.465014457702637, -10.256217002868652, -6.561071872711182, -7.330785751342773, -16.951812744140625, 3.127676010131836, -4.841912746429443, -13.453635215759277, -5.108076572418213, -13.651021957397461, -2.459846019744873, -3.533149242401123, 1.4395322799682617, -8.084169387817383, -5.601592063903809, 37.67757034301758, -2.2338356971740723, 1.9178613424301147, -9.373420715332031, 0.5007947683334351]]
  Policy Std: [[299.91778564453125, 239.42083740234375, 301.9099426269531, 427.91748046875, 610.9515380859375, 750.0004272460938, 426.6400146484375, 362.2680969238281, 338.62457275390625, 372.10198974609375, 393.6465148925781, 373.148193359375, 268.5321960449219, 438.2530822753906, 587.0374755859375, 298.7802734375, 609.5599975585938, 681.5208129882812, 451.80718994140625, 211.8937225341797, 553.2722778320312, 320.8408203125, 358.08868408203125, 293.706787109375, 82.67616271972656, 292.9808044433594, 567.3499145507812, 318.3977355957031, 164.80508422851562]]

Step 122:
  Date/Day: 123
  Action: [[-0.6298799514770508, 1.0, -1.0, 1.0, 1.0, 1.0, 1.0, 1.0, 1.0, 1.0, -1.0, -1.0, -1.0, -1.0, 1.0, -1.0, -1.0, -1.0, -1.0, -1.0, -1.0, 1.0, -1.0, -1.0, 1.0, -1.0, 1.0, -1.0, 0.5007947683334351]]
  Reward: 0.055865444242954254
  Account Value: None
  Done: False
  Policy Mean: [[-0.6298799514770508, 14.391982078552246, -1.9978827238082886, 6.482957363128662, 6.524704933166504, 4.354557514190674, 4.061113357543945, 4.624668121337891, 15.90240478515625, 11.465014457702637, -10.256217002868652, -6.561071872711182, -7.330785751342773, -16.951812744140625, 3.127676010131836, -4.841912746429443, -13.453635215759277, -5.108076572418213, -13.651021957397461, -2.459846019744873, -3.533149242401123, 1.4395322799682617, -8.084169387817383, -5.601592063903809, 37.67757034301758, -2.2338356971740723, 1.9178613424301147, -9.373420715332031, 0.5007947683334351]]
  Policy Std: [[299.91778564453125, 239.42083740234375, 301.9099426269531, 427.91748046875, 610.9515380859375, 750.0004272460938, 426.6400146484375, 362.2680969238281, 338.62457275390625, 372.10198974609375, 393.6465148925781, 373.148193359375, 268.5321960449219, 438.2530822753906, 587.0374755859375, 298.7802734375, 609.5599975585938, 681.5208129882812, 451.80718994140625, 211.8937225341797, 553.2722778320312, 320.8408203125, 358.08868408203125, 293.706787109375, 82.67616271972656, 292.9808044433594, 567.3499145507812, 318.3977355957031, 164.80508422851562]]

Step 123:
  Date/Day: 124
  Action: [[-0.6298799514770508, 1.0, -1.0, 1.0, 1.0, 1.0, 1.0, 1.0, 1.0, 1.0, -1.0, -1.0, -1.0, -1.0, 1.0, -1.0, -1.0, -1.0, -1.0, -1.0, -1.0, 1.0, -1.0, -1.0, 1.0, -1.0, 1.0, -1.0, 0.5007947683334351]]
  Reward: 0.8064480423927307
  Account Value: None
  Done: False
  Policy Mean: [[-0.6298799514770508, 14.391982078552246, -1.9978827238082886, 6.482957363128662, 6.524704933166504, 4.354557514190674, 4.061113357543945, 4.624668121337891, 15.90240478515625, 11.465014457702637, -10.256217002868652, -6.561071872711182, -7.330785751342773, -16.951812744140625, 3.127676010131836, -4.841912746429443, -13.453635215759277, -5.108076572418213, -13.651021957397461, -2.459846019744873, -3.533149242401123, 1.4395322799682617, -8.084169387817383, -5.601592063903809, 37.67757034301758, -2.2338356971740723, 1.9178613424301147, -9.373420715332031, 0.5007947683334351]]
  Policy Std: [[299.91778564453125, 239.42083740234375, 301.9099426269531, 427.91748046875, 610.9515380859375, 750.0004272460938, 426.6400146484375, 362.2680969238281, 338.62457275390625, 372.10198974609375, 393.6465148925781, 373.148193359375, 268.5321960449219, 438.2530822753906, 587.0374755859375, 298.7802734375, 609.5599975585938, 681.5208129882812, 451.80718994140625, 211.8937225341797, 553.2722778320312, 320.8408203125, 358.08868408203125, 293.706787109375, 82.67616271972656, 292.9808044433594, 567.3499145507812, 318.3977355957031, 164.80508422851562]]

Step 124:
  Date/Day: 125
  Action: [[-0.6298799514770508, 1.0, -1.0, 1.0, 1.0, 1.0, 1.0, 1.0, 1.0, 1.0, -1.0, -1.0, -1.0, -1.0, 1.0, -1.0, -1.0, -1.0, -1.0, -1.0, -1.0, 1.0, -1.0, -1.0, 1.0, -1.0, 1.0, -1.0, 0.5007947683334351]]
  Reward: -0.1472034901380539
  Account Value: None
  Done: False
  Policy Mean: [[-0.6298799514770508, 14.391982078552246, -1.9978827238082886, 6.482957363128662, 6.524704933166504, 4.354557514190674, 4.061113357543945, 4.624668121337891, 15.90240478515625, 11.465014457702637, -10.256217002868652, -6.561071872711182, -7.330785751342773, -16.951812744140625, 3.127676010131836, -4.841912746429443, -13.453635215759277, -5.108076572418213, -13.651021957397461, -2.459846019744873, -3.533149242401123, 1.4395322799682617, -8.084169387817383, -5.601592063903809, 37.67757034301758, -2.2338356971740723, 1.9178613424301147, -9.373420715332031, 0.5007947683334351]]
  Policy Std: [[299.91778564453125, 239.42083740234375, 301.9099426269531, 427.91748046875, 610.9515380859375, 750.0004272460938, 426.6400146484375, 362.2680969238281, 338.62457275390625, 372.10198974609375, 393.6465148925781, 373.148193359375, 268.5321960449219, 438.2530822753906, 587.0374755859375, 298.7802734375, 609.5599975585938, 681.5208129882812, 451.80718994140625, 211.8937225341797, 553.2722778320312, 320.8408203125, 358.08868408203125, 293.706787109375, 82.67616271972656, 292.9808044433594, 567.3499145507812, 318.3977355957031, 164.80508422851562]]

Step 125:
  Date/Day: 126
  Action: [[-0.6298799514770508, 1.0, -1.0, 1.0, 1.0, 1.0, 1.0, 1.0, 1.0, 1.0, -1.0, -1.0, -1.0, -1.0, 1.0, -1.0, -1.0, -1.0, -1.0, -1.0, -1.0, 1.0, -1.0, -1.0, 1.0, -1.0, 1.0, -1.0, 0.5007947683334351]]
  Reward: 0.41753441095352173
  Account Value: None
  Done: False
  Policy Mean: [[-0.6298799514770508, 14.391982078552246, -1.9978827238082886, 6.482957363128662, 6.524704933166504, 4.354557514190674, 4.061113357543945, 4.624668121337891, 15.90240478515625, 11.465014457702637, -10.256217002868652, -6.561071872711182, -7.330785751342773, -16.951812744140625, 3.127676010131836, -4.841912746429443, -13.453635215759277, -5.108076572418213, -13.651021957397461, -2.459846019744873, -3.533149242401123, 1.4395322799682617, -8.084169387817383, -5.601592063903809, 37.67757034301758, -2.2338356971740723, 1.9178613424301147, -9.373420715332031, 0.5007947683334351]]
  Policy Std: [[299.91778564453125, 239.42083740234375, 301.9099426269531, 427.91748046875, 610.9515380859375, 750.0004272460938, 426.6400146484375, 362.2680969238281, 338.62457275390625, 372.10198974609375, 393.6465148925781, 373.148193359375, 268.5321960449219, 438.2530822753906, 587.0374755859375, 298.7802734375, 609.5599975585938, 681.5208129882812, 451.80718994140625, 211.8937225341797, 553.2722778320312, 320.8408203125, 358.08868408203125, 293.706787109375, 82.67616271972656, 292.9808044433594, 567.3499145507812, 318.3977355957031, 164.80508422851562]]

Step 126:
  Date/Day: 127
  Action: [[-0.6298801898956299, 1.0, -1.0, 1.0, 1.0, 1.0, 1.0, 1.0, 1.0, 1.0, -1.0, -1.0, -1.0, -1.0, 1.0, -1.0, -1.0, -1.0, -1.0, -1.0, -1.0, 1.0, -1.0, -1.0, 1.0, -1.0, 1.0, -1.0, 0.5007940530776978]]
  Reward: 0.7598588466644287
  Account Value: None
  Done: False
  Policy Mean: [[-0.6298801898956299, 14.391983985900879, -1.9978817701339722, 6.482960224151611, 6.524705410003662, 4.35455846786499, 4.0611138343811035, 4.624667644500732, 15.9024076461792, 11.465017318725586, -10.256218910217285, -6.561071395874023, -7.33078670501709, -16.951812744140625, 3.127676010131836, -4.84191370010376, -13.45363712310791, -5.1080780029296875, -13.651026725769043, -2.4598464965820312, -3.5331504344940186, 1.4395313262939453, -8.084169387817383, -5.601592063903809, 37.677574157714844, -2.2338345050811768, 1.9178613424301147, -9.373419761657715, 0.5007940530776978]]
  Policy Std: [[299.91778564453125, 239.42083740234375, 301.9099426269531, 427.91748046875, 610.9515380859375, 750.0004272460938, 426.6400146484375, 362.2680969238281, 338.62457275390625, 372.10198974609375, 393.6465148925781, 373.148193359375, 268.5321960449219, 438.2530822753906, 587.0374755859375, 298.7802734375, 609.5599975585938, 681.5208129882812, 451.80718994140625, 211.8937225341797, 553.2722778320312, 320.8408203125, 358.08868408203125, 293.706787109375, 82.67616271972656, 292.9808044433594, 567.3499145507812, 318.3977355957031, 164.80508422851562]]

Step 127:
  Date/Day: 128
  Action: [[-0.6298799514770508, 1.0, -1.0, 1.0, 1.0, 1.0, 1.0, 1.0, 1.0, 1.0, -1.0, -1.0, -1.0, -1.0, 1.0, -1.0, -1.0, -1.0, -1.0, -1.0, -1.0, 1.0, -1.0, -1.0, 1.0, -1.0, 1.0, -1.0, 0.5007945895195007]]
  Reward: -0.9990217089653015
  Account Value: None
  Done: False
  Policy Mean: [[-0.6298799514770508, 14.391982078552246, -1.9978824853897095, 6.48295783996582, 6.524705410003662, 4.354557514190674, 4.061113357543945, 4.624668121337891, 15.902405738830566, 11.465014457702637, -10.256217956542969, -6.561071872711182, -7.330785751342773, -16.951812744140625, 3.127675771713257, -4.841913223266602, -13.453636169433594, -5.108077049255371, -13.651023864746094, -2.459846019744873, -3.533149480819702, 1.4395320415496826, -8.0841703414917, -5.601592063903809, 37.677574157714844, -2.233835220336914, 1.9178613424301147, -9.373420715332031, 0.5007945895195007]]
  Policy Std: [[299.91778564453125, 239.42083740234375, 301.9099426269531, 427.91748046875, 610.9515380859375, 750.0004272460938, 426.6400146484375, 362.2680969238281, 338.62457275390625, 372.10198974609375, 393.6465148925781, 373.148193359375, 268.5321960449219, 438.2530822753906, 587.0374755859375, 298.7802734375, 609.5599975585938, 681.5208129882812, 451.80718994140625, 211.8937225341797, 553.2722778320312, 320.8408203125, 358.08868408203125, 293.706787109375, 82.67616271972656, 292.9808044433594, 567.3499145507812, 318.3977355957031, 164.80508422851562]]

Step 128:
  Date/Day: 129
  Action: [[-0.6298799514770508, 1.0, -1.0, 1.0, 1.0, 1.0, 1.0, 1.0, 1.0, 1.0, -1.0, -1.0, -1.0, -1.0, 1.0, -1.0, -1.0, -1.0, -1.0, -1.0, -1.0, 1.0, -1.0, -1.0, 1.0, -1.0, 1.0, -1.0, 0.5007947683334351]]
  Reward: 0.8304622173309326
  Account Value: None
  Done: False
  Policy Mean: [[-0.6298799514770508, 14.391982078552246, -1.9978827238082886, 6.482957363128662, 6.524704933166504, 4.354557514190674, 4.061113357543945, 4.624668121337891, 15.90240478515625, 11.465014457702637, -10.256217002868652, -6.561071872711182, -7.330785751342773, -16.951812744140625, 3.127676010131836, -4.841912746429443, -13.453635215759277, -5.108076572418213, -13.651021957397461, -2.459846019744873, -3.533149242401123, 1.4395322799682617, -8.084169387817383, -5.601592063903809, 37.67757034301758, -2.2338356971740723, 1.9178613424301147, -9.373420715332031, 0.5007947683334351]]
  Policy Std: [[299.91778564453125, 239.42083740234375, 301.9099426269531, 427.91748046875, 610.9515380859375, 750.0004272460938, 426.6400146484375, 362.2680969238281, 338.62457275390625, 372.10198974609375, 393.6465148925781, 373.148193359375, 268.5321960449219, 438.2530822753906, 587.0374755859375, 298.7802734375, 609.5599975585938, 681.5208129882812, 451.80718994140625, 211.8937225341797, 553.2722778320312, 320.8408203125, 358.08868408203125, 293.706787109375, 82.67616271972656, 292.9808044433594, 567.3499145507812, 318.3977355957031, 164.80508422851562]]

Step 129:
  Date/Day: 130
  Action: [[-0.6298799514770508, 1.0, -1.0, 1.0, 1.0, 1.0, 1.0, 1.0, 1.0, 1.0, -1.0, -1.0, -1.0, -1.0, 1.0, -1.0, -1.0, -1.0, -1.0, -1.0, -1.0, 1.0, -1.0, -1.0, 1.0, -1.0, 1.0, -1.0, 0.5007947683334351]]
  Reward: 2.471323251724243
  Account Value: None
  Done: False
  Policy Mean: [[-0.6298799514770508, 14.391982078552246, -1.9978827238082886, 6.482957363128662, 6.524704933166504, 4.354557514190674, 4.061113357543945, 4.624668121337891, 15.90240478515625, 11.465014457702637, -10.256217002868652, -6.561071872711182, -7.330785751342773, -16.951812744140625, 3.127676010131836, -4.841912746429443, -13.453635215759277, -5.108076572418213, -13.651021957397461, -2.459846019744873, -3.533149242401123, 1.4395322799682617, -8.084169387817383, -5.601592063903809, 37.67757034301758, -2.2338356971740723, 1.9178613424301147, -9.373420715332031, 0.5007947683334351]]
  Policy Std: [[299.91778564453125, 239.42083740234375, 301.9099426269531, 427.91748046875, 610.9515380859375, 750.0004272460938, 426.6400146484375, 362.2680969238281, 338.62457275390625, 372.10198974609375, 393.6465148925781, 373.148193359375, 268.5321960449219, 438.2530822753906, 587.0374755859375, 298.7802734375, 609.5599975585938, 681.5208129882812, 451.80718994140625, 211.8937225341797, 553.2722778320312, 320.8408203125, 358.08868408203125, 293.706787109375, 82.67616271972656, 292.9808044433594, 567.3499145507812, 318.3977355957031, 164.80508422851562]]

Step 130:
  Date/Day: 131
  Action: [[-0.6298799514770508, 1.0, -1.0, 1.0, 1.0, 1.0, 1.0, 1.0, 1.0, 1.0, -1.0, -1.0, -1.0, -1.0, 1.0, -1.0, -1.0, -1.0, -1.0, -1.0, -1.0, 1.0, -1.0, -1.0, 1.0, -1.0, 1.0, -1.0, 0.5007947683334351]]
  Reward: 0.9428027868270874
  Account Value: None
  Done: False
  Policy Mean: [[-0.6298799514770508, 14.391982078552246, -1.9978827238082886, 6.482957363128662, 6.524704933166504, 4.354557514190674, 4.061113357543945, 4.624668121337891, 15.90240478515625, 11.465014457702637, -10.256217002868652, -6.561071872711182, -7.330785751342773, -16.951812744140625, 3.127676010131836, -4.841912746429443, -13.453635215759277, -5.108076572418213, -13.651021957397461, -2.459846019744873, -3.533149242401123, 1.4395322799682617, -8.084169387817383, -5.601592063903809, 37.67757034301758, -2.2338356971740723, 1.9178613424301147, -9.373420715332031, 0.5007947683334351]]
  Policy Std: [[299.91778564453125, 239.42083740234375, 301.9099426269531, 427.91748046875, 610.9515380859375, 750.0004272460938, 426.6400146484375, 362.2680969238281, 338.62457275390625, 372.10198974609375, 393.6465148925781, 373.148193359375, 268.5321960449219, 438.2530822753906, 587.0374755859375, 298.7802734375, 609.5599975585938, 681.5208129882812, 451.80718994140625, 211.8937225341797, 553.2722778320312, 320.8408203125, 358.08868408203125, 293.706787109375, 82.67616271972656, 292.9808044433594, 567.3499145507812, 318.3977355957031, 164.80508422851562]]

Step 131:
  Date/Day: 132
  Action: [[-0.6298799514770508, 1.0, -1.0, 1.0, 1.0, 1.0, 1.0, 1.0, 1.0, 1.0, -1.0, -1.0, -1.0, -1.0, 1.0, -1.0, -1.0, -1.0, -1.0, -1.0, -1.0, 1.0, -1.0, -1.0, 1.0, -1.0, 1.0, -1.0, 0.5007947683334351]]
  Reward: 0.15531523525714874
  Account Value: None
  Done: False
  Policy Mean: [[-0.6298799514770508, 14.391982078552246, -1.9978827238082886, 6.482957363128662, 6.524704933166504, 4.354557514190674, 4.061113357543945, 4.624668121337891, 15.90240478515625, 11.465014457702637, -10.256217002868652, -6.561071872711182, -7.330785751342773, -16.951812744140625, 3.127676010131836, -4.841912746429443, -13.453635215759277, -5.108076572418213, -13.651021957397461, -2.459846019744873, -3.533149242401123, 1.4395322799682617, -8.084169387817383, -5.601592063903809, 37.67757034301758, -2.2338356971740723, 1.9178613424301147, -9.373420715332031, 0.5007947683334351]]
  Policy Std: [[299.91778564453125, 239.42083740234375, 301.9099426269531, 427.91748046875, 610.9515380859375, 750.0004272460938, 426.6400146484375, 362.2680969238281, 338.62457275390625, 372.10198974609375, 393.6465148925781, 373.148193359375, 268.5321960449219, 438.2530822753906, 587.0374755859375, 298.7802734375, 609.5599975585938, 681.5208129882812, 451.80718994140625, 211.8937225341797, 553.2722778320312, 320.8408203125, 358.08868408203125, 293.706787109375, 82.67616271972656, 292.9808044433594, 567.3499145507812, 318.3977355957031, 164.80508422851562]]

Step 132:
  Date/Day: 133
  Action: [[-0.6298799514770508, 1.0, -1.0, 1.0, 1.0, 1.0, 1.0, 1.0, 1.0, 1.0, -1.0, -1.0, -1.0, -1.0, 1.0, -1.0, -1.0, -1.0, -1.0, -1.0, -1.0, 1.0, -1.0, -1.0, 1.0, -1.0, 1.0, -1.0, 0.5007947683334351]]
  Reward: -0.37331753969192505
  Account Value: None
  Done: False
  Policy Mean: [[-0.6298799514770508, 14.391982078552246, -1.9978827238082886, 6.482957363128662, 6.524704933166504, 4.354557514190674, 4.061113357543945, 4.624668121337891, 15.90240478515625, 11.465014457702637, -10.256217002868652, -6.561071872711182, -7.330785751342773, -16.951812744140625, 3.127676010131836, -4.841912746429443, -13.453635215759277, -5.108076572418213, -13.651021957397461, -2.459846019744873, -3.533149242401123, 1.4395322799682617, -8.084169387817383, -5.601592063903809, 37.67757034301758, -2.2338356971740723, 1.9178613424301147, -9.373420715332031, 0.5007947683334351]]
  Policy Std: [[299.91778564453125, 239.42083740234375, 301.9099426269531, 427.91748046875, 610.9515380859375, 750.0004272460938, 426.6400146484375, 362.2680969238281, 338.62457275390625, 372.10198974609375, 393.6465148925781, 373.148193359375, 268.5321960449219, 438.2530822753906, 587.0374755859375, 298.7802734375, 609.5599975585938, 681.5208129882812, 451.80718994140625, 211.8937225341797, 553.2722778320312, 320.8408203125, 358.08868408203125, 293.706787109375, 82.67616271972656, 292.9808044433594, 567.3499145507812, 318.3977355957031, 164.80508422851562]]

Step 133:
  Date/Day: 134
  Action: [[-0.6298799514770508, 1.0, -1.0, 1.0, 1.0, 1.0, 1.0, 1.0, 1.0, 1.0, -1.0, -1.0, -1.0, -1.0, 1.0, -1.0, -1.0, -1.0, -1.0, -1.0, -1.0, 1.0, -1.0, -1.0, 1.0, -1.0, 1.0, -1.0, 0.5007947683334351]]
  Reward: 0.19473369419574738
  Account Value: None
  Done: False
  Policy Mean: [[-0.6298799514770508, 14.391982078552246, -1.9978827238082886, 6.482957363128662, 6.524704933166504, 4.354557514190674, 4.061113357543945, 4.624668121337891, 15.90240478515625, 11.465014457702637, -10.256217002868652, -6.561071872711182, -7.330785751342773, -16.951812744140625, 3.127676010131836, -4.841912746429443, -13.453635215759277, -5.108076572418213, -13.651021957397461, -2.459846019744873, -3.533149242401123, 1.4395322799682617, -8.084169387817383, -5.601592063903809, 37.67757034301758, -2.2338356971740723, 1.9178613424301147, -9.373420715332031, 0.5007947683334351]]
  Policy Std: [[299.91778564453125, 239.42083740234375, 301.9099426269531, 427.91748046875, 610.9515380859375, 750.0004272460938, 426.6400146484375, 362.2680969238281, 338.62457275390625, 372.10198974609375, 393.6465148925781, 373.148193359375, 268.5321960449219, 438.2530822753906, 587.0374755859375, 298.7802734375, 609.5599975585938, 681.5208129882812, 451.80718994140625, 211.8937225341797, 553.2722778320312, 320.8408203125, 358.08868408203125, 293.706787109375, 82.67616271972656, 292.9808044433594, 567.3499145507812, 318.3977355957031, 164.80508422851562]]

Step 134:
  Date/Day: 135
  Action: [[-0.6298799514770508, 1.0, -1.0, 1.0, 1.0, 1.0, 1.0, 1.0, 1.0, 1.0, -1.0, -1.0, -1.0, -1.0, 1.0, -1.0, -1.0, -1.0, -1.0, -1.0, -1.0, 1.0, -1.0, -1.0, 1.0, -1.0, 1.0, -1.0, 0.5007947683334351]]
  Reward: -0.17227387428283691
  Account Value: None
  Done: False
  Policy Mean: [[-0.6298799514770508, 14.391982078552246, -1.9978827238082886, 6.482957363128662, 6.524704933166504, 4.354557514190674, 4.061113357543945, 4.624668121337891, 15.90240478515625, 11.465014457702637, -10.256217002868652, -6.561071872711182, -7.330785751342773, -16.951812744140625, 3.127676010131836, -4.841912746429443, -13.453635215759277, -5.108076572418213, -13.651021957397461, -2.459846019744873, -3.533149242401123, 1.4395322799682617, -8.084169387817383, -5.601592063903809, 37.67757034301758, -2.2338356971740723, 1.9178613424301147, -9.373420715332031, 0.5007947683334351]]
  Policy Std: [[299.91778564453125, 239.42083740234375, 301.9099426269531, 427.91748046875, 610.9515380859375, 750.0004272460938, 426.6400146484375, 362.2680969238281, 338.62457275390625, 372.10198974609375, 393.6465148925781, 373.148193359375, 268.5321960449219, 438.2530822753906, 587.0374755859375, 298.7802734375, 609.5599975585938, 681.5208129882812, 451.80718994140625, 211.8937225341797, 553.2722778320312, 320.8408203125, 358.08868408203125, 293.706787109375, 82.67616271972656, 292.9808044433594, 567.3499145507812, 318.3977355957031, 164.80508422851562]]

Step 135:
  Date/Day: 136
  Action: [[-0.6298799514770508, 1.0, -1.0, 1.0, 1.0, 1.0, 1.0, 1.0, 1.0, 1.0, -1.0, -1.0, -1.0, -1.0, 1.0, -1.0, -1.0, -1.0, -1.0, -1.0, -1.0, 1.0, -1.0, -1.0, 1.0, -1.0, 1.0, -1.0, 0.5007947683334351]]
  Reward: 0.2862286865711212
  Account Value: None
  Done: False
  Policy Mean: [[-0.6298799514770508, 14.391982078552246, -1.9978827238082886, 6.482957363128662, 6.524704933166504, 4.354557514190674, 4.061113357543945, 4.624668121337891, 15.90240478515625, 11.465014457702637, -10.256217002868652, -6.561071872711182, -7.330785751342773, -16.951812744140625, 3.127676010131836, -4.841912746429443, -13.453635215759277, -5.108076572418213, -13.651021957397461, -2.459846019744873, -3.533149242401123, 1.4395322799682617, -8.084169387817383, -5.601592063903809, 37.67757034301758, -2.2338356971740723, 1.9178613424301147, -9.373420715332031, 0.5007947683334351]]
  Policy Std: [[299.91778564453125, 239.42083740234375, 301.9099426269531, 427.91748046875, 610.9515380859375, 750.0004272460938, 426.6400146484375, 362.2680969238281, 338.62457275390625, 372.10198974609375, 393.6465148925781, 373.148193359375, 268.5321960449219, 438.2530822753906, 587.0374755859375, 298.7802734375, 609.5599975585938, 681.5208129882812, 451.80718994140625, 211.8937225341797, 553.2722778320312, 320.8408203125, 358.08868408203125, 293.706787109375, 82.67616271972656, 292.9808044433594, 567.3499145507812, 318.3977355957031, 164.80508422851562]]

Step 136:
  Date/Day: 137
  Action: [[-0.6298799514770508, 1.0, -1.0, 1.0, 1.0, 1.0, 1.0, 1.0, 1.0, 1.0, -1.0, -1.0, -1.0, -1.0, 1.0, -1.0, -1.0, -1.0, -1.0, -1.0, -1.0, 1.0, -1.0, -1.0, 1.0, -1.0, 1.0, -1.0, 0.5007947683334351]]
  Reward: -1.0338064432144165
  Account Value: None
  Done: False
  Policy Mean: [[-0.6298799514770508, 14.391982078552246, -1.9978827238082886, 6.482957363128662, 6.524704933166504, 4.354557514190674, 4.061113357543945, 4.624668121337891, 15.90240478515625, 11.465014457702637, -10.256217002868652, -6.561071872711182, -7.330785751342773, -16.951812744140625, 3.127676010131836, -4.841912746429443, -13.453635215759277, -5.108076572418213, -13.651021957397461, -2.459846019744873, -3.533149242401123, 1.4395322799682617, -8.084169387817383, -5.601592063903809, 37.67757034301758, -2.2338356971740723, 1.9178613424301147, -9.373420715332031, 0.5007947683334351]]
  Policy Std: [[299.91778564453125, 239.42083740234375, 301.9099426269531, 427.91748046875, 610.9515380859375, 750.0004272460938, 426.6400146484375, 362.2680969238281, 338.62457275390625, 372.10198974609375, 393.6465148925781, 373.148193359375, 268.5321960449219, 438.2530822753906, 587.0374755859375, 298.7802734375, 609.5599975585938, 681.5208129882812, 451.80718994140625, 211.8937225341797, 553.2722778320312, 320.8408203125, 358.08868408203125, 293.706787109375, 82.67616271972656, 292.9808044433594, 567.3499145507812, 318.3977355957031, 164.80508422851562]]

Step 137:
  Date/Day: 138
  Action: [[-0.6298799514770508, 1.0, -1.0, 1.0, 1.0, 1.0, 1.0, 1.0, 1.0, 1.0, -1.0, -1.0, -1.0, -1.0, 1.0, -1.0, -1.0, -1.0, -1.0, -1.0, -1.0, 1.0, -1.0, -1.0, 1.0, -1.0, 1.0, -1.0, 0.5007947683334351]]
  Reward: 0.6235278248786926
  Account Value: None
  Done: False
  Policy Mean: [[-0.6298799514770508, 14.391982078552246, -1.9978827238082886, 6.482957363128662, 6.524704933166504, 4.354557514190674, 4.061113357543945, 4.624668121337891, 15.90240478515625, 11.465014457702637, -10.256217002868652, -6.561071872711182, -7.330785751342773, -16.951812744140625, 3.127676010131836, -4.841912746429443, -13.453635215759277, -5.108076572418213, -13.651021957397461, -2.459846019744873, -3.533149242401123, 1.4395322799682617, -8.084169387817383, -5.601592063903809, 37.67757034301758, -2.2338356971740723, 1.9178613424301147, -9.373420715332031, 0.5007947683334351]]
  Policy Std: [[299.91778564453125, 239.42083740234375, 301.9099426269531, 427.91748046875, 610.9515380859375, 750.0004272460938, 426.6400146484375, 362.2680969238281, 338.62457275390625, 372.10198974609375, 393.6465148925781, 373.148193359375, 268.5321960449219, 438.2530822753906, 587.0374755859375, 298.7802734375, 609.5599975585938, 681.5208129882812, 451.80718994140625, 211.8937225341797, 553.2722778320312, 320.8408203125, 358.08868408203125, 293.706787109375, 82.67616271972656, 292.9808044433594, 567.3499145507812, 318.3977355957031, 164.80508422851562]]

Step 138:
  Date/Day: 139
  Action: [[-0.6298799514770508, 1.0, -1.0, 1.0, 1.0, 1.0, 1.0, 1.0, 1.0, 1.0, -1.0, -1.0, -1.0, -1.0, 1.0, -1.0, -1.0, -1.0, -1.0, -1.0, -1.0, 1.0, -1.0, -1.0, 1.0, -1.0, 1.0, -1.0, 0.5007947683334351]]
  Reward: 0.5546532273292542
  Account Value: None
  Done: False
  Policy Mean: [[-0.6298799514770508, 14.391982078552246, -1.9978827238082886, 6.482957363128662, 6.524704933166504, 4.354557514190674, 4.061113357543945, 4.624668121337891, 15.90240478515625, 11.465014457702637, -10.256217002868652, -6.561071872711182, -7.330785751342773, -16.951812744140625, 3.127676010131836, -4.841912746429443, -13.453635215759277, -5.108076572418213, -13.651021957397461, -2.459846019744873, -3.533149242401123, 1.4395322799682617, -8.084169387817383, -5.601592063903809, 37.67757034301758, -2.2338356971740723, 1.9178613424301147, -9.373420715332031, 0.5007947683334351]]
  Policy Std: [[299.91778564453125, 239.42083740234375, 301.9099426269531, 427.91748046875, 610.9515380859375, 750.0004272460938, 426.6400146484375, 362.2680969238281, 338.62457275390625, 372.10198974609375, 393.6465148925781, 373.148193359375, 268.5321960449219, 438.2530822753906, 587.0374755859375, 298.7802734375, 609.5599975585938, 681.5208129882812, 451.80718994140625, 211.8937225341797, 553.2722778320312, 320.8408203125, 358.08868408203125, 293.706787109375, 82.67616271972656, 292.9808044433594, 567.3499145507812, 318.3977355957031, 164.80508422851562]]

Step 139:
  Date/Day: 140
  Action: [[-0.6298799514770508, 1.0, -1.0, 1.0, 1.0, 1.0, 1.0, 1.0, 1.0, 1.0, -1.0, -1.0, -1.0, -1.0, 1.0, -1.0, -1.0, -1.0, -1.0, -1.0, -1.0, 1.0, -1.0, -1.0, 1.0, -1.0, 1.0, -1.0, 0.5007947683334351]]
  Reward: -0.4980447590351105
  Account Value: None
  Done: False
  Policy Mean: [[-0.6298799514770508, 14.391982078552246, -1.9978827238082886, 6.482957363128662, 6.524704933166504, 4.354557514190674, 4.061113357543945, 4.624668121337891, 15.90240478515625, 11.465014457702637, -10.256217002868652, -6.561071872711182, -7.330785751342773, -16.951812744140625, 3.127676010131836, -4.841912746429443, -13.453635215759277, -5.108076572418213, -13.651021957397461, -2.459846019744873, -3.533149242401123, 1.4395322799682617, -8.084169387817383, -5.601592063903809, 37.67757034301758, -2.2338356971740723, 1.9178613424301147, -9.373420715332031, 0.5007947683334351]]
  Policy Std: [[299.91778564453125, 239.42083740234375, 301.9099426269531, 427.91748046875, 610.9515380859375, 750.0004272460938, 426.6400146484375, 362.2680969238281, 338.62457275390625, 372.10198974609375, 393.6465148925781, 373.148193359375, 268.5321960449219, 438.2530822753906, 587.0374755859375, 298.7802734375, 609.5599975585938, 681.5208129882812, 451.80718994140625, 211.8937225341797, 553.2722778320312, 320.8408203125, 358.08868408203125, 293.706787109375, 82.67616271972656, 292.9808044433594, 567.3499145507812, 318.3977355957031, 164.80508422851562]]

Step 140:
  Date/Day: 141
  Action: [[-0.6298799514770508, 1.0, -1.0, 1.0, 1.0, 1.0, 1.0, 1.0, 1.0, 1.0, -1.0, -1.0, -1.0, -1.0, 1.0, -1.0, -1.0, -1.0, -1.0, -1.0, -1.0, 1.0, -1.0, -1.0, 1.0, -1.0, 1.0, -1.0, 0.5007947683334351]]
  Reward: -0.03432800993323326
  Account Value: None
  Done: False
  Policy Mean: [[-0.6298799514770508, 14.391982078552246, -1.9978827238082886, 6.482957363128662, 6.524704933166504, 4.354557514190674, 4.061113357543945, 4.624668121337891, 15.90240478515625, 11.465014457702637, -10.256217002868652, -6.561071872711182, -7.330785751342773, -16.951812744140625, 3.127676010131836, -4.841912746429443, -13.453635215759277, -5.108076572418213, -13.651021957397461, -2.459846019744873, -3.533149242401123, 1.4395322799682617, -8.084169387817383, -5.601592063903809, 37.67757034301758, -2.2338356971740723, 1.9178613424301147, -9.373420715332031, 0.5007947683334351]]
  Policy Std: [[299.91778564453125, 239.42083740234375, 301.9099426269531, 427.91748046875, 610.9515380859375, 750.0004272460938, 426.6400146484375, 362.2680969238281, 338.62457275390625, 372.10198974609375, 393.6465148925781, 373.148193359375, 268.5321960449219, 438.2530822753906, 587.0374755859375, 298.7802734375, 609.5599975585938, 681.5208129882812, 451.80718994140625, 211.8937225341797, 553.2722778320312, 320.8408203125, 358.08868408203125, 293.706787109375, 82.67616271972656, 292.9808044433594, 567.3499145507812, 318.3977355957031, 164.80508422851562]]

Step 141:
  Date/Day: 142
  Action: [[-0.6298799514770508, 1.0, -1.0, 1.0, 1.0, 1.0, 1.0, 1.0, 1.0, 1.0, -1.0, -1.0, -1.0, -1.0, 1.0, -1.0, -1.0, -1.0, -1.0, -1.0, -1.0, 1.0, -1.0, -1.0, 1.0, -1.0, 1.0, -1.0, 0.5007947683334351]]
  Reward: -0.33269211649894714
  Account Value: None
  Done: False
  Policy Mean: [[-0.6298799514770508, 14.391982078552246, -1.9978827238082886, 6.482957363128662, 6.524704933166504, 4.354557514190674, 4.061113357543945, 4.624668121337891, 15.90240478515625, 11.465014457702637, -10.256217002868652, -6.561071872711182, -7.330785751342773, -16.951812744140625, 3.127676010131836, -4.841912746429443, -13.453635215759277, -5.108076572418213, -13.651021957397461, -2.459846019744873, -3.533149242401123, 1.4395322799682617, -8.084169387817383, -5.601592063903809, 37.67757034301758, -2.2338356971740723, 1.9178613424301147, -9.373420715332031, 0.5007947683334351]]
  Policy Std: [[299.91778564453125, 239.42083740234375, 301.9099426269531, 427.91748046875, 610.9515380859375, 750.0004272460938, 426.6400146484375, 362.2680969238281, 338.62457275390625, 372.10198974609375, 393.6465148925781, 373.148193359375, 268.5321960449219, 438.2530822753906, 587.0374755859375, 298.7802734375, 609.5599975585938, 681.5208129882812, 451.80718994140625, 211.8937225341797, 553.2722778320312, 320.8408203125, 358.08868408203125, 293.706787109375, 82.67616271972656, 292.9808044433594, 567.3499145507812, 318.3977355957031, 164.80508422851562]]

Step 142:
  Date/Day: 143
  Action: [[-0.6298799514770508, 1.0, -1.0, 1.0, 1.0, 1.0, 1.0, 1.0, 1.0, 1.0, -1.0, -1.0, -1.0, -1.0, 1.0, -1.0, -1.0, -1.0, -1.0, -1.0, -1.0, 1.0, -1.0, -1.0, 1.0, -1.0, 1.0, -1.0, 0.5007947683334351]]
  Reward: -0.37433570623397827
  Account Value: None
  Done: False
  Policy Mean: [[-0.6298799514770508, 14.391982078552246, -1.9978827238082886, 6.482957363128662, 6.524704933166504, 4.354557514190674, 4.061113357543945, 4.624668121337891, 15.90240478515625, 11.465014457702637, -10.256217002868652, -6.561071872711182, -7.330785751342773, -16.951812744140625, 3.127676010131836, -4.841912746429443, -13.453635215759277, -5.108076572418213, -13.651021957397461, -2.459846019744873, -3.533149242401123, 1.4395322799682617, -8.084169387817383, -5.601592063903809, 37.67757034301758, -2.2338356971740723, 1.9178613424301147, -9.373420715332031, 0.5007947683334351]]
  Policy Std: [[299.91778564453125, 239.42083740234375, 301.9099426269531, 427.91748046875, 610.9515380859375, 750.0004272460938, 426.6400146484375, 362.2680969238281, 338.62457275390625, 372.10198974609375, 393.6465148925781, 373.148193359375, 268.5321960449219, 438.2530822753906, 587.0374755859375, 298.7802734375, 609.5599975585938, 681.5208129882812, 451.80718994140625, 211.8937225341797, 553.2722778320312, 320.8408203125, 358.08868408203125, 293.706787109375, 82.67616271972656, 292.9808044433594, 567.3499145507812, 318.3977355957031, 164.80508422851562]]

Step 143:
  Date/Day: 144
  Action: [[-0.6298799514770508, 1.0, -1.0, 1.0, 1.0, 1.0, 1.0, 1.0, 1.0, 1.0, -1.0, -1.0, -1.0, -1.0, 1.0, -1.0, -1.0, -1.0, -1.0, -1.0, -1.0, 1.0, -1.0, -1.0, 1.0, -1.0, 1.0, -1.0, 0.5007947683334351]]
  Reward: -3.1356210708618164
  Account Value: None
  Done: False
  Policy Mean: [[-0.6298799514770508, 14.391982078552246, -1.9978827238082886, 6.482957363128662, 6.524704933166504, 4.354557514190674, 4.061113357543945, 4.624668121337891, 15.90240478515625, 11.465014457702637, -10.256217002868652, -6.561071872711182, -7.330785751342773, -16.951812744140625, 3.127676010131836, -4.841912746429443, -13.453635215759277, -5.108076572418213, -13.651021957397461, -2.459846019744873, -3.533149242401123, 1.4395322799682617, -8.084169387817383, -5.601592063903809, 37.67757034301758, -2.2338356971740723, 1.9178613424301147, -9.373420715332031, 0.5007947683334351]]
  Policy Std: [[299.91778564453125, 239.42083740234375, 301.9099426269531, 427.91748046875, 610.9515380859375, 750.0004272460938, 426.6400146484375, 362.2680969238281, 338.62457275390625, 372.10198974609375, 393.6465148925781, 373.148193359375, 268.5321960449219, 438.2530822753906, 587.0374755859375, 298.7802734375, 609.5599975585938, 681.5208129882812, 451.80718994140625, 211.8937225341797, 553.2722778320312, 320.8408203125, 358.08868408203125, 293.706787109375, 82.67616271972656, 292.9808044433594, 567.3499145507812, 318.3977355957031, 164.80508422851562]]

Step 144:
  Date/Day: 145
  Action: [[-0.6625966429710388, 1.0, -1.0, 1.0, 1.0, 1.0, 1.0, 1.0, 1.0, 1.0, -1.0, -1.0, -1.0, -1.0, 1.0, -1.0, -1.0, -1.0, -1.0, -1.0, -1.0, 1.0, -1.0, -1.0, 1.0, -1.0, 1.0, -1.0, 0.4785483479499817]]
  Reward: 1.2832396030426025
  Account Value: None
  Done: False
  Policy Mean: [[-0.6625966429710388, 14.158072471618652, -2.0041604042053223, 6.238147735595703, 6.424949645996094, 4.275113582611084, 4.080297946929932, 4.585198402404785, 15.653040885925293, 11.273640632629395, -10.090937614440918, -6.517646312713623, -7.247478485107422, -16.778898239135742, 3.036555528640747, -4.717890739440918, -13.257292747497559, -5.036459445953369, -13.416500091552734, -2.351114273071289, -3.447741746902466, 1.4555675983428955, -8.005016326904297, -5.5991692543029785, 37.237308502197266, -2.246041774749756, 1.9277952909469604, -9.319082260131836, 0.4785483479499817]]
  Policy Std: [[299.91778564453125, 239.42083740234375, 301.9099426269531, 427.91748046875, 610.9515380859375, 750.0004272460938, 426.6400146484375, 362.2680969238281, 338.62457275390625, 372.10198974609375, 393.6465148925781, 373.148193359375, 268.5321960449219, 438.2530822753906, 587.0374755859375, 298.7802734375, 609.5599975585938, 681.5208129882812, 451.80718994140625, 211.8937225341797, 553.2722778320312, 320.8408203125, 358.08868408203125, 293.706787109375, 82.67616271972656, 292.9808044433594, 567.3499145507812, 318.3977355957031, 164.80508422851562]]

Step 145:
  Date/Day: 146
  Action: [[-0.6625966429710388, 1.0, -1.0, 1.0, 1.0, 1.0, 1.0, 1.0, 1.0, 1.0, -1.0, -1.0, -1.0, -1.0, 1.0, -1.0, -1.0, -1.0, -1.0, -1.0, -1.0, 1.0, -1.0, -1.0, 1.0, -1.0, 1.0, -1.0, 0.4785483479499817]]
  Reward: -2.1012423038482666
  Account Value: None
  Done: False
  Policy Mean: [[-0.6625966429710388, 14.158072471618652, -2.0041604042053223, 6.238147735595703, 6.424949645996094, 4.275113582611084, 4.080297946929932, 4.585198402404785, 15.653040885925293, 11.273640632629395, -10.090937614440918, -6.517646312713623, -7.247478485107422, -16.778898239135742, 3.036555528640747, -4.717890739440918, -13.257292747497559, -5.036459445953369, -13.416500091552734, -2.351114273071289, -3.447741746902466, 1.4555675983428955, -8.005016326904297, -5.5991692543029785, 37.237308502197266, -2.246041774749756, 1.9277952909469604, -9.319082260131836, 0.4785483479499817]]
  Policy Std: [[299.91778564453125, 239.42083740234375, 301.9099426269531, 427.91748046875, 610.9515380859375, 750.0004272460938, 426.6400146484375, 362.2680969238281, 338.62457275390625, 372.10198974609375, 393.6465148925781, 373.148193359375, 268.5321960449219, 438.2530822753906, 587.0374755859375, 298.7802734375, 609.5599975585938, 681.5208129882812, 451.80718994140625, 211.8937225341797, 553.2722778320312, 320.8408203125, 358.08868408203125, 293.706787109375, 82.67616271972656, 292.9808044433594, 567.3499145507812, 318.3977355957031, 164.80508422851562]]

Step 146:
  Date/Day: 147
  Action: [[-0.6625966429710388, 1.0, -1.0, 1.0, 1.0, 1.0, 1.0, 1.0, 1.0, 1.0, -1.0, -1.0, -1.0, -1.0, 1.0, -1.0, -1.0, -1.0, -1.0, -1.0, -1.0, 1.0, -1.0, -1.0, 1.0, -1.0, 1.0, -1.0, 0.4785483479499817]]
  Reward: 0.634467363357544
  Account Value: None
  Done: False
  Policy Mean: [[-0.6625966429710388, 14.158072471618652, -2.0041604042053223, 6.238147735595703, 6.424949645996094, 4.275113582611084, 4.080297946929932, 4.585198402404785, 15.653040885925293, 11.273640632629395, -10.090937614440918, -6.517646312713623, -7.247478485107422, -16.778898239135742, 3.036555528640747, -4.717890739440918, -13.257292747497559, -5.036459445953369, -13.416500091552734, -2.351114273071289, -3.447741746902466, 1.4555675983428955, -8.005016326904297, -5.5991692543029785, 37.237308502197266, -2.246041774749756, 1.9277952909469604, -9.319082260131836, 0.4785483479499817]]
  Policy Std: [[299.91778564453125, 239.42083740234375, 301.9099426269531, 427.91748046875, 610.9515380859375, 750.0004272460938, 426.6400146484375, 362.2680969238281, 338.62457275390625, 372.10198974609375, 393.6465148925781, 373.148193359375, 268.5321960449219, 438.2530822753906, 587.0374755859375, 298.7802734375, 609.5599975585938, 681.5208129882812, 451.80718994140625, 211.8937225341797, 553.2722778320312, 320.8408203125, 358.08868408203125, 293.706787109375, 82.67616271972656, 292.9808044433594, 567.3499145507812, 318.3977355957031, 164.80508422851562]]

Step 147:
  Date/Day: 148
  Action: [[-0.6625966429710388, 1.0, -1.0, 1.0, 1.0, 1.0, 1.0, 1.0, 1.0, 1.0, -1.0, -1.0, -1.0, -1.0, 1.0, -1.0, -1.0, -1.0, -1.0, -1.0, -1.0, 1.0, -1.0, -1.0, 1.0, -1.0, 1.0, -1.0, 0.4785483479499817]]
  Reward: 2.2910871505737305
  Account Value: None
  Done: False
  Policy Mean: [[-0.6625966429710388, 14.158072471618652, -2.0041604042053223, 6.238147735595703, 6.424949645996094, 4.275113582611084, 4.080297946929932, 4.585198402404785, 15.653040885925293, 11.273640632629395, -10.090937614440918, -6.517646312713623, -7.247478485107422, -16.778898239135742, 3.036555528640747, -4.717890739440918, -13.257292747497559, -5.036459445953369, -13.416500091552734, -2.351114273071289, -3.447741746902466, 1.4555675983428955, -8.005016326904297, -5.5991692543029785, 37.237308502197266, -2.246041774749756, 1.9277952909469604, -9.319082260131836, 0.4785483479499817]]
  Policy Std: [[299.91778564453125, 239.42083740234375, 301.9099426269531, 427.91748046875, 610.9515380859375, 750.0004272460938, 426.6400146484375, 362.2680969238281, 338.62457275390625, 372.10198974609375, 393.6465148925781, 373.148193359375, 268.5321960449219, 438.2530822753906, 587.0374755859375, 298.7802734375, 609.5599975585938, 681.5208129882812, 451.80718994140625, 211.8937225341797, 553.2722778320312, 320.8408203125, 358.08868408203125, 293.706787109375, 82.67616271972656, 292.9808044433594, 567.3499145507812, 318.3977355957031, 164.80508422851562]]

Step 148:
  Date/Day: 149
  Action: [[-0.6625943183898926, 1.0, -1.0, 1.0, 1.0, 1.0, 1.0, 1.0, 1.0, 1.0, -1.0, -1.0, -1.0, -1.0, 1.0, -1.0, -1.0, -1.0, -1.0, -1.0, -1.0, 1.0, -1.0, -1.0, 1.0, -1.0, 1.0, -1.0, 0.4785497188568115]]
  Reward: 0.21623772382736206
  Account Value: None
  Done: False
  Policy Mean: [[-0.6625943183898926, 14.15809440612793, -2.004160165786743, 6.238169193267822, 6.424959659576416, 4.275121212005615, 4.080297470092773, 4.585202693939209, 15.653064727783203, 11.273658752441406, -10.090953826904297, -6.517651081085205, -7.2474870681762695, -16.77891731262207, 3.03656268119812, -4.717901706695557, -13.257311820983887, -5.036466598510742, -13.416522026062012, -2.3511245250701904, -3.4477484226226807, 1.4555670022964478, -8.005023956298828, -5.599170684814453, 37.23735427856445, -2.2460412979125977, 1.9277945756912231, -9.319087028503418, 0.4785497188568115]]
  Policy Std: [[299.91778564453125, 239.42083740234375, 301.9099426269531, 427.91748046875, 610.9515380859375, 750.0004272460938, 426.6400146484375, 362.2680969238281, 338.62457275390625, 372.10198974609375, 393.6465148925781, 373.148193359375, 268.5321960449219, 438.2530822753906, 587.0374755859375, 298.7802734375, 609.5599975585938, 681.5208129882812, 451.80718994140625, 211.8937225341797, 553.2722778320312, 320.8408203125, 358.08868408203125, 293.706787109375, 82.67616271972656, 292.9808044433594, 567.3499145507812, 318.3977355957031, 164.80508422851562]]

Step 149:
  Date/Day: 150
  Action: [[-0.661496639251709, 1.0, -1.0, 1.0, 1.0, 1.0, 1.0, 1.0, 1.0, 1.0, -1.0, -1.0, -1.0, -1.0, 1.0, -1.0, -1.0, -1.0, -1.0, -1.0, -1.0, 1.0, -1.0, -1.0, 1.0, -1.0, 1.0, -1.0, 0.4791734218597412]]
  Reward: 0.5511091351509094
  Account Value: None
  Done: False
  Policy Mean: [[-0.661496639251709, 14.167771339416504, -2.0040900707244873, 6.248080730438232, 6.42952823638916, 4.278754711151123, 4.0799665451049805, 4.587037563323975, 15.664206504821777, 11.281991004943848, -10.097867012023926, -6.51979398727417, -7.251428604125977, -16.786882400512695, 3.039905309677124, -4.72310733795166, -13.26556396484375, -5.0396833419799805, -13.426976203918457, -2.3556971549987793, -3.4509308338165283, 1.455294132232666, -8.008914947509766, -5.599814414978027, 37.25739288330078, -2.245879888534546, 1.9274684190750122, -9.321596145629883, 0.4791734218597412]]
  Policy Std: [[299.91778564453125, 239.42083740234375, 301.9099426269531, 427.91748046875, 610.9515380859375, 750.0004272460938, 426.6400146484375, 362.2680969238281, 338.62457275390625, 372.10198974609375, 393.6465148925781, 373.148193359375, 268.5321960449219, 438.2530822753906, 587.0374755859375, 298.7802734375, 609.5599975585938, 681.5208129882812, 451.80718994140625, 211.8937225341797, 553.2722778320312, 320.8408203125, 358.08868408203125, 293.706787109375, 82.67616271972656, 292.9808044433594, 567.3499145507812, 318.3977355957031, 164.80508422851562]]

Step 150:
  Date/Day: 151
  Action: [[-0.6298799514770508, 1.0, -1.0, 1.0, 1.0, 1.0, 1.0, 1.0, 1.0, 1.0, -1.0, -1.0, -1.0, -1.0, 1.0, -1.0, -1.0, -1.0, -1.0, -1.0, -1.0, 1.0, -1.0, -1.0, 1.0, -1.0, 1.0, -1.0, 0.5007947683334351]]
  Reward: -0.03275489807128906
  Account Value: None
  Done: False
  Policy Mean: [[-0.6298799514770508, 14.391982078552246, -1.9978827238082886, 6.482957363128662, 6.524704933166504, 4.354557514190674, 4.061113357543945, 4.624668121337891, 15.90240478515625, 11.465014457702637, -10.256217002868652, -6.561071872711182, -7.330785751342773, -16.951812744140625, 3.127676010131836, -4.841912746429443, -13.453635215759277, -5.108076572418213, -13.651021957397461, -2.459846019744873, -3.533149242401123, 1.4395322799682617, -8.084169387817383, -5.601592063903809, 37.67757034301758, -2.2338356971740723, 1.9178613424301147, -9.373420715332031, 0.5007947683334351]]
  Policy Std: [[299.91778564453125, 239.42083740234375, 301.9099426269531, 427.91748046875, 610.9515380859375, 750.0004272460938, 426.6400146484375, 362.2680969238281, 338.62457275390625, 372.10198974609375, 393.6465148925781, 373.148193359375, 268.5321960449219, 438.2530822753906, 587.0374755859375, 298.7802734375, 609.5599975585938, 681.5208129882812, 451.80718994140625, 211.8937225341797, 553.2722778320312, 320.8408203125, 358.08868408203125, 293.706787109375, 82.67616271972656, 292.9808044433594, 567.3499145507812, 318.3977355957031, 164.80508422851562]]

Step 151:
  Date/Day: 152
  Action: [[-0.6298799514770508, 1.0, -1.0, 1.0, 1.0, 1.0, 1.0, 1.0, 1.0, 1.0, -1.0, -1.0, -1.0, -1.0, 1.0, -1.0, -1.0, -1.0, -1.0, -1.0, -1.0, 1.0, -1.0, -1.0, 1.0, -1.0, 1.0, -1.0, 0.5007947683334351]]
  Reward: 1.538848876953125
  Account Value: None
  Done: False
  Policy Mean: [[-0.6298799514770508, 14.391982078552246, -1.9978827238082886, 6.482957363128662, 6.524704933166504, 4.354557514190674, 4.061113357543945, 4.624668121337891, 15.90240478515625, 11.465014457702637, -10.256217002868652, -6.561071872711182, -7.330785751342773, -16.951812744140625, 3.127676010131836, -4.841912746429443, -13.453635215759277, -5.108076572418213, -13.651021957397461, -2.459846019744873, -3.533149242401123, 1.4395322799682617, -8.084169387817383, -5.601592063903809, 37.67757034301758, -2.2338356971740723, 1.9178613424301147, -9.373420715332031, 0.5007947683334351]]
  Policy Std: [[299.91778564453125, 239.42083740234375, 301.9099426269531, 427.91748046875, 610.9515380859375, 750.0004272460938, 426.6400146484375, 362.2680969238281, 338.62457275390625, 372.10198974609375, 393.6465148925781, 373.148193359375, 268.5321960449219, 438.2530822753906, 587.0374755859375, 298.7802734375, 609.5599975585938, 681.5208129882812, 451.80718994140625, 211.8937225341797, 553.2722778320312, 320.8408203125, 358.08868408203125, 293.706787109375, 82.67616271972656, 292.9808044433594, 567.3499145507812, 318.3977355957031, 164.80508422851562]]

Step 152:
  Date/Day: 153
  Action: [[-0.6298799514770508, 1.0, -1.0, 1.0, 1.0, 1.0, 1.0, 1.0, 1.0, 1.0, -1.0, -1.0, -1.0, -1.0, 1.0, -1.0, -1.0, -1.0, -1.0, -1.0, -1.0, 1.0, -1.0, -1.0, 1.0, -1.0, 1.0, -1.0, 0.5007947683334351]]
  Reward: 0.26841771602630615
  Account Value: None
  Done: False
  Policy Mean: [[-0.6298799514770508, 14.391982078552246, -1.9978827238082886, 6.482957363128662, 6.524704933166504, 4.354557514190674, 4.061113357543945, 4.624668121337891, 15.90240478515625, 11.465014457702637, -10.256217002868652, -6.561071872711182, -7.330785751342773, -16.951812744140625, 3.127676010131836, -4.841912746429443, -13.453635215759277, -5.108076572418213, -13.651021957397461, -2.459846019744873, -3.533149242401123, 1.4395322799682617, -8.084169387817383, -5.601592063903809, 37.67757034301758, -2.2338356971740723, 1.9178613424301147, -9.373420715332031, 0.5007947683334351]]
  Policy Std: [[299.91778564453125, 239.42083740234375, 301.9099426269531, 427.91748046875, 610.9515380859375, 750.0004272460938, 426.6400146484375, 362.2680969238281, 338.62457275390625, 372.10198974609375, 393.6465148925781, 373.148193359375, 268.5321960449219, 438.2530822753906, 587.0374755859375, 298.7802734375, 609.5599975585938, 681.5208129882812, 451.80718994140625, 211.8937225341797, 553.2722778320312, 320.8408203125, 358.08868408203125, 293.706787109375, 82.67616271972656, 292.9808044433594, 567.3499145507812, 318.3977355957031, 164.80508422851562]]

Step 153:
  Date/Day: 154
  Action: [[-0.6298799514770508, 1.0, -1.0, 1.0, 1.0, 1.0, 1.0, 1.0, 1.0, 1.0, -1.0, -1.0, -1.0, -1.0, 1.0, -1.0, -1.0, -1.0, -1.0, -1.0, -1.0, 1.0, -1.0, -1.0, 1.0, -1.0, 1.0, -1.0, 0.5007947683334351]]
  Reward: 0.4095154404640198
  Account Value: None
  Done: False
  Policy Mean: [[-0.6298799514770508, 14.391982078552246, -1.9978827238082886, 6.482957363128662, 6.524704933166504, 4.354557514190674, 4.061113357543945, 4.624668121337891, 15.90240478515625, 11.465014457702637, -10.256217002868652, -6.561071872711182, -7.330785751342773, -16.951812744140625, 3.127676010131836, -4.841912746429443, -13.453635215759277, -5.108076572418213, -13.651021957397461, -2.459846019744873, -3.533149242401123, 1.4395322799682617, -8.084169387817383, -5.601592063903809, 37.67757034301758, -2.2338356971740723, 1.9178613424301147, -9.373420715332031, 0.5007947683334351]]
  Policy Std: [[299.91778564453125, 239.42083740234375, 301.9099426269531, 427.91748046875, 610.9515380859375, 750.0004272460938, 426.6400146484375, 362.2680969238281, 338.62457275390625, 372.10198974609375, 393.6465148925781, 373.148193359375, 268.5321960449219, 438.2530822753906, 587.0374755859375, 298.7802734375, 609.5599975585938, 681.5208129882812, 451.80718994140625, 211.8937225341797, 553.2722778320312, 320.8408203125, 358.08868408203125, 293.706787109375, 82.67616271972656, 292.9808044433594, 567.3499145507812, 318.3977355957031, 164.80508422851562]]

Step 154:
  Date/Day: 155
  Action: [[-0.6298799514770508, 1.0, -1.0, 1.0, 1.0, 1.0, 1.0, 1.0, 1.0, 1.0, -1.0, -1.0, -1.0, -1.0, 1.0, -1.0, -1.0, -1.0, -1.0, -1.0, -1.0, 1.0, -1.0, -1.0, 1.0, -1.0, 1.0, -1.0, 0.5007947683334351]]
  Reward: 0.013829784467816353
  Account Value: None
  Done: False
  Policy Mean: [[-0.6298799514770508, 14.391982078552246, -1.9978827238082886, 6.482957363128662, 6.524704933166504, 4.354557514190674, 4.061113357543945, 4.624668121337891, 15.90240478515625, 11.465014457702637, -10.256217002868652, -6.561071872711182, -7.330785751342773, -16.951812744140625, 3.127676010131836, -4.841912746429443, -13.453635215759277, -5.108076572418213, -13.651021957397461, -2.459846019744873, -3.533149242401123, 1.4395322799682617, -8.084169387817383, -5.601592063903809, 37.67757034301758, -2.2338356971740723, 1.9178613424301147, -9.373420715332031, 0.5007947683334351]]
  Policy Std: [[299.91778564453125, 239.42083740234375, 301.9099426269531, 427.91748046875, 610.9515380859375, 750.0004272460938, 426.6400146484375, 362.2680969238281, 338.62457275390625, 372.10198974609375, 393.6465148925781, 373.148193359375, 268.5321960449219, 438.2530822753906, 587.0374755859375, 298.7802734375, 609.5599975585938, 681.5208129882812, 451.80718994140625, 211.8937225341797, 553.2722778320312, 320.8408203125, 358.08868408203125, 293.706787109375, 82.67616271972656, 292.9808044433594, 567.3499145507812, 318.3977355957031, 164.80508422851562]]

Step 155:
  Date/Day: 156
  Action: [[-0.6298799514770508, 1.0, -1.0, 1.0, 1.0, 1.0, 1.0, 1.0, 1.0, 1.0, -1.0, -1.0, -1.0, -1.0, 1.0, -1.0, -1.0, -1.0, -1.0, -1.0, -1.0, 1.0, -1.0, -1.0, 1.0, -1.0, 1.0, -1.0, 0.5007947683334351]]
  Reward: -0.1987888365983963
  Account Value: None
  Done: False
  Policy Mean: [[-0.6298799514770508, 14.391982078552246, -1.9978827238082886, 6.482957363128662, 6.524704933166504, 4.354557514190674, 4.061113357543945, 4.624668121337891, 15.90240478515625, 11.465014457702637, -10.256217002868652, -6.561071872711182, -7.330785751342773, -16.951812744140625, 3.127676010131836, -4.841912746429443, -13.453635215759277, -5.108076572418213, -13.651021957397461, -2.459846019744873, -3.533149242401123, 1.4395322799682617, -8.084169387817383, -5.601592063903809, 37.67757034301758, -2.2338356971740723, 1.9178613424301147, -9.373420715332031, 0.5007947683334351]]
  Policy Std: [[299.91778564453125, 239.42083740234375, 301.9099426269531, 427.91748046875, 610.9515380859375, 750.0004272460938, 426.6400146484375, 362.2680969238281, 338.62457275390625, 372.10198974609375, 393.6465148925781, 373.148193359375, 268.5321960449219, 438.2530822753906, 587.0374755859375, 298.7802734375, 609.5599975585938, 681.5208129882812, 451.80718994140625, 211.8937225341797, 553.2722778320312, 320.8408203125, 358.08868408203125, 293.706787109375, 82.67616271972656, 292.9808044433594, 567.3499145507812, 318.3977355957031, 164.80508422851562]]

Step 156:
  Date/Day: 157
  Action: [[-0.6298799514770508, 1.0, -1.0, 1.0, 1.0, 1.0, 1.0, 1.0, 1.0, 1.0, -1.0, -1.0, -1.0, -1.0, 1.0, -1.0, -1.0, -1.0, -1.0, -1.0, -1.0, 1.0, -1.0, -1.0, 1.0, -1.0, 1.0, -1.0, 0.5007947683334351]]
  Reward: 0.7497406601905823
  Account Value: None
  Done: False
  Policy Mean: [[-0.6298799514770508, 14.391982078552246, -1.9978827238082886, 6.482957363128662, 6.524704933166504, 4.354557514190674, 4.061113357543945, 4.624668121337891, 15.90240478515625, 11.465014457702637, -10.256217002868652, -6.561071872711182, -7.330785751342773, -16.951812744140625, 3.127676010131836, -4.841912746429443, -13.453635215759277, -5.108076572418213, -13.651021957397461, -2.459846019744873, -3.533149242401123, 1.4395322799682617, -8.084169387817383, -5.601592063903809, 37.67757034301758, -2.2338356971740723, 1.9178613424301147, -9.373420715332031, 0.5007947683334351]]
  Policy Std: [[299.91778564453125, 239.42083740234375, 301.9099426269531, 427.91748046875, 610.9515380859375, 750.0004272460938, 426.6400146484375, 362.2680969238281, 338.62457275390625, 372.10198974609375, 393.6465148925781, 373.148193359375, 268.5321960449219, 438.2530822753906, 587.0374755859375, 298.7802734375, 609.5599975585938, 681.5208129882812, 451.80718994140625, 211.8937225341797, 553.2722778320312, 320.8408203125, 358.08868408203125, 293.706787109375, 82.67616271972656, 292.9808044433594, 567.3499145507812, 318.3977355957031, 164.80508422851562]]

Step 157:
  Date/Day: 158
  Action: [[-0.6298799514770508, 1.0, -1.0, 1.0, 1.0, 1.0, 1.0, 1.0, 1.0, 1.0, -1.0, -1.0, -1.0, -1.0, 1.0, -1.0, -1.0, -1.0, -1.0, -1.0, -1.0, 1.0, -1.0, -1.0, 1.0, -1.0, 1.0, -1.0, 0.5007947683334351]]
  Reward: 0.656019926071167
  Account Value: None
  Done: False
  Policy Mean: [[-0.6298799514770508, 14.391982078552246, -1.9978827238082886, 6.482957363128662, 6.524704933166504, 4.354557514190674, 4.061113357543945, 4.624668121337891, 15.90240478515625, 11.465014457702637, -10.256217002868652, -6.561071872711182, -7.330785751342773, -16.951812744140625, 3.127676010131836, -4.841912746429443, -13.453635215759277, -5.108076572418213, -13.651021957397461, -2.459846019744873, -3.533149242401123, 1.4395322799682617, -8.084169387817383, -5.601592063903809, 37.67757034301758, -2.2338356971740723, 1.9178613424301147, -9.373420715332031, 0.5007947683334351]]
  Policy Std: [[299.91778564453125, 239.42083740234375, 301.9099426269531, 427.91748046875, 610.9515380859375, 750.0004272460938, 426.6400146484375, 362.2680969238281, 338.62457275390625, 372.10198974609375, 393.6465148925781, 373.148193359375, 268.5321960449219, 438.2530822753906, 587.0374755859375, 298.7802734375, 609.5599975585938, 681.5208129882812, 451.80718994140625, 211.8937225341797, 553.2722778320312, 320.8408203125, 358.08868408203125, 293.706787109375, 82.67616271972656, 292.9808044433594, 567.3499145507812, 318.3977355957031, 164.80508422851562]]

Step 158:
  Date/Day: 159
  Action: [[-0.6298799514770508, 1.0, -1.0, 1.0, 1.0, 1.0, 1.0, 1.0, 1.0, 1.0, -1.0, -1.0, -1.0, -1.0, 1.0, -1.0, -1.0, -1.0, -1.0, -1.0, -1.0, 1.0, -1.0, -1.0, 1.0, -1.0, 1.0, -1.0, 0.5007947683334351]]
  Reward: -1.519835114479065
  Account Value: None
  Done: False
  Policy Mean: [[-0.6298799514770508, 14.391982078552246, -1.9978827238082886, 6.482957363128662, 6.524704933166504, 4.354557514190674, 4.061113357543945, 4.624668121337891, 15.90240478515625, 11.465014457702637, -10.256217002868652, -6.561071872711182, -7.330785751342773, -16.951812744140625, 3.127676010131836, -4.841912746429443, -13.453635215759277, -5.108076572418213, -13.651021957397461, -2.459846019744873, -3.533149242401123, 1.4395322799682617, -8.084169387817383, -5.601592063903809, 37.67757034301758, -2.2338356971740723, 1.9178613424301147, -9.373420715332031, 0.5007947683334351]]
  Policy Std: [[299.91778564453125, 239.42083740234375, 301.9099426269531, 427.91748046875, 610.9515380859375, 750.0004272460938, 426.6400146484375, 362.2680969238281, 338.62457275390625, 372.10198974609375, 393.6465148925781, 373.148193359375, 268.5321960449219, 438.2530822753906, 587.0374755859375, 298.7802734375, 609.5599975585938, 681.5208129882812, 451.80718994140625, 211.8937225341797, 553.2722778320312, 320.8408203125, 358.08868408203125, 293.706787109375, 82.67616271972656, 292.9808044433594, 567.3499145507812, 318.3977355957031, 164.80508422851562]]

Step 159:
  Date/Day: 160
  Action: [[-0.6298799514770508, 1.0, -1.0, 1.0, 1.0, 1.0, 1.0, 1.0, 1.0, 1.0, -1.0, -1.0, -1.0, -1.0, 1.0, -1.0, -1.0, -1.0, -1.0, -1.0, -1.0, 1.0, -1.0, -1.0, 1.0, -1.0, 1.0, -1.0, 0.5007947683334351]]
  Reward: 0.8055112957954407
  Account Value: None
  Done: False
  Policy Mean: [[-0.6298799514770508, 14.391982078552246, -1.9978827238082886, 6.482957363128662, 6.524704933166504, 4.354557514190674, 4.061113357543945, 4.624668121337891, 15.90240478515625, 11.465014457702637, -10.256217002868652, -6.561071872711182, -7.330785751342773, -16.951812744140625, 3.127676010131836, -4.841912746429443, -13.453635215759277, -5.108076572418213, -13.651021957397461, -2.459846019744873, -3.533149242401123, 1.4395322799682617, -8.084169387817383, -5.601592063903809, 37.67757034301758, -2.2338356971740723, 1.9178613424301147, -9.373420715332031, 0.5007947683334351]]
  Policy Std: [[299.91778564453125, 239.42083740234375, 301.9099426269531, 427.91748046875, 610.9515380859375, 750.0004272460938, 426.6400146484375, 362.2680969238281, 338.62457275390625, 372.10198974609375, 393.6465148925781, 373.148193359375, 268.5321960449219, 438.2530822753906, 587.0374755859375, 298.7802734375, 609.5599975585938, 681.5208129882812, 451.80718994140625, 211.8937225341797, 553.2722778320312, 320.8408203125, 358.08868408203125, 293.706787109375, 82.67616271972656, 292.9808044433594, 567.3499145507812, 318.3977355957031, 164.80508422851562]]

Step 160:
  Date/Day: 161
  Action: [[-0.6298799514770508, 1.0, -1.0, 1.0, 1.0, 1.0, 1.0, 1.0, 1.0, 1.0, -1.0, -1.0, -1.0, -1.0, 1.0, -1.0, -1.0, -1.0, -1.0, -1.0, -1.0, 1.0, -1.0, -1.0, 1.0, -1.0, 1.0, -1.0, 0.5007947683334351]]
  Reward: 0.6610685586929321
  Account Value: None
  Done: False
  Policy Mean: [[-0.6298799514770508, 14.391982078552246, -1.9978827238082886, 6.482957363128662, 6.524704933166504, 4.354557514190674, 4.061113357543945, 4.624668121337891, 15.90240478515625, 11.465014457702637, -10.256217002868652, -6.561071872711182, -7.330785751342773, -16.951812744140625, 3.127676010131836, -4.841912746429443, -13.453635215759277, -5.108076572418213, -13.651021957397461, -2.459846019744873, -3.533149242401123, 1.4395322799682617, -8.084169387817383, -5.601592063903809, 37.67757034301758, -2.2338356971740723, 1.9178613424301147, -9.373420715332031, 0.5007947683334351]]
  Policy Std: [[299.91778564453125, 239.42083740234375, 301.9099426269531, 427.91748046875, 610.9515380859375, 750.0004272460938, 426.6400146484375, 362.2680969238281, 338.62457275390625, 372.10198974609375, 393.6465148925781, 373.148193359375, 268.5321960449219, 438.2530822753906, 587.0374755859375, 298.7802734375, 609.5599975585938, 681.5208129882812, 451.80718994140625, 211.8937225341797, 553.2722778320312, 320.8408203125, 358.08868408203125, 293.706787109375, 82.67616271972656, 292.9808044433594, 567.3499145507812, 318.3977355957031, 164.80508422851562]]

Step 161:
  Date/Day: 162
  Action: [[-0.6298799514770508, 1.0, -1.0, 1.0, 1.0, 1.0, 1.0, 1.0, 1.0, 1.0, -1.0, -1.0, -1.0, -1.0, 1.0, -1.0, -1.0, -1.0, -1.0, -1.0, -1.0, 1.0, -1.0, -1.0, 1.0, -1.0, 1.0, -1.0, 0.5007947683334351]]
  Reward: 0.28797590732574463
  Account Value: None
  Done: False
  Policy Mean: [[-0.6298799514770508, 14.391982078552246, -1.9978827238082886, 6.482957363128662, 6.524704933166504, 4.354557514190674, 4.061113357543945, 4.624668121337891, 15.90240478515625, 11.465014457702637, -10.256217002868652, -6.561071872711182, -7.330785751342773, -16.951812744140625, 3.127676010131836, -4.841912746429443, -13.453635215759277, -5.108076572418213, -13.651021957397461, -2.459846019744873, -3.533149242401123, 1.4395322799682617, -8.084169387817383, -5.601592063903809, 37.67757034301758, -2.2338356971740723, 1.9178613424301147, -9.373420715332031, 0.5007947683334351]]
  Policy Std: [[299.91778564453125, 239.42083740234375, 301.9099426269531, 427.91748046875, 610.9515380859375, 750.0004272460938, 426.6400146484375, 362.2680969238281, 338.62457275390625, 372.10198974609375, 393.6465148925781, 373.148193359375, 268.5321960449219, 438.2530822753906, 587.0374755859375, 298.7802734375, 609.5599975585938, 681.5208129882812, 451.80718994140625, 211.8937225341797, 553.2722778320312, 320.8408203125, 358.08868408203125, 293.706787109375, 82.67616271972656, 292.9808044433594, 567.3499145507812, 318.3977355957031, 164.80508422851562]]

Step 162:
  Date/Day: 163
  Action: [[-0.6298799514770508, 1.0, -1.0, 1.0, 1.0, 1.0, 1.0, 1.0, 1.0, 1.0, -1.0, -1.0, -1.0, -1.0, 1.0, -1.0, -1.0, -1.0, -1.0, -1.0, -1.0, 1.0, -1.0, -1.0, 1.0, -1.0, 1.0, -1.0, 0.5007947683334351]]
  Reward: 2.040642499923706
  Account Value: None
  Done: False
  Policy Mean: [[-0.6298799514770508, 14.391982078552246, -1.9978827238082886, 6.482957363128662, 6.524704933166504, 4.354557514190674, 4.061113357543945, 4.624668121337891, 15.90240478515625, 11.465014457702637, -10.256217002868652, -6.561071872711182, -7.330785751342773, -16.951812744140625, 3.127676010131836, -4.841912746429443, -13.453635215759277, -5.108076572418213, -13.651021957397461, -2.459846019744873, -3.533149242401123, 1.4395322799682617, -8.084169387817383, -5.601592063903809, 37.67757034301758, -2.2338356971740723, 1.9178613424301147, -9.373420715332031, 0.5007947683334351]]
  Policy Std: [[299.91778564453125, 239.42083740234375, 301.9099426269531, 427.91748046875, 610.9515380859375, 750.0004272460938, 426.6400146484375, 362.2680969238281, 338.62457275390625, 372.10198974609375, 393.6465148925781, 373.148193359375, 268.5321960449219, 438.2530822753906, 587.0374755859375, 298.7802734375, 609.5599975585938, 681.5208129882812, 451.80718994140625, 211.8937225341797, 553.2722778320312, 320.8408203125, 358.08868408203125, 293.706787109375, 82.67616271972656, 292.9808044433594, 567.3499145507812, 318.3977355957031, 164.80508422851562]]

Step 163:
  Date/Day: 164
  Action: [[-0.6298799514770508, 1.0, -1.0, 1.0, 1.0, 1.0, 1.0, 1.0, 1.0, 1.0, -1.0, -1.0, -1.0, -1.0, 1.0, -1.0, -1.0, -1.0, -1.0, -1.0, -1.0, 1.0, -1.0, -1.0, 1.0, -1.0, 1.0, -1.0, 0.5007947683334351]]
  Reward: -2.257220983505249
  Account Value: None
  Done: False
  Policy Mean: [[-0.6298799514770508, 14.391982078552246, -1.9978827238082886, 6.482957363128662, 6.524704933166504, 4.354557514190674, 4.061113357543945, 4.624668121337891, 15.90240478515625, 11.465014457702637, -10.256217002868652, -6.561071872711182, -7.330785751342773, -16.951812744140625, 3.127676010131836, -4.841912746429443, -13.453635215759277, -5.108076572418213, -13.651021957397461, -2.459846019744873, -3.533149242401123, 1.4395322799682617, -8.084169387817383, -5.601592063903809, 37.67757034301758, -2.2338356971740723, 1.9178613424301147, -9.373420715332031, 0.5007947683334351]]
  Policy Std: [[299.91778564453125, 239.42083740234375, 301.9099426269531, 427.91748046875, 610.9515380859375, 750.0004272460938, 426.6400146484375, 362.2680969238281, 338.62457275390625, 372.10198974609375, 393.6465148925781, 373.148193359375, 268.5321960449219, 438.2530822753906, 587.0374755859375, 298.7802734375, 609.5599975585938, 681.5208129882812, 451.80718994140625, 211.8937225341797, 553.2722778320312, 320.8408203125, 358.08868408203125, 293.706787109375, 82.67616271972656, 292.9808044433594, 567.3499145507812, 318.3977355957031, 164.80508422851562]]

Step 164:
  Date/Day: 165
  Action: [[-0.6298799514770508, 1.0, -1.0, 1.0, 1.0, 1.0, 1.0, 1.0, 1.0, 1.0, -1.0, -1.0, -1.0, -1.0, 1.0, -1.0, -1.0, -1.0, -1.0, -1.0, -1.0, 1.0, -1.0, -1.0, 1.0, -1.0, 1.0, -1.0, 0.5007947683334351]]
  Reward: -2.347693681716919
  Account Value: None
  Done: False
  Policy Mean: [[-0.6298799514770508, 14.391982078552246, -1.9978827238082886, 6.482957363128662, 6.524704933166504, 4.354557514190674, 4.061113357543945, 4.624668121337891, 15.90240478515625, 11.465014457702637, -10.256217002868652, -6.561071872711182, -7.330785751342773, -16.951812744140625, 3.127676010131836, -4.841912746429443, -13.453635215759277, -5.108076572418213, -13.651021957397461, -2.459846019744873, -3.533149242401123, 1.4395322799682617, -8.084169387817383, -5.601592063903809, 37.67757034301758, -2.2338356971740723, 1.9178613424301147, -9.373420715332031, 0.5007947683334351]]
  Policy Std: [[299.91778564453125, 239.42083740234375, 301.9099426269531, 427.91748046875, 610.9515380859375, 750.0004272460938, 426.6400146484375, 362.2680969238281, 338.62457275390625, 372.10198974609375, 393.6465148925781, 373.148193359375, 268.5321960449219, 438.2530822753906, 587.0374755859375, 298.7802734375, 609.5599975585938, 681.5208129882812, 451.80718994140625, 211.8937225341797, 553.2722778320312, 320.8408203125, 358.08868408203125, 293.706787109375, 82.67616271972656, 292.9808044433594, 567.3499145507812, 318.3977355957031, 164.80508422851562]]

Step 165:
  Date/Day: 166
  Action: [[-0.6298799514770508, 1.0, -1.0, 1.0, 1.0, 1.0, 1.0, 1.0, 1.0, 1.0, -1.0, -1.0, -1.0, -1.0, 1.0, -1.0, -1.0, -1.0, -1.0, -1.0, -1.0, 1.0, -1.0, -1.0, 1.0, -1.0, 1.0, -1.0, 0.5007947683334351]]
  Reward: 2.359924793243408
  Account Value: None
  Done: False
  Policy Mean: [[-0.6298799514770508, 14.391982078552246, -1.9978827238082886, 6.482957363128662, 6.524704933166504, 4.354557514190674, 4.061113357543945, 4.624668121337891, 15.90240478515625, 11.465014457702637, -10.256217002868652, -6.561071872711182, -7.330785751342773, -16.951812744140625, 3.127676010131836, -4.841912746429443, -13.453635215759277, -5.108076572418213, -13.651021957397461, -2.459846019744873, -3.533149242401123, 1.4395322799682617, -8.084169387817383, -5.601592063903809, 37.67757034301758, -2.2338356971740723, 1.9178613424301147, -9.373420715332031, 0.5007947683334351]]
  Policy Std: [[299.91778564453125, 239.42083740234375, 301.9099426269531, 427.91748046875, 610.9515380859375, 750.0004272460938, 426.6400146484375, 362.2680969238281, 338.62457275390625, 372.10198974609375, 393.6465148925781, 373.148193359375, 268.5321960449219, 438.2530822753906, 587.0374755859375, 298.7802734375, 609.5599975585938, 681.5208129882812, 451.80718994140625, 211.8937225341797, 553.2722778320312, 320.8408203125, 358.08868408203125, 293.706787109375, 82.67616271972656, 292.9808044433594, 567.3499145507812, 318.3977355957031, 164.80508422851562]]

Step 166:
  Date/Day: 167
  Action: [[-0.6298799514770508, 1.0, -1.0, 1.0, 1.0, 1.0, 1.0, 1.0, 1.0, 1.0, -1.0, -1.0, -1.0, -1.0, 1.0, -1.0, -1.0, -1.0, -1.0, -1.0, -1.0, 1.0, -1.0, -1.0, 1.0, -1.0, 1.0, -1.0, 0.5007947683334351]]
  Reward: -0.6851237416267395
  Account Value: None
  Done: False
  Policy Mean: [[-0.6298799514770508, 14.391982078552246, -1.9978827238082886, 6.482957363128662, 6.524704933166504, 4.354557514190674, 4.061113357543945, 4.624668121337891, 15.90240478515625, 11.465014457702637, -10.256217002868652, -6.561071872711182, -7.330785751342773, -16.951812744140625, 3.127676010131836, -4.841912746429443, -13.453635215759277, -5.108076572418213, -13.651021957397461, -2.459846019744873, -3.533149242401123, 1.4395322799682617, -8.084169387817383, -5.601592063903809, 37.67757034301758, -2.2338356971740723, 1.9178613424301147, -9.373420715332031, 0.5007947683334351]]
  Policy Std: [[299.91778564453125, 239.42083740234375, 301.9099426269531, 427.91748046875, 610.9515380859375, 750.0004272460938, 426.6400146484375, 362.2680969238281, 338.62457275390625, 372.10198974609375, 393.6465148925781, 373.148193359375, 268.5321960449219, 438.2530822753906, 587.0374755859375, 298.7802734375, 609.5599975585938, 681.5208129882812, 451.80718994140625, 211.8937225341797, 553.2722778320312, 320.8408203125, 358.08868408203125, 293.706787109375, 82.67616271972656, 292.9808044433594, 567.3499145507812, 318.3977355957031, 164.80508422851562]]

Step 167:
  Date/Day: 168
  Action: [[-0.6298799514770508, 1.0, -1.0, 1.0, 1.0, 1.0, 1.0, 1.0, 1.0, 1.0, -1.0, -1.0, -1.0, -1.0, 1.0, -1.0, -1.0, -1.0, -1.0, -1.0, -1.0, 1.0, -1.0, -1.0, 1.0, -1.0, 1.0, -1.0, 0.5007947683334351]]
  Reward: -0.5475386381149292
  Account Value: None
  Done: False
  Policy Mean: [[-0.6298799514770508, 14.391982078552246, -1.9978827238082886, 6.482957363128662, 6.524704933166504, 4.354557514190674, 4.061113357543945, 4.624668121337891, 15.90240478515625, 11.465014457702637, -10.256217002868652, -6.561071872711182, -7.330785751342773, -16.951812744140625, 3.127676010131836, -4.841912746429443, -13.453635215759277, -5.108076572418213, -13.651021957397461, -2.459846019744873, -3.533149242401123, 1.4395322799682617, -8.084169387817383, -5.601592063903809, 37.67757034301758, -2.2338356971740723, 1.9178613424301147, -9.373420715332031, 0.5007947683334351]]
  Policy Std: [[299.91778564453125, 239.42083740234375, 301.9099426269531, 427.91748046875, 610.9515380859375, 750.0004272460938, 426.6400146484375, 362.2680969238281, 338.62457275390625, 372.10198974609375, 393.6465148925781, 373.148193359375, 268.5321960449219, 438.2530822753906, 587.0374755859375, 298.7802734375, 609.5599975585938, 681.5208129882812, 451.80718994140625, 211.8937225341797, 553.2722778320312, 320.8408203125, 358.08868408203125, 293.706787109375, 82.67616271972656, 292.9808044433594, 567.3499145507812, 318.3977355957031, 164.80508422851562]]

Step 168:
  Date/Day: 169
  Action: [[-0.6298799514770508, 1.0, -1.0, 1.0, 1.0, 1.0, 1.0, 1.0, 1.0, 1.0, -1.0, -1.0, -1.0, -1.0, 1.0, -1.0, -1.0, -1.0, -1.0, -1.0, -1.0, 1.0, -1.0, -1.0, 1.0, -1.0, 1.0, -1.0, 0.5007947683334351]]
  Reward: -1.065144419670105
  Account Value: None
  Done: False
  Policy Mean: [[-0.6298799514770508, 14.391982078552246, -1.9978827238082886, 6.482957363128662, 6.524704933166504, 4.354557514190674, 4.061113357543945, 4.624668121337891, 15.90240478515625, 11.465014457702637, -10.256217002868652, -6.561071872711182, -7.330785751342773, -16.951812744140625, 3.127676010131836, -4.841912746429443, -13.453635215759277, -5.108076572418213, -13.651021957397461, -2.459846019744873, -3.533149242401123, 1.4395322799682617, -8.084169387817383, -5.601592063903809, 37.67757034301758, -2.2338356971740723, 1.9178613424301147, -9.373420715332031, 0.5007947683334351]]
  Policy Std: [[299.91778564453125, 239.42083740234375, 301.9099426269531, 427.91748046875, 610.9515380859375, 750.0004272460938, 426.6400146484375, 362.2680969238281, 338.62457275390625, 372.10198974609375, 393.6465148925781, 373.148193359375, 268.5321960449219, 438.2530822753906, 587.0374755859375, 298.7802734375, 609.5599975585938, 681.5208129882812, 451.80718994140625, 211.8937225341797, 553.2722778320312, 320.8408203125, 358.08868408203125, 293.706787109375, 82.67616271972656, 292.9808044433594, 567.3499145507812, 318.3977355957031, 164.80508422851562]]

Step 169:
  Date/Day: 170
  Action: [[-0.6298799514770508, 1.0, -1.0, 1.0, 1.0, 1.0, 1.0, 1.0, 1.0, 1.0, -1.0, -1.0, -1.0, -1.0, 1.0, -1.0, -1.0, -1.0, -1.0, -1.0, -1.0, 1.0, -1.0, -1.0, 1.0, -1.0, 1.0, -1.0, 0.5007947683334351]]
  Reward: 2.4473910331726074
  Account Value: None
  Done: False
  Policy Mean: [[-0.6298799514770508, 14.391982078552246, -1.9978827238082886, 6.482957363128662, 6.524704933166504, 4.354557514190674, 4.061113357543945, 4.624668121337891, 15.90240478515625, 11.465014457702637, -10.256217002868652, -6.561071872711182, -7.330785751342773, -16.951812744140625, 3.127676010131836, -4.841912746429443, -13.453635215759277, -5.108076572418213, -13.651021957397461, -2.459846019744873, -3.533149242401123, 1.4395322799682617, -8.084169387817383, -5.601592063903809, 37.67757034301758, -2.2338356971740723, 1.9178613424301147, -9.373420715332031, 0.5007947683334351]]
  Policy Std: [[299.91778564453125, 239.42083740234375, 301.9099426269531, 427.91748046875, 610.9515380859375, 750.0004272460938, 426.6400146484375, 362.2680969238281, 338.62457275390625, 372.10198974609375, 393.6465148925781, 373.148193359375, 268.5321960449219, 438.2530822753906, 587.0374755859375, 298.7802734375, 609.5599975585938, 681.5208129882812, 451.80718994140625, 211.8937225341797, 553.2722778320312, 320.8408203125, 358.08868408203125, 293.706787109375, 82.67616271972656, 292.9808044433594, 567.3499145507812, 318.3977355957031, 164.80508422851562]]

Step 170:
  Date/Day: 171
  Action: [[-0.6298799514770508, 1.0, -1.0, 1.0, 1.0, 1.0, 1.0, 1.0, 1.0, 1.0, -1.0, -1.0, -1.0, -1.0, 1.0, -1.0, -1.0, -1.0, -1.0, -1.0, -1.0, 1.0, -1.0, -1.0, 1.0, -1.0, 1.0, -1.0, 0.5007947683334351]]
  Reward: 1.3371409177780151
  Account Value: None
  Done: False
  Policy Mean: [[-0.6298799514770508, 14.391982078552246, -1.9978827238082886, 6.482957363128662, 6.524704933166504, 4.354557514190674, 4.061113357543945, 4.624668121337891, 15.90240478515625, 11.465014457702637, -10.256217002868652, -6.561071872711182, -7.330785751342773, -16.951812744140625, 3.127676010131836, -4.841912746429443, -13.453635215759277, -5.108076572418213, -13.651021957397461, -2.459846019744873, -3.533149242401123, 1.4395322799682617, -8.084169387817383, -5.601592063903809, 37.67757034301758, -2.2338356971740723, 1.9178613424301147, -9.373420715332031, 0.5007947683334351]]
  Policy Std: [[299.91778564453125, 239.42083740234375, 301.9099426269531, 427.91748046875, 610.9515380859375, 750.0004272460938, 426.6400146484375, 362.2680969238281, 338.62457275390625, 372.10198974609375, 393.6465148925781, 373.148193359375, 268.5321960449219, 438.2530822753906, 587.0374755859375, 298.7802734375, 609.5599975585938, 681.5208129882812, 451.80718994140625, 211.8937225341797, 553.2722778320312, 320.8408203125, 358.08868408203125, 293.706787109375, 82.67616271972656, 292.9808044433594, 567.3499145507812, 318.3977355957031, 164.80508422851562]]

Step 171:
  Date/Day: 172
  Action: [[-0.6298799514770508, 1.0, -1.0, 1.0, 1.0, 1.0, 1.0, 1.0, 1.0, 1.0, -1.0, -1.0, -1.0, -1.0, 1.0, -1.0, -1.0, -1.0, -1.0, -1.0, -1.0, 1.0, -1.0, -1.0, 1.0, -1.0, 1.0, -1.0, 0.5007947683334351]]
  Reward: -0.08157723397016525
  Account Value: None
  Done: False
  Policy Mean: [[-0.6298799514770508, 14.391982078552246, -1.9978827238082886, 6.482957363128662, 6.524704933166504, 4.354557514190674, 4.061113357543945, 4.624668121337891, 15.90240478515625, 11.465014457702637, -10.256217002868652, -6.561071872711182, -7.330785751342773, -16.951812744140625, 3.127676010131836, -4.841912746429443, -13.453635215759277, -5.108076572418213, -13.651021957397461, -2.459846019744873, -3.533149242401123, 1.4395322799682617, -8.084169387817383, -5.601592063903809, 37.67757034301758, -2.2338356971740723, 1.9178613424301147, -9.373420715332031, 0.5007947683334351]]
  Policy Std: [[299.91778564453125, 239.42083740234375, 301.9099426269531, 427.91748046875, 610.9515380859375, 750.0004272460938, 426.6400146484375, 362.2680969238281, 338.62457275390625, 372.10198974609375, 393.6465148925781, 373.148193359375, 268.5321960449219, 438.2530822753906, 587.0374755859375, 298.7802734375, 609.5599975585938, 681.5208129882812, 451.80718994140625, 211.8937225341797, 553.2722778320312, 320.8408203125, 358.08868408203125, 293.706787109375, 82.67616271972656, 292.9808044433594, 567.3499145507812, 318.3977355957031, 164.80508422851562]]

Step 172:
  Date/Day: 173
  Action: [[-0.44911566376686096, 1.0, -1.0, 1.0, 1.0, 1.0, 1.0, 1.0, 1.0, 1.0, -1.0, -1.0, -1.0, -1.0, 1.0, -1.0, -1.0, -1.0, -1.0, -1.0, -1.0, 1.0, -1.0, -1.0, 1.0, -1.0, 1.0, -1.0, 0.6377028822898865]]
  Reward: 1.9003490209579468
  Account Value: None
  Done: False
  Policy Mean: [[-0.44911566376686096, 15.078105926513672, -1.9447757005691528, 7.323468208312988, 6.763468265533447, 4.611434459686279, 3.8604671955108643, 4.792690277099609, 16.623615264892578, 11.9962797164917, -10.737956047058105, -6.638566493988037, -7.561121463775635, -17.396642684936523, 3.640286684036255, -5.171916484832764, -14.0116605758667, -5.323468208312988, -14.171198844909668, -2.791743755340576, -3.674995183944702, 1.2663449048995972, -8.182696342468262, -5.68955135345459, 38.7779541015625, -2.0912599563598633, 1.9415887594223022, -9.550400733947754, 0.6377028822898865]]
  Policy Std: [[299.91778564453125, 239.42083740234375, 301.9099426269531, 427.91748046875, 610.9515380859375, 750.0004272460938, 426.6400146484375, 362.2680969238281, 338.62457275390625, 372.10198974609375, 393.6465148925781, 373.148193359375, 268.5321960449219, 438.2530822753906, 587.0374755859375, 298.7802734375, 609.5599975585938, 681.5208129882812, 451.80718994140625, 211.8937225341797, 553.2722778320312, 320.8408203125, 358.08868408203125, 293.706787109375, 82.67616271972656, 292.9808044433594, 567.3499145507812, 318.3977355957031, 164.80508422851562]]

Step 173:
  Date/Day: 174
  Action: [[-0.6298799514770508, 1.0, -1.0, 1.0, 1.0, 1.0, 1.0, 1.0, 1.0, 1.0, -1.0, -1.0, -1.0, -1.0, 1.0, -1.0, -1.0, -1.0, -1.0, -1.0, -1.0, 1.0, -1.0, -1.0, 1.0, -1.0, 1.0, -1.0, 0.5007947683334351]]
  Reward: 0.7985308170318604
  Account Value: None
  Done: False
  Policy Mean: [[-0.6298799514770508, 14.391982078552246, -1.9978827238082886, 6.482957363128662, 6.524704933166504, 4.354557514190674, 4.061113357543945, 4.624668121337891, 15.90240478515625, 11.465014457702637, -10.256217002868652, -6.561071872711182, -7.330785751342773, -16.951812744140625, 3.127676010131836, -4.841912746429443, -13.453635215759277, -5.108076572418213, -13.651021957397461, -2.459846019744873, -3.533149242401123, 1.4395322799682617, -8.084169387817383, -5.601592063903809, 37.67757034301758, -2.2338356971740723, 1.9178613424301147, -9.373420715332031, 0.5007947683334351]]
  Policy Std: [[299.91778564453125, 239.42083740234375, 301.9099426269531, 427.91748046875, 610.9515380859375, 750.0004272460938, 426.6400146484375, 362.2680969238281, 338.62457275390625, 372.10198974609375, 393.6465148925781, 373.148193359375, 268.5321960449219, 438.2530822753906, 587.0374755859375, 298.7802734375, 609.5599975585938, 681.5208129882812, 451.80718994140625, 211.8937225341797, 553.2722778320312, 320.8408203125, 358.08868408203125, 293.706787109375, 82.67616271972656, 292.9808044433594, 567.3499145507812, 318.3977355957031, 164.80508422851562]]

Step 174:
  Date/Day: 175
  Action: [[-0.6298799514770508, 1.0, -1.0, 1.0, 1.0, 1.0, 1.0, 1.0, 1.0, 1.0, -1.0, -1.0, -1.0, -1.0, 1.0, -1.0, -1.0, -1.0, -1.0, -1.0, -1.0, 1.0, -1.0, -1.0, 1.0, -1.0, 1.0, -1.0, 0.5007947683334351]]
  Reward: 1.8260459899902344
  Account Value: None
  Done: False
  Policy Mean: [[-0.6298799514770508, 14.391982078552246, -1.9978827238082886, 6.482957363128662, 6.524704933166504, 4.354557514190674, 4.061113357543945, 4.624668121337891, 15.90240478515625, 11.465014457702637, -10.256217002868652, -6.561071872711182, -7.330785751342773, -16.951812744140625, 3.127676010131836, -4.841912746429443, -13.453635215759277, -5.108076572418213, -13.651021957397461, -2.459846019744873, -3.533149242401123, 1.4395322799682617, -8.084169387817383, -5.601592063903809, 37.67757034301758, -2.2338356971740723, 1.9178613424301147, -9.373420715332031, 0.5007947683334351]]
  Policy Std: [[299.91778564453125, 239.42083740234375, 301.9099426269531, 427.91748046875, 610.9515380859375, 750.0004272460938, 426.6400146484375, 362.2680969238281, 338.62457275390625, 372.10198974609375, 393.6465148925781, 373.148193359375, 268.5321960449219, 438.2530822753906, 587.0374755859375, 298.7802734375, 609.5599975585938, 681.5208129882812, 451.80718994140625, 211.8937225341797, 553.2722778320312, 320.8408203125, 358.08868408203125, 293.706787109375, 82.67616271972656, 292.9808044433594, 567.3499145507812, 318.3977355957031, 164.80508422851562]]

Step 175:
  Date/Day: 176
  Action: [[-0.6298799514770508, 1.0, -1.0, 1.0, 1.0, 1.0, 1.0, 1.0, 1.0, 1.0, -1.0, -1.0, -1.0, -1.0, 1.0, -1.0, -1.0, -1.0, -1.0, -1.0, -1.0, 1.0, -1.0, -1.0, 1.0, -1.0, 1.0, -1.0, 0.5007947683334351]]
  Reward: -0.07466240972280502
  Account Value: None
  Done: False
  Policy Mean: [[-0.6298799514770508, 14.391982078552246, -1.9978827238082886, 6.482957363128662, 6.524704933166504, 4.354557514190674, 4.061113357543945, 4.624668121337891, 15.90240478515625, 11.465014457702637, -10.256217002868652, -6.561071872711182, -7.330785751342773, -16.951812744140625, 3.127676010131836, -4.841912746429443, -13.453635215759277, -5.108076572418213, -13.651021957397461, -2.459846019744873, -3.533149242401123, 1.4395322799682617, -8.084169387817383, -5.601592063903809, 37.67757034301758, -2.2338356971740723, 1.9178613424301147, -9.373420715332031, 0.5007947683334351]]
  Policy Std: [[299.91778564453125, 239.42083740234375, 301.9099426269531, 427.91748046875, 610.9515380859375, 750.0004272460938, 426.6400146484375, 362.2680969238281, 338.62457275390625, 372.10198974609375, 393.6465148925781, 373.148193359375, 268.5321960449219, 438.2530822753906, 587.0374755859375, 298.7802734375, 609.5599975585938, 681.5208129882812, 451.80718994140625, 211.8937225341797, 553.2722778320312, 320.8408203125, 358.08868408203125, 293.706787109375, 82.67616271972656, 292.9808044433594, 567.3499145507812, 318.3977355957031, 164.80508422851562]]

Step 176:
  Date/Day: 177
  Action: [[-0.6298799514770508, 1.0, -1.0, 1.0, 1.0, 1.0, 1.0, 1.0, 1.0, 1.0, -1.0, -1.0, -1.0, -1.0, 1.0, -1.0, -1.0, -1.0, -1.0, -1.0, -1.0, 1.0, -1.0, -1.0, 1.0, -1.0, 1.0, -1.0, 0.5007947683334351]]
  Reward: -0.786548376083374
  Account Value: None
  Done: False
  Policy Mean: [[-0.6298799514770508, 14.391982078552246, -1.9978827238082886, 6.482957363128662, 6.524704933166504, 4.354557514190674, 4.061113357543945, 4.624668121337891, 15.90240478515625, 11.465014457702637, -10.256217002868652, -6.561071872711182, -7.330785751342773, -16.951812744140625, 3.127676010131836, -4.841912746429443, -13.453635215759277, -5.108076572418213, -13.651021957397461, -2.459846019744873, -3.533149242401123, 1.4395322799682617, -8.084169387817383, -5.601592063903809, 37.67757034301758, -2.2338356971740723, 1.9178613424301147, -9.373420715332031, 0.5007947683334351]]
  Policy Std: [[299.91778564453125, 239.42083740234375, 301.9099426269531, 427.91748046875, 610.9515380859375, 750.0004272460938, 426.6400146484375, 362.2680969238281, 338.62457275390625, 372.10198974609375, 393.6465148925781, 373.148193359375, 268.5321960449219, 438.2530822753906, 587.0374755859375, 298.7802734375, 609.5599975585938, 681.5208129882812, 451.80718994140625, 211.8937225341797, 553.2722778320312, 320.8408203125, 358.08868408203125, 293.706787109375, 82.67616271972656, 292.9808044433594, 567.3499145507812, 318.3977355957031, 164.80508422851562]]

Step 177:
  Date/Day: 178
  Action: [[-0.6298799514770508, 1.0, -1.0, 1.0, 1.0, 1.0, 1.0, 1.0, 1.0, 1.0, -1.0, -1.0, -1.0, -1.0, 1.0, -1.0, -1.0, -1.0, -1.0, -1.0, -1.0, 1.0, -1.0, -1.0, 1.0, -1.0, 1.0, -1.0, 0.5007947683334351]]
  Reward: 0.8954129815101624
  Account Value: None
  Done: False
  Policy Mean: [[-0.6298799514770508, 14.391982078552246, -1.9978827238082886, 6.482957363128662, 6.524704933166504, 4.354557514190674, 4.061113357543945, 4.624668121337891, 15.90240478515625, 11.465014457702637, -10.256217002868652, -6.561071872711182, -7.330785751342773, -16.951812744140625, 3.127676010131836, -4.841912746429443, -13.453635215759277, -5.108076572418213, -13.651021957397461, -2.459846019744873, -3.533149242401123, 1.4395322799682617, -8.084169387817383, -5.601592063903809, 37.67757034301758, -2.2338356971740723, 1.9178613424301147, -9.373420715332031, 0.5007947683334351]]
  Policy Std: [[299.91778564453125, 239.42083740234375, 301.9099426269531, 427.91748046875, 610.9515380859375, 750.0004272460938, 426.6400146484375, 362.2680969238281, 338.62457275390625, 372.10198974609375, 393.6465148925781, 373.148193359375, 268.5321960449219, 438.2530822753906, 587.0374755859375, 298.7802734375, 609.5599975585938, 681.5208129882812, 451.80718994140625, 211.8937225341797, 553.2722778320312, 320.8408203125, 358.08868408203125, 293.706787109375, 82.67616271972656, 292.9808044433594, 567.3499145507812, 318.3977355957031, 164.80508422851562]]

Step 178:
  Date/Day: 179
  Action: [[-0.6298799514770508, 1.0, -1.0, 1.0, 1.0, 1.0, 1.0, 1.0, 1.0, 1.0, -1.0, -1.0, -1.0, -1.0, 1.0, -1.0, -1.0, -1.0, -1.0, -1.0, -1.0, 1.0, -1.0, -1.0, 1.0, -1.0, 1.0, -1.0, 0.5007947683334351]]
  Reward: -0.4493252635002136
  Account Value: None
  Done: False
  Policy Mean: [[-0.6298799514770508, 14.391982078552246, -1.9978827238082886, 6.482957363128662, 6.524704933166504, 4.354557514190674, 4.061113357543945, 4.624668121337891, 15.90240478515625, 11.465014457702637, -10.256217002868652, -6.561071872711182, -7.330785751342773, -16.951812744140625, 3.127676010131836, -4.841912746429443, -13.453635215759277, -5.108076572418213, -13.651021957397461, -2.459846019744873, -3.533149242401123, 1.4395322799682617, -8.084169387817383, -5.601592063903809, 37.67757034301758, -2.2338356971740723, 1.9178613424301147, -9.373420715332031, 0.5007947683334351]]
  Policy Std: [[299.91778564453125, 239.42083740234375, 301.9099426269531, 427.91748046875, 610.9515380859375, 750.0004272460938, 426.6400146484375, 362.2680969238281, 338.62457275390625, 372.10198974609375, 393.6465148925781, 373.148193359375, 268.5321960449219, 438.2530822753906, 587.0374755859375, 298.7802734375, 609.5599975585938, 681.5208129882812, 451.80718994140625, 211.8937225341797, 553.2722778320312, 320.8408203125, 358.08868408203125, 293.706787109375, 82.67616271972656, 292.9808044433594, 567.3499145507812, 318.3977355957031, 164.80508422851562]]

Step 179:
  Date/Day: 180
  Action: [[-0.6298799514770508, 1.0, -1.0, 1.0, 1.0, 1.0, 1.0, 1.0, 1.0, 1.0, -1.0, -1.0, -1.0, -1.0, 1.0, -1.0, -1.0, -1.0, -1.0, -1.0, -1.0, 1.0, -1.0, -1.0, 1.0, -1.0, 1.0, -1.0, 0.5007947683334351]]
  Reward: -0.015397477895021439
  Account Value: None
  Done: False
  Policy Mean: [[-0.6298799514770508, 14.391982078552246, -1.9978827238082886, 6.482957363128662, 6.524704933166504, 4.354557514190674, 4.061113357543945, 4.624668121337891, 15.90240478515625, 11.465014457702637, -10.256217002868652, -6.561071872711182, -7.330785751342773, -16.951812744140625, 3.127676010131836, -4.841912746429443, -13.453635215759277, -5.108076572418213, -13.651021957397461, -2.459846019744873, -3.533149242401123, 1.4395322799682617, -8.084169387817383, -5.601592063903809, 37.67757034301758, -2.2338356971740723, 1.9178613424301147, -9.373420715332031, 0.5007947683334351]]
  Policy Std: [[299.91778564453125, 239.42083740234375, 301.9099426269531, 427.91748046875, 610.9515380859375, 750.0004272460938, 426.6400146484375, 362.2680969238281, 338.62457275390625, 372.10198974609375, 393.6465148925781, 373.148193359375, 268.5321960449219, 438.2530822753906, 587.0374755859375, 298.7802734375, 609.5599975585938, 681.5208129882812, 451.80718994140625, 211.8937225341797, 553.2722778320312, 320.8408203125, 358.08868408203125, 293.706787109375, 82.67616271972656, 292.9808044433594, 567.3499145507812, 318.3977355957031, 164.80508422851562]]

Step 180:
  Date/Day: 181
  Action: [[-0.6298799514770508, 1.0, -1.0, 1.0, 1.0, 1.0, 1.0, 1.0, 1.0, 1.0, -1.0, -1.0, -1.0, -1.0, 1.0, -1.0, -1.0, -1.0, -1.0, -1.0, -1.0, 1.0, -1.0, -1.0, 1.0, -1.0, 1.0, -1.0, 0.5007947683334351]]
  Reward: 0.24620725214481354
  Account Value: None
  Done: False
  Policy Mean: [[-0.6298799514770508, 14.391982078552246, -1.9978827238082886, 6.482957363128662, 6.524704933166504, 4.354557514190674, 4.061113357543945, 4.624668121337891, 15.90240478515625, 11.465014457702637, -10.256217002868652, -6.561071872711182, -7.330785751342773, -16.951812744140625, 3.127676010131836, -4.841912746429443, -13.453635215759277, -5.108076572418213, -13.651021957397461, -2.459846019744873, -3.533149242401123, 1.4395322799682617, -8.084169387817383, -5.601592063903809, 37.67757034301758, -2.2338356971740723, 1.9178613424301147, -9.373420715332031, 0.5007947683334351]]
  Policy Std: [[299.91778564453125, 239.42083740234375, 301.9099426269531, 427.91748046875, 610.9515380859375, 750.0004272460938, 426.6400146484375, 362.2680969238281, 338.62457275390625, 372.10198974609375, 393.6465148925781, 373.148193359375, 268.5321960449219, 438.2530822753906, 587.0374755859375, 298.7802734375, 609.5599975585938, 681.5208129882812, 451.80718994140625, 211.8937225341797, 553.2722778320312, 320.8408203125, 358.08868408203125, 293.706787109375, 82.67616271972656, 292.9808044433594, 567.3499145507812, 318.3977355957031, 164.80508422851562]]

Step 181:
  Date/Day: 182
  Action: [[-0.6298799514770508, 1.0, -1.0, 1.0, 1.0, 1.0, 1.0, 1.0, 1.0, 1.0, -1.0, -1.0, -1.0, -1.0, 1.0, -1.0, -1.0, -1.0, -1.0, -1.0, -1.0, 1.0, -1.0, -1.0, 1.0, -1.0, 1.0, -1.0, 0.5007947683334351]]
  Reward: -1.5948841571807861
  Account Value: None
  Done: False
  Policy Mean: [[-0.6298799514770508, 14.391982078552246, -1.9978827238082886, 6.482957363128662, 6.524704933166504, 4.354557514190674, 4.061113357543945, 4.624668121337891, 15.90240478515625, 11.465014457702637, -10.256217002868652, -6.561071872711182, -7.330785751342773, -16.951812744140625, 3.127676010131836, -4.841912746429443, -13.453635215759277, -5.108076572418213, -13.651021957397461, -2.459846019744873, -3.533149242401123, 1.4395322799682617, -8.084169387817383, -5.601592063903809, 37.67757034301758, -2.2338356971740723, 1.9178613424301147, -9.373420715332031, 0.5007947683334351]]
  Policy Std: [[299.91778564453125, 239.42083740234375, 301.9099426269531, 427.91748046875, 610.9515380859375, 750.0004272460938, 426.6400146484375, 362.2680969238281, 338.62457275390625, 372.10198974609375, 393.6465148925781, 373.148193359375, 268.5321960449219, 438.2530822753906, 587.0374755859375, 298.7802734375, 609.5599975585938, 681.5208129882812, 451.80718994140625, 211.8937225341797, 553.2722778320312, 320.8408203125, 358.08868408203125, 293.706787109375, 82.67616271972656, 292.9808044433594, 567.3499145507812, 318.3977355957031, 164.80508422851562]]

Step 182:
  Date/Day: 183
  Action: [[-0.6298799514770508, 1.0, -1.0, 1.0, 1.0, 1.0, 1.0, 1.0, 1.0, 1.0, -1.0, -1.0, -1.0, -1.0, 1.0, -1.0, -1.0, -1.0, -1.0, -1.0, -1.0, 1.0, -1.0, -1.0, 1.0, -1.0, 1.0, -1.0, 0.5007947683334351]]
  Reward: -0.3329302966594696
  Account Value: None
  Done: False
  Policy Mean: [[-0.6298799514770508, 14.391982078552246, -1.9978827238082886, 6.482957363128662, 6.524704933166504, 4.354557514190674, 4.061113357543945, 4.624668121337891, 15.90240478515625, 11.465014457702637, -10.256217002868652, -6.561071872711182, -7.330785751342773, -16.951812744140625, 3.127676010131836, -4.841912746429443, -13.453635215759277, -5.108076572418213, -13.651021957397461, -2.459846019744873, -3.533149242401123, 1.4395322799682617, -8.084169387817383, -5.601592063903809, 37.67757034301758, -2.2338356971740723, 1.9178613424301147, -9.373420715332031, 0.5007947683334351]]
  Policy Std: [[299.91778564453125, 239.42083740234375, 301.9099426269531, 427.91748046875, 610.9515380859375, 750.0004272460938, 426.6400146484375, 362.2680969238281, 338.62457275390625, 372.10198974609375, 393.6465148925781, 373.148193359375, 268.5321960449219, 438.2530822753906, 587.0374755859375, 298.7802734375, 609.5599975585938, 681.5208129882812, 451.80718994140625, 211.8937225341797, 553.2722778320312, 320.8408203125, 358.08868408203125, 293.706787109375, 82.67616271972656, 292.9808044433594, 567.3499145507812, 318.3977355957031, 164.80508422851562]]

Step 183:
  Date/Day: 184
  Action: [[-0.6298799514770508, 1.0, -1.0, 1.0, 1.0, 1.0, 1.0, 1.0, 1.0, 1.0, -1.0, -1.0, -1.0, -1.0, 1.0, -1.0, -1.0, -1.0, -1.0, -1.0, -1.0, 1.0, -1.0, -1.0, 1.0, -1.0, 1.0, -1.0, 0.5007947683334351]]
  Reward: 0.7602435350418091
  Account Value: None
  Done: False
  Policy Mean: [[-0.6298799514770508, 14.391982078552246, -1.9978827238082886, 6.482957363128662, 6.524704933166504, 4.354557514190674, 4.061113357543945, 4.624668121337891, 15.90240478515625, 11.465014457702637, -10.256217002868652, -6.561071872711182, -7.330785751342773, -16.951812744140625, 3.127676010131836, -4.841912746429443, -13.453635215759277, -5.108076572418213, -13.651021957397461, -2.459846019744873, -3.533149242401123, 1.4395322799682617, -8.084169387817383, -5.601592063903809, 37.67757034301758, -2.2338356971740723, 1.9178613424301147, -9.373420715332031, 0.5007947683334351]]
  Policy Std: [[299.91778564453125, 239.42083740234375, 301.9099426269531, 427.91748046875, 610.9515380859375, 750.0004272460938, 426.6400146484375, 362.2680969238281, 338.62457275390625, 372.10198974609375, 393.6465148925781, 373.148193359375, 268.5321960449219, 438.2530822753906, 587.0374755859375, 298.7802734375, 609.5599975585938, 681.5208129882812, 451.80718994140625, 211.8937225341797, 553.2722778320312, 320.8408203125, 358.08868408203125, 293.706787109375, 82.67616271972656, 292.9808044433594, 567.3499145507812, 318.3977355957031, 164.80508422851562]]

Step 184:
  Date/Day: 185
  Action: [[-0.6298021078109741, 1.0, -1.0, 1.0, 1.0, 1.0, 1.0, 1.0, 1.0, 1.0, -1.0, -1.0, -1.0, -1.0, 1.0, -1.0, -1.0, -1.0, -1.0, -1.0, -1.0, 1.0, -1.0, -1.0, 1.0, -1.0, 1.0, -1.0, 0.5008374452590942]]
  Reward: 1.3606531620025635
  Account Value: None
  Done: False
  Policy Mean: [[-0.6298021078109741, 14.392584800720215, -1.997843623161316, 6.4836106300354, 6.52492618560791, 4.354735374450684, 4.061058521270752, 4.624751567840576, 15.902998924255371, 11.465498924255371, -10.256669044494629, -6.561126232147217, -7.3310441970825195, -16.952152252197266, 3.127922296524048, -4.842137813568115, -13.45413875579834, -5.108240604400635, -13.651607513427734, -2.460110664367676, -3.533360004425049, 1.4394738674163818, -8.084329605102539, -5.601627349853516, 37.678558349609375, -2.2337393760681152, 1.9178227186203003, -9.373461723327637, 0.5008374452590942]]
  Policy Std: [[299.91778564453125, 239.42083740234375, 301.9099426269531, 427.91748046875, 610.9515380859375, 750.0004272460938, 426.6400146484375, 362.2680969238281, 338.62457275390625, 372.10198974609375, 393.6465148925781, 373.148193359375, 268.5321960449219, 438.2530822753906, 587.0374755859375, 298.7802734375, 609.5599975585938, 681.5208129882812, 451.80718994140625, 211.8937225341797, 553.2722778320312, 320.8408203125, 358.08868408203125, 293.706787109375, 82.67616271972656, 292.9808044433594, 567.3499145507812, 318.3977355957031, 164.80508422851562]]

Step 185:
  Date/Day: 186
  Action: [[-0.6298799514770508, 1.0, -1.0, 1.0, 1.0, 1.0, 1.0, 1.0, 1.0, 1.0, -1.0, -1.0, -1.0, -1.0, 1.0, -1.0, -1.0, -1.0, -1.0, -1.0, -1.0, 1.0, -1.0, -1.0, 1.0, -1.0, 1.0, -1.0, 0.5007947683334351]]
  Reward: 0.7036473751068115
  Account Value: None
  Done: False
  Policy Mean: [[-0.6298799514770508, 14.391982078552246, -1.9978827238082886, 6.482957363128662, 6.524704933166504, 4.354557514190674, 4.061113357543945, 4.624668121337891, 15.90240478515625, 11.465014457702637, -10.256217002868652, -6.561071872711182, -7.330785751342773, -16.951812744140625, 3.127676010131836, -4.841912746429443, -13.453635215759277, -5.108076572418213, -13.651021957397461, -2.459846019744873, -3.533149242401123, 1.4395322799682617, -8.084169387817383, -5.601592063903809, 37.67757034301758, -2.2338356971740723, 1.9178613424301147, -9.373420715332031, 0.5007947683334351]]
  Policy Std: [[299.91778564453125, 239.42083740234375, 301.9099426269531, 427.91748046875, 610.9515380859375, 750.0004272460938, 426.6400146484375, 362.2680969238281, 338.62457275390625, 372.10198974609375, 393.6465148925781, 373.148193359375, 268.5321960449219, 438.2530822753906, 587.0374755859375, 298.7802734375, 609.5599975585938, 681.5208129882812, 451.80718994140625, 211.8937225341797, 553.2722778320312, 320.8408203125, 358.08868408203125, 293.706787109375, 82.67616271972656, 292.9808044433594, 567.3499145507812, 318.3977355957031, 164.80508422851562]]

Step 186:
  Date/Day: 187
  Action: [[-0.5590969324111938, 1.0, -1.0, 1.0, 1.0, 1.0, 1.0, 1.0, 1.0, 1.0, -1.0, -1.0, -1.0, -1.0, 1.0, -1.0, -1.0, -1.0, -1.0, -1.0, -1.0, 1.0, -1.0, -1.0, 1.0, -1.0, 1.0, -1.0, 0.5431682467460632]]
  Reward: -0.35162752866744995
  Account Value: None
  Done: False
  Policy Mean: [[-0.5590969324111938, 14.87008285522461, -1.960465431213379, 7.026008605957031, 6.700370788574219, 4.482138633728027, 3.988050937652588, 4.6992058753967285, 16.369693756103516, 11.836982727050781, -10.599953651428223, -6.5932488441467285, -7.527409553527832, -17.21519660949707, 3.355708360671997, -5.034541130065918, -13.86763858795166, -5.235229969024658, -14.094847679138184, -2.683746814727783, -3.697326421737671, 1.3929297924041748, -8.21034049987793, -5.615978240966797, 38.448020935058594, -2.1568875312805176, 1.8715742826461792, -9.429170608520508, 0.5431682467460632]]
  Policy Std: [[299.91778564453125, 239.42083740234375, 301.9099426269531, 427.91748046875, 610.9515380859375, 750.0004272460938, 426.6400146484375, 362.2680969238281, 338.62457275390625, 372.10198974609375, 393.6465148925781, 373.148193359375, 268.5321960449219, 438.2530822753906, 587.0374755859375, 298.7802734375, 609.5599975585938, 681.5208129882812, 451.80718994140625, 211.8937225341797, 553.2722778320312, 320.8408203125, 358.08868408203125, 293.706787109375, 82.67616271972656, 292.9808044433594, 567.3499145507812, 318.3977355957031, 164.80508422851562]]

Step 187:
  Date/Day: 188
  Action: [[-0.629879891872406, 1.0, -1.0, 1.0, 1.0, 1.0, 1.0, 1.0, 1.0, 1.0, -1.0, -1.0, -1.0, -1.0, 1.0, -1.0, -1.0, -1.0, -1.0, -1.0, -1.0, 1.0, -1.0, -1.0, 1.0, -1.0, 1.0, -1.0, 0.5007947683334351]]
  Reward: -0.3904496431350708
  Account Value: None
  Done: False
  Policy Mean: [[-0.629879891872406, 14.391982078552246, -1.997882604598999, 6.482957363128662, 6.524705410003662, 4.354557514190674, 4.061113357543945, 4.624668121337891, 15.902405738830566, 11.465014457702637, -10.256217002868652, -6.561071872711182, -7.330785751342773, -16.951812744140625, 3.127676248550415, -4.841912746429443, -13.453635215759277, -5.108076572418213, -13.651022911071777, -2.459846019744873, -3.533149242401123, 1.4395322799682617, -8.0841703414917, -5.601592063903809, 37.67757034301758, -2.2338356971740723, 1.9178613424301147, -9.373420715332031, 0.5007947683334351]]
  Policy Std: [[299.91778564453125, 239.42083740234375, 301.9099426269531, 427.91748046875, 610.9515380859375, 750.0004272460938, 426.6400146484375, 362.2680969238281, 338.62457275390625, 372.10198974609375, 393.6465148925781, 373.148193359375, 268.5321960449219, 438.2530822753906, 587.0374755859375, 298.7802734375, 609.5599975585938, 681.5208129882812, 451.80718994140625, 211.8937225341797, 553.2722778320312, 320.8408203125, 358.08868408203125, 293.706787109375, 82.67616271972656, 292.9808044433594, 567.3499145507812, 318.3977355957031, 164.80508422851562]]

Step 188:
  Date/Day: 189
  Action: [[-0.6298799514770508, 1.0, -1.0, 1.0, 1.0, 1.0, 1.0, 1.0, 1.0, 1.0, -1.0, -1.0, -1.0, -1.0, 1.0, -1.0, -1.0, -1.0, -1.0, -1.0, -1.0, 1.0, -1.0, -1.0, 1.0, -1.0, 1.0, -1.0, 0.5007947683334351]]
  Reward: 0.3333494961261749
  Account Value: None
  Done: False
  Policy Mean: [[-0.6298799514770508, 14.391982078552246, -1.9978827238082886, 6.482957363128662, 6.524704933166504, 4.354557514190674, 4.061113357543945, 4.624668121337891, 15.90240478515625, 11.465014457702637, -10.256217002868652, -6.561071872711182, -7.330785751342773, -16.951812744140625, 3.127676010131836, -4.841912746429443, -13.453635215759277, -5.108076572418213, -13.651021957397461, -2.459846019744873, -3.533149242401123, 1.4395322799682617, -8.084169387817383, -5.601592063903809, 37.67757034301758, -2.2338356971740723, 1.9178613424301147, -9.373420715332031, 0.5007947683334351]]
  Policy Std: [[299.91778564453125, 239.42083740234375, 301.9099426269531, 427.91748046875, 610.9515380859375, 750.0004272460938, 426.6400146484375, 362.2680969238281, 338.62457275390625, 372.10198974609375, 393.6465148925781, 373.148193359375, 268.5321960449219, 438.2530822753906, 587.0374755859375, 298.7802734375, 609.5599975585938, 681.5208129882812, 451.80718994140625, 211.8937225341797, 553.2722778320312, 320.8408203125, 358.08868408203125, 293.706787109375, 82.67616271972656, 292.9808044433594, 567.3499145507812, 318.3977355957031, 164.80508422851562]]

Step 189:
  Date/Day: 190
  Action: [[-0.6298799514770508, 1.0, -1.0, 1.0, 1.0, 1.0, 1.0, 1.0, 1.0, 1.0, -1.0, -1.0, -1.0, -1.0, 1.0, -1.0, -1.0, -1.0, -1.0, -1.0, -1.0, 1.0, -1.0, -1.0, 1.0, -1.0, 1.0, -1.0, 0.5007947683334351]]
  Reward: 0.8554643392562866
  Account Value: None
  Done: False
  Policy Mean: [[-0.6298799514770508, 14.391982078552246, -1.9978827238082886, 6.482957363128662, 6.524704933166504, 4.354557514190674, 4.061113357543945, 4.624668121337891, 15.90240478515625, 11.465014457702637, -10.256217002868652, -6.561071872711182, -7.330785751342773, -16.951812744140625, 3.127676010131836, -4.841912746429443, -13.453635215759277, -5.108076572418213, -13.651021957397461, -2.459846019744873, -3.533149242401123, 1.4395322799682617, -8.084169387817383, -5.601592063903809, 37.67757034301758, -2.2338356971740723, 1.9178613424301147, -9.373420715332031, 0.5007947683334351]]
  Policy Std: [[299.91778564453125, 239.42083740234375, 301.9099426269531, 427.91748046875, 610.9515380859375, 750.0004272460938, 426.6400146484375, 362.2680969238281, 338.62457275390625, 372.10198974609375, 393.6465148925781, 373.148193359375, 268.5321960449219, 438.2530822753906, 587.0374755859375, 298.7802734375, 609.5599975585938, 681.5208129882812, 451.80718994140625, 211.8937225341797, 553.2722778320312, 320.8408203125, 358.08868408203125, 293.706787109375, 82.67616271972656, 292.9808044433594, 567.3499145507812, 318.3977355957031, 164.80508422851562]]

Step 190:
  Date/Day: 191
  Action: [[-0.45196133852005005, 1.0, -1.0, 1.0, 1.0, 1.0, 1.0, 1.0, 1.0, 1.0, -1.0, -1.0, -1.0, -1.0, 1.0, -1.0, -1.0, -1.0, -1.0, -1.0, -1.0, 1.0, -1.0, -1.0, 1.0, -1.0, 1.0, -1.0, 0.6353529691696167]]
  Reward: -0.6229773163795471
  Account Value: None
  Done: False
  Policy Mean: [[-0.45196133852005005, 15.067065238952637, -1.9459171295166016, 7.309654712677002, 6.7595109939575195, 4.607494831085205, 3.863835334777832, 4.790116786956787, 16.61240005493164, 11.987849235534668, -10.730298042297363, -6.637391090393066, -7.55770206451416, -17.38991355895996, 3.632492780685425, -5.166430950164795, -14.00268268585205, -5.320090293884277, -14.163003921508789, -2.786302089691162, -3.672132968902588, 1.2690348625183105, -8.181260108947754, -5.688519477844238, 38.760833740234375, -2.0932974815368652, 1.9411736726760864, -9.54781436920166, 0.6353529691696167]]
  Policy Std: [[299.91778564453125, 239.42083740234375, 301.9099426269531, 427.91748046875, 610.9515380859375, 750.0004272460938, 426.6400146484375, 362.2680969238281, 338.62457275390625, 372.10198974609375, 393.6465148925781, 373.148193359375, 268.5321960449219, 438.2530822753906, 587.0374755859375, 298.7802734375, 609.5599975585938, 681.5208129882812, 451.80718994140625, 211.8937225341797, 553.2722778320312, 320.8408203125, 358.08868408203125, 293.706787109375, 82.67616271972656, 292.9808044433594, 567.3499145507812, 318.3977355957031, 164.80508422851562]]

Step 191:
  Date/Day: 192
  Action: [[-0.6298799514770508, 1.0, -1.0, 1.0, 1.0, 1.0, 1.0, 1.0, 1.0, 1.0, -1.0, -1.0, -1.0, -1.0, 1.0, -1.0, -1.0, -1.0, -1.0, -1.0, -1.0, 1.0, -1.0, -1.0, 1.0, -1.0, 1.0, -1.0, 0.5007947683334351]]
  Reward: -0.28259822726249695
  Account Value: None
  Done: False
  Policy Mean: [[-0.6298799514770508, 14.391982078552246, -1.9978827238082886, 6.482957363128662, 6.524704933166504, 4.354557514190674, 4.061113357543945, 4.624668121337891, 15.90240478515625, 11.465014457702637, -10.256217002868652, -6.561071872711182, -7.330785751342773, -16.951812744140625, 3.127676010131836, -4.841912746429443, -13.453635215759277, -5.108076572418213, -13.651021957397461, -2.459846019744873, -3.533149242401123, 1.4395322799682617, -8.084169387817383, -5.601592063903809, 37.67757034301758, -2.2338356971740723, 1.9178613424301147, -9.373420715332031, 0.5007947683334351]]
  Policy Std: [[299.91778564453125, 239.42083740234375, 301.9099426269531, 427.91748046875, 610.9515380859375, 750.0004272460938, 426.6400146484375, 362.2680969238281, 338.62457275390625, 372.10198974609375, 393.6465148925781, 373.148193359375, 268.5321960449219, 438.2530822753906, 587.0374755859375, 298.7802734375, 609.5599975585938, 681.5208129882812, 451.80718994140625, 211.8937225341797, 553.2722778320312, 320.8408203125, 358.08868408203125, 293.706787109375, 82.67616271972656, 292.9808044433594, 567.3499145507812, 318.3977355957031, 164.80508422851562]]

Step 192:
  Date/Day: 193
  Action: [[-0.6298799514770508, 1.0, -1.0, 1.0, 1.0, 1.0, 1.0, 1.0, 1.0, 1.0, -1.0, -1.0, -1.0, -1.0, 1.0, -1.0, -1.0, -1.0, -1.0, -1.0, -1.0, 1.0, -1.0, -1.0, 1.0, -1.0, 1.0, -1.0, 0.5007947683334351]]
  Reward: 0.26820307970046997
  Account Value: None
  Done: False
  Policy Mean: [[-0.6298799514770508, 14.391982078552246, -1.9978827238082886, 6.482957363128662, 6.524704933166504, 4.354557514190674, 4.061113357543945, 4.624668121337891, 15.90240478515625, 11.465014457702637, -10.256217002868652, -6.561071872711182, -7.330785751342773, -16.951812744140625, 3.127676010131836, -4.841912746429443, -13.453635215759277, -5.108076572418213, -13.651021957397461, -2.459846019744873, -3.533149242401123, 1.4395322799682617, -8.084169387817383, -5.601592063903809, 37.67757034301758, -2.2338356971740723, 1.9178613424301147, -9.373420715332031, 0.5007947683334351]]
  Policy Std: [[299.91778564453125, 239.42083740234375, 301.9099426269531, 427.91748046875, 610.9515380859375, 750.0004272460938, 426.6400146484375, 362.2680969238281, 338.62457275390625, 372.10198974609375, 393.6465148925781, 373.148193359375, 268.5321960449219, 438.2530822753906, 587.0374755859375, 298.7802734375, 609.5599975585938, 681.5208129882812, 451.80718994140625, 211.8937225341797, 553.2722778320312, 320.8408203125, 358.08868408203125, 293.706787109375, 82.67616271972656, 292.9808044433594, 567.3499145507812, 318.3977355957031, 164.80508422851562]]

Step 193:
  Date/Day: 194
  Action: [[-0.6298799514770508, 1.0, -1.0, 1.0, 1.0, 1.0, 1.0, 1.0, 1.0, 1.0, -1.0, -1.0, -1.0, -1.0, 1.0, -1.0, -1.0, -1.0, -1.0, -1.0, -1.0, 1.0, -1.0, -1.0, 1.0, -1.0, 1.0, -1.0, 0.5007947683334351]]
  Reward: 1.0454386472702026
  Account Value: None
  Done: False
  Policy Mean: [[-0.6298799514770508, 14.391982078552246, -1.9978827238082886, 6.482957363128662, 6.524704933166504, 4.354557514190674, 4.061113357543945, 4.624668121337891, 15.90240478515625, 11.465014457702637, -10.256217002868652, -6.561071872711182, -7.330785751342773, -16.951812744140625, 3.127676010131836, -4.841912746429443, -13.453635215759277, -5.108076572418213, -13.651021957397461, -2.459846019744873, -3.533149242401123, 1.4395322799682617, -8.084169387817383, -5.601592063903809, 37.67757034301758, -2.2338356971740723, 1.9178613424301147, -9.373420715332031, 0.5007947683334351]]
  Policy Std: [[299.91778564453125, 239.42083740234375, 301.9099426269531, 427.91748046875, 610.9515380859375, 750.0004272460938, 426.6400146484375, 362.2680969238281, 338.62457275390625, 372.10198974609375, 393.6465148925781, 373.148193359375, 268.5321960449219, 438.2530822753906, 587.0374755859375, 298.7802734375, 609.5599975585938, 681.5208129882812, 451.80718994140625, 211.8937225341797, 553.2722778320312, 320.8408203125, 358.08868408203125, 293.706787109375, 82.67616271972656, 292.9808044433594, 567.3499145507812, 318.3977355957031, 164.80508422851562]]

Step 194:
  Date/Day: 195
  Action: [[-0.6231951117515564, 1.0, -1.0, 1.0, 1.0, 1.0, 1.0, 1.0, 1.0, 1.0, -1.0, -1.0, -1.0, -1.0, 1.0, -1.0, -1.0, -1.0, -1.0, -1.0, -1.0, 1.0, -1.0, -1.0, 1.0, -1.0, 1.0, -1.0, 0.4613112807273865]]
  Reward: -0.38094362616539
  Account Value: None
  Done: False
  Policy Mean: [[-0.6231951117515564, 14.432228088378906, -1.9429734945297241, 6.551473617553711, 6.49413537979126, 4.386366367340088, 4.080221652984619, 4.583223819732666, 15.91728687286377, 11.542736053466797, -10.29167652130127, -6.513098239898682, -7.371929168701172, -16.909000396728516, 3.0997278690338135, -4.849947929382324, -13.471691131591797, -5.132391929626465, -13.751294136047363, -2.4834256172180176, -3.591296672821045, 1.3799676895141602, -8.060500144958496, -5.578315734863281, 37.64775085449219, -2.1737747192382812, 1.8979792594909668, -9.280292510986328, 0.4613112807273865]]
  Policy Std: [[299.91778564453125, 239.42083740234375, 301.9099426269531, 427.91748046875, 610.9515380859375, 750.0004272460938, 426.6400146484375, 362.2680969238281, 338.62457275390625, 372.10198974609375, 393.6465148925781, 373.148193359375, 268.5321960449219, 438.2530822753906, 587.0374755859375, 298.7802734375, 609.5599975585938, 681.5208129882812, 451.80718994140625, 211.8937225341797, 553.2722778320312, 320.8408203125, 358.08868408203125, 293.706787109375, 82.67616271972656, 292.9808044433594, 567.3499145507812, 318.3977355957031, 164.80508422851562]]

Step 195:
  Date/Day: 196
  Action: [[-0.6298799514770508, 1.0, -1.0, 1.0, 1.0, 1.0, 1.0, 1.0, 1.0, 1.0, -1.0, -1.0, -1.0, -1.0, 1.0, -1.0, -1.0, -1.0, -1.0, -1.0, -1.0, 1.0, -1.0, -1.0, 1.0, -1.0, 1.0, -1.0, 0.5007947683334351]]
  Reward: -0.1145809143781662
  Account Value: None
  Done: False
  Policy Mean: [[-0.6298799514770508, 14.391982078552246, -1.9978827238082886, 6.482957363128662, 6.524704933166504, 4.354557514190674, 4.061113357543945, 4.624668121337891, 15.90240478515625, 11.465014457702637, -10.256217002868652, -6.561071872711182, -7.330785751342773, -16.951812744140625, 3.127676010131836, -4.841912746429443, -13.453635215759277, -5.108076572418213, -13.651021957397461, -2.459846019744873, -3.533149242401123, 1.4395322799682617, -8.084169387817383, -5.601592063903809, 37.67757034301758, -2.2338356971740723, 1.9178613424301147, -9.373420715332031, 0.5007947683334351]]
  Policy Std: [[299.91778564453125, 239.42083740234375, 301.9099426269531, 427.91748046875, 610.9515380859375, 750.0004272460938, 426.6400146484375, 362.2680969238281, 338.62457275390625, 372.10198974609375, 393.6465148925781, 373.148193359375, 268.5321960449219, 438.2530822753906, 587.0374755859375, 298.7802734375, 609.5599975585938, 681.5208129882812, 451.80718994140625, 211.8937225341797, 553.2722778320312, 320.8408203125, 358.08868408203125, 293.706787109375, 82.67616271972656, 292.9808044433594, 567.3499145507812, 318.3977355957031, 164.80508422851562]]

Step 196:
  Date/Day: 197
  Action: [[-0.6298799514770508, 1.0, -1.0, 1.0, 1.0, 1.0, 1.0, 1.0, 1.0, 1.0, -1.0, -1.0, -1.0, -1.0, 1.0, -1.0, -1.0, -1.0, -1.0, -1.0, -1.0, 1.0, -1.0, -1.0, 1.0, -1.0, 1.0, -1.0, 0.5007947683334351]]
  Reward: 0.5497547388076782
  Account Value: None
  Done: False
  Policy Mean: [[-0.6298799514770508, 14.391982078552246, -1.9978827238082886, 6.482957363128662, 6.524704933166504, 4.354557514190674, 4.061113357543945, 4.624668121337891, 15.90240478515625, 11.465014457702637, -10.256217002868652, -6.561071872711182, -7.330785751342773, -16.951812744140625, 3.127676010131836, -4.841912746429443, -13.453635215759277, -5.108076572418213, -13.651021957397461, -2.459846019744873, -3.533149242401123, 1.4395322799682617, -8.084169387817383, -5.601592063903809, 37.67757034301758, -2.2338356971740723, 1.9178613424301147, -9.373420715332031, 0.5007947683334351]]
  Policy Std: [[299.91778564453125, 239.42083740234375, 301.9099426269531, 427.91748046875, 610.9515380859375, 750.0004272460938, 426.6400146484375, 362.2680969238281, 338.62457275390625, 372.10198974609375, 393.6465148925781, 373.148193359375, 268.5321960449219, 438.2530822753906, 587.0374755859375, 298.7802734375, 609.5599975585938, 681.5208129882812, 451.80718994140625, 211.8937225341797, 553.2722778320312, 320.8408203125, 358.08868408203125, 293.706787109375, 82.67616271972656, 292.9808044433594, 567.3499145507812, 318.3977355957031, 164.80508422851562]]

Step 197:
  Date/Day: 198
  Action: [[-0.6298799514770508, 1.0, -1.0, 1.0, 1.0, 1.0, 1.0, 1.0, 1.0, 1.0, -1.0, -1.0, -1.0, -1.0, 1.0, -1.0, -1.0, -1.0, -1.0, -1.0, -1.0, 1.0, -1.0, -1.0, 1.0, -1.0, 1.0, -1.0, 0.5007947683334351]]
  Reward: 1.5372633934020996
  Account Value: None
  Done: False
  Policy Mean: [[-0.6298799514770508, 14.391982078552246, -1.9978827238082886, 6.482957363128662, 6.524704933166504, 4.354557514190674, 4.061113357543945, 4.624668121337891, 15.90240478515625, 11.465014457702637, -10.256217002868652, -6.561071872711182, -7.330785751342773, -16.951812744140625, 3.127676010131836, -4.841912746429443, -13.453635215759277, -5.108076572418213, -13.651021957397461, -2.459846019744873, -3.533149242401123, 1.4395322799682617, -8.084169387817383, -5.601592063903809, 37.67757034301758, -2.2338356971740723, 1.9178613424301147, -9.373420715332031, 0.5007947683334351]]
  Policy Std: [[299.91778564453125, 239.42083740234375, 301.9099426269531, 427.91748046875, 610.9515380859375, 750.0004272460938, 426.6400146484375, 362.2680969238281, 338.62457275390625, 372.10198974609375, 393.6465148925781, 373.148193359375, 268.5321960449219, 438.2530822753906, 587.0374755859375, 298.7802734375, 609.5599975585938, 681.5208129882812, 451.80718994140625, 211.8937225341797, 553.2722778320312, 320.8408203125, 358.08868408203125, 293.706787109375, 82.67616271972656, 292.9808044433594, 567.3499145507812, 318.3977355957031, 164.80508422851562]]

Step 198:
  Date/Day: 199
  Action: [[-0.6298799514770508, 1.0, -1.0, 1.0, 1.0, 1.0, 1.0, 1.0, 1.0, 1.0, -1.0, -1.0, -1.0, -1.0, 1.0, -1.0, -1.0, -1.0, -1.0, -1.0, -1.0, 1.0, -1.0, -1.0, 1.0, -1.0, 1.0, -1.0, 0.5007947683334351]]
  Reward: 0.3848932385444641
  Account Value: None
  Done: False
  Policy Mean: [[-0.6298799514770508, 14.391982078552246, -1.9978827238082886, 6.482957363128662, 6.524704933166504, 4.354557514190674, 4.061113357543945, 4.624668121337891, 15.90240478515625, 11.465014457702637, -10.256217002868652, -6.561071872711182, -7.330785751342773, -16.951812744140625, 3.127676010131836, -4.841912746429443, -13.453635215759277, -5.108076572418213, -13.651021957397461, -2.459846019744873, -3.533149242401123, 1.4395322799682617, -8.084169387817383, -5.601592063903809, 37.67757034301758, -2.2338356971740723, 1.9178613424301147, -9.373420715332031, 0.5007947683334351]]
  Policy Std: [[299.91778564453125, 239.42083740234375, 301.9099426269531, 427.91748046875, 610.9515380859375, 750.0004272460938, 426.6400146484375, 362.2680969238281, 338.62457275390625, 372.10198974609375, 393.6465148925781, 373.148193359375, 268.5321960449219, 438.2530822753906, 587.0374755859375, 298.7802734375, 609.5599975585938, 681.5208129882812, 451.80718994140625, 211.8937225341797, 553.2722778320312, 320.8408203125, 358.08868408203125, 293.706787109375, 82.67616271972656, 292.9808044433594, 567.3499145507812, 318.3977355957031, 164.80508422851562]]

Step 199:
  Date/Day: 200
  Action: [[-0.6298799514770508, 1.0, -1.0, 1.0, 1.0, 1.0, 1.0, 1.0, 1.0, 1.0, -1.0, -1.0, -1.0, -1.0, 1.0, -1.0, -1.0, -1.0, -1.0, -1.0, -1.0, 1.0, -1.0, -1.0, 1.0, -1.0, 1.0, -1.0, 0.5007947683334351]]
  Reward: -0.34302330017089844
  Account Value: None
  Done: False
  Policy Mean: [[-0.6298799514770508, 14.391982078552246, -1.9978827238082886, 6.482957363128662, 6.524704933166504, 4.354557514190674, 4.061113357543945, 4.624668121337891, 15.90240478515625, 11.465014457702637, -10.256217002868652, -6.561071872711182, -7.330785751342773, -16.951812744140625, 3.127676010131836, -4.841912746429443, -13.453635215759277, -5.108076572418213, -13.651021957397461, -2.459846019744873, -3.533149242401123, 1.4395322799682617, -8.084169387817383, -5.601592063903809, 37.67757034301758, -2.2338356971740723, 1.9178613424301147, -9.373420715332031, 0.5007947683334351]]
  Policy Std: [[299.91778564453125, 239.42083740234375, 301.9099426269531, 427.91748046875, 610.9515380859375, 750.0004272460938, 426.6400146484375, 362.2680969238281, 338.62457275390625, 372.10198974609375, 393.6465148925781, 373.148193359375, 268.5321960449219, 438.2530822753906, 587.0374755859375, 298.7802734375, 609.5599975585938, 681.5208129882812, 451.80718994140625, 211.8937225341797, 553.2722778320312, 320.8408203125, 358.08868408203125, 293.706787109375, 82.67616271972656, 292.9808044433594, 567.3499145507812, 318.3977355957031, 164.80508422851562]]

Step 200:
  Date/Day: 201
  Action: [[-0.6298799514770508, 1.0, -1.0, 1.0, 1.0, 1.0, 1.0, 1.0, 1.0, 1.0, -1.0, -1.0, -1.0, -1.0, 1.0, -1.0, -1.0, -1.0, -1.0, -1.0, -1.0, 1.0, -1.0, -1.0, 1.0, -1.0, 1.0, -1.0, 0.5007947683334351]]
  Reward: -1.0132184028625488
  Account Value: None
  Done: False
  Policy Mean: [[-0.6298799514770508, 14.391982078552246, -1.9978827238082886, 6.482957363128662, 6.524704933166504, 4.354557514190674, 4.061113357543945, 4.624668121337891, 15.90240478515625, 11.465014457702637, -10.256217002868652, -6.561071872711182, -7.330785751342773, -16.951812744140625, 3.127676010131836, -4.841912746429443, -13.453635215759277, -5.108076572418213, -13.651021957397461, -2.459846019744873, -3.533149242401123, 1.4395322799682617, -8.084169387817383, -5.601592063903809, 37.67757034301758, -2.2338356971740723, 1.9178613424301147, -9.373420715332031, 0.5007947683334351]]
  Policy Std: [[299.91778564453125, 239.42083740234375, 301.9099426269531, 427.91748046875, 610.9515380859375, 750.0004272460938, 426.6400146484375, 362.2680969238281, 338.62457275390625, 372.10198974609375, 393.6465148925781, 373.148193359375, 268.5321960449219, 438.2530822753906, 587.0374755859375, 298.7802734375, 609.5599975585938, 681.5208129882812, 451.80718994140625, 211.8937225341797, 553.2722778320312, 320.8408203125, 358.08868408203125, 293.706787109375, 82.67616271972656, 292.9808044433594, 567.3499145507812, 318.3977355957031, 164.80508422851562]]

Step 201:
  Date/Day: 202
  Action: [[-0.5631318092346191, 1.0, -1.0, 1.0, 1.0, 1.0, 1.0, 1.0, 1.0, 1.0, -1.0, -1.0, -1.0, -1.0, 1.0, -1.0, -1.0, -1.0, -1.0, -1.0, -1.0, 1.0, -1.0, -1.0, 1.0, -1.0, 1.0, -1.0, 0.5398977994918823]]
  Reward: 0.8755611181259155
  Account Value: None
  Done: False
  Policy Mean: [[-0.5631318092346191, 14.854935646057129, -1.9613940715789795, 7.007701396942139, 6.695167541503906, 4.47642183303833, 3.9926326274871826, 4.69539213180542, 16.353710174560547, 11.825257301330566, -10.589484214782715, -6.591348171234131, -7.522597312927246, -17.204662322998047, 3.3436598777770996, -5.027016639709473, -13.855207443237305, -5.230236053466797, -14.083701133728027, -2.6766130924224854, -3.694321870803833, 1.3969123363494873, -8.208040237426758, -5.614107131958008, 38.42313766479492, -2.160032033920288, 1.8708611726760864, -9.424260139465332, 0.5398977994918823]]
  Policy Std: [[299.91778564453125, 239.42083740234375, 301.9099426269531, 427.91748046875, 610.9515380859375, 750.0004272460938, 426.6400146484375, 362.2680969238281, 338.62457275390625, 372.10198974609375, 393.6465148925781, 373.148193359375, 268.5321960449219, 438.2530822753906, 587.0374755859375, 298.7802734375, 609.5599975585938, 681.5208129882812, 451.80718994140625, 211.8937225341797, 553.2722778320312, 320.8408203125, 358.08868408203125, 293.706787109375, 82.67616271972656, 292.9808044433594, 567.3499145507812, 318.3977355957031, 164.80508422851562]]

Step 202:
  Date/Day: 203
  Action: [[-0.5631318092346191, 1.0, -1.0, 1.0, 1.0, 1.0, 1.0, 1.0, 1.0, 1.0, -1.0, -1.0, -1.0, -1.0, 1.0, -1.0, -1.0, -1.0, -1.0, -1.0, -1.0, 1.0, -1.0, -1.0, 1.0, -1.0, 1.0, -1.0, 0.5398977994918823]]
  Reward: -1.136154055595398
  Account Value: None
  Done: False
  Policy Mean: [[-0.5631318092346191, 14.854935646057129, -1.9613940715789795, 7.007701396942139, 6.695167541503906, 4.47642183303833, 3.9926326274871826, 4.69539213180542, 16.353710174560547, 11.825257301330566, -10.589484214782715, -6.591348171234131, -7.522597312927246, -17.204662322998047, 3.3436598777770996, -5.027016639709473, -13.855207443237305, -5.230236053466797, -14.083701133728027, -2.6766130924224854, -3.694321870803833, 1.3969123363494873, -8.208040237426758, -5.614107131958008, 38.42313766479492, -2.160032033920288, 1.8708611726760864, -9.424260139465332, 0.5398977994918823]]
  Policy Std: [[299.91778564453125, 239.42083740234375, 301.9099426269531, 427.91748046875, 610.9515380859375, 750.0004272460938, 426.6400146484375, 362.2680969238281, 338.62457275390625, 372.10198974609375, 393.6465148925781, 373.148193359375, 268.5321960449219, 438.2530822753906, 587.0374755859375, 298.7802734375, 609.5599975585938, 681.5208129882812, 451.80718994140625, 211.8937225341797, 553.2722778320312, 320.8408203125, 358.08868408203125, 293.706787109375, 82.67616271972656, 292.9808044433594, 567.3499145507812, 318.3977355957031, 164.80508422851562]]

Step 203:
  Date/Day: 204
  Action: [[-0.5631318092346191, 1.0, -1.0, 1.0, 1.0, 1.0, 1.0, 1.0, 1.0, 1.0, -1.0, -1.0, -1.0, -1.0, 1.0, -1.0, -1.0, -1.0, -1.0, -1.0, -1.0, 1.0, -1.0, -1.0, 1.0, -1.0, 1.0, -1.0, 0.5398977994918823]]
  Reward: 1.2960370779037476
  Account Value: None
  Done: False
  Policy Mean: [[-0.5631318092346191, 14.854935646057129, -1.9613940715789795, 7.007701396942139, 6.695167541503906, 4.47642183303833, 3.9926326274871826, 4.69539213180542, 16.353710174560547, 11.825257301330566, -10.589484214782715, -6.591348171234131, -7.522597312927246, -17.204662322998047, 3.3436598777770996, -5.027016639709473, -13.855207443237305, -5.230236053466797, -14.083701133728027, -2.6766130924224854, -3.694321870803833, 1.3969123363494873, -8.208040237426758, -5.614107131958008, 38.42313766479492, -2.160032033920288, 1.8708611726760864, -9.424260139465332, 0.5398977994918823]]
  Policy Std: [[299.91778564453125, 239.42083740234375, 301.9099426269531, 427.91748046875, 610.9515380859375, 750.0004272460938, 426.6400146484375, 362.2680969238281, 338.62457275390625, 372.10198974609375, 393.6465148925781, 373.148193359375, 268.5321960449219, 438.2530822753906, 587.0374755859375, 298.7802734375, 609.5599975585938, 681.5208129882812, 451.80718994140625, 211.8937225341797, 553.2722778320312, 320.8408203125, 358.08868408203125, 293.706787109375, 82.67616271972656, 292.9808044433594, 567.3499145507812, 318.3977355957031, 164.80508422851562]]

Step 204:
  Date/Day: 205
  Action: [[-0.5631318092346191, 1.0, -1.0, 1.0, 1.0, 1.0, 1.0, 1.0, 1.0, 1.0, -1.0, -1.0, -1.0, -1.0, 1.0, -1.0, -1.0, -1.0, -1.0, -1.0, -1.0, 1.0, -1.0, -1.0, 1.0, -1.0, 1.0, -1.0, 0.5398977994918823]]
  Reward: -0.03331960737705231
  Account Value: None
  Done: False
  Policy Mean: [[-0.5631318092346191, 14.854935646057129, -1.9613940715789795, 7.007701396942139, 6.695167541503906, 4.47642183303833, 3.9926326274871826, 4.69539213180542, 16.353710174560547, 11.825257301330566, -10.589484214782715, -6.591348171234131, -7.522597312927246, -17.204662322998047, 3.3436598777770996, -5.027016639709473, -13.855207443237305, -5.230236053466797, -14.083701133728027, -2.6766130924224854, -3.694321870803833, 1.3969123363494873, -8.208040237426758, -5.614107131958008, 38.42313766479492, -2.160032033920288, 1.8708611726760864, -9.424260139465332, 0.5398977994918823]]
  Policy Std: [[299.91778564453125, 239.42083740234375, 301.9099426269531, 427.91748046875, 610.9515380859375, 750.0004272460938, 426.6400146484375, 362.2680969238281, 338.62457275390625, 372.10198974609375, 393.6465148925781, 373.148193359375, 268.5321960449219, 438.2530822753906, 587.0374755859375, 298.7802734375, 609.5599975585938, 681.5208129882812, 451.80718994140625, 211.8937225341797, 553.2722778320312, 320.8408203125, 358.08868408203125, 293.706787109375, 82.67616271972656, 292.9808044433594, 567.3499145507812, 318.3977355957031, 164.80508422851562]]

Step 205:
  Date/Day: 206
  Action: [[-0.6298799514770508, 1.0, -1.0, 1.0, 1.0, 1.0, 1.0, 1.0, 1.0, 1.0, -1.0, -1.0, -1.0, -1.0, 1.0, -1.0, -1.0, -1.0, -1.0, -1.0, -1.0, 1.0, -1.0, -1.0, 1.0, -1.0, 1.0, -1.0, 0.5007947683334351]]
  Reward: 0.0243849977850914
  Account Value: None
  Done: False
  Policy Mean: [[-0.6298799514770508, 14.391982078552246, -1.9978827238082886, 6.482957363128662, 6.524704933166504, 4.354557514190674, 4.061113357543945, 4.624668121337891, 15.90240478515625, 11.465014457702637, -10.256217002868652, -6.561071872711182, -7.330785751342773, -16.951812744140625, 3.127676010131836, -4.841912746429443, -13.453635215759277, -5.108076572418213, -13.651021957397461, -2.459846019744873, -3.533149242401123, 1.4395322799682617, -8.084169387817383, -5.601592063903809, 37.67757034301758, -2.2338356971740723, 1.9178613424301147, -9.373420715332031, 0.5007947683334351]]
  Policy Std: [[299.91778564453125, 239.42083740234375, 301.9099426269531, 427.91748046875, 610.9515380859375, 750.0004272460938, 426.6400146484375, 362.2680969238281, 338.62457275390625, 372.10198974609375, 393.6465148925781, 373.148193359375, 268.5321960449219, 438.2530822753906, 587.0374755859375, 298.7802734375, 609.5599975585938, 681.5208129882812, 451.80718994140625, 211.8937225341797, 553.2722778320312, 320.8408203125, 358.08868408203125, 293.706787109375, 82.67616271972656, 292.9808044433594, 567.3499145507812, 318.3977355957031, 164.80508422851562]]

Step 206:
  Date/Day: 207
  Action: [[-0.6298799514770508, 1.0, -1.0, 1.0, 1.0, 1.0, 1.0, 1.0, 1.0, 1.0, -1.0, -1.0, -1.0, -1.0, 1.0, -1.0, -1.0, -1.0, -1.0, -1.0, -1.0, 1.0, -1.0, -1.0, 1.0, -1.0, 1.0, -1.0, 0.5007947683334351]]
  Reward: -1.1039849519729614
  Account Value: None
  Done: False
  Policy Mean: [[-0.6298799514770508, 14.391982078552246, -1.9978827238082886, 6.482957363128662, 6.524704933166504, 4.354557514190674, 4.061113357543945, 4.624668121337891, 15.90240478515625, 11.465014457702637, -10.256217002868652, -6.561071872711182, -7.330785751342773, -16.951812744140625, 3.127676010131836, -4.841912746429443, -13.453635215759277, -5.108076572418213, -13.651021957397461, -2.459846019744873, -3.533149242401123, 1.4395322799682617, -8.084169387817383, -5.601592063903809, 37.67757034301758, -2.2338356971740723, 1.9178613424301147, -9.373420715332031, 0.5007947683334351]]
  Policy Std: [[299.91778564453125, 239.42083740234375, 301.9099426269531, 427.91748046875, 610.9515380859375, 750.0004272460938, 426.6400146484375, 362.2680969238281, 338.62457275390625, 372.10198974609375, 393.6465148925781, 373.148193359375, 268.5321960449219, 438.2530822753906, 587.0374755859375, 298.7802734375, 609.5599975585938, 681.5208129882812, 451.80718994140625, 211.8937225341797, 553.2722778320312, 320.8408203125, 358.08868408203125, 293.706787109375, 82.67616271972656, 292.9808044433594, 567.3499145507812, 318.3977355957031, 164.80508422851562]]

Step 207:
  Date/Day: 208
  Action: [[-0.6298799514770508, 1.0, -1.0, 1.0, 1.0, 1.0, 1.0, 1.0, 1.0, 1.0, -1.0, -1.0, -1.0, -1.0, 1.0, -1.0, -1.0, -1.0, -1.0, -1.0, -1.0, 1.0, -1.0, -1.0, 1.0, -1.0, 1.0, -1.0, 0.5007947683334351]]
  Reward: 0.7111290693283081
  Account Value: None
  Done: False
  Policy Mean: [[-0.6298799514770508, 14.391982078552246, -1.9978827238082886, 6.482957363128662, 6.524704933166504, 4.354557514190674, 4.061113357543945, 4.624668121337891, 15.90240478515625, 11.465014457702637, -10.256217002868652, -6.561071872711182, -7.330785751342773, -16.951812744140625, 3.127676010131836, -4.841912746429443, -13.453635215759277, -5.108076572418213, -13.651021957397461, -2.459846019744873, -3.533149242401123, 1.4395322799682617, -8.084169387817383, -5.601592063903809, 37.67757034301758, -2.2338356971740723, 1.9178613424301147, -9.373420715332031, 0.5007947683334351]]
  Policy Std: [[299.91778564453125, 239.42083740234375, 301.9099426269531, 427.91748046875, 610.9515380859375, 750.0004272460938, 426.6400146484375, 362.2680969238281, 338.62457275390625, 372.10198974609375, 393.6465148925781, 373.148193359375, 268.5321960449219, 438.2530822753906, 587.0374755859375, 298.7802734375, 609.5599975585938, 681.5208129882812, 451.80718994140625, 211.8937225341797, 553.2722778320312, 320.8408203125, 358.08868408203125, 293.706787109375, 82.67616271972656, 292.9808044433594, 567.3499145507812, 318.3977355957031, 164.80508422851562]]

Step 208:
  Date/Day: 209
  Action: [[-0.6298799514770508, 1.0, -1.0, 1.0, 1.0, 1.0, 1.0, 1.0, 1.0, 1.0, -1.0, -1.0, -1.0, -1.0, 1.0, -1.0, -1.0, -1.0, -1.0, -1.0, -1.0, 1.0, -1.0, -1.0, 1.0, -1.0, 1.0, -1.0, 0.5007947683334351]]
  Reward: -0.6144046783447266
  Account Value: None
  Done: False
  Policy Mean: [[-0.6298799514770508, 14.391982078552246, -1.9978827238082886, 6.482957363128662, 6.524704933166504, 4.354557514190674, 4.061113357543945, 4.624668121337891, 15.90240478515625, 11.465014457702637, -10.256217002868652, -6.561071872711182, -7.330785751342773, -16.951812744140625, 3.127676010131836, -4.841912746429443, -13.453635215759277, -5.108076572418213, -13.651021957397461, -2.459846019744873, -3.533149242401123, 1.4395322799682617, -8.084169387817383, -5.601592063903809, 37.67757034301758, -2.2338356971740723, 1.9178613424301147, -9.373420715332031, 0.5007947683334351]]
  Policy Std: [[299.91778564453125, 239.42083740234375, 301.9099426269531, 427.91748046875, 610.9515380859375, 750.0004272460938, 426.6400146484375, 362.2680969238281, 338.62457275390625, 372.10198974609375, 393.6465148925781, 373.148193359375, 268.5321960449219, 438.2530822753906, 587.0374755859375, 298.7802734375, 609.5599975585938, 681.5208129882812, 451.80718994140625, 211.8937225341797, 553.2722778320312, 320.8408203125, 358.08868408203125, 293.706787109375, 82.67616271972656, 292.9808044433594, 567.3499145507812, 318.3977355957031, 164.80508422851562]]

Step 209:
  Date/Day: 210
  Action: [[-0.6298799514770508, 1.0, -1.0, 1.0, 1.0, 1.0, 1.0, 1.0, 1.0, 1.0, -1.0, -1.0, -1.0, -1.0, 1.0, -1.0, -1.0, -1.0, -1.0, -1.0, -1.0, 1.0, -1.0, -1.0, 1.0, -1.0, 1.0, -1.0, 0.5007947683334351]]
  Reward: 0.9159853458404541
  Account Value: None
  Done: False
  Policy Mean: [[-0.6298799514770508, 14.391982078552246, -1.9978827238082886, 6.482957363128662, 6.524704933166504, 4.354557514190674, 4.061113357543945, 4.624668121337891, 15.90240478515625, 11.465014457702637, -10.256217002868652, -6.561071872711182, -7.330785751342773, -16.951812744140625, 3.127676010131836, -4.841912746429443, -13.453635215759277, -5.108076572418213, -13.651021957397461, -2.459846019744873, -3.533149242401123, 1.4395322799682617, -8.084169387817383, -5.601592063903809, 37.67757034301758, -2.2338356971740723, 1.9178613424301147, -9.373420715332031, 0.5007947683334351]]
  Policy Std: [[299.91778564453125, 239.42083740234375, 301.9099426269531, 427.91748046875, 610.9515380859375, 750.0004272460938, 426.6400146484375, 362.2680969238281, 338.62457275390625, 372.10198974609375, 393.6465148925781, 373.148193359375, 268.5321960449219, 438.2530822753906, 587.0374755859375, 298.7802734375, 609.5599975585938, 681.5208129882812, 451.80718994140625, 211.8937225341797, 553.2722778320312, 320.8408203125, 358.08868408203125, 293.706787109375, 82.67616271972656, 292.9808044433594, 567.3499145507812, 318.3977355957031, 164.80508422851562]]

Step 210:
  Date/Day: 211
  Action: [[-0.6298799514770508, 1.0, -1.0, 1.0, 1.0, 1.0, 1.0, 1.0, 1.0, 1.0, -1.0, -1.0, -1.0, -1.0, 1.0, -1.0, -1.0, -1.0, -1.0, -1.0, -1.0, 1.0, -1.0, -1.0, 1.0, -1.0, 1.0, -1.0, 0.5007947683334351]]
  Reward: 0.26544323563575745
  Account Value: None
  Done: False
  Policy Mean: [[-0.6298799514770508, 14.391982078552246, -1.9978827238082886, 6.482957363128662, 6.524704933166504, 4.354557514190674, 4.061113357543945, 4.624668121337891, 15.90240478515625, 11.465014457702637, -10.256217002868652, -6.561071872711182, -7.330785751342773, -16.951812744140625, 3.127676010131836, -4.841912746429443, -13.453635215759277, -5.108076572418213, -13.651021957397461, -2.459846019744873, -3.533149242401123, 1.4395322799682617, -8.084169387817383, -5.601592063903809, 37.67757034301758, -2.2338356971740723, 1.9178613424301147, -9.373420715332031, 0.5007947683334351]]
  Policy Std: [[299.91778564453125, 239.42083740234375, 301.9099426269531, 427.91748046875, 610.9515380859375, 750.0004272460938, 426.6400146484375, 362.2680969238281, 338.62457275390625, 372.10198974609375, 393.6465148925781, 373.148193359375, 268.5321960449219, 438.2530822753906, 587.0374755859375, 298.7802734375, 609.5599975585938, 681.5208129882812, 451.80718994140625, 211.8937225341797, 553.2722778320312, 320.8408203125, 358.08868408203125, 293.706787109375, 82.67616271972656, 292.9808044433594, 567.3499145507812, 318.3977355957031, 164.80508422851562]]

Step 211:
  Date/Day: 212
  Action: [[-0.6298799514770508, 1.0, -1.0, 1.0, 1.0, 1.0, 1.0, 1.0, 1.0, 1.0, -1.0, -1.0, -1.0, -1.0, 1.0, -1.0, -1.0, -1.0, -1.0, -1.0, -1.0, 1.0, -1.0, -1.0, 1.0, -1.0, 1.0, -1.0, 0.5007947683334351]]
  Reward: 0.38838592171669006
  Account Value: None
  Done: False
  Policy Mean: [[-0.6298799514770508, 14.391982078552246, -1.9978827238082886, 6.482957363128662, 6.524704933166504, 4.354557514190674, 4.061113357543945, 4.624668121337891, 15.90240478515625, 11.465014457702637, -10.256217002868652, -6.561071872711182, -7.330785751342773, -16.951812744140625, 3.127676010131836, -4.841912746429443, -13.453635215759277, -5.108076572418213, -13.651021957397461, -2.459846019744873, -3.533149242401123, 1.4395322799682617, -8.084169387817383, -5.601592063903809, 37.67757034301758, -2.2338356971740723, 1.9178613424301147, -9.373420715332031, 0.5007947683334351]]
  Policy Std: [[299.91778564453125, 239.42083740234375, 301.9099426269531, 427.91748046875, 610.9515380859375, 750.0004272460938, 426.6400146484375, 362.2680969238281, 338.62457275390625, 372.10198974609375, 393.6465148925781, 373.148193359375, 268.5321960449219, 438.2530822753906, 587.0374755859375, 298.7802734375, 609.5599975585938, 681.5208129882812, 451.80718994140625, 211.8937225341797, 553.2722778320312, 320.8408203125, 358.08868408203125, 293.706787109375, 82.67616271972656, 292.9808044433594, 567.3499145507812, 318.3977355957031, 164.80508422851562]]

Step 212:
  Date/Day: 213
  Action: [[-0.6298799514770508, 1.0, -1.0, 1.0, 1.0, 1.0, 1.0, 1.0, 1.0, 1.0, -1.0, -1.0, -1.0, -1.0, 1.0, -1.0, -1.0, -1.0, -1.0, -1.0, -1.0, 1.0, -1.0, -1.0, 1.0, -1.0, 1.0, -1.0, 0.5007947683334351]]
  Reward: 1.0871167182922363
  Account Value: None
  Done: False
  Policy Mean: [[-0.6298799514770508, 14.391982078552246, -1.9978827238082886, 6.482957363128662, 6.524704933166504, 4.354557514190674, 4.061113357543945, 4.624668121337891, 15.90240478515625, 11.465014457702637, -10.256217002868652, -6.561071872711182, -7.330785751342773, -16.951812744140625, 3.127676010131836, -4.841912746429443, -13.453635215759277, -5.108076572418213, -13.651021957397461, -2.459846019744873, -3.533149242401123, 1.4395322799682617, -8.084169387817383, -5.601592063903809, 37.67757034301758, -2.2338356971740723, 1.9178613424301147, -9.373420715332031, 0.5007947683334351]]
  Policy Std: [[299.91778564453125, 239.42083740234375, 301.9099426269531, 427.91748046875, 610.9515380859375, 750.0004272460938, 426.6400146484375, 362.2680969238281, 338.62457275390625, 372.10198974609375, 393.6465148925781, 373.148193359375, 268.5321960449219, 438.2530822753906, 587.0374755859375, 298.7802734375, 609.5599975585938, 681.5208129882812, 451.80718994140625, 211.8937225341797, 553.2722778320312, 320.8408203125, 358.08868408203125, 293.706787109375, 82.67616271972656, 292.9808044433594, 567.3499145507812, 318.3977355957031, 164.80508422851562]]

Step 213:
  Date/Day: 214
  Action: [[-0.6298799514770508, 1.0, -1.0, 1.0, 1.0, 1.0, 1.0, 1.0, 1.0, 1.0, -1.0, -1.0, -1.0, -1.0, 1.0, -1.0, -1.0, -1.0, -1.0, -1.0, -1.0, 1.0, -1.0, -1.0, 1.0, -1.0, 1.0, -1.0, 0.5007947683334351]]
  Reward: 1.200124979019165
  Account Value: None
  Done: False
  Policy Mean: [[-0.6298799514770508, 14.391982078552246, -1.9978827238082886, 6.482957363128662, 6.524704933166504, 4.354557514190674, 4.061113357543945, 4.624668121337891, 15.90240478515625, 11.465014457702637, -10.256217002868652, -6.561071872711182, -7.330785751342773, -16.951812744140625, 3.127676010131836, -4.841912746429443, -13.453635215759277, -5.108076572418213, -13.651021957397461, -2.459846019744873, -3.533149242401123, 1.4395322799682617, -8.084169387817383, -5.601592063903809, 37.67757034301758, -2.2338356971740723, 1.9178613424301147, -9.373420715332031, 0.5007947683334351]]
  Policy Std: [[299.91778564453125, 239.42083740234375, 301.9099426269531, 427.91748046875, 610.9515380859375, 750.0004272460938, 426.6400146484375, 362.2680969238281, 338.62457275390625, 372.10198974609375, 393.6465148925781, 373.148193359375, 268.5321960449219, 438.2530822753906, 587.0374755859375, 298.7802734375, 609.5599975585938, 681.5208129882812, 451.80718994140625, 211.8937225341797, 553.2722778320312, 320.8408203125, 358.08868408203125, 293.706787109375, 82.67616271972656, 292.9808044433594, 567.3499145507812, 318.3977355957031, 164.80508422851562]]

Step 214:
  Date/Day: 215
  Action: [[-0.5731179714202881, 1.0, -1.0, 1.0, 1.0, 1.0, 1.0, 1.0, 1.0, 1.0, -1.0, -1.0, -1.0, -1.0, 1.0, -1.0, -1.0, -1.0, -1.0, -1.0, -1.0, 1.0, -1.0, -1.0, 1.0, -1.0, 1.0, -1.0, 0.5090914368629456]]
  Reward: -0.0834747701883316
  Account Value: None
  Done: False
  Policy Mean: [[-0.5731179714202881, 14.69463062286377, -2.001373052597046, 6.798223495483398, 6.577773094177246, 4.454118251800537, 3.9982211589813232, 4.662599086761475, 16.217618942260742, 11.736666679382324, -10.458089828491211, -6.549844264984131, -7.458589553833008, -17.1476993560791, 3.3876073360443115, -4.95140266418457, -13.686175346374512, -5.201564788818359, -13.925381660461426, -2.593932628631592, -3.5901038646698, 1.3493295907974243, -8.147344589233398, -5.5895891189575195, 38.13264465332031, -2.0938525199890137, 1.8493006229400635, -9.438187599182129, 0.5090914368629456]]
  Policy Std: [[299.91778564453125, 239.42083740234375, 301.9099426269531, 427.91748046875, 610.9515380859375, 750.0004272460938, 426.6400146484375, 362.2680969238281, 338.62457275390625, 372.10198974609375, 393.6465148925781, 373.148193359375, 268.5321960449219, 438.2530822753906, 587.0374755859375, 298.7802734375, 609.5599975585938, 681.5208129882812, 451.80718994140625, 211.8937225341797, 553.2722778320312, 320.8408203125, 358.08868408203125, 293.706787109375, 82.67616271972656, 292.9808044433594, 567.3499145507812, 318.3977355957031, 164.80508422851562]]

Step 215:
  Date/Day: 216
  Action: [[-0.5731043815612793, 1.0, -1.0, 1.0, 1.0, 1.0, 1.0, 1.0, 1.0, 1.0, -1.0, -1.0, -1.0, -1.0, 1.0, -1.0, -1.0, -1.0, -1.0, -1.0, -1.0, 1.0, -1.0, -1.0, 1.0, -1.0, 1.0, -1.0, 0.5091013312339783]]
  Reward: -1.8358228206634521
  Account Value: None
  Done: False
  Policy Mean: [[-0.5731043815612793, 14.694679260253906, -2.001371145248413, 6.798280239105225, 6.577788352966309, 4.454135417938232, 3.998206377029419, 4.662611484527588, 16.217668533325195, 11.736702919006348, -10.458122253417969, -6.549849033355713, -7.458605766296387, -17.14773178100586, 3.387646436691284, -4.951425552368164, -13.6862154006958, -5.201579570770264, -13.925416946411133, -2.5939559936523438, -3.590111494064331, 1.3493170738220215, -8.14735221862793, -5.589595317840576, 38.132720947265625, -2.093841075897217, 1.8493012189865112, -9.438202857971191, 0.5091013312339783]]
  Policy Std: [[299.91778564453125, 239.42083740234375, 301.9099426269531, 427.91748046875, 610.9515380859375, 750.0004272460938, 426.6400146484375, 362.2680969238281, 338.62457275390625, 372.10198974609375, 393.6465148925781, 373.148193359375, 268.5321960449219, 438.2530822753906, 587.0374755859375, 298.7802734375, 609.5599975585938, 681.5208129882812, 451.80718994140625, 211.8937225341797, 553.2722778320312, 320.8408203125, 358.08868408203125, 293.706787109375, 82.67616271972656, 292.9808044433594, 567.3499145507812, 318.3977355957031, 164.80508422851562]]

Step 216:
  Date/Day: 217
  Action: [[-0.5731179714202881, 1.0, -1.0, 1.0, 1.0, 1.0, 1.0, 1.0, 1.0, 1.0, -1.0, -1.0, -1.0, -1.0, 1.0, -1.0, -1.0, -1.0, -1.0, -1.0, -1.0, 1.0, -1.0, -1.0, 1.0, -1.0, 1.0, -1.0, 0.5090914368629456]]
  Reward: -2.0480434894561768
  Account Value: None
  Done: False
  Policy Mean: [[-0.5731179714202881, 14.69463062286377, -2.001373052597046, 6.798223495483398, 6.577773094177246, 4.454118251800537, 3.9982211589813232, 4.662599086761475, 16.217618942260742, 11.736666679382324, -10.458089828491211, -6.549844264984131, -7.458589553833008, -17.1476993560791, 3.3876073360443115, -4.95140266418457, -13.686175346374512, -5.201564788818359, -13.925381660461426, -2.593932628631592, -3.5901038646698, 1.3493295907974243, -8.147344589233398, -5.5895891189575195, 38.13264465332031, -2.0938525199890137, 1.8493006229400635, -9.438187599182129, 0.5090914368629456]]
  Policy Std: [[299.91778564453125, 239.42083740234375, 301.9099426269531, 427.91748046875, 610.9515380859375, 750.0004272460938, 426.6400146484375, 362.2680969238281, 338.62457275390625, 372.10198974609375, 393.6465148925781, 373.148193359375, 268.5321960449219, 438.2530822753906, 587.0374755859375, 298.7802734375, 609.5599975585938, 681.5208129882812, 451.80718994140625, 211.8937225341797, 553.2722778320312, 320.8408203125, 358.08868408203125, 293.706787109375, 82.67616271972656, 292.9808044433594, 567.3499145507812, 318.3977355957031, 164.80508422851562]]

Step 217:
  Date/Day: 218
  Action: [[-0.6298799514770508, 1.0, -1.0, 1.0, 1.0, 1.0, 1.0, 1.0, 1.0, 1.0, -1.0, -1.0, -1.0, -1.0, 1.0, -1.0, -1.0, -1.0, -1.0, -1.0, -1.0, 1.0, -1.0, -1.0, 1.0, -1.0, 1.0, -1.0, 0.5007947683334351]]
  Reward: 1.072531819343567
  Account Value: None
  Done: False
  Policy Mean: [[-0.6298799514770508, 14.391982078552246, -1.9978827238082886, 6.482957363128662, 6.524704933166504, 4.354557514190674, 4.061113357543945, 4.624668121337891, 15.90240478515625, 11.465014457702637, -10.256217002868652, -6.561071872711182, -7.330785751342773, -16.951812744140625, 3.127676010131836, -4.841912746429443, -13.453635215759277, -5.108076572418213, -13.651021957397461, -2.459846019744873, -3.533149242401123, 1.4395322799682617, -8.084169387817383, -5.601592063903809, 37.67757034301758, -2.2338356971740723, 1.9178613424301147, -9.373420715332031, 0.5007947683334351]]
  Policy Std: [[299.91778564453125, 239.42083740234375, 301.9099426269531, 427.91748046875, 610.9515380859375, 750.0004272460938, 426.6400146484375, 362.2680969238281, 338.62457275390625, 372.10198974609375, 393.6465148925781, 373.148193359375, 268.5321960449219, 438.2530822753906, 587.0374755859375, 298.7802734375, 609.5599975585938, 681.5208129882812, 451.80718994140625, 211.8937225341797, 553.2722778320312, 320.8408203125, 358.08868408203125, 293.706787109375, 82.67616271972656, 292.9808044433594, 567.3499145507812, 318.3977355957031, 164.80508422851562]]

Step 218:
  Date/Day: 219
  Action: [[-0.6298799514770508, 1.0, -1.0, 1.0, 1.0, 1.0, 1.0, 1.0, 1.0, 1.0, -1.0, -1.0, -1.0, -1.0, 1.0, -1.0, -1.0, -1.0, -1.0, -1.0, -1.0, 1.0, -1.0, -1.0, 1.0, -1.0, 1.0, -1.0, 0.5007947683334351]]
  Reward: 1.3201314210891724
  Account Value: None
  Done: False
  Policy Mean: [[-0.6298799514770508, 14.391982078552246, -1.9978827238082886, 6.482957363128662, 6.524704933166504, 4.354557514190674, 4.061113357543945, 4.624668121337891, 15.90240478515625, 11.465014457702637, -10.256217002868652, -6.561071872711182, -7.330785751342773, -16.951812744140625, 3.127676010131836, -4.841912746429443, -13.453635215759277, -5.108076572418213, -13.651021957397461, -2.459846019744873, -3.533149242401123, 1.4395322799682617, -8.084169387817383, -5.601592063903809, 37.67757034301758, -2.2338356971740723, 1.9178613424301147, -9.373420715332031, 0.5007947683334351]]
  Policy Std: [[299.91778564453125, 239.42083740234375, 301.9099426269531, 427.91748046875, 610.9515380859375, 750.0004272460938, 426.6400146484375, 362.2680969238281, 338.62457275390625, 372.10198974609375, 393.6465148925781, 373.148193359375, 268.5321960449219, 438.2530822753906, 587.0374755859375, 298.7802734375, 609.5599975585938, 681.5208129882812, 451.80718994140625, 211.8937225341797, 553.2722778320312, 320.8408203125, 358.08868408203125, 293.706787109375, 82.67616271972656, 292.9808044433594, 567.3499145507812, 318.3977355957031, 164.80508422851562]]

Step 219:
  Date/Day: 220
  Action: [[-0.5731179714202881, 1.0, -1.0, 1.0, 1.0, 1.0, 1.0, 1.0, 1.0, 1.0, -1.0, -1.0, -1.0, -1.0, 1.0, -1.0, -1.0, -1.0, -1.0, -1.0, -1.0, 1.0, -1.0, -1.0, 1.0, -1.0, 1.0, -1.0, 0.5090914368629456]]
  Reward: -0.2613886892795563
  Account Value: None
  Done: False
  Policy Mean: [[-0.5731179714202881, 14.69463062286377, -2.001373052597046, 6.798223495483398, 6.577773094177246, 4.454118251800537, 3.9982211589813232, 4.662599086761475, 16.217618942260742, 11.736666679382324, -10.458089828491211, -6.549844264984131, -7.458589553833008, -17.1476993560791, 3.3876073360443115, -4.95140266418457, -13.686175346374512, -5.201564788818359, -13.925381660461426, -2.593932628631592, -3.5901038646698, 1.3493295907974243, -8.147344589233398, -5.5895891189575195, 38.13264465332031, -2.0938525199890137, 1.8493006229400635, -9.438187599182129, 0.5090914368629456]]
  Policy Std: [[299.91778564453125, 239.42083740234375, 301.9099426269531, 427.91748046875, 610.9515380859375, 750.0004272460938, 426.6400146484375, 362.2680969238281, 338.62457275390625, 372.10198974609375, 393.6465148925781, 373.148193359375, 268.5321960449219, 438.2530822753906, 587.0374755859375, 298.7802734375, 609.5599975585938, 681.5208129882812, 451.80718994140625, 211.8937225341797, 553.2722778320312, 320.8408203125, 358.08868408203125, 293.706787109375, 82.67616271972656, 292.9808044433594, 567.3499145507812, 318.3977355957031, 164.80508422851562]]

Step 220:
  Date/Day: 221
  Action: [[-0.5731179714202881, 1.0, -1.0, 1.0, 1.0, 1.0, 1.0, 1.0, 1.0, 1.0, -1.0, -1.0, -1.0, -1.0, 1.0, -1.0, -1.0, -1.0, -1.0, -1.0, -1.0, 1.0, -1.0, -1.0, 1.0, -1.0, 1.0, -1.0, 0.5090914368629456]]
  Reward: -0.6037531495094299
  Account Value: None
  Done: False
  Policy Mean: [[-0.5731179714202881, 14.69463062286377, -2.001373052597046, 6.798223495483398, 6.577773094177246, 4.454118251800537, 3.9982211589813232, 4.662599086761475, 16.217618942260742, 11.736666679382324, -10.458089828491211, -6.549844264984131, -7.458589553833008, -17.1476993560791, 3.3876073360443115, -4.95140266418457, -13.686175346374512, -5.201564788818359, -13.925381660461426, -2.593932628631592, -3.5901038646698, 1.3493295907974243, -8.147344589233398, -5.5895891189575195, 38.13264465332031, -2.0938525199890137, 1.8493006229400635, -9.438187599182129, 0.5090914368629456]]
  Policy Std: [[299.91778564453125, 239.42083740234375, 301.9099426269531, 427.91748046875, 610.9515380859375, 750.0004272460938, 426.6400146484375, 362.2680969238281, 338.62457275390625, 372.10198974609375, 393.6465148925781, 373.148193359375, 268.5321960449219, 438.2530822753906, 587.0374755859375, 298.7802734375, 609.5599975585938, 681.5208129882812, 451.80718994140625, 211.8937225341797, 553.2722778320312, 320.8408203125, 358.08868408203125, 293.706787109375, 82.67616271972656, 292.9808044433594, 567.3499145507812, 318.3977355957031, 164.80508422851562]]

Step 221:
  Date/Day: 222
  Action: [[-0.5731179714202881, 1.0, -1.0, 1.0, 1.0, 1.0, 1.0, 1.0, 1.0, 1.0, -1.0, -1.0, -1.0, -1.0, 1.0, -1.0, -1.0, -1.0, -1.0, -1.0, -1.0, 1.0, -1.0, -1.0, 1.0, -1.0, 1.0, -1.0, 0.5090914368629456]]
  Reward: -0.6240293979644775
  Account Value: None
  Done: False
  Policy Mean: [[-0.5731179714202881, 14.69463062286377, -2.001373052597046, 6.798223495483398, 6.577773094177246, 4.454118251800537, 3.9982211589813232, 4.662599086761475, 16.217618942260742, 11.736666679382324, -10.458089828491211, -6.549844264984131, -7.458589553833008, -17.1476993560791, 3.3876073360443115, -4.95140266418457, -13.686175346374512, -5.201564788818359, -13.925381660461426, -2.593932628631592, -3.5901038646698, 1.3493295907974243, -8.147344589233398, -5.5895891189575195, 38.13264465332031, -2.0938525199890137, 1.8493006229400635, -9.438187599182129, 0.5090914368629456]]
  Policy Std: [[299.91778564453125, 239.42083740234375, 301.9099426269531, 427.91748046875, 610.9515380859375, 750.0004272460938, 426.6400146484375, 362.2680969238281, 338.62457275390625, 372.10198974609375, 393.6465148925781, 373.148193359375, 268.5321960449219, 438.2530822753906, 587.0374755859375, 298.7802734375, 609.5599975585938, 681.5208129882812, 451.80718994140625, 211.8937225341797, 553.2722778320312, 320.8408203125, 358.08868408203125, 293.706787109375, 82.67616271972656, 292.9808044433594, 567.3499145507812, 318.3977355957031, 164.80508422851562]]

Step 222:
  Date/Day: 223
  Action: [[-0.6298799514770508, 1.0, -1.0, 1.0, 1.0, 1.0, 1.0, 1.0, 1.0, 1.0, -1.0, -1.0, -1.0, -1.0, 1.0, -1.0, -1.0, -1.0, -1.0, -1.0, -1.0, 1.0, -1.0, -1.0, 1.0, -1.0, 1.0, -1.0, 0.5007947683334351]]
  Reward: 0.644591748714447
  Account Value: None
  Done: False
  Policy Mean: [[-0.6298799514770508, 14.391982078552246, -1.9978827238082886, 6.482957363128662, 6.524704933166504, 4.354557514190674, 4.061113357543945, 4.624668121337891, 15.90240478515625, 11.465014457702637, -10.256217002868652, -6.561071872711182, -7.330785751342773, -16.951812744140625, 3.127676010131836, -4.841912746429443, -13.453635215759277, -5.108076572418213, -13.651021957397461, -2.459846019744873, -3.533149242401123, 1.4395322799682617, -8.084169387817383, -5.601592063903809, 37.67757034301758, -2.2338356971740723, 1.9178613424301147, -9.373420715332031, 0.5007947683334351]]
  Policy Std: [[299.91778564453125, 239.42083740234375, 301.9099426269531, 427.91748046875, 610.9515380859375, 750.0004272460938, 426.6400146484375, 362.2680969238281, 338.62457275390625, 372.10198974609375, 393.6465148925781, 373.148193359375, 268.5321960449219, 438.2530822753906, 587.0374755859375, 298.7802734375, 609.5599975585938, 681.5208129882812, 451.80718994140625, 211.8937225341797, 553.2722778320312, 320.8408203125, 358.08868408203125, 293.706787109375, 82.67616271972656, 292.9808044433594, 567.3499145507812, 318.3977355957031, 164.80508422851562]]

Step 223:
  Date/Day: 224
  Action: [[-0.6298799514770508, 1.0, -1.0, 1.0, 1.0, 1.0, 1.0, 1.0, 1.0, 1.0, -1.0, -1.0, -1.0, -1.0, 1.0, -1.0, -1.0, -1.0, -1.0, -1.0, -1.0, 1.0, -1.0, -1.0, 1.0, -1.0, 1.0, -1.0, 0.5007947683334351]]
  Reward: 0.8817737698554993
  Account Value: None
  Done: False
  Policy Mean: [[-0.6298799514770508, 14.391982078552246, -1.9978827238082886, 6.482957363128662, 6.524704933166504, 4.354557514190674, 4.061113357543945, 4.624668121337891, 15.90240478515625, 11.465014457702637, -10.256217002868652, -6.561071872711182, -7.330785751342773, -16.951812744140625, 3.127676010131836, -4.841912746429443, -13.453635215759277, -5.108076572418213, -13.651021957397461, -2.459846019744873, -3.533149242401123, 1.4395322799682617, -8.084169387817383, -5.601592063903809, 37.67757034301758, -2.2338356971740723, 1.9178613424301147, -9.373420715332031, 0.5007947683334351]]
  Policy Std: [[299.91778564453125, 239.42083740234375, 301.9099426269531, 427.91748046875, 610.9515380859375, 750.0004272460938, 426.6400146484375, 362.2680969238281, 338.62457275390625, 372.10198974609375, 393.6465148925781, 373.148193359375, 268.5321960449219, 438.2530822753906, 587.0374755859375, 298.7802734375, 609.5599975585938, 681.5208129882812, 451.80718994140625, 211.8937225341797, 553.2722778320312, 320.8408203125, 358.08868408203125, 293.706787109375, 82.67616271972656, 292.9808044433594, 567.3499145507812, 318.3977355957031, 164.80508422851562]]

Step 224:
  Date/Day: 225
  Action: [[-0.6298799514770508, 1.0, -1.0, 1.0, 1.0, 1.0, 1.0, 1.0, 1.0, 1.0, -1.0, -1.0, -1.0, -1.0, 1.0, -1.0, -1.0, -1.0, -1.0, -1.0, -1.0, 1.0, -1.0, -1.0, 1.0, -1.0, 1.0, -1.0, 0.5007947683334351]]
  Reward: 0.6235397458076477
  Account Value: None
  Done: False
  Policy Mean: [[-0.6298799514770508, 14.391982078552246, -1.9978827238082886, 6.482957363128662, 6.524704933166504, 4.354557514190674, 4.061113357543945, 4.624668121337891, 15.90240478515625, 11.465014457702637, -10.256217002868652, -6.561071872711182, -7.330785751342773, -16.951812744140625, 3.127676010131836, -4.841912746429443, -13.453635215759277, -5.108076572418213, -13.651021957397461, -2.459846019744873, -3.533149242401123, 1.4395322799682617, -8.084169387817383, -5.601592063903809, 37.67757034301758, -2.2338356971740723, 1.9178613424301147, -9.373420715332031, 0.5007947683334351]]
  Policy Std: [[299.91778564453125, 239.42083740234375, 301.9099426269531, 427.91748046875, 610.9515380859375, 750.0004272460938, 426.6400146484375, 362.2680969238281, 338.62457275390625, 372.10198974609375, 393.6465148925781, 373.148193359375, 268.5321960449219, 438.2530822753906, 587.0374755859375, 298.7802734375, 609.5599975585938, 681.5208129882812, 451.80718994140625, 211.8937225341797, 553.2722778320312, 320.8408203125, 358.08868408203125, 293.706787109375, 82.67616271972656, 292.9808044433594, 567.3499145507812, 318.3977355957031, 164.80508422851562]]

Step 225:
  Date/Day: 226
  Action: [[-0.6298799514770508, 1.0, -1.0, 1.0, 1.0, 1.0, 1.0, 1.0, 1.0, 1.0, -1.0, -1.0, -1.0, -1.0, 1.0, -1.0, -1.0, -1.0, -1.0, -1.0, -1.0, 1.0, -1.0, -1.0, 1.0, -1.0, 1.0, -1.0, 0.5007947683334351]]
  Reward: -0.27676922082901
  Account Value: None
  Done: False
  Policy Mean: [[-0.6298799514770508, 14.391982078552246, -1.9978827238082886, 6.482957363128662, 6.524704933166504, 4.354557514190674, 4.061113357543945, 4.624668121337891, 15.90240478515625, 11.465014457702637, -10.256217002868652, -6.561071872711182, -7.330785751342773, -16.951812744140625, 3.127676010131836, -4.841912746429443, -13.453635215759277, -5.108076572418213, -13.651021957397461, -2.459846019744873, -3.533149242401123, 1.4395322799682617, -8.084169387817383, -5.601592063903809, 37.67757034301758, -2.2338356971740723, 1.9178613424301147, -9.373420715332031, 0.5007947683334351]]
  Policy Std: [[299.91778564453125, 239.42083740234375, 301.9099426269531, 427.91748046875, 610.9515380859375, 750.0004272460938, 426.6400146484375, 362.2680969238281, 338.62457275390625, 372.10198974609375, 393.6465148925781, 373.148193359375, 268.5321960449219, 438.2530822753906, 587.0374755859375, 298.7802734375, 609.5599975585938, 681.5208129882812, 451.80718994140625, 211.8937225341797, 553.2722778320312, 320.8408203125, 358.08868408203125, 293.706787109375, 82.67616271972656, 292.9808044433594, 567.3499145507812, 318.3977355957031, 164.80508422851562]]

Step 226:
  Date/Day: 227
  Action: [[-0.6298799514770508, 1.0, -1.0, 1.0, 1.0, 1.0, 1.0, 1.0, 1.0, 1.0, -1.0, -1.0, -1.0, -1.0, 1.0, -1.0, -1.0, -1.0, -1.0, -1.0, -1.0, 1.0, -1.0, -1.0, 1.0, -1.0, 1.0, -1.0, 0.5007947683334351]]
  Reward: 0.06261564046144485
  Account Value: None
  Done: False
  Policy Mean: [[-0.6298799514770508, 14.391982078552246, -1.9978827238082886, 6.482957363128662, 6.524704933166504, 4.354557514190674, 4.061113357543945, 4.624668121337891, 15.90240478515625, 11.465014457702637, -10.256217002868652, -6.561071872711182, -7.330785751342773, -16.951812744140625, 3.127676010131836, -4.841912746429443, -13.453635215759277, -5.108076572418213, -13.651021957397461, -2.459846019744873, -3.533149242401123, 1.4395322799682617, -8.084169387817383, -5.601592063903809, 37.67757034301758, -2.2338356971740723, 1.9178613424301147, -9.373420715332031, 0.5007947683334351]]
  Policy Std: [[299.91778564453125, 239.42083740234375, 301.9099426269531, 427.91748046875, 610.9515380859375, 750.0004272460938, 426.6400146484375, 362.2680969238281, 338.62457275390625, 372.10198974609375, 393.6465148925781, 373.148193359375, 268.5321960449219, 438.2530822753906, 587.0374755859375, 298.7802734375, 609.5599975585938, 681.5208129882812, 451.80718994140625, 211.8937225341797, 553.2722778320312, 320.8408203125, 358.08868408203125, 293.706787109375, 82.67616271972656, 292.9808044433594, 567.3499145507812, 318.3977355957031, 164.80508422851562]]

Step 227:
  Date/Day: 228
  Action: [[-0.6298799514770508, 1.0, -1.0, 1.0, 1.0, 1.0, 1.0, 1.0, 1.0, 1.0, -1.0, -1.0, -1.0, -1.0, 1.0, -1.0, -1.0, -1.0, -1.0, -1.0, -1.0, 1.0, -1.0, -1.0, 1.0, -1.0, 1.0, -1.0, 0.5007947683334351]]
  Reward: 0.44199252128601074
  Account Value: None
  Done: False
  Policy Mean: [[-0.6298799514770508, 14.391982078552246, -1.9978827238082886, 6.482957363128662, 6.524704933166504, 4.354557514190674, 4.061113357543945, 4.624668121337891, 15.90240478515625, 11.465014457702637, -10.256217002868652, -6.561071872711182, -7.330785751342773, -16.951812744140625, 3.127676010131836, -4.841912746429443, -13.453635215759277, -5.108076572418213, -13.651021957397461, -2.459846019744873, -3.533149242401123, 1.4395322799682617, -8.084169387817383, -5.601592063903809, 37.67757034301758, -2.2338356971740723, 1.9178613424301147, -9.373420715332031, 0.5007947683334351]]
  Policy Std: [[299.91778564453125, 239.42083740234375, 301.9099426269531, 427.91748046875, 610.9515380859375, 750.0004272460938, 426.6400146484375, 362.2680969238281, 338.62457275390625, 372.10198974609375, 393.6465148925781, 373.148193359375, 268.5321960449219, 438.2530822753906, 587.0374755859375, 298.7802734375, 609.5599975585938, 681.5208129882812, 451.80718994140625, 211.8937225341797, 553.2722778320312, 320.8408203125, 358.08868408203125, 293.706787109375, 82.67616271972656, 292.9808044433594, 567.3499145507812, 318.3977355957031, 164.80508422851562]]

Step 228:
  Date/Day: 229
  Action: [[-0.6298799514770508, 1.0, -1.0, 1.0, 1.0, 1.0, 1.0, 1.0, 1.0, 1.0, -1.0, -1.0, -1.0, -1.0, 1.0, -1.0, -1.0, -1.0, -1.0, -1.0, -1.0, 1.0, -1.0, -1.0, 1.0, -1.0, 1.0, -1.0, 0.5007947683334351]]
  Reward: 0.761946976184845
  Account Value: None
  Done: False
  Policy Mean: [[-0.6298799514770508, 14.391982078552246, -1.9978827238082886, 6.482957363128662, 6.524704933166504, 4.354557514190674, 4.061113357543945, 4.624668121337891, 15.90240478515625, 11.465014457702637, -10.256217002868652, -6.561071872711182, -7.330785751342773, -16.951812744140625, 3.127676010131836, -4.841912746429443, -13.453635215759277, -5.108076572418213, -13.651021957397461, -2.459846019744873, -3.533149242401123, 1.4395322799682617, -8.084169387817383, -5.601592063903809, 37.67757034301758, -2.2338356971740723, 1.9178613424301147, -9.373420715332031, 0.5007947683334351]]
  Policy Std: [[299.91778564453125, 239.42083740234375, 301.9099426269531, 427.91748046875, 610.9515380859375, 750.0004272460938, 426.6400146484375, 362.2680969238281, 338.62457275390625, 372.10198974609375, 393.6465148925781, 373.148193359375, 268.5321960449219, 438.2530822753906, 587.0374755859375, 298.7802734375, 609.5599975585938, 681.5208129882812, 451.80718994140625, 211.8937225341797, 553.2722778320312, 320.8408203125, 358.08868408203125, 293.706787109375, 82.67616271972656, 292.9808044433594, 567.3499145507812, 318.3977355957031, 164.80508422851562]]

Step 229:
  Date/Day: 230
  Action: [[-0.6298799514770508, 1.0, -1.0, 1.0, 1.0, 1.0, 1.0, 1.0, 1.0, 1.0, -1.0, -1.0, -1.0, -1.0, 1.0, -1.0, -1.0, -1.0, -1.0, -1.0, -1.0, 1.0, -1.0, -1.0, 1.0, -1.0, 1.0, -1.0, 0.5007947683334351]]
  Reward: 0.23165686428546906
  Account Value: None
  Done: False
  Policy Mean: [[-0.6298799514770508, 14.391982078552246, -1.9978827238082886, 6.482957363128662, 6.524704933166504, 4.354557514190674, 4.061113357543945, 4.624668121337891, 15.90240478515625, 11.465014457702637, -10.256217002868652, -6.561071872711182, -7.330785751342773, -16.951812744140625, 3.127676010131836, -4.841912746429443, -13.453635215759277, -5.108076572418213, -13.651021957397461, -2.459846019744873, -3.533149242401123, 1.4395322799682617, -8.084169387817383, -5.601592063903809, 37.67757034301758, -2.2338356971740723, 1.9178613424301147, -9.373420715332031, 0.5007947683334351]]
  Policy Std: [[299.91778564453125, 239.42083740234375, 301.9099426269531, 427.91748046875, 610.9515380859375, 750.0004272460938, 426.6400146484375, 362.2680969238281, 338.62457275390625, 372.10198974609375, 393.6465148925781, 373.148193359375, 268.5321960449219, 438.2530822753906, 587.0374755859375, 298.7802734375, 609.5599975585938, 681.5208129882812, 451.80718994140625, 211.8937225341797, 553.2722778320312, 320.8408203125, 358.08868408203125, 293.706787109375, 82.67616271972656, 292.9808044433594, 567.3499145507812, 318.3977355957031, 164.80508422851562]]

Step 230:
  Date/Day: 231
  Action: [[-0.6298799514770508, 1.0, -1.0, 1.0, 1.0, 1.0, 1.0, 1.0, 1.0, 1.0, -1.0, -1.0, -1.0, -1.0, 1.0, -1.0, -1.0, -1.0, -1.0, -1.0, -1.0, 1.0, -1.0, -1.0, 1.0, -1.0, 1.0, -1.0, 0.5007947683334351]]
  Reward: 0.09563513845205307
  Account Value: None
  Done: False
  Policy Mean: [[-0.6298799514770508, 14.391982078552246, -1.9978827238082886, 6.482957363128662, 6.524704933166504, 4.354557514190674, 4.061113357543945, 4.624668121337891, 15.90240478515625, 11.465014457702637, -10.256217002868652, -6.561071872711182, -7.330785751342773, -16.951812744140625, 3.127676010131836, -4.841912746429443, -13.453635215759277, -5.108076572418213, -13.651021957397461, -2.459846019744873, -3.533149242401123, 1.4395322799682617, -8.084169387817383, -5.601592063903809, 37.67757034301758, -2.2338356971740723, 1.9178613424301147, -9.373420715332031, 0.5007947683334351]]
  Policy Std: [[299.91778564453125, 239.42083740234375, 301.9099426269531, 427.91748046875, 610.9515380859375, 750.0004272460938, 426.6400146484375, 362.2680969238281, 338.62457275390625, 372.10198974609375, 393.6465148925781, 373.148193359375, 268.5321960449219, 438.2530822753906, 587.0374755859375, 298.7802734375, 609.5599975585938, 681.5208129882812, 451.80718994140625, 211.8937225341797, 553.2722778320312, 320.8408203125, 358.08868408203125, 293.706787109375, 82.67616271972656, 292.9808044433594, 567.3499145507812, 318.3977355957031, 164.80508422851562]]

Step 231:
  Date/Day: 232
  Action: [[-0.6298799514770508, 1.0, -1.0, 1.0, 1.0, 1.0, 1.0, 1.0, 1.0, 1.0, -1.0, -1.0, -1.0, -1.0, 1.0, -1.0, -1.0, -1.0, -1.0, -1.0, -1.0, 1.0, -1.0, -1.0, 1.0, -1.0, 1.0, -1.0, 0.5007947683334351]]
  Reward: -0.05959927290678024
  Account Value: None
  Done: False
  Policy Mean: [[-0.6298799514770508, 14.391982078552246, -1.9978827238082886, 6.482957363128662, 6.524704933166504, 4.354557514190674, 4.061113357543945, 4.624668121337891, 15.90240478515625, 11.465014457702637, -10.256217002868652, -6.561071872711182, -7.330785751342773, -16.951812744140625, 3.127676010131836, -4.841912746429443, -13.453635215759277, -5.108076572418213, -13.651021957397461, -2.459846019744873, -3.533149242401123, 1.4395322799682617, -8.084169387817383, -5.601592063903809, 37.67757034301758, -2.2338356971740723, 1.9178613424301147, -9.373420715332031, 0.5007947683334351]]
  Policy Std: [[299.91778564453125, 239.42083740234375, 301.9099426269531, 427.91748046875, 610.9515380859375, 750.0004272460938, 426.6400146484375, 362.2680969238281, 338.62457275390625, 372.10198974609375, 393.6465148925781, 373.148193359375, 268.5321960449219, 438.2530822753906, 587.0374755859375, 298.7802734375, 609.5599975585938, 681.5208129882812, 451.80718994140625, 211.8937225341797, 553.2722778320312, 320.8408203125, 358.08868408203125, 293.706787109375, 82.67616271972656, 292.9808044433594, 567.3499145507812, 318.3977355957031, 164.80508422851562]]

Step 232:
  Date/Day: 233
  Action: [[-0.6298799514770508, 1.0, -1.0, 1.0, 1.0, 1.0, 1.0, 1.0, 1.0, 1.0, -1.0, -1.0, -1.0, -1.0, 1.0, -1.0, -1.0, -1.0, -1.0, -1.0, -1.0, 1.0, -1.0, -1.0, 1.0, -1.0, 1.0, -1.0, 0.5007947683334351]]
  Reward: 0.5898038148880005
  Account Value: None
  Done: False
  Policy Mean: [[-0.6298799514770508, 14.391982078552246, -1.9978827238082886, 6.482957363128662, 6.524704933166504, 4.354557514190674, 4.061113357543945, 4.624668121337891, 15.90240478515625, 11.465014457702637, -10.256217002868652, -6.561071872711182, -7.330785751342773, -16.951812744140625, 3.127676010131836, -4.841912746429443, -13.453635215759277, -5.108076572418213, -13.651021957397461, -2.459846019744873, -3.533149242401123, 1.4395322799682617, -8.084169387817383, -5.601592063903809, 37.67757034301758, -2.2338356971740723, 1.9178613424301147, -9.373420715332031, 0.5007947683334351]]
  Policy Std: [[299.91778564453125, 239.42083740234375, 301.9099426269531, 427.91748046875, 610.9515380859375, 750.0004272460938, 426.6400146484375, 362.2680969238281, 338.62457275390625, 372.10198974609375, 393.6465148925781, 373.148193359375, 268.5321960449219, 438.2530822753906, 587.0374755859375, 298.7802734375, 609.5599975585938, 681.5208129882812, 451.80718994140625, 211.8937225341797, 553.2722778320312, 320.8408203125, 358.08868408203125, 293.706787109375, 82.67616271972656, 292.9808044433594, 567.3499145507812, 318.3977355957031, 164.80508422851562]]

Step 233:
  Date/Day: 234
  Action: [[-0.6298799514770508, 1.0, -1.0, 1.0, 1.0, 1.0, 1.0, 1.0, 1.0, 1.0, -1.0, -1.0, -1.0, -1.0, 1.0, -1.0, -1.0, -1.0, -1.0, -1.0, -1.0, 1.0, -1.0, -1.0, 1.0, -1.0, 1.0, -1.0, 0.5007947683334351]]
  Reward: -0.6887656450271606
  Account Value: None
  Done: False
  Policy Mean: [[-0.6298799514770508, 14.391982078552246, -1.9978827238082886, 6.482957363128662, 6.524704933166504, 4.354557514190674, 4.061113357543945, 4.624668121337891, 15.90240478515625, 11.465014457702637, -10.256217002868652, -6.561071872711182, -7.330785751342773, -16.951812744140625, 3.127676010131836, -4.841912746429443, -13.453635215759277, -5.108076572418213, -13.651021957397461, -2.459846019744873, -3.533149242401123, 1.4395322799682617, -8.084169387817383, -5.601592063903809, 37.67757034301758, -2.2338356971740723, 1.9178613424301147, -9.373420715332031, 0.5007947683334351]]
  Policy Std: [[299.91778564453125, 239.42083740234375, 301.9099426269531, 427.91748046875, 610.9515380859375, 750.0004272460938, 426.6400146484375, 362.2680969238281, 338.62457275390625, 372.10198974609375, 393.6465148925781, 373.148193359375, 268.5321960449219, 438.2530822753906, 587.0374755859375, 298.7802734375, 609.5599975585938, 681.5208129882812, 451.80718994140625, 211.8937225341797, 553.2722778320312, 320.8408203125, 358.08868408203125, 293.706787109375, 82.67616271972656, 292.9808044433594, 567.3499145507812, 318.3977355957031, 164.80508422851562]]

Step 234:
  Date/Day: 235
  Action: [[-0.6298799514770508, 1.0, -1.0, 1.0, 1.0, 1.0, 1.0, 1.0, 1.0, 1.0, -1.0, -1.0, -1.0, -1.0, 1.0, -1.0, -1.0, -1.0, -1.0, -1.0, -1.0, 1.0, -1.0, -1.0, 1.0, -1.0, 1.0, -1.0, 0.5007947683334351]]
  Reward: -0.27399545907974243
  Account Value: None
  Done: False
  Policy Mean: [[-0.6298799514770508, 14.391982078552246, -1.9978827238082886, 6.482957363128662, 6.524704933166504, 4.354557514190674, 4.061113357543945, 4.624668121337891, 15.90240478515625, 11.465014457702637, -10.256217002868652, -6.561071872711182, -7.330785751342773, -16.951812744140625, 3.127676010131836, -4.841912746429443, -13.453635215759277, -5.108076572418213, -13.651021957397461, -2.459846019744873, -3.533149242401123, 1.4395322799682617, -8.084169387817383, -5.601592063903809, 37.67757034301758, -2.2338356971740723, 1.9178613424301147, -9.373420715332031, 0.5007947683334351]]
  Policy Std: [[299.91778564453125, 239.42083740234375, 301.9099426269531, 427.91748046875, 610.9515380859375, 750.0004272460938, 426.6400146484375, 362.2680969238281, 338.62457275390625, 372.10198974609375, 393.6465148925781, 373.148193359375, 268.5321960449219, 438.2530822753906, 587.0374755859375, 298.7802734375, 609.5599975585938, 681.5208129882812, 451.80718994140625, 211.8937225341797, 553.2722778320312, 320.8408203125, 358.08868408203125, 293.706787109375, 82.67616271972656, 292.9808044433594, 567.3499145507812, 318.3977355957031, 164.80508422851562]]

Step 235:
  Date/Day: 236
  Action: [[-0.6298799514770508, 1.0, -1.0, 1.0, 1.0, 1.0, 1.0, 1.0, 1.0, 1.0, -1.0, -1.0, -1.0, -1.0, 1.0, -1.0, -1.0, -1.0, -1.0, -1.0, -1.0, 1.0, -1.0, -1.0, 1.0, -1.0, 1.0, -1.0, 0.5007947683334351]]
  Reward: -0.5204206705093384
  Account Value: None
  Done: False
  Policy Mean: [[-0.6298799514770508, 14.391982078552246, -1.9978827238082886, 6.482957363128662, 6.524704933166504, 4.354557514190674, 4.061113357543945, 4.624668121337891, 15.90240478515625, 11.465014457702637, -10.256217002868652, -6.561071872711182, -7.330785751342773, -16.951812744140625, 3.127676010131836, -4.841912746429443, -13.453635215759277, -5.108076572418213, -13.651021957397461, -2.459846019744873, -3.533149242401123, 1.4395322799682617, -8.084169387817383, -5.601592063903809, 37.67757034301758, -2.2338356971740723, 1.9178613424301147, -9.373420715332031, 0.5007947683334351]]
  Policy Std: [[299.91778564453125, 239.42083740234375, 301.9099426269531, 427.91748046875, 610.9515380859375, 750.0004272460938, 426.6400146484375, 362.2680969238281, 338.62457275390625, 372.10198974609375, 393.6465148925781, 373.148193359375, 268.5321960449219, 438.2530822753906, 587.0374755859375, 298.7802734375, 609.5599975585938, 681.5208129882812, 451.80718994140625, 211.8937225341797, 553.2722778320312, 320.8408203125, 358.08868408203125, 293.706787109375, 82.67616271972656, 292.9808044433594, 567.3499145507812, 318.3977355957031, 164.80508422851562]]

Step 236:
  Date/Day: 237
  Action: [[-0.6298799514770508, 1.0, -1.0, 1.0, 1.0, 1.0, 1.0, 1.0, 1.0, 1.0, -1.0, -1.0, -1.0, -1.0, 1.0, -1.0, -1.0, -1.0, -1.0, -1.0, -1.0, 1.0, -1.0, -1.0, 1.0, -1.0, 1.0, -1.0, 0.5007947683334351]]
  Reward: -0.030893513932824135
  Account Value: None
  Done: False
  Policy Mean: [[-0.6298799514770508, 14.391982078552246, -1.9978827238082886, 6.482957363128662, 6.524704933166504, 4.354557514190674, 4.061113357543945, 4.624668121337891, 15.90240478515625, 11.465014457702637, -10.256217002868652, -6.561071872711182, -7.330785751342773, -16.951812744140625, 3.127676010131836, -4.841912746429443, -13.453635215759277, -5.108076572418213, -13.651021957397461, -2.459846019744873, -3.533149242401123, 1.4395322799682617, -8.084169387817383, -5.601592063903809, 37.67757034301758, -2.2338356971740723, 1.9178613424301147, -9.373420715332031, 0.5007947683334351]]
  Policy Std: [[299.91778564453125, 239.42083740234375, 301.9099426269531, 427.91748046875, 610.9515380859375, 750.0004272460938, 426.6400146484375, 362.2680969238281, 338.62457275390625, 372.10198974609375, 393.6465148925781, 373.148193359375, 268.5321960449219, 438.2530822753906, 587.0374755859375, 298.7802734375, 609.5599975585938, 681.5208129882812, 451.80718994140625, 211.8937225341797, 553.2722778320312, 320.8408203125, 358.08868408203125, 293.706787109375, 82.67616271972656, 292.9808044433594, 567.3499145507812, 318.3977355957031, 164.80508422851562]]

Step 237:
  Date/Day: 238
  Action: [[-0.6298799514770508, 1.0, -1.0, 1.0, 1.0, 1.0, 1.0, 1.0, 1.0, 1.0, -1.0, -1.0, -1.0, -1.0, 1.0, -1.0, -1.0, -1.0, -1.0, -1.0, -1.0, 1.0, -1.0, -1.0, 1.0, -1.0, 1.0, -1.0, 0.5007947683334351]]
  Reward: -0.4718169569969177
  Account Value: None
  Done: False
  Policy Mean: [[-0.6298799514770508, 14.391982078552246, -1.9978827238082886, 6.482957363128662, 6.524704933166504, 4.354557514190674, 4.061113357543945, 4.624668121337891, 15.90240478515625, 11.465014457702637, -10.256217002868652, -6.561071872711182, -7.330785751342773, -16.951812744140625, 3.127676010131836, -4.841912746429443, -13.453635215759277, -5.108076572418213, -13.651021957397461, -2.459846019744873, -3.533149242401123, 1.4395322799682617, -8.084169387817383, -5.601592063903809, 37.67757034301758, -2.2338356971740723, 1.9178613424301147, -9.373420715332031, 0.5007947683334351]]
  Policy Std: [[299.91778564453125, 239.42083740234375, 301.9099426269531, 427.91748046875, 610.9515380859375, 750.0004272460938, 426.6400146484375, 362.2680969238281, 338.62457275390625, 372.10198974609375, 393.6465148925781, 373.148193359375, 268.5321960449219, 438.2530822753906, 587.0374755859375, 298.7802734375, 609.5599975585938, 681.5208129882812, 451.80718994140625, 211.8937225341797, 553.2722778320312, 320.8408203125, 358.08868408203125, 293.706787109375, 82.67616271972656, 292.9808044433594, 567.3499145507812, 318.3977355957031, 164.80508422851562]]

Step 238:
  Date/Day: 239
  Action: [[-0.6298800110816956, 1.0, -1.0, 1.0, 1.0, 1.0, 1.0, 1.0, 1.0, 1.0, -1.0, -1.0, -1.0, -1.0, 1.0, -1.0, -1.0, -1.0, -1.0, -1.0, -1.0, 1.0, -1.0, -1.0, 1.0, -1.0, 1.0, -1.0, 0.5007945895195007]]
  Reward: -0.0966375544667244
  Account Value: None
  Done: False
  Policy Mean: [[-0.6298800110816956, 14.391983032226562, -1.9978824853897095, 6.4829583168029785, 6.524705410003662, 4.354557514190674, 4.061113357543945, 4.624668121337891, 15.902405738830566, 11.465014457702637, -10.256217956542969, -6.561071872711182, -7.330786228179932, -16.951812744140625, 3.127675771713257, -4.841913223266602, -13.453635215759277, -5.108077049255371, -13.651023864746094, -2.459846019744873, -3.533149480819702, 1.4395320415496826, -8.0841703414917, -5.601592063903809, 37.677574157714844, -2.233835220336914, 1.9178614616394043, -9.373421669006348, 0.5007945895195007]]
  Policy Std: [[299.91778564453125, 239.42083740234375, 301.9099426269531, 427.91748046875, 610.9515380859375, 750.0004272460938, 426.6400146484375, 362.2680969238281, 338.62457275390625, 372.10198974609375, 393.6465148925781, 373.148193359375, 268.5321960449219, 438.2530822753906, 587.0374755859375, 298.7802734375, 609.5599975585938, 681.5208129882812, 451.80718994140625, 211.8937225341797, 553.2722778320312, 320.8408203125, 358.08868408203125, 293.706787109375, 82.67616271972656, 292.9808044433594, 567.3499145507812, 318.3977355957031, 164.80508422851562]]

Step 239:
  Date/Day: 240
  Action: [[-0.6254494786262512, 1.0, -1.0, 1.0, 1.0, 1.0, 1.0, 1.0, 1.0, 1.0, -1.0, -1.0, -1.0, -1.0, 1.0, -1.0, -1.0, -1.0, -1.0, -1.0, -1.0, 1.0, -1.0, -1.0, 1.0, -1.0, 1.0, -1.0, 0.46415847539901733]]
  Reward: -0.2953684329986572
  Account Value: None
  Done: False
  Policy Mean: [[-0.6254494786262512, 14.435702323913574, -1.9481689929962158, 6.5513529777526855, 6.5001420974731445, 4.388041973114014, 4.079369068145752, 4.588104724884033, 15.925021171569824, 11.544087409973145, -10.294492721557617, -6.519719123840332, -7.371669292449951, -16.919191360473633, 3.1039414405822754, -4.852243900299072, -13.476314544677734, -5.1325249671936035, -13.750275611877441, -2.4826231002807617, -3.5874335765838623, 1.385255217552185, -8.065720558166504, -5.582735061645508, 37.667415618896484, -2.1781859397888184, 1.9008591175079346, -9.28995418548584, 0.46415847539901733]]
  Policy Std: [[299.91778564453125, 239.42083740234375, 301.9099426269531, 427.91748046875, 610.9515380859375, 750.0004272460938, 426.6400146484375, 362.2680969238281, 338.62457275390625, 372.10198974609375, 393.6465148925781, 373.148193359375, 268.5321960449219, 438.2530822753906, 587.0374755859375, 298.7802734375, 609.5599975585938, 681.5208129882812, 451.80718994140625, 211.8937225341797, 553.2722778320312, 320.8408203125, 358.08868408203125, 293.706787109375, 82.67616271972656, 292.9808044433594, 567.3499145507812, 318.3977355957031, 164.80508422851562]]

Step 240:
  Date/Day: 241
  Action: [[-0.6298799514770508, 1.0, -1.0, 1.0, 1.0, 1.0, 1.0, 1.0, 1.0, 1.0, -1.0, -1.0, -1.0, -1.0, 1.0, -1.0, -1.0, -1.0, -1.0, -1.0, -1.0, 1.0, -1.0, -1.0, 1.0, -1.0, 1.0, -1.0, 0.5007947683334351]]
  Reward: -0.8977835774421692
  Account Value: None
  Done: False
  Policy Mean: [[-0.6298799514770508, 14.391982078552246, -1.9978827238082886, 6.482957363128662, 6.524704933166504, 4.354557514190674, 4.061113357543945, 4.624668121337891, 15.90240478515625, 11.465014457702637, -10.256217002868652, -6.561071872711182, -7.330785751342773, -16.951812744140625, 3.127676010131836, -4.841912746429443, -13.453635215759277, -5.108076572418213, -13.651021957397461, -2.459846019744873, -3.533149242401123, 1.4395322799682617, -8.084169387817383, -5.601592063903809, 37.67757034301758, -2.2338356971740723, 1.9178613424301147, -9.373420715332031, 0.5007947683334351]]
  Policy Std: [[299.91778564453125, 239.42083740234375, 301.9099426269531, 427.91748046875, 610.9515380859375, 750.0004272460938, 426.6400146484375, 362.2680969238281, 338.62457275390625, 372.10198974609375, 393.6465148925781, 373.148193359375, 268.5321960449219, 438.2530822753906, 587.0374755859375, 298.7802734375, 609.5599975585938, 681.5208129882812, 451.80718994140625, 211.8937225341797, 553.2722778320312, 320.8408203125, 358.08868408203125, 293.706787109375, 82.67616271972656, 292.9808044433594, 567.3499145507812, 318.3977355957031, 164.80508422851562]]

Step 241:
  Date/Day: 242
  Action: [[-0.6298799514770508, 1.0, -1.0, 1.0, 1.0, 1.0, 1.0, 1.0, 1.0, 1.0, -1.0, -1.0, -1.0, -1.0, 1.0, -1.0, -1.0, -1.0, -1.0, -1.0, -1.0, 1.0, -1.0, -1.0, 1.0, -1.0, 1.0, -1.0, 0.5007947683334351]]
  Reward: -0.8974308967590332
  Account Value: None
  Done: False
  Policy Mean: [[-0.6298799514770508, 14.391982078552246, -1.9978827238082886, 6.482957363128662, 6.524704933166504, 4.354557514190674, 4.061113357543945, 4.624668121337891, 15.90240478515625, 11.465014457702637, -10.256217002868652, -6.561071872711182, -7.330785751342773, -16.951812744140625, 3.127676010131836, -4.841912746429443, -13.453635215759277, -5.108076572418213, -13.651021957397461, -2.459846019744873, -3.533149242401123, 1.4395322799682617, -8.084169387817383, -5.601592063903809, 37.67757034301758, -2.2338356971740723, 1.9178613424301147, -9.373420715332031, 0.5007947683334351]]
  Policy Std: [[299.91778564453125, 239.42083740234375, 301.9099426269531, 427.91748046875, 610.9515380859375, 750.0004272460938, 426.6400146484375, 362.2680969238281, 338.62457275390625, 372.10198974609375, 393.6465148925781, 373.148193359375, 268.5321960449219, 438.2530822753906, 587.0374755859375, 298.7802734375, 609.5599975585938, 681.5208129882812, 451.80718994140625, 211.8937225341797, 553.2722778320312, 320.8408203125, 358.08868408203125, 293.706787109375, 82.67616271972656, 292.9808044433594, 567.3499145507812, 318.3977355957031, 164.80508422851562]]

Step 242:
  Date/Day: 243
  Action: [[-0.6298799514770508, 1.0, -1.0, 1.0, 1.0, 1.0, 1.0, 1.0, 1.0, 1.0, -1.0, -1.0, -1.0, -1.0, 1.0, -1.0, -1.0, -1.0, -1.0, -1.0, -1.0, 1.0, -1.0, -1.0, 1.0, -1.0, 1.0, -1.0, 0.5007947683334351]]
  Reward: -2.1375298500061035
  Account Value: None
  Done: False
  Policy Mean: [[-0.6298799514770508, 14.391982078552246, -1.9978827238082886, 6.482957363128662, 6.524704933166504, 4.354557514190674, 4.061113357543945, 4.624668121337891, 15.90240478515625, 11.465014457702637, -10.256217002868652, -6.561071872711182, -7.330785751342773, -16.951812744140625, 3.127676010131836, -4.841912746429443, -13.453635215759277, -5.108076572418213, -13.651021957397461, -2.459846019744873, -3.533149242401123, 1.4395322799682617, -8.084169387817383, -5.601592063903809, 37.67757034301758, -2.2338356971740723, 1.9178613424301147, -9.373420715332031, 0.5007947683334351]]
  Policy Std: [[299.91778564453125, 239.42083740234375, 301.9099426269531, 427.91748046875, 610.9515380859375, 750.0004272460938, 426.6400146484375, 362.2680969238281, 338.62457275390625, 372.10198974609375, 393.6465148925781, 373.148193359375, 268.5321960449219, 438.2530822753906, 587.0374755859375, 298.7802734375, 609.5599975585938, 681.5208129882812, 451.80718994140625, 211.8937225341797, 553.2722778320312, 320.8408203125, 358.08868408203125, 293.706787109375, 82.67616271972656, 292.9808044433594, 567.3499145507812, 318.3977355957031, 164.80508422851562]]

Step 243:
  Date/Day: 244
  Action: [[-0.5129160284996033, 1.0, -1.0, 1.0, 1.0, 1.0, 1.0, 1.0, 1.0, 1.0, -1.0, -1.0, -1.0, -1.0, 1.0, -1.0, -1.0, -1.0, -1.0, -1.0, -1.0, 1.0, -1.0, -1.0, 1.0, -1.0, 1.0, -1.0, 0.5879912376403809]]
  Reward: 2.2930312156677246
  Account Value: None
  Done: False
  Policy Mean: [[-0.5129160284996033, 15.097168922424316, -1.965945839881897, 7.320861339569092, 6.746778964996338, 4.604583263397217, 3.8774020671844482, 4.758240222930908, 16.60776138305664, 12.074814796447754, -10.769025802612305, -6.618772983551025, -7.567256927490234, -17.37647247314453, 3.625227928161621, -5.175653457641602, -14.059550285339355, -5.3393096923828125, -14.218988418579102, -2.8025035858154297, -3.7162256240844727, 1.2623422145843506, -8.201020240783691, -5.619634628295898, 38.785491943359375, -2.051016330718994, 1.9131171703338623, -9.546866416931152, 0.5879912376403809]]
  Policy Std: [[299.91778564453125, 239.42083740234375, 301.9099426269531, 427.91748046875, 610.9515380859375, 750.0004272460938, 426.6400146484375, 362.2680969238281, 338.62457275390625, 372.10198974609375, 393.6465148925781, 373.148193359375, 268.5321960449219, 438.2530822753906, 587.0374755859375, 298.7802734375, 609.5599975585938, 681.5208129882812, 451.80718994140625, 211.8937225341797, 553.2722778320312, 320.8408203125, 358.08868408203125, 293.706787109375, 82.67616271972656, 292.9808044433594, 567.3499145507812, 318.3977355957031, 164.80508422851562]]

Step 244:
  Date/Day: 245
  Action: [[-0.6298799514770508, 1.0, -1.0, 1.0, 1.0, 1.0, 1.0, 1.0, 1.0, 1.0, -1.0, -1.0, -1.0, -1.0, 1.0, -1.0, -1.0, -1.0, -1.0, -1.0, -1.0, 1.0, -1.0, -1.0, 1.0, -1.0, 1.0, -1.0, 0.5007947683334351]]
  Reward: -0.11401919275522232
  Account Value: None
  Done: False
  Policy Mean: [[-0.6298799514770508, 14.391982078552246, -1.9978827238082886, 6.482957363128662, 6.524704933166504, 4.354557514190674, 4.061113357543945, 4.624668121337891, 15.90240478515625, 11.465014457702637, -10.256217002868652, -6.561071872711182, -7.330785751342773, -16.951812744140625, 3.127676010131836, -4.841912746429443, -13.453635215759277, -5.108076572418213, -13.651021957397461, -2.459846019744873, -3.533149242401123, 1.4395322799682617, -8.084169387817383, -5.601592063903809, 37.67757034301758, -2.2338356971740723, 1.9178613424301147, -9.373420715332031, 0.5007947683334351]]
  Policy Std: [[299.91778564453125, 239.42083740234375, 301.9099426269531, 427.91748046875, 610.9515380859375, 750.0004272460938, 426.6400146484375, 362.2680969238281, 338.62457275390625, 372.10198974609375, 393.6465148925781, 373.148193359375, 268.5321960449219, 438.2530822753906, 587.0374755859375, 298.7802734375, 609.5599975585938, 681.5208129882812, 451.80718994140625, 211.8937225341797, 553.2722778320312, 320.8408203125, 358.08868408203125, 293.706787109375, 82.67616271972656, 292.9808044433594, 567.3499145507812, 318.3977355957031, 164.80508422851562]]

Step 245:
  Date/Day: 246
  Action: [[-0.6298799514770508, 1.0, -1.0, 1.0, 1.0, 1.0, 1.0, 1.0, 1.0, 1.0, -1.0, -1.0, -1.0, -1.0, 1.0, -1.0, -1.0, -1.0, -1.0, -1.0, -1.0, 1.0, -1.0, -1.0, 1.0, -1.0, 1.0, -1.0, 0.5007947683334351]]
  Reward: -0.20510925352573395
  Account Value: None
  Done: False
  Policy Mean: [[-0.6298799514770508, 14.391982078552246, -1.9978827238082886, 6.482957363128662, 6.524704933166504, 4.354557514190674, 4.061113357543945, 4.624668121337891, 15.90240478515625, 11.465014457702637, -10.256217002868652, -6.561071872711182, -7.330785751342773, -16.951812744140625, 3.127676010131836, -4.841912746429443, -13.453635215759277, -5.108076572418213, -13.651021957397461, -2.459846019744873, -3.533149242401123, 1.4395322799682617, -8.084169387817383, -5.601592063903809, 37.67757034301758, -2.2338356971740723, 1.9178613424301147, -9.373420715332031, 0.5007947683334351]]
  Policy Std: [[299.91778564453125, 239.42083740234375, 301.9099426269531, 427.91748046875, 610.9515380859375, 750.0004272460938, 426.6400146484375, 362.2680969238281, 338.62457275390625, 372.10198974609375, 393.6465148925781, 373.148193359375, 268.5321960449219, 438.2530822753906, 587.0374755859375, 298.7802734375, 609.5599975585938, 681.5208129882812, 451.80718994140625, 211.8937225341797, 553.2722778320312, 320.8408203125, 358.08868408203125, 293.706787109375, 82.67616271972656, 292.9808044433594, 567.3499145507812, 318.3977355957031, 164.80508422851562]]

Step 246:
  Date/Day: 247
  Action: [[-0.6298799514770508, 1.0, -1.0, 1.0, 1.0, 1.0, 1.0, 1.0, 1.0, 1.0, -1.0, -1.0, -1.0, -1.0, 1.0, -1.0, -1.0, -1.0, -1.0, -1.0, -1.0, 1.0, -1.0, -1.0, 1.0, -1.0, 1.0, -1.0, 0.5007947683334351]]
  Reward: 1.7544251680374146
  Account Value: None
  Done: False
  Policy Mean: [[-0.6298799514770508, 14.391982078552246, -1.9978827238082886, 6.482957363128662, 6.524704933166504, 4.354557514190674, 4.061113357543945, 4.624668121337891, 15.90240478515625, 11.465014457702637, -10.256217002868652, -6.561071872711182, -7.330785751342773, -16.951812744140625, 3.127676010131836, -4.841912746429443, -13.453635215759277, -5.108076572418213, -13.651021957397461, -2.459846019744873, -3.533149242401123, 1.4395322799682617, -8.084169387817383, -5.601592063903809, 37.67757034301758, -2.2338356971740723, 1.9178613424301147, -9.373420715332031, 0.5007947683334351]]
  Policy Std: [[299.91778564453125, 239.42083740234375, 301.9099426269531, 427.91748046875, 610.9515380859375, 750.0004272460938, 426.6400146484375, 362.2680969238281, 338.62457275390625, 372.10198974609375, 393.6465148925781, 373.148193359375, 268.5321960449219, 438.2530822753906, 587.0374755859375, 298.7802734375, 609.5599975585938, 681.5208129882812, 451.80718994140625, 211.8937225341797, 553.2722778320312, 320.8408203125, 358.08868408203125, 293.706787109375, 82.67616271972656, 292.9808044433594, 567.3499145507812, 318.3977355957031, 164.80508422851562]]

Step 247:
  Date/Day: 248
  Action: [[-0.6298799514770508, 1.0, -1.0, 1.0, 1.0, 1.0, 1.0, 1.0, 1.0, 1.0, -1.0, -1.0, -1.0, -1.0, 1.0, -1.0, -1.0, -1.0, -1.0, -1.0, -1.0, 1.0, -1.0, -1.0, 1.0, -1.0, 1.0, -1.0, 0.5007947683334351]]
  Reward: 0.3152366578578949
  Account Value: None
  Done: False
  Policy Mean: [[-0.6298799514770508, 14.391982078552246, -1.9978827238082886, 6.482957363128662, 6.524704933166504, 4.354557514190674, 4.061113357543945, 4.624668121337891, 15.90240478515625, 11.465014457702637, -10.256217002868652, -6.561071872711182, -7.330785751342773, -16.951812744140625, 3.127676010131836, -4.841912746429443, -13.453635215759277, -5.108076572418213, -13.651021957397461, -2.459846019744873, -3.533149242401123, 1.4395322799682617, -8.084169387817383, -5.601592063903809, 37.67757034301758, -2.2338356971740723, 1.9178613424301147, -9.373420715332031, 0.5007947683334351]]
  Policy Std: [[299.91778564453125, 239.42083740234375, 301.9099426269531, 427.91748046875, 610.9515380859375, 750.0004272460938, 426.6400146484375, 362.2680969238281, 338.62457275390625, 372.10198974609375, 393.6465148925781, 373.148193359375, 268.5321960449219, 438.2530822753906, 587.0374755859375, 298.7802734375, 609.5599975585938, 681.5208129882812, 451.80718994140625, 211.8937225341797, 553.2722778320312, 320.8408203125, 358.08868408203125, 293.706787109375, 82.67616271972656, 292.9808044433594, 567.3499145507812, 318.3977355957031, 164.80508422851562]]

Step 248:
  Date/Day: 249
  Action: [[-0.6298799514770508, 1.0, -1.0, 1.0, 1.0, 1.0, 1.0, 1.0, 1.0, 1.0, -1.0, -1.0, -1.0, -1.0, 1.0, -1.0, -1.0, -1.0, -1.0, -1.0, -1.0, 1.0, -1.0, -1.0, 1.0, -1.0, 1.0, -1.0, 0.5007947683334351]]
  Reward: -0.8356711268424988
  Account Value: None
  Done: False
  Policy Mean: [[-0.6298799514770508, 14.391982078552246, -1.9978827238082886, 6.482957363128662, 6.524704933166504, 4.354557514190674, 4.061113357543945, 4.624668121337891, 15.90240478515625, 11.465014457702637, -10.256217002868652, -6.561071872711182, -7.330785751342773, -16.951812744140625, 3.127676010131836, -4.841912746429443, -13.453635215759277, -5.108076572418213, -13.651021957397461, -2.459846019744873, -3.533149242401123, 1.4395322799682617, -8.084169387817383, -5.601592063903809, 37.67757034301758, -2.2338356971740723, 1.9178613424301147, -9.373420715332031, 0.5007947683334351]]
  Policy Std: [[299.91778564453125, 239.42083740234375, 301.9099426269531, 427.91748046875, 610.9515380859375, 750.0004272460938, 426.6400146484375, 362.2680969238281, 338.62457275390625, 372.10198974609375, 393.6465148925781, 373.148193359375, 268.5321960449219, 438.2530822753906, 587.0374755859375, 298.7802734375, 609.5599975585938, 681.5208129882812, 451.80718994140625, 211.8937225341797, 553.2722778320312, 320.8408203125, 358.08868408203125, 293.706787109375, 82.67616271972656, 292.9808044433594, 567.3499145507812, 318.3977355957031, 164.80508422851562]]

Step 249:
  Date/Day: 250
  Action: [[-0.6298799514770508, 1.0, -1.0, 1.0, 1.0, 1.0, 1.0, 1.0, 1.0, 1.0, -1.0, -1.0, -1.0, -1.0, 1.0, -1.0, -1.0, -1.0, -1.0, -1.0, -1.0, 1.0, -1.0, -1.0, 1.0, -1.0, 1.0, -1.0, 0.5007947683334351]]
  Reward: -0.4873148202896118
  Account Value: None
  Done: False
  Policy Mean: [[-0.6298799514770508, 14.391982078552246, -1.9978827238082886, 6.482957363128662, 6.524704933166504, 4.354557514190674, 4.061113357543945, 4.624668121337891, 15.90240478515625, 11.465014457702637, -10.256217002868652, -6.561071872711182, -7.330785751342773, -16.951812744140625, 3.127676010131836, -4.841912746429443, -13.453635215759277, -5.108076572418213, -13.651021957397461, -2.459846019744873, -3.533149242401123, 1.4395322799682617, -8.084169387817383, -5.601592063903809, 37.67757034301758, -2.2338356971740723, 1.9178613424301147, -9.373420715332031, 0.5007947683334351]]
  Policy Std: [[299.91778564453125, 239.42083740234375, 301.9099426269531, 427.91748046875, 610.9515380859375, 750.0004272460938, 426.6400146484375, 362.2680969238281, 338.62457275390625, 372.10198974609375, 393.6465148925781, 373.148193359375, 268.5321960449219, 438.2530822753906, 587.0374755859375, 298.7802734375, 609.5599975585938, 681.5208129882812, 451.80718994140625, 211.8937225341797, 553.2722778320312, 320.8408203125, 358.08868408203125, 293.706787109375, 82.67616271972656, 292.9808044433594, 567.3499145507812, 318.3977355957031, 164.80508422851562]]

Step 250:
  Date/Day: 251
  Action: [[-0.6298799514770508, 1.0, -1.0, 1.0, 1.0, 1.0, 1.0, 1.0, 1.0, 1.0, -1.0, -1.0, -1.0, -1.0, 1.0, -1.0, -1.0, -1.0, -1.0, -1.0, -1.0, 1.0, -1.0, -1.0, 1.0, -1.0, 1.0, -1.0, 0.5007947683334351]]
  Reward: 1.2175740003585815
  Account Value: None
  Done: False
  Policy Mean: [[-0.6298799514770508, 14.391982078552246, -1.9978827238082886, 6.482957363128662, 6.524704933166504, 4.354557514190674, 4.061113357543945, 4.624668121337891, 15.90240478515625, 11.465014457702637, -10.256217002868652, -6.561071872711182, -7.330785751342773, -16.951812744140625, 3.127676010131836, -4.841912746429443, -13.453635215759277, -5.108076572418213, -13.651021957397461, -2.459846019744873, -3.533149242401123, 1.4395322799682617, -8.084169387817383, -5.601592063903809, 37.67757034301758, -2.2338356971740723, 1.9178613424301147, -9.373420715332031, 0.5007947683334351]]
  Policy Std: [[299.91778564453125, 239.42083740234375, 301.9099426269531, 427.91748046875, 610.9515380859375, 750.0004272460938, 426.6400146484375, 362.2680969238281, 338.62457275390625, 372.10198974609375, 393.6465148925781, 373.148193359375, 268.5321960449219, 438.2530822753906, 587.0374755859375, 298.7802734375, 609.5599975585938, 681.5208129882812, 451.80718994140625, 211.8937225341797, 553.2722778320312, 320.8408203125, 358.08868408203125, 293.706787109375, 82.67616271972656, 292.9808044433594, 567.3499145507812, 318.3977355957031, 164.80508422851562]]

Step 251:
  Date/Day: 252
  Action: [[-0.6298799514770508, 1.0, -1.0, 1.0, 1.0, 1.0, 1.0, 1.0, 1.0, 1.0, -1.0, -1.0, -1.0, -1.0, 1.0, -1.0, -1.0, -1.0, -1.0, -1.0, -1.0, 1.0, -1.0, -1.0, 1.0, -1.0, 1.0, -1.0, 0.5007947683334351]]
  Reward: 0.42394760251045227
  Account Value: None
  Done: False
  Policy Mean: [[-0.6298799514770508, 14.391982078552246, -1.9978827238082886, 6.482957363128662, 6.524704933166504, 4.354557514190674, 4.061113357543945, 4.624668121337891, 15.90240478515625, 11.465014457702637, -10.256217002868652, -6.561071872711182, -7.330785751342773, -16.951812744140625, 3.127676010131836, -4.841912746429443, -13.453635215759277, -5.108076572418213, -13.651021957397461, -2.459846019744873, -3.533149242401123, 1.4395322799682617, -8.084169387817383, -5.601592063903809, 37.67757034301758, -2.2338356971740723, 1.9178613424301147, -9.373420715332031, 0.5007947683334351]]
  Policy Std: [[299.91778564453125, 239.42083740234375, 301.9099426269531, 427.91748046875, 610.9515380859375, 750.0004272460938, 426.6400146484375, 362.2680969238281, 338.62457275390625, 372.10198974609375, 393.6465148925781, 373.148193359375, 268.5321960449219, 438.2530822753906, 587.0374755859375, 298.7802734375, 609.5599975585938, 681.5208129882812, 451.80718994140625, 211.8937225341797, 553.2722778320312, 320.8408203125, 358.08868408203125, 293.706787109375, 82.67616271972656, 292.9808044433594, 567.3499145507812, 318.3977355957031, 164.80508422851562]]

Step 252:
  Date/Day: 253
  Action: [[-0.6298799514770508, 1.0, -1.0, 1.0, 1.0, 1.0, 1.0, 1.0, 1.0, 1.0, -1.0, -1.0, -1.0, -1.0, 1.0, -1.0, -1.0, -1.0, -1.0, -1.0, -1.0, 1.0, -1.0, -1.0, 1.0, -1.0, 1.0, -1.0, 0.5007947683334351]]
  Reward: 0.6386342644691467
  Account Value: None
  Done: False
  Policy Mean: [[-0.6298799514770508, 14.391982078552246, -1.9978827238082886, 6.482957363128662, 6.524704933166504, 4.354557514190674, 4.061113357543945, 4.624668121337891, 15.90240478515625, 11.465014457702637, -10.256217002868652, -6.561071872711182, -7.330785751342773, -16.951812744140625, 3.127676010131836, -4.841912746429443, -13.453635215759277, -5.108076572418213, -13.651021957397461, -2.459846019744873, -3.533149242401123, 1.4395322799682617, -8.084169387817383, -5.601592063903809, 37.67757034301758, -2.2338356971740723, 1.9178613424301147, -9.373420715332031, 0.5007947683334351]]
  Policy Std: [[299.91778564453125, 239.42083740234375, 301.9099426269531, 427.91748046875, 610.9515380859375, 750.0004272460938, 426.6400146484375, 362.2680969238281, 338.62457275390625, 372.10198974609375, 393.6465148925781, 373.148193359375, 268.5321960449219, 438.2530822753906, 587.0374755859375, 298.7802734375, 609.5599975585938, 681.5208129882812, 451.80718994140625, 211.8937225341797, 553.2722778320312, 320.8408203125, 358.08868408203125, 293.706787109375, 82.67616271972656, 292.9808044433594, 567.3499145507812, 318.3977355957031, 164.80508422851562]]

Step 253:
  Date/Day: 254
  Action: [[-0.6298799514770508, 1.0, -1.0, 1.0, 1.0, 1.0, 1.0, 1.0, 1.0, 1.0, -1.0, -1.0, -1.0, -1.0, 1.0, -1.0, -1.0, -1.0, -1.0, -1.0, -1.0, 1.0, -1.0, -1.0, 1.0, -1.0, 1.0, -1.0, 0.5007947683334351]]
  Reward: -0.9710611701011658
  Account Value: None
  Done: False
  Policy Mean: [[-0.6298799514770508, 14.391982078552246, -1.9978827238082886, 6.482957363128662, 6.524704933166504, 4.354557514190674, 4.061113357543945, 4.624668121337891, 15.90240478515625, 11.465014457702637, -10.256217002868652, -6.561071872711182, -7.330785751342773, -16.951812744140625, 3.127676010131836, -4.841912746429443, -13.453635215759277, -5.108076572418213, -13.651021957397461, -2.459846019744873, -3.533149242401123, 1.4395322799682617, -8.084169387817383, -5.601592063903809, 37.67757034301758, -2.2338356971740723, 1.9178613424301147, -9.373420715332031, 0.5007947683334351]]
  Policy Std: [[299.91778564453125, 239.42083740234375, 301.9099426269531, 427.91748046875, 610.9515380859375, 750.0004272460938, 426.6400146484375, 362.2680969238281, 338.62457275390625, 372.10198974609375, 393.6465148925781, 373.148193359375, 268.5321960449219, 438.2530822753906, 587.0374755859375, 298.7802734375, 609.5599975585938, 681.5208129882812, 451.80718994140625, 211.8937225341797, 553.2722778320312, 320.8408203125, 358.08868408203125, 293.706787109375, 82.67616271972656, 292.9808044433594, 567.3499145507812, 318.3977355957031, 164.80508422851562]]

Step 254:
  Date/Day: 255
  Action: [[-0.6298799514770508, 1.0, -1.0, 1.0, 1.0, 1.0, 1.0, 1.0, 1.0, 1.0, -1.0, -1.0, -1.0, -1.0, 1.0, -1.0, -1.0, -1.0, -1.0, -1.0, -1.0, 1.0, -1.0, -1.0, 1.0, -1.0, 1.0, -1.0, 0.5007947683334351]]
  Reward: -0.3362756669521332
  Account Value: None
  Done: False
  Policy Mean: [[-0.6298799514770508, 14.391982078552246, -1.9978827238082886, 6.482957363128662, 6.524704933166504, 4.354557514190674, 4.061113357543945, 4.624668121337891, 15.90240478515625, 11.465014457702637, -10.256217002868652, -6.561071872711182, -7.330785751342773, -16.951812744140625, 3.127676010131836, -4.841912746429443, -13.453635215759277, -5.108076572418213, -13.651021957397461, -2.459846019744873, -3.533149242401123, 1.4395322799682617, -8.084169387817383, -5.601592063903809, 37.67757034301758, -2.2338356971740723, 1.9178613424301147, -9.373420715332031, 0.5007947683334351]]
  Policy Std: [[299.91778564453125, 239.42083740234375, 301.9099426269531, 427.91748046875, 610.9515380859375, 750.0004272460938, 426.6400146484375, 362.2680969238281, 338.62457275390625, 372.10198974609375, 393.6465148925781, 373.148193359375, 268.5321960449219, 438.2530822753906, 587.0374755859375, 298.7802734375, 609.5599975585938, 681.5208129882812, 451.80718994140625, 211.8937225341797, 553.2722778320312, 320.8408203125, 358.08868408203125, 293.706787109375, 82.67616271972656, 292.9808044433594, 567.3499145507812, 318.3977355957031, 164.80508422851562]]

Step 255:
  Date/Day: 256
  Action: [[-0.6298799514770508, 1.0, -1.0, 1.0, 1.0, 1.0, 1.0, 1.0, 1.0, 1.0, -1.0, -1.0, -1.0, -1.0, 1.0, -1.0, -1.0, -1.0, -1.0, -1.0, -1.0, 1.0, -1.0, -1.0, 1.0, -1.0, 1.0, -1.0, 0.5007947683334351]]
  Reward: -0.5502989292144775
  Account Value: None
  Done: False
  Policy Mean: [[-0.6298799514770508, 14.391982078552246, -1.9978827238082886, 6.482957363128662, 6.524704933166504, 4.354557514190674, 4.061113357543945, 4.624668121337891, 15.90240478515625, 11.465014457702637, -10.256217002868652, -6.561071872711182, -7.330785751342773, -16.951812744140625, 3.127676010131836, -4.841912746429443, -13.453635215759277, -5.108076572418213, -13.651021957397461, -2.459846019744873, -3.533149242401123, 1.4395322799682617, -8.084169387817383, -5.601592063903809, 37.67757034301758, -2.2338356971740723, 1.9178613424301147, -9.373420715332031, 0.5007947683334351]]
  Policy Std: [[299.91778564453125, 239.42083740234375, 301.9099426269531, 427.91748046875, 610.9515380859375, 750.0004272460938, 426.6400146484375, 362.2680969238281, 338.62457275390625, 372.10198974609375, 393.6465148925781, 373.148193359375, 268.5321960449219, 438.2530822753906, 587.0374755859375, 298.7802734375, 609.5599975585938, 681.5208129882812, 451.80718994140625, 211.8937225341797, 553.2722778320312, 320.8408203125, 358.08868408203125, 293.706787109375, 82.67616271972656, 292.9808044433594, 567.3499145507812, 318.3977355957031, 164.80508422851562]]

Step 256:
  Date/Day: 257
  Action: [[-0.6298799514770508, 1.0, -1.0, 1.0, 1.0, 1.0, 1.0, 1.0, 1.0, 1.0, -1.0, -1.0, -1.0, -1.0, 1.0, -1.0, -1.0, -1.0, -1.0, -1.0, -1.0, 1.0, -1.0, -1.0, 1.0, -1.0, 1.0, -1.0, 0.5007947683334351]]
  Reward: 1.6300543546676636
  Account Value: None
  Done: False
  Policy Mean: [[-0.6298799514770508, 14.391982078552246, -1.9978827238082886, 6.482957363128662, 6.524704933166504, 4.354557514190674, 4.061113357543945, 4.624668121337891, 15.90240478515625, 11.465014457702637, -10.256217002868652, -6.561071872711182, -7.330785751342773, -16.951812744140625, 3.127676010131836, -4.841912746429443, -13.453635215759277, -5.108076572418213, -13.651021957397461, -2.459846019744873, -3.533149242401123, 1.4395322799682617, -8.084169387817383, -5.601592063903809, 37.67757034301758, -2.2338356971740723, 1.9178613424301147, -9.373420715332031, 0.5007947683334351]]
  Policy Std: [[299.91778564453125, 239.42083740234375, 301.9099426269531, 427.91748046875, 610.9515380859375, 750.0004272460938, 426.6400146484375, 362.2680969238281, 338.62457275390625, 372.10198974609375, 393.6465148925781, 373.148193359375, 268.5321960449219, 438.2530822753906, 587.0374755859375, 298.7802734375, 609.5599975585938, 681.5208129882812, 451.80718994140625, 211.8937225341797, 553.2722778320312, 320.8408203125, 358.08868408203125, 293.706787109375, 82.67616271972656, 292.9808044433594, 567.3499145507812, 318.3977355957031, 164.80508422851562]]

Step 257:
  Date/Day: 258
  Action: [[-0.6298799514770508, 1.0, -1.0, 1.0, 1.0, 1.0, 1.0, 1.0, 1.0, 1.0, -1.0, -1.0, -1.0, -1.0, 1.0, -1.0, -1.0, -1.0, -1.0, -1.0, -1.0, 1.0, -1.0, -1.0, 1.0, -1.0, 1.0, -1.0, 0.5007947683334351]]
  Reward: 0.8955075740814209
  Account Value: None
  Done: False
  Policy Mean: [[-0.6298799514770508, 14.391982078552246, -1.9978827238082886, 6.482957363128662, 6.524704933166504, 4.354557514190674, 4.061113357543945, 4.624668121337891, 15.90240478515625, 11.465014457702637, -10.256217002868652, -6.561071872711182, -7.330785751342773, -16.951812744140625, 3.127676010131836, -4.841912746429443, -13.453635215759277, -5.108076572418213, -13.651021957397461, -2.459846019744873, -3.533149242401123, 1.4395322799682617, -8.084169387817383, -5.601592063903809, 37.67757034301758, -2.2338356971740723, 1.9178613424301147, -9.373420715332031, 0.5007947683334351]]
  Policy Std: [[299.91778564453125, 239.42083740234375, 301.9099426269531, 427.91748046875, 610.9515380859375, 750.0004272460938, 426.6400146484375, 362.2680969238281, 338.62457275390625, 372.10198974609375, 393.6465148925781, 373.148193359375, 268.5321960449219, 438.2530822753906, 587.0374755859375, 298.7802734375, 609.5599975585938, 681.5208129882812, 451.80718994140625, 211.8937225341797, 553.2722778320312, 320.8408203125, 358.08868408203125, 293.706787109375, 82.67616271972656, 292.9808044433594, 567.3499145507812, 318.3977355957031, 164.80508422851562]]

Step 258:
  Date/Day: 259
  Action: [[-0.6298799514770508, 1.0, -1.0, 1.0, 1.0, 1.0, 1.0, 1.0, 1.0, 1.0, -1.0, -1.0, -1.0, -1.0, 1.0, -1.0, -1.0, -1.0, -1.0, -1.0, -1.0, 1.0, -1.0, -1.0, 1.0, -1.0, 1.0, -1.0, 0.5007947683334351]]
  Reward: -0.6798312067985535
  Account Value: None
  Done: False
  Policy Mean: [[-0.6298799514770508, 14.391982078552246, -1.9978827238082886, 6.482957363128662, 6.524704933166504, 4.354557514190674, 4.061113357543945, 4.624668121337891, 15.90240478515625, 11.465014457702637, -10.256217002868652, -6.561071872711182, -7.330785751342773, -16.951812744140625, 3.127676010131836, -4.841912746429443, -13.453635215759277, -5.108076572418213, -13.651021957397461, -2.459846019744873, -3.533149242401123, 1.4395322799682617, -8.084169387817383, -5.601592063903809, 37.67757034301758, -2.2338356971740723, 1.9178613424301147, -9.373420715332031, 0.5007947683334351]]
  Policy Std: [[299.91778564453125, 239.42083740234375, 301.9099426269531, 427.91748046875, 610.9515380859375, 750.0004272460938, 426.6400146484375, 362.2680969238281, 338.62457275390625, 372.10198974609375, 393.6465148925781, 373.148193359375, 268.5321960449219, 438.2530822753906, 587.0374755859375, 298.7802734375, 609.5599975585938, 681.5208129882812, 451.80718994140625, 211.8937225341797, 553.2722778320312, 320.8408203125, 358.08868408203125, 293.706787109375, 82.67616271972656, 292.9808044433594, 567.3499145507812, 318.3977355957031, 164.80508422851562]]

Step 259:
  Date/Day: 260
  Action: [[-0.6298799514770508, 1.0, -1.0, 1.0, 1.0, 1.0, 1.0, 1.0, 1.0, 1.0, -1.0, -1.0, -1.0, -1.0, 1.0, -1.0, -1.0, -1.0, -1.0, -1.0, -1.0, 1.0, -1.0, -1.0, 1.0, -1.0, 1.0, -1.0, 0.5007947683334351]]
  Reward: -0.7255245447158813
  Account Value: None
  Done: False
  Policy Mean: [[-0.6298799514770508, 14.391982078552246, -1.9978827238082886, 6.482957363128662, 6.524704933166504, 4.354557514190674, 4.061113357543945, 4.624668121337891, 15.90240478515625, 11.465014457702637, -10.256217002868652, -6.561071872711182, -7.330785751342773, -16.951812744140625, 3.127676010131836, -4.841912746429443, -13.453635215759277, -5.108076572418213, -13.651021957397461, -2.459846019744873, -3.533149242401123, 1.4395322799682617, -8.084169387817383, -5.601592063903809, 37.67757034301758, -2.2338356971740723, 1.9178613424301147, -9.373420715332031, 0.5007947683334351]]
  Policy Std: [[299.91778564453125, 239.42083740234375, 301.9099426269531, 427.91748046875, 610.9515380859375, 750.0004272460938, 426.6400146484375, 362.2680969238281, 338.62457275390625, 372.10198974609375, 393.6465148925781, 373.148193359375, 268.5321960449219, 438.2530822753906, 587.0374755859375, 298.7802734375, 609.5599975585938, 681.5208129882812, 451.80718994140625, 211.8937225341797, 553.2722778320312, 320.8408203125, 358.08868408203125, 293.706787109375, 82.67616271972656, 292.9808044433594, 567.3499145507812, 318.3977355957031, 164.80508422851562]]

Step 260:
  Date/Day: 261
  Action: [[-0.6297107934951782, 1.0, -1.0, 1.0, 1.0, 1.0, 1.0, 1.0, 1.0, 1.0, -1.0, -1.0, -1.0, -1.0, 1.0, -1.0, -1.0, -1.0, -1.0, -1.0, -1.0, 1.0, -1.0, -1.0, 1.0, -1.0, 1.0, -1.0, 0.47147321701049805]]
  Reward: -0.06534182280302048
  Account Value: None
  Done: False
  Policy Mean: [[-0.6297107934951782, 14.439521789550781, -1.9603934288024902, 6.547173500061035, 6.512426376342773, 4.389240741729736, 4.0768280029296875, 4.59905481338501, 15.937772750854492, 11.542012214660645, -10.297481536865234, -6.534132480621338, -7.368866920471191, -16.93962287902832, 3.112881898880005, -4.85584831237793, -13.483399391174316, -5.131410598754883, -13.742815017700195, -2.4798531532287598, -3.577338218688965, 1.3978310823440552, -8.076197624206543, -5.591883659362793, 37.70372772216797, -2.1893882751464844, 1.9071738719940186, -9.312237739562988, 0.47147321701049805]]
  Policy Std: [[299.91778564453125, 239.42083740234375, 301.9099426269531, 427.91748046875, 610.9515380859375, 750.0004272460938, 426.6400146484375, 362.2680969238281, 338.62457275390625, 372.10198974609375, 393.6465148925781, 373.148193359375, 268.5321960449219, 438.2530822753906, 587.0374755859375, 298.7802734375, 609.5599975585938, 681.5208129882812, 451.80718994140625, 211.8937225341797, 553.2722778320312, 320.8408203125, 358.08868408203125, 293.706787109375, 82.67616271972656, 292.9808044433594, 567.3499145507812, 318.3977355957031, 164.80508422851562]]

Step 261:
  Date/Day: 262
  Action: [[-0.6298799514770508, 1.0, -1.0, 1.0, 1.0, 1.0, 1.0, 1.0, 1.0, 1.0, -1.0, -1.0, -1.0, -1.0, 1.0, -1.0, -1.0, -1.0, -1.0, -1.0, -1.0, 1.0, -1.0, -1.0, 1.0, -1.0, 1.0, -1.0, 0.5007947683334351]]
  Reward: -1.1932106018066406
  Account Value: None
  Done: False
  Policy Mean: [[-0.6298799514770508, 14.391982078552246, -1.9978827238082886, 6.482957363128662, 6.524704933166504, 4.354557514190674, 4.061113357543945, 4.624668121337891, 15.90240478515625, 11.465014457702637, -10.256217002868652, -6.561071872711182, -7.330785751342773, -16.951812744140625, 3.127676010131836, -4.841912746429443, -13.453635215759277, -5.108076572418213, -13.651021957397461, -2.459846019744873, -3.533149242401123, 1.4395322799682617, -8.084169387817383, -5.601592063903809, 37.67757034301758, -2.2338356971740723, 1.9178613424301147, -9.373420715332031, 0.5007947683334351]]
  Policy Std: [[299.91778564453125, 239.42083740234375, 301.9099426269531, 427.91748046875, 610.9515380859375, 750.0004272460938, 426.6400146484375, 362.2680969238281, 338.62457275390625, 372.10198974609375, 393.6465148925781, 373.148193359375, 268.5321960449219, 438.2530822753906, 587.0374755859375, 298.7802734375, 609.5599975585938, 681.5208129882812, 451.80718994140625, 211.8937225341797, 553.2722778320312, 320.8408203125, 358.08868408203125, 293.706787109375, 82.67616271972656, 292.9808044433594, 567.3499145507812, 318.3977355957031, 164.80508422851562]]

Step 262:
  Date/Day: 263
  Action: [[-0.6298799514770508, 1.0, -1.0, 1.0, 1.0, 1.0, 1.0, 1.0, 1.0, 1.0, -1.0, -1.0, -1.0, -1.0, 1.0, -1.0, -1.0, -1.0, -1.0, -1.0, -1.0, 1.0, -1.0, -1.0, 1.0, -1.0, 1.0, -1.0, 0.5007947683334351]]
  Reward: -2.6933534145355225
  Account Value: None
  Done: False
  Policy Mean: [[-0.6298799514770508, 14.391982078552246, -1.9978827238082886, 6.482957363128662, 6.524704933166504, 4.354557514190674, 4.061113357543945, 4.624668121337891, 15.90240478515625, 11.465014457702637, -10.256217002868652, -6.561071872711182, -7.330785751342773, -16.951812744140625, 3.127676010131836, -4.841912746429443, -13.453635215759277, -5.108076572418213, -13.651021957397461, -2.459846019744873, -3.533149242401123, 1.4395322799682617, -8.084169387817383, -5.601592063903809, 37.67757034301758, -2.2338356971740723, 1.9178613424301147, -9.373420715332031, 0.5007947683334351]]
  Policy Std: [[299.91778564453125, 239.42083740234375, 301.9099426269531, 427.91748046875, 610.9515380859375, 750.0004272460938, 426.6400146484375, 362.2680969238281, 338.62457275390625, 372.10198974609375, 393.6465148925781, 373.148193359375, 268.5321960449219, 438.2530822753906, 587.0374755859375, 298.7802734375, 609.5599975585938, 681.5208129882812, 451.80718994140625, 211.8937225341797, 553.2722778320312, 320.8408203125, 358.08868408203125, 293.706787109375, 82.67616271972656, 292.9808044433594, 567.3499145507812, 318.3977355957031, 164.80508422851562]]

Step 263:
  Date/Day: 264
  Action: [[-0.6298799514770508, 1.0, -1.0, 1.0, 1.0, 1.0, 1.0, 1.0, 1.0, 1.0, -1.0, -1.0, -1.0, -1.0, 1.0, -1.0, -1.0, -1.0, -1.0, -1.0, -1.0, 1.0, -1.0, -1.0, 1.0, -1.0, 1.0, -1.0, 0.5007947683334351]]
  Reward: 2.0156338214874268
  Account Value: None
  Done: False
  Policy Mean: [[-0.6298799514770508, 14.391982078552246, -1.9978827238082886, 6.482957363128662, 6.524704933166504, 4.354557514190674, 4.061113357543945, 4.624668121337891, 15.90240478515625, 11.465014457702637, -10.256217002868652, -6.561071872711182, -7.330785751342773, -16.951812744140625, 3.127676010131836, -4.841912746429443, -13.453635215759277, -5.108076572418213, -13.651021957397461, -2.459846019744873, -3.533149242401123, 1.4395322799682617, -8.084169387817383, -5.601592063903809, 37.67757034301758, -2.2338356971740723, 1.9178613424301147, -9.373420715332031, 0.5007947683334351]]
  Policy Std: [[299.91778564453125, 239.42083740234375, 301.9099426269531, 427.91748046875, 610.9515380859375, 750.0004272460938, 426.6400146484375, 362.2680969238281, 338.62457275390625, 372.10198974609375, 393.6465148925781, 373.148193359375, 268.5321960449219, 438.2530822753906, 587.0374755859375, 298.7802734375, 609.5599975585938, 681.5208129882812, 451.80718994140625, 211.8937225341797, 553.2722778320312, 320.8408203125, 358.08868408203125, 293.706787109375, 82.67616271972656, 292.9808044433594, 567.3499145507812, 318.3977355957031, 164.80508422851562]]

Step 264:
  Date/Day: 265
  Action: [[-0.6298799514770508, 1.0, -1.0, 1.0, 1.0, 1.0, 1.0, 1.0, 1.0, 1.0, -1.0, -1.0, -1.0, -1.0, 1.0, -1.0, -1.0, -1.0, -1.0, -1.0, -1.0, 1.0, -1.0, -1.0, 1.0, -1.0, 1.0, -1.0, 0.5007947683334351]]
  Reward: 1.1738200187683105
  Account Value: None
  Done: False
  Policy Mean: [[-0.6298799514770508, 14.391982078552246, -1.9978827238082886, 6.482957363128662, 6.524704933166504, 4.354557514190674, 4.061113357543945, 4.624668121337891, 15.90240478515625, 11.465014457702637, -10.256217002868652, -6.561071872711182, -7.330785751342773, -16.951812744140625, 3.127676010131836, -4.841912746429443, -13.453635215759277, -5.108076572418213, -13.651021957397461, -2.459846019744873, -3.533149242401123, 1.4395322799682617, -8.084169387817383, -5.601592063903809, 37.67757034301758, -2.2338356971740723, 1.9178613424301147, -9.373420715332031, 0.5007947683334351]]
  Policy Std: [[299.91778564453125, 239.42083740234375, 301.9099426269531, 427.91748046875, 610.9515380859375, 750.0004272460938, 426.6400146484375, 362.2680969238281, 338.62457275390625, 372.10198974609375, 393.6465148925781, 373.148193359375, 268.5321960449219, 438.2530822753906, 587.0374755859375, 298.7802734375, 609.5599975585938, 681.5208129882812, 451.80718994140625, 211.8937225341797, 553.2722778320312, 320.8408203125, 358.08868408203125, 293.706787109375, 82.67616271972656, 292.9808044433594, 567.3499145507812, 318.3977355957031, 164.80508422851562]]

Step 265:
  Date/Day: 266
  Action: [[-0.6298799514770508, 1.0, -1.0, 1.0, 1.0, 1.0, 1.0, 1.0, 1.0, 1.0, -1.0, -1.0, -1.0, -1.0, 1.0, -1.0, -1.0, -1.0, -1.0, -1.0, -1.0, 1.0, -1.0, -1.0, 1.0, -1.0, 1.0, -1.0, 0.5007947683334351]]
  Reward: 0.11975879967212677
  Account Value: None
  Done: False
  Policy Mean: [[-0.6298799514770508, 14.391982078552246, -1.9978827238082886, 6.482957363128662, 6.524704933166504, 4.354557514190674, 4.061113357543945, 4.624668121337891, 15.90240478515625, 11.465014457702637, -10.256217002868652, -6.561071872711182, -7.330785751342773, -16.951812744140625, 3.127676010131836, -4.841912746429443, -13.453635215759277, -5.108076572418213, -13.651021957397461, -2.459846019744873, -3.533149242401123, 1.4395322799682617, -8.084169387817383, -5.601592063903809, 37.67757034301758, -2.2338356971740723, 1.9178613424301147, -9.373420715332031, 0.5007947683334351]]
  Policy Std: [[299.91778564453125, 239.42083740234375, 301.9099426269531, 427.91748046875, 610.9515380859375, 750.0004272460938, 426.6400146484375, 362.2680969238281, 338.62457275390625, 372.10198974609375, 393.6465148925781, 373.148193359375, 268.5321960449219, 438.2530822753906, 587.0374755859375, 298.7802734375, 609.5599975585938, 681.5208129882812, 451.80718994140625, 211.8937225341797, 553.2722778320312, 320.8408203125, 358.08868408203125, 293.706787109375, 82.67616271972656, 292.9808044433594, 567.3499145507812, 318.3977355957031, 164.80508422851562]]

Step 266:
  Date/Day: 267
  Action: [[-0.6298799514770508, 1.0, -1.0, 1.0, 1.0, 1.0, 1.0, 1.0, 1.0, 1.0, -1.0, -1.0, -1.0, -1.0, 1.0, -1.0, -1.0, -1.0, -1.0, -1.0, -1.0, 1.0, -1.0, -1.0, 1.0, -1.0, 1.0, -1.0, 0.5007947683334351]]
  Reward: 0.659986674785614
  Account Value: None
  Done: False
  Policy Mean: [[-0.6298799514770508, 14.391982078552246, -1.9978827238082886, 6.482957363128662, 6.524704933166504, 4.354557514190674, 4.061113357543945, 4.624668121337891, 15.90240478515625, 11.465014457702637, -10.256217002868652, -6.561071872711182, -7.330785751342773, -16.951812744140625, 3.127676010131836, -4.841912746429443, -13.453635215759277, -5.108076572418213, -13.651021957397461, -2.459846019744873, -3.533149242401123, 1.4395322799682617, -8.084169387817383, -5.601592063903809, 37.67757034301758, -2.2338356971740723, 1.9178613424301147, -9.373420715332031, 0.5007947683334351]]
  Policy Std: [[299.91778564453125, 239.42083740234375, 301.9099426269531, 427.91748046875, 610.9515380859375, 750.0004272460938, 426.6400146484375, 362.2680969238281, 338.62457275390625, 372.10198974609375, 393.6465148925781, 373.148193359375, 268.5321960449219, 438.2530822753906, 587.0374755859375, 298.7802734375, 609.5599975585938, 681.5208129882812, 451.80718994140625, 211.8937225341797, 553.2722778320312, 320.8408203125, 358.08868408203125, 293.706787109375, 82.67616271972656, 292.9808044433594, 567.3499145507812, 318.3977355957031, 164.80508422851562]]

Step 267:
  Date/Day: 268
  Action: [[-0.6298799514770508, 1.0, -1.0, 1.0, 1.0, 1.0, 1.0, 1.0, 1.0, 1.0, -1.0, -1.0, -1.0, -1.0, 1.0, -1.0, -1.0, -1.0, -1.0, -1.0, -1.0, 1.0, -1.0, -1.0, 1.0, -1.0, 1.0, -1.0, 0.5007947683334351]]
  Reward: 0.2224273979663849
  Account Value: None
  Done: False
  Policy Mean: [[-0.6298799514770508, 14.391982078552246, -1.9978827238082886, 6.482957363128662, 6.524704933166504, 4.354557514190674, 4.061113357543945, 4.624668121337891, 15.90240478515625, 11.465014457702637, -10.256217002868652, -6.561071872711182, -7.330785751342773, -16.951812744140625, 3.127676010131836, -4.841912746429443, -13.453635215759277, -5.108076572418213, -13.651021957397461, -2.459846019744873, -3.533149242401123, 1.4395322799682617, -8.084169387817383, -5.601592063903809, 37.67757034301758, -2.2338356971740723, 1.9178613424301147, -9.373420715332031, 0.5007947683334351]]
  Policy Std: [[299.91778564453125, 239.42083740234375, 301.9099426269531, 427.91748046875, 610.9515380859375, 750.0004272460938, 426.6400146484375, 362.2680969238281, 338.62457275390625, 372.10198974609375, 393.6465148925781, 373.148193359375, 268.5321960449219, 438.2530822753906, 587.0374755859375, 298.7802734375, 609.5599975585938, 681.5208129882812, 451.80718994140625, 211.8937225341797, 553.2722778320312, 320.8408203125, 358.08868408203125, 293.706787109375, 82.67616271972656, 292.9808044433594, 567.3499145507812, 318.3977355957031, 164.80508422851562]]

Step 268:
  Date/Day: 269
  Action: [[-0.6298799514770508, 1.0, -1.0, 1.0, 1.0, 1.0, 1.0, 1.0, 1.0, 1.0, -1.0, -1.0, -1.0, -1.0, 1.0, -1.0, -1.0, -1.0, -1.0, -1.0, -1.0, 1.0, -1.0, -1.0, 1.0, -1.0, 1.0, -1.0, 0.5007947683334351]]
  Reward: -0.35464462637901306
  Account Value: None
  Done: False
  Policy Mean: [[-0.6298799514770508, 14.391982078552246, -1.9978827238082886, 6.482957363128662, 6.524704933166504, 4.354557514190674, 4.061113357543945, 4.624668121337891, 15.90240478515625, 11.465014457702637, -10.256217002868652, -6.561071872711182, -7.330785751342773, -16.951812744140625, 3.127676010131836, -4.841912746429443, -13.453635215759277, -5.108076572418213, -13.651021957397461, -2.459846019744873, -3.533149242401123, 1.4395322799682617, -8.084169387817383, -5.601592063903809, 37.67757034301758, -2.2338356971740723, 1.9178613424301147, -9.373420715332031, 0.5007947683334351]]
  Policy Std: [[299.91778564453125, 239.42083740234375, 301.9099426269531, 427.91748046875, 610.9515380859375, 750.0004272460938, 426.6400146484375, 362.2680969238281, 338.62457275390625, 372.10198974609375, 393.6465148925781, 373.148193359375, 268.5321960449219, 438.2530822753906, 587.0374755859375, 298.7802734375, 609.5599975585938, 681.5208129882812, 451.80718994140625, 211.8937225341797, 553.2722778320312, 320.8408203125, 358.08868408203125, 293.706787109375, 82.67616271972656, 292.9808044433594, 567.3499145507812, 318.3977355957031, 164.80508422851562]]

Step 269:
  Date/Day: 270
  Action: [[-0.6298799514770508, 1.0, -1.0, 1.0, 1.0, 1.0, 1.0, 1.0, 1.0, 1.0, -1.0, -1.0, -1.0, -1.0, 1.0, -1.0, -1.0, -1.0, -1.0, -1.0, -1.0, 1.0, -1.0, -1.0, 1.0, -1.0, 1.0, -1.0, 0.5007947683334351]]
  Reward: 0.02193806879222393
  Account Value: None
  Done: False
  Policy Mean: [[-0.6298799514770508, 14.391982078552246, -1.9978827238082886, 6.482957363128662, 6.524704933166504, 4.354557514190674, 4.061113357543945, 4.624668121337891, 15.90240478515625, 11.465014457702637, -10.256217002868652, -6.561071872711182, -7.330785751342773, -16.951812744140625, 3.127676010131836, -4.841912746429443, -13.453635215759277, -5.108076572418213, -13.651021957397461, -2.459846019744873, -3.533149242401123, 1.4395322799682617, -8.084169387817383, -5.601592063903809, 37.67757034301758, -2.2338356971740723, 1.9178613424301147, -9.373420715332031, 0.5007947683334351]]
  Policy Std: [[299.91778564453125, 239.42083740234375, 301.9099426269531, 427.91748046875, 610.9515380859375, 750.0004272460938, 426.6400146484375, 362.2680969238281, 338.62457275390625, 372.10198974609375, 393.6465148925781, 373.148193359375, 268.5321960449219, 438.2530822753906, 587.0374755859375, 298.7802734375, 609.5599975585938, 681.5208129882812, 451.80718994140625, 211.8937225341797, 553.2722778320312, 320.8408203125, 358.08868408203125, 293.706787109375, 82.67616271972656, 292.9808044433594, 567.3499145507812, 318.3977355957031, 164.80508422851562]]

Step 270:
  Date/Day: 271
  Action: [[-0.6298799514770508, 1.0, -1.0, 1.0, 1.0, 1.0, 1.0, 1.0, 1.0, 1.0, -1.0, -1.0, -1.0, -1.0, 1.0, -1.0, -1.0, -1.0, -1.0, -1.0, -1.0, 1.0, -1.0, -1.0, 1.0, -1.0, 1.0, -1.0, 0.5007947683334351]]
  Reward: 0.3844968378543854
  Account Value: None
  Done: False
  Policy Mean: [[-0.6298799514770508, 14.391982078552246, -1.9978827238082886, 6.482957363128662, 6.524704933166504, 4.354557514190674, 4.061113357543945, 4.624668121337891, 15.90240478515625, 11.465014457702637, -10.256217002868652, -6.561071872711182, -7.330785751342773, -16.951812744140625, 3.127676010131836, -4.841912746429443, -13.453635215759277, -5.108076572418213, -13.651021957397461, -2.459846019744873, -3.533149242401123, 1.4395322799682617, -8.084169387817383, -5.601592063903809, 37.67757034301758, -2.2338356971740723, 1.9178613424301147, -9.373420715332031, 0.5007947683334351]]
  Policy Std: [[299.91778564453125, 239.42083740234375, 301.9099426269531, 427.91748046875, 610.9515380859375, 750.0004272460938, 426.6400146484375, 362.2680969238281, 338.62457275390625, 372.10198974609375, 393.6465148925781, 373.148193359375, 268.5321960449219, 438.2530822753906, 587.0374755859375, 298.7802734375, 609.5599975585938, 681.5208129882812, 451.80718994140625, 211.8937225341797, 553.2722778320312, 320.8408203125, 358.08868408203125, 293.706787109375, 82.67616271972656, 292.9808044433594, 567.3499145507812, 318.3977355957031, 164.80508422851562]]

Step 271:
  Date/Day: 272
  Action: [[-0.6298799514770508, 1.0, -1.0, 1.0, 1.0, 1.0, 1.0, 1.0, 1.0, 1.0, -1.0, -1.0, -1.0, -1.0, 1.0, -1.0, -1.0, -1.0, -1.0, -1.0, -1.0, 1.0, -1.0, -1.0, 1.0, -1.0, 1.0, -1.0, 0.5007947683334351]]
  Reward: -0.990175724029541
  Account Value: None
  Done: False
  Policy Mean: [[-0.6298799514770508, 14.391982078552246, -1.9978827238082886, 6.482957363128662, 6.524704933166504, 4.354557514190674, 4.061113357543945, 4.624668121337891, 15.90240478515625, 11.465014457702637, -10.256217002868652, -6.561071872711182, -7.330785751342773, -16.951812744140625, 3.127676010131836, -4.841912746429443, -13.453635215759277, -5.108076572418213, -13.651021957397461, -2.459846019744873, -3.533149242401123, 1.4395322799682617, -8.084169387817383, -5.601592063903809, 37.67757034301758, -2.2338356971740723, 1.9178613424301147, -9.373420715332031, 0.5007947683334351]]
  Policy Std: [[299.91778564453125, 239.42083740234375, 301.9099426269531, 427.91748046875, 610.9515380859375, 750.0004272460938, 426.6400146484375, 362.2680969238281, 338.62457275390625, 372.10198974609375, 393.6465148925781, 373.148193359375, 268.5321960449219, 438.2530822753906, 587.0374755859375, 298.7802734375, 609.5599975585938, 681.5208129882812, 451.80718994140625, 211.8937225341797, 553.2722778320312, 320.8408203125, 358.08868408203125, 293.706787109375, 82.67616271972656, 292.9808044433594, 567.3499145507812, 318.3977355957031, 164.80508422851562]]

Step 272:
  Date/Day: 273
  Action: [[-0.6298799514770508, 1.0, -1.0, 1.0, 1.0, 1.0, 1.0, 1.0, 1.0, 1.0, -1.0, -1.0, -1.0, -1.0, 1.0, -1.0, -1.0, -1.0, -1.0, -1.0, -1.0, 1.0, -1.0, -1.0, 1.0, -1.0, 1.0, -1.0, 0.5007947683334351]]
  Reward: 0.027696089819073677
  Account Value: None
  Done: False
  Policy Mean: [[-0.6298799514770508, 14.391982078552246, -1.9978827238082886, 6.482957363128662, 6.524704933166504, 4.354557514190674, 4.061113357543945, 4.624668121337891, 15.90240478515625, 11.465014457702637, -10.256217002868652, -6.561071872711182, -7.330785751342773, -16.951812744140625, 3.127676010131836, -4.841912746429443, -13.453635215759277, -5.108076572418213, -13.651021957397461, -2.459846019744873, -3.533149242401123, 1.4395322799682617, -8.084169387817383, -5.601592063903809, 37.67757034301758, -2.2338356971740723, 1.9178613424301147, -9.373420715332031, 0.5007947683334351]]
  Policy Std: [[299.91778564453125, 239.42083740234375, 301.9099426269531, 427.91748046875, 610.9515380859375, 750.0004272460938, 426.6400146484375, 362.2680969238281, 338.62457275390625, 372.10198974609375, 393.6465148925781, 373.148193359375, 268.5321960449219, 438.2530822753906, 587.0374755859375, 298.7802734375, 609.5599975585938, 681.5208129882812, 451.80718994140625, 211.8937225341797, 553.2722778320312, 320.8408203125, 358.08868408203125, 293.706787109375, 82.67616271972656, 292.9808044433594, 567.3499145507812, 318.3977355957031, 164.80508422851562]]

Step 273:
  Date/Day: 274
  Action: [[-0.6298799514770508, 1.0, -1.0, 1.0, 1.0, 1.0, 1.0, 1.0, 1.0, 1.0, -1.0, -1.0, -1.0, -1.0, 1.0, -1.0, -1.0, -1.0, -1.0, -1.0, -1.0, 1.0, -1.0, -1.0, 1.0, -1.0, 1.0, -1.0, 0.5007947683334351]]
  Reward: 1.2589677572250366
  Account Value: None
  Done: False
  Policy Mean: [[-0.6298799514770508, 14.391982078552246, -1.9978827238082886, 6.482957363128662, 6.524704933166504, 4.354557514190674, 4.061113357543945, 4.624668121337891, 15.90240478515625, 11.465014457702637, -10.256217002868652, -6.561071872711182, -7.330785751342773, -16.951812744140625, 3.127676010131836, -4.841912746429443, -13.453635215759277, -5.108076572418213, -13.651021957397461, -2.459846019744873, -3.533149242401123, 1.4395322799682617, -8.084169387817383, -5.601592063903809, 37.67757034301758, -2.2338356971740723, 1.9178613424301147, -9.373420715332031, 0.5007947683334351]]
  Policy Std: [[299.91778564453125, 239.42083740234375, 301.9099426269531, 427.91748046875, 610.9515380859375, 750.0004272460938, 426.6400146484375, 362.2680969238281, 338.62457275390625, 372.10198974609375, 393.6465148925781, 373.148193359375, 268.5321960449219, 438.2530822753906, 587.0374755859375, 298.7802734375, 609.5599975585938, 681.5208129882812, 451.80718994140625, 211.8937225341797, 553.2722778320312, 320.8408203125, 358.08868408203125, 293.706787109375, 82.67616271972656, 292.9808044433594, 567.3499145507812, 318.3977355957031, 164.80508422851562]]

Step 274:
  Date/Day: 275
  Action: [[-0.6298799514770508, 1.0, -1.0, 1.0, 1.0, 1.0, 1.0, 1.0, 1.0, 1.0, -1.0, -1.0, -1.0, -1.0, 1.0, -1.0, -1.0, -1.0, -1.0, -1.0, -1.0, 1.0, -1.0, -1.0, 1.0, -1.0, 1.0, -1.0, 0.5007947683334351]]
  Reward: -1.5102969408035278
  Account Value: None
  Done: False
  Policy Mean: [[-0.6298799514770508, 14.391982078552246, -1.9978827238082886, 6.482957363128662, 6.524704933166504, 4.354557514190674, 4.061113357543945, 4.624668121337891, 15.90240478515625, 11.465014457702637, -10.256217002868652, -6.561071872711182, -7.330785751342773, -16.951812744140625, 3.127676010131836, -4.841912746429443, -13.453635215759277, -5.108076572418213, -13.651021957397461, -2.459846019744873, -3.533149242401123, 1.4395322799682617, -8.084169387817383, -5.601592063903809, 37.67757034301758, -2.2338356971740723, 1.9178613424301147, -9.373420715332031, 0.5007947683334351]]
  Policy Std: [[299.91778564453125, 239.42083740234375, 301.9099426269531, 427.91748046875, 610.9515380859375, 750.0004272460938, 426.6400146484375, 362.2680969238281, 338.62457275390625, 372.10198974609375, 393.6465148925781, 373.148193359375, 268.5321960449219, 438.2530822753906, 587.0374755859375, 298.7802734375, 609.5599975585938, 681.5208129882812, 451.80718994140625, 211.8937225341797, 553.2722778320312, 320.8408203125, 358.08868408203125, 293.706787109375, 82.67616271972656, 292.9808044433594, 567.3499145507812, 318.3977355957031, 164.80508422851562]]

Step 275:
  Date/Day: 276
  Action: [[-0.6298799514770508, 1.0, -1.0, 1.0, 1.0, 1.0, 1.0, 1.0, 1.0, 1.0, -1.0, -1.0, -1.0, -1.0, 1.0, -1.0, -1.0, -1.0, -1.0, -1.0, -1.0, 1.0, -1.0, -1.0, 1.0, -1.0, 1.0, -1.0, 0.5007947683334351]]
  Reward: 1.1014140844345093
  Account Value: None
  Done: False
  Policy Mean: [[-0.6298799514770508, 14.391982078552246, -1.9978827238082886, 6.482957363128662, 6.524704933166504, 4.354557514190674, 4.061113357543945, 4.624668121337891, 15.90240478515625, 11.465014457702637, -10.256217002868652, -6.561071872711182, -7.330785751342773, -16.951812744140625, 3.127676010131836, -4.841912746429443, -13.453635215759277, -5.108076572418213, -13.651021957397461, -2.459846019744873, -3.533149242401123, 1.4395322799682617, -8.084169387817383, -5.601592063903809, 37.67757034301758, -2.2338356971740723, 1.9178613424301147, -9.373420715332031, 0.5007947683334351]]
  Policy Std: [[299.91778564453125, 239.42083740234375, 301.9099426269531, 427.91748046875, 610.9515380859375, 750.0004272460938, 426.6400146484375, 362.2680969238281, 338.62457275390625, 372.10198974609375, 393.6465148925781, 373.148193359375, 268.5321960449219, 438.2530822753906, 587.0374755859375, 298.7802734375, 609.5599975585938, 681.5208129882812, 451.80718994140625, 211.8937225341797, 553.2722778320312, 320.8408203125, 358.08868408203125, 293.706787109375, 82.67616271972656, 292.9808044433594, 567.3499145507812, 318.3977355957031, 164.80508422851562]]

Step 276:
  Date/Day: 277
  Action: [[-0.6298799514770508, 1.0, -1.0, 1.0, 1.0, 1.0, 1.0, 1.0, 1.0, 1.0, -1.0, -1.0, -1.0, -1.0, 1.0, -1.0, -1.0, -1.0, -1.0, -1.0, -1.0, 1.0, -1.0, -1.0, 1.0, -1.0, 1.0, -1.0, 0.5007947683334351]]
  Reward: 0.820344865322113
  Account Value: None
  Done: False
  Policy Mean: [[-0.6298799514770508, 14.391982078552246, -1.9978827238082886, 6.482957363128662, 6.524704933166504, 4.354557514190674, 4.061113357543945, 4.624668121337891, 15.90240478515625, 11.465014457702637, -10.256217002868652, -6.561071872711182, -7.330785751342773, -16.951812744140625, 3.127676010131836, -4.841912746429443, -13.453635215759277, -5.108076572418213, -13.651021957397461, -2.459846019744873, -3.533149242401123, 1.4395322799682617, -8.084169387817383, -5.601592063903809, 37.67757034301758, -2.2338356971740723, 1.9178613424301147, -9.373420715332031, 0.5007947683334351]]
  Policy Std: [[299.91778564453125, 239.42083740234375, 301.9099426269531, 427.91748046875, 610.9515380859375, 750.0004272460938, 426.6400146484375, 362.2680969238281, 338.62457275390625, 372.10198974609375, 393.6465148925781, 373.148193359375, 268.5321960449219, 438.2530822753906, 587.0374755859375, 298.7802734375, 609.5599975585938, 681.5208129882812, 451.80718994140625, 211.8937225341797, 553.2722778320312, 320.8408203125, 358.08868408203125, 293.706787109375, 82.67616271972656, 292.9808044433594, 567.3499145507812, 318.3977355957031, 164.80508422851562]]

Step 277:
  Date/Day: 278
  Action: [[-0.6298799514770508, 1.0, -1.0, 1.0, 1.0, 1.0, 1.0, 1.0, 1.0, 1.0, -1.0, -1.0, -1.0, -1.0, 1.0, -1.0, -1.0, -1.0, -1.0, -1.0, -1.0, 1.0, -1.0, -1.0, 1.0, -1.0, 1.0, -1.0, 0.5007947683334351]]
  Reward: -0.38745608925819397
  Account Value: None
  Done: False
  Policy Mean: [[-0.6298799514770508, 14.391982078552246, -1.9978827238082886, 6.482957363128662, 6.524704933166504, 4.354557514190674, 4.061113357543945, 4.624668121337891, 15.90240478515625, 11.465014457702637, -10.256217002868652, -6.561071872711182, -7.330785751342773, -16.951812744140625, 3.127676010131836, -4.841912746429443, -13.453635215759277, -5.108076572418213, -13.651021957397461, -2.459846019744873, -3.533149242401123, 1.4395322799682617, -8.084169387817383, -5.601592063903809, 37.67757034301758, -2.2338356971740723, 1.9178613424301147, -9.373420715332031, 0.5007947683334351]]
  Policy Std: [[299.91778564453125, 239.42083740234375, 301.9099426269531, 427.91748046875, 610.9515380859375, 750.0004272460938, 426.6400146484375, 362.2680969238281, 338.62457275390625, 372.10198974609375, 393.6465148925781, 373.148193359375, 268.5321960449219, 438.2530822753906, 587.0374755859375, 298.7802734375, 609.5599975585938, 681.5208129882812, 451.80718994140625, 211.8937225341797, 553.2722778320312, 320.8408203125, 358.08868408203125, 293.706787109375, 82.67616271972656, 292.9808044433594, 567.3499145507812, 318.3977355957031, 164.80508422851562]]

Step 278:
  Date/Day: 279
  Action: [[-0.6298799514770508, 1.0, -1.0, 1.0, 1.0, 1.0, 1.0, 1.0, 1.0, 1.0, -1.0, -1.0, -1.0, -1.0, 1.0, -1.0, -1.0, -1.0, -1.0, -1.0, -1.0, 1.0, -1.0, -1.0, 1.0, -1.0, 1.0, -1.0, 0.5007947683334351]]
  Reward: 0.8882901072502136
  Account Value: None
  Done: False
  Policy Mean: [[-0.6298799514770508, 14.391982078552246, -1.9978827238082886, 6.482957363128662, 6.524704933166504, 4.354557514190674, 4.061113357543945, 4.624668121337891, 15.90240478515625, 11.465014457702637, -10.256217002868652, -6.561071872711182, -7.330785751342773, -16.951812744140625, 3.127676010131836, -4.841912746429443, -13.453635215759277, -5.108076572418213, -13.651021957397461, -2.459846019744873, -3.533149242401123, 1.4395322799682617, -8.084169387817383, -5.601592063903809, 37.67757034301758, -2.2338356971740723, 1.9178613424301147, -9.373420715332031, 0.5007947683334351]]
  Policy Std: [[299.91778564453125, 239.42083740234375, 301.9099426269531, 427.91748046875, 610.9515380859375, 750.0004272460938, 426.6400146484375, 362.2680969238281, 338.62457275390625, 372.10198974609375, 393.6465148925781, 373.148193359375, 268.5321960449219, 438.2530822753906, 587.0374755859375, 298.7802734375, 609.5599975585938, 681.5208129882812, 451.80718994140625, 211.8937225341797, 553.2722778320312, 320.8408203125, 358.08868408203125, 293.706787109375, 82.67616271972656, 292.9808044433594, 567.3499145507812, 318.3977355957031, 164.80508422851562]]

Step 279:
  Date/Day: 280
  Action: [[-0.6298799514770508, 1.0, -1.0, 1.0, 1.0, 1.0, 1.0, 1.0, 1.0, 1.0, -1.0, -1.0, -1.0, -1.0, 1.0, -1.0, -1.0, -1.0, -1.0, -1.0, -1.0, 1.0, -1.0, -1.0, 1.0, -1.0, 1.0, -1.0, 0.5007947683334351]]
  Reward: 0.7336664795875549
  Account Value: None
  Done: False
  Policy Mean: [[-0.6298799514770508, 14.391982078552246, -1.9978827238082886, 6.482957363128662, 6.524704933166504, 4.354557514190674, 4.061113357543945, 4.624668121337891, 15.90240478515625, 11.465014457702637, -10.256217002868652, -6.561071872711182, -7.330785751342773, -16.951812744140625, 3.127676010131836, -4.841912746429443, -13.453635215759277, -5.108076572418213, -13.651021957397461, -2.459846019744873, -3.533149242401123, 1.4395322799682617, -8.084169387817383, -5.601592063903809, 37.67757034301758, -2.2338356971740723, 1.9178613424301147, -9.373420715332031, 0.5007947683334351]]
  Policy Std: [[299.91778564453125, 239.42083740234375, 301.9099426269531, 427.91748046875, 610.9515380859375, 750.0004272460938, 426.6400146484375, 362.2680969238281, 338.62457275390625, 372.10198974609375, 393.6465148925781, 373.148193359375, 268.5321960449219, 438.2530822753906, 587.0374755859375, 298.7802734375, 609.5599975585938, 681.5208129882812, 451.80718994140625, 211.8937225341797, 553.2722778320312, 320.8408203125, 358.08868408203125, 293.706787109375, 82.67616271972656, 292.9808044433594, 567.3499145507812, 318.3977355957031, 164.80508422851562]]

Step 280:
  Date/Day: 281
  Action: [[-0.6298799514770508, 1.0, -1.0, 1.0, 1.0, 1.0, 1.0, 1.0, 1.0, 1.0, -1.0, -1.0, -1.0, -1.0, 1.0, -1.0, -1.0, -1.0, -1.0, -1.0, -1.0, 1.0, -1.0, -1.0, 1.0, -1.0, 1.0, -1.0, 0.5007947683334351]]
  Reward: 0.28899121284484863
  Account Value: None
  Done: False
  Policy Mean: [[-0.6298799514770508, 14.391982078552246, -1.9978827238082886, 6.482957363128662, 6.524704933166504, 4.354557514190674, 4.061113357543945, 4.624668121337891, 15.90240478515625, 11.465014457702637, -10.256217002868652, -6.561071872711182, -7.330785751342773, -16.951812744140625, 3.127676010131836, -4.841912746429443, -13.453635215759277, -5.108076572418213, -13.651021957397461, -2.459846019744873, -3.533149242401123, 1.4395322799682617, -8.084169387817383, -5.601592063903809, 37.67757034301758, -2.2338356971740723, 1.9178613424301147, -9.373420715332031, 0.5007947683334351]]
  Policy Std: [[299.91778564453125, 239.42083740234375, 301.9099426269531, 427.91748046875, 610.9515380859375, 750.0004272460938, 426.6400146484375, 362.2680969238281, 338.62457275390625, 372.10198974609375, 393.6465148925781, 373.148193359375, 268.5321960449219, 438.2530822753906, 587.0374755859375, 298.7802734375, 609.5599975585938, 681.5208129882812, 451.80718994140625, 211.8937225341797, 553.2722778320312, 320.8408203125, 358.08868408203125, 293.706787109375, 82.67616271972656, 292.9808044433594, 567.3499145507812, 318.3977355957031, 164.80508422851562]]

Step 281:
  Date/Day: 282
  Action: [[-0.6298799514770508, 1.0, -1.0, 1.0, 1.0, 1.0, 1.0, 1.0, 1.0, 1.0, -1.0, -1.0, -1.0, -1.0, 1.0, -1.0, -1.0, -1.0, -1.0, -1.0, -1.0, 1.0, -1.0, -1.0, 1.0, -1.0, 1.0, -1.0, 0.5007947683334351]]
  Reward: 0.19908669590950012
  Account Value: None
  Done: False
  Policy Mean: [[-0.6298799514770508, 14.391982078552246, -1.9978827238082886, 6.482957363128662, 6.524704933166504, 4.354557514190674, 4.061113357543945, 4.624668121337891, 15.90240478515625, 11.465014457702637, -10.256217002868652, -6.561071872711182, -7.330785751342773, -16.951812744140625, 3.127676010131836, -4.841912746429443, -13.453635215759277, -5.108076572418213, -13.651021957397461, -2.459846019744873, -3.533149242401123, 1.4395322799682617, -8.084169387817383, -5.601592063903809, 37.67757034301758, -2.2338356971740723, 1.9178613424301147, -9.373420715332031, 0.5007947683334351]]
  Policy Std: [[299.91778564453125, 239.42083740234375, 301.9099426269531, 427.91748046875, 610.9515380859375, 750.0004272460938, 426.6400146484375, 362.2680969238281, 338.62457275390625, 372.10198974609375, 393.6465148925781, 373.148193359375, 268.5321960449219, 438.2530822753906, 587.0374755859375, 298.7802734375, 609.5599975585938, 681.5208129882812, 451.80718994140625, 211.8937225341797, 553.2722778320312, 320.8408203125, 358.08868408203125, 293.706787109375, 82.67616271972656, 292.9808044433594, 567.3499145507812, 318.3977355957031, 164.80508422851562]]

Step 282:
  Date/Day: 283
  Action: [[-0.6298799514770508, 1.0, -1.0, 1.0, 1.0, 1.0, 1.0, 1.0, 1.0, 1.0, -1.0, -1.0, -1.0, -1.0, 1.0, -1.0, -1.0, -1.0, -1.0, -1.0, -1.0, 1.0, -1.0, -1.0, 1.0, -1.0, 1.0, -1.0, 0.5007947683334351]]
  Reward: 0.06728123128414154
  Account Value: None
  Done: False
  Policy Mean: [[-0.6298799514770508, 14.391982078552246, -1.9978827238082886, 6.482957363128662, 6.524704933166504, 4.354557514190674, 4.061113357543945, 4.624668121337891, 15.90240478515625, 11.465014457702637, -10.256217002868652, -6.561071872711182, -7.330785751342773, -16.951812744140625, 3.127676010131836, -4.841912746429443, -13.453635215759277, -5.108076572418213, -13.651021957397461, -2.459846019744873, -3.533149242401123, 1.4395322799682617, -8.084169387817383, -5.601592063903809, 37.67757034301758, -2.2338356971740723, 1.9178613424301147, -9.373420715332031, 0.5007947683334351]]
  Policy Std: [[299.91778564453125, 239.42083740234375, 301.9099426269531, 427.91748046875, 610.9515380859375, 750.0004272460938, 426.6400146484375, 362.2680969238281, 338.62457275390625, 372.10198974609375, 393.6465148925781, 373.148193359375, 268.5321960449219, 438.2530822753906, 587.0374755859375, 298.7802734375, 609.5599975585938, 681.5208129882812, 451.80718994140625, 211.8937225341797, 553.2722778320312, 320.8408203125, 358.08868408203125, 293.706787109375, 82.67616271972656, 292.9808044433594, 567.3499145507812, 318.3977355957031, 164.80508422851562]]

Step 283:
  Date/Day: 284
  Action: [[-0.6298799514770508, 1.0, -1.0, 1.0, 1.0, 1.0, 1.0, 1.0, 1.0, 1.0, -1.0, -1.0, -1.0, -1.0, 1.0, -1.0, -1.0, -1.0, -1.0, -1.0, -1.0, 1.0, -1.0, -1.0, 1.0, -1.0, 1.0, -1.0, 0.5007947683334351]]
  Reward: -0.6702240705490112
  Account Value: None
  Done: False
  Policy Mean: [[-0.6298799514770508, 14.391982078552246, -1.9978827238082886, 6.482957363128662, 6.524704933166504, 4.354557514190674, 4.061113357543945, 4.624668121337891, 15.90240478515625, 11.465014457702637, -10.256217002868652, -6.561071872711182, -7.330785751342773, -16.951812744140625, 3.127676010131836, -4.841912746429443, -13.453635215759277, -5.108076572418213, -13.651021957397461, -2.459846019744873, -3.533149242401123, 1.4395322799682617, -8.084169387817383, -5.601592063903809, 37.67757034301758, -2.2338356971740723, 1.9178613424301147, -9.373420715332031, 0.5007947683334351]]
  Policy Std: [[299.91778564453125, 239.42083740234375, 301.9099426269531, 427.91748046875, 610.9515380859375, 750.0004272460938, 426.6400146484375, 362.2680969238281, 338.62457275390625, 372.10198974609375, 393.6465148925781, 373.148193359375, 268.5321960449219, 438.2530822753906, 587.0374755859375, 298.7802734375, 609.5599975585938, 681.5208129882812, 451.80718994140625, 211.8937225341797, 553.2722778320312, 320.8408203125, 358.08868408203125, 293.706787109375, 82.67616271972656, 292.9808044433594, 567.3499145507812, 318.3977355957031, 164.80508422851562]]

Step 284:
  Date/Day: 285
  Action: [[-0.6298799514770508, 1.0, -1.0, 1.0, 1.0, 1.0, 1.0, 1.0, 1.0, 1.0, -1.0, -1.0, -1.0, -1.0, 1.0, -1.0, -1.0, -1.0, -1.0, -1.0, -1.0, 1.0, -1.0, -1.0, 1.0, -1.0, 1.0, -1.0, 0.5007947683334351]]
  Reward: -1.4552958011627197
  Account Value: None
  Done: False
  Policy Mean: [[-0.6298799514770508, 14.391982078552246, -1.9978827238082886, 6.482957363128662, 6.524704933166504, 4.354557514190674, 4.061113357543945, 4.624668121337891, 15.90240478515625, 11.465014457702637, -10.256217002868652, -6.561071872711182, -7.330785751342773, -16.951812744140625, 3.127676010131836, -4.841912746429443, -13.453635215759277, -5.108076572418213, -13.651021957397461, -2.459846019744873, -3.533149242401123, 1.4395322799682617, -8.084169387817383, -5.601592063903809, 37.67757034301758, -2.2338356971740723, 1.9178613424301147, -9.373420715332031, 0.5007947683334351]]
  Policy Std: [[299.91778564453125, 239.42083740234375, 301.9099426269531, 427.91748046875, 610.9515380859375, 750.0004272460938, 426.6400146484375, 362.2680969238281, 338.62457275390625, 372.10198974609375, 393.6465148925781, 373.148193359375, 268.5321960449219, 438.2530822753906, 587.0374755859375, 298.7802734375, 609.5599975585938, 681.5208129882812, 451.80718994140625, 211.8937225341797, 553.2722778320312, 320.8408203125, 358.08868408203125, 293.706787109375, 82.67616271972656, 292.9808044433594, 567.3499145507812, 318.3977355957031, 164.80508422851562]]

Step 285:
  Date/Day: 286
  Action: [[-0.6298799514770508, 1.0, -1.0, 1.0, 1.0, 1.0, 1.0, 1.0, 1.0, 1.0, -1.0, -1.0, -1.0, -1.0, 1.0, -1.0, -1.0, -1.0, -1.0, -1.0, -1.0, 1.0, -1.0, -1.0, 1.0, -1.0, 1.0, -1.0, 0.5007947683334351]]
  Reward: -0.20634448528289795
  Account Value: None
  Done: False
  Policy Mean: [[-0.6298799514770508, 14.391982078552246, -1.9978827238082886, 6.482957363128662, 6.524704933166504, 4.354557514190674, 4.061113357543945, 4.624668121337891, 15.90240478515625, 11.465014457702637, -10.256217002868652, -6.561071872711182, -7.330785751342773, -16.951812744140625, 3.127676010131836, -4.841912746429443, -13.453635215759277, -5.108076572418213, -13.651021957397461, -2.459846019744873, -3.533149242401123, 1.4395322799682617, -8.084169387817383, -5.601592063903809, 37.67757034301758, -2.2338356971740723, 1.9178613424301147, -9.373420715332031, 0.5007947683334351]]
  Policy Std: [[299.91778564453125, 239.42083740234375, 301.9099426269531, 427.91748046875, 610.9515380859375, 750.0004272460938, 426.6400146484375, 362.2680969238281, 338.62457275390625, 372.10198974609375, 393.6465148925781, 373.148193359375, 268.5321960449219, 438.2530822753906, 587.0374755859375, 298.7802734375, 609.5599975585938, 681.5208129882812, 451.80718994140625, 211.8937225341797, 553.2722778320312, 320.8408203125, 358.08868408203125, 293.706787109375, 82.67616271972656, 292.9808044433594, 567.3499145507812, 318.3977355957031, 164.80508422851562]]

Step 286:
  Date/Day: 287
  Action: [[-0.6298799514770508, 1.0, -1.0, 1.0, 1.0, 1.0, 1.0, 1.0, 1.0, 1.0, -1.0, -1.0, -1.0, -1.0, 1.0, -1.0, -1.0, -1.0, -1.0, -1.0, -1.0, 1.0, -1.0, -1.0, 1.0, -1.0, 1.0, -1.0, 0.5007947683334351]]
  Reward: 0.6969822645187378
  Account Value: None
  Done: False
  Policy Mean: [[-0.6298799514770508, 14.391982078552246, -1.9978827238082886, 6.482957363128662, 6.524704933166504, 4.354557514190674, 4.061113357543945, 4.624668121337891, 15.90240478515625, 11.465014457702637, -10.256217002868652, -6.561071872711182, -7.330785751342773, -16.951812744140625, 3.127676010131836, -4.841912746429443, -13.453635215759277, -5.108076572418213, -13.651021957397461, -2.459846019744873, -3.533149242401123, 1.4395322799682617, -8.084169387817383, -5.601592063903809, 37.67757034301758, -2.2338356971740723, 1.9178613424301147, -9.373420715332031, 0.5007947683334351]]
  Policy Std: [[299.91778564453125, 239.42083740234375, 301.9099426269531, 427.91748046875, 610.9515380859375, 750.0004272460938, 426.6400146484375, 362.2680969238281, 338.62457275390625, 372.10198974609375, 393.6465148925781, 373.148193359375, 268.5321960449219, 438.2530822753906, 587.0374755859375, 298.7802734375, 609.5599975585938, 681.5208129882812, 451.80718994140625, 211.8937225341797, 553.2722778320312, 320.8408203125, 358.08868408203125, 293.706787109375, 82.67616271972656, 292.9808044433594, 567.3499145507812, 318.3977355957031, 164.80508422851562]]

Step 287:
  Date/Day: 288
  Action: [[-0.6298799514770508, 1.0, -1.0, 1.0, 1.0, 1.0, 1.0, 1.0, 1.0, 1.0, -1.0, -1.0, -1.0, -1.0, 1.0, -1.0, -1.0, -1.0, -1.0, -1.0, -1.0, 1.0, -1.0, -1.0, 1.0, -1.0, 1.0, -1.0, 0.5007947683334351]]
  Reward: 1.107619285583496
  Account Value: None
  Done: False
  Policy Mean: [[-0.6298799514770508, 14.391982078552246, -1.9978827238082886, 6.482957363128662, 6.524704933166504, 4.354557514190674, 4.061113357543945, 4.624668121337891, 15.90240478515625, 11.465014457702637, -10.256217002868652, -6.561071872711182, -7.330785751342773, -16.951812744140625, 3.127676010131836, -4.841912746429443, -13.453635215759277, -5.108076572418213, -13.651021957397461, -2.459846019744873, -3.533149242401123, 1.4395322799682617, -8.084169387817383, -5.601592063903809, 37.67757034301758, -2.2338356971740723, 1.9178613424301147, -9.373420715332031, 0.5007947683334351]]
  Policy Std: [[299.91778564453125, 239.42083740234375, 301.9099426269531, 427.91748046875, 610.9515380859375, 750.0004272460938, 426.6400146484375, 362.2680969238281, 338.62457275390625, 372.10198974609375, 393.6465148925781, 373.148193359375, 268.5321960449219, 438.2530822753906, 587.0374755859375, 298.7802734375, 609.5599975585938, 681.5208129882812, 451.80718994140625, 211.8937225341797, 553.2722778320312, 320.8408203125, 358.08868408203125, 293.706787109375, 82.67616271972656, 292.9808044433594, 567.3499145507812, 318.3977355957031, 164.80508422851562]]

Step 288:
  Date/Day: 289
  Action: [[-0.6298799514770508, 1.0, -1.0, 1.0, 1.0, 1.0, 1.0, 1.0, 1.0, 1.0, -1.0, -1.0, -1.0, -1.0, 1.0, -1.0, -1.0, -1.0, -1.0, -1.0, -1.0, 1.0, -1.0, -1.0, 1.0, -1.0, 1.0, -1.0, 0.5007947683334351]]
  Reward: 0.2963084280490875
  Account Value: None
  Done: False
  Policy Mean: [[-0.6298799514770508, 14.391982078552246, -1.9978827238082886, 6.482957363128662, 6.524704933166504, 4.354557514190674, 4.061113357543945, 4.624668121337891, 15.90240478515625, 11.465014457702637, -10.256217002868652, -6.561071872711182, -7.330785751342773, -16.951812744140625, 3.127676010131836, -4.841912746429443, -13.453635215759277, -5.108076572418213, -13.651021957397461, -2.459846019744873, -3.533149242401123, 1.4395322799682617, -8.084169387817383, -5.601592063903809, 37.67757034301758, -2.2338356971740723, 1.9178613424301147, -9.373420715332031, 0.5007947683334351]]
  Policy Std: [[299.91778564453125, 239.42083740234375, 301.9099426269531, 427.91748046875, 610.9515380859375, 750.0004272460938, 426.6400146484375, 362.2680969238281, 338.62457275390625, 372.10198974609375, 393.6465148925781, 373.148193359375, 268.5321960449219, 438.2530822753906, 587.0374755859375, 298.7802734375, 609.5599975585938, 681.5208129882812, 451.80718994140625, 211.8937225341797, 553.2722778320312, 320.8408203125, 358.08868408203125, 293.706787109375, 82.67616271972656, 292.9808044433594, 567.3499145507812, 318.3977355957031, 164.80508422851562]]

Step 289:
  Date/Day: 290
  Action: [[-0.6298799514770508, 1.0, -1.0, 1.0, 1.0, 1.0, 1.0, 1.0, 1.0, 1.0, -1.0, -1.0, -1.0, -1.0, 1.0, -1.0, -1.0, -1.0, -1.0, -1.0, -1.0, 1.0, -1.0, -1.0, 1.0, -1.0, 1.0, -1.0, 0.5007947683334351]]
  Reward: -0.05039205402135849
  Account Value: None
  Done: False
  Policy Mean: [[-0.6298799514770508, 14.391982078552246, -1.9978827238082886, 6.482957363128662, 6.524704933166504, 4.354557514190674, 4.061113357543945, 4.624668121337891, 15.90240478515625, 11.465014457702637, -10.256217002868652, -6.561071872711182, -7.330785751342773, -16.951812744140625, 3.127676010131836, -4.841912746429443, -13.453635215759277, -5.108076572418213, -13.651021957397461, -2.459846019744873, -3.533149242401123, 1.4395322799682617, -8.084169387817383, -5.601592063903809, 37.67757034301758, -2.2338356971740723, 1.9178613424301147, -9.373420715332031, 0.5007947683334351]]
  Policy Std: [[299.91778564453125, 239.42083740234375, 301.9099426269531, 427.91748046875, 610.9515380859375, 750.0004272460938, 426.6400146484375, 362.2680969238281, 338.62457275390625, 372.10198974609375, 393.6465148925781, 373.148193359375, 268.5321960449219, 438.2530822753906, 587.0374755859375, 298.7802734375, 609.5599975585938, 681.5208129882812, 451.80718994140625, 211.8937225341797, 553.2722778320312, 320.8408203125, 358.08868408203125, 293.706787109375, 82.67616271972656, 292.9808044433594, 567.3499145507812, 318.3977355957031, 164.80508422851562]]

Step 290:
  Date/Day: 291
  Action: [[-0.6298799514770508, 1.0, -1.0, 1.0, 1.0, 1.0, 1.0, 1.0, 1.0, 1.0, -1.0, -1.0, -1.0, -1.0, 1.0, -1.0, -1.0, -1.0, -1.0, -1.0, -1.0, 1.0, -1.0, -1.0, 1.0, -1.0, 1.0, -1.0, 0.5007947683334351]]
  Reward: -0.5837611556053162
  Account Value: None
  Done: False
  Policy Mean: [[-0.6298799514770508, 14.391982078552246, -1.9978827238082886, 6.482957363128662, 6.524704933166504, 4.354557514190674, 4.061113357543945, 4.624668121337891, 15.90240478515625, 11.465014457702637, -10.256217002868652, -6.561071872711182, -7.330785751342773, -16.951812744140625, 3.127676010131836, -4.841912746429443, -13.453635215759277, -5.108076572418213, -13.651021957397461, -2.459846019744873, -3.533149242401123, 1.4395322799682617, -8.084169387817383, -5.601592063903809, 37.67757034301758, -2.2338356971740723, 1.9178613424301147, -9.373420715332031, 0.5007947683334351]]
  Policy Std: [[299.91778564453125, 239.42083740234375, 301.9099426269531, 427.91748046875, 610.9515380859375, 750.0004272460938, 426.6400146484375, 362.2680969238281, 338.62457275390625, 372.10198974609375, 393.6465148925781, 373.148193359375, 268.5321960449219, 438.2530822753906, 587.0374755859375, 298.7802734375, 609.5599975585938, 681.5208129882812, 451.80718994140625, 211.8937225341797, 553.2722778320312, 320.8408203125, 358.08868408203125, 293.706787109375, 82.67616271972656, 292.9808044433594, 567.3499145507812, 318.3977355957031, 164.80508422851562]]

Step 291:
  Date/Day: 292
  Action: [[-0.6298799514770508, 1.0, -1.0, 1.0, 1.0, 1.0, 1.0, 1.0, 1.0, 1.0, -1.0, -1.0, -1.0, -1.0, 1.0, -1.0, -1.0, -1.0, -1.0, -1.0, -1.0, 1.0, -1.0, -1.0, 1.0, -1.0, 1.0, -1.0, 0.5007947683334351]]
  Reward: 1.0482637882232666
  Account Value: None
  Done: False
  Policy Mean: [[-0.6298799514770508, 14.391982078552246, -1.9978827238082886, 6.482957363128662, 6.524704933166504, 4.354557514190674, 4.061113357543945, 4.624668121337891, 15.90240478515625, 11.465014457702637, -10.256217002868652, -6.561071872711182, -7.330785751342773, -16.951812744140625, 3.127676010131836, -4.841912746429443, -13.453635215759277, -5.108076572418213, -13.651021957397461, -2.459846019744873, -3.533149242401123, 1.4395322799682617, -8.084169387817383, -5.601592063903809, 37.67757034301758, -2.2338356971740723, 1.9178613424301147, -9.373420715332031, 0.5007947683334351]]
  Policy Std: [[299.91778564453125, 239.42083740234375, 301.9099426269531, 427.91748046875, 610.9515380859375, 750.0004272460938, 426.6400146484375, 362.2680969238281, 338.62457275390625, 372.10198974609375, 393.6465148925781, 373.148193359375, 268.5321960449219, 438.2530822753906, 587.0374755859375, 298.7802734375, 609.5599975585938, 681.5208129882812, 451.80718994140625, 211.8937225341797, 553.2722778320312, 320.8408203125, 358.08868408203125, 293.706787109375, 82.67616271972656, 292.9808044433594, 567.3499145507812, 318.3977355957031, 164.80508422851562]]

Step 292:
  Date/Day: 293
  Action: [[-0.6298799514770508, 1.0, -1.0, 1.0, 1.0, 1.0, 1.0, 1.0, 1.0, 1.0, -1.0, -1.0, -1.0, -1.0, 1.0, -1.0, -1.0, -1.0, -1.0, -1.0, -1.0, 1.0, -1.0, -1.0, 1.0, -1.0, 1.0, -1.0, 0.5007947683334351]]
  Reward: -0.5167503952980042
  Account Value: None
  Done: False
  Policy Mean: [[-0.6298799514770508, 14.391982078552246, -1.9978827238082886, 6.482957363128662, 6.524704933166504, 4.354557514190674, 4.061113357543945, 4.624668121337891, 15.90240478515625, 11.465014457702637, -10.256217002868652, -6.561071872711182, -7.330785751342773, -16.951812744140625, 3.127676010131836, -4.841912746429443, -13.453635215759277, -5.108076572418213, -13.651021957397461, -2.459846019744873, -3.533149242401123, 1.4395322799682617, -8.084169387817383, -5.601592063903809, 37.67757034301758, -2.2338356971740723, 1.9178613424301147, -9.373420715332031, 0.5007947683334351]]
  Policy Std: [[299.91778564453125, 239.42083740234375, 301.9099426269531, 427.91748046875, 610.9515380859375, 750.0004272460938, 426.6400146484375, 362.2680969238281, 338.62457275390625, 372.10198974609375, 393.6465148925781, 373.148193359375, 268.5321960449219, 438.2530822753906, 587.0374755859375, 298.7802734375, 609.5599975585938, 681.5208129882812, 451.80718994140625, 211.8937225341797, 553.2722778320312, 320.8408203125, 358.08868408203125, 293.706787109375, 82.67616271972656, 292.9808044433594, 567.3499145507812, 318.3977355957031, 164.80508422851562]]

Step 293:
  Date/Day: 294
  Action: [[-0.6298799514770508, 1.0, -1.0, 1.0, 1.0, 1.0, 1.0, 1.0, 1.0, 1.0, -1.0, -1.0, -1.0, -1.0, 1.0, -1.0, -1.0, -1.0, -1.0, -1.0, -1.0, 1.0, -1.0, -1.0, 1.0, -1.0, 1.0, -1.0, 0.5007947683334351]]
  Reward: 0.11810479313135147
  Account Value: None
  Done: False
  Policy Mean: [[-0.6298799514770508, 14.391982078552246, -1.9978827238082886, 6.482957363128662, 6.524704933166504, 4.354557514190674, 4.061113357543945, 4.624668121337891, 15.90240478515625, 11.465014457702637, -10.256217002868652, -6.561071872711182, -7.330785751342773, -16.951812744140625, 3.127676010131836, -4.841912746429443, -13.453635215759277, -5.108076572418213, -13.651021957397461, -2.459846019744873, -3.533149242401123, 1.4395322799682617, -8.084169387817383, -5.601592063903809, 37.67757034301758, -2.2338356971740723, 1.9178613424301147, -9.373420715332031, 0.5007947683334351]]
  Policy Std: [[299.91778564453125, 239.42083740234375, 301.9099426269531, 427.91748046875, 610.9515380859375, 750.0004272460938, 426.6400146484375, 362.2680969238281, 338.62457275390625, 372.10198974609375, 393.6465148925781, 373.148193359375, 268.5321960449219, 438.2530822753906, 587.0374755859375, 298.7802734375, 609.5599975585938, 681.5208129882812, 451.80718994140625, 211.8937225341797, 553.2722778320312, 320.8408203125, 358.08868408203125, 293.706787109375, 82.67616271972656, 292.9808044433594, 567.3499145507812, 318.3977355957031, 164.80508422851562]]

Step 294:
  Date/Day: 295
  Action: [[-0.6298799514770508, 1.0, -1.0, 1.0, 1.0, 1.0, 1.0, 1.0, 1.0, 1.0, -1.0, -1.0, -1.0, -1.0, 1.0, -1.0, -1.0, -1.0, -1.0, -1.0, -1.0, 1.0, -1.0, -1.0, 1.0, -1.0, 1.0, -1.0, 0.5007947683334351]]
  Reward: -0.01098340842872858
  Account Value: None
  Done: False
  Policy Mean: [[-0.6298799514770508, 14.391982078552246, -1.9978827238082886, 6.482957363128662, 6.524704933166504, 4.354557514190674, 4.061113357543945, 4.624668121337891, 15.90240478515625, 11.465014457702637, -10.256217002868652, -6.561071872711182, -7.330785751342773, -16.951812744140625, 3.127676010131836, -4.841912746429443, -13.453635215759277, -5.108076572418213, -13.651021957397461, -2.459846019744873, -3.533149242401123, 1.4395322799682617, -8.084169387817383, -5.601592063903809, 37.67757034301758, -2.2338356971740723, 1.9178613424301147, -9.373420715332031, 0.5007947683334351]]
  Policy Std: [[299.91778564453125, 239.42083740234375, 301.9099426269531, 427.91748046875, 610.9515380859375, 750.0004272460938, 426.6400146484375, 362.2680969238281, 338.62457275390625, 372.10198974609375, 393.6465148925781, 373.148193359375, 268.5321960449219, 438.2530822753906, 587.0374755859375, 298.7802734375, 609.5599975585938, 681.5208129882812, 451.80718994140625, 211.8937225341797, 553.2722778320312, 320.8408203125, 358.08868408203125, 293.706787109375, 82.67616271972656, 292.9808044433594, 567.3499145507812, 318.3977355957031, 164.80508422851562]]

Step 295:
  Date/Day: 296
  Action: [[-0.6298799514770508, 1.0, -1.0, 1.0, 1.0, 1.0, 1.0, 1.0, 1.0, 1.0, -1.0, -1.0, -1.0, -1.0, 1.0, -1.0, -1.0, -1.0, -1.0, -1.0, -1.0, 1.0, -1.0, -1.0, 1.0, -1.0, 1.0, -1.0, 0.5007947683334351]]
  Reward: 0.8560742735862732
  Account Value: None
  Done: False
  Policy Mean: [[-0.6298799514770508, 14.391982078552246, -1.9978827238082886, 6.482957363128662, 6.524704933166504, 4.354557514190674, 4.061113357543945, 4.624668121337891, 15.90240478515625, 11.465014457702637, -10.256217002868652, -6.561071872711182, -7.330785751342773, -16.951812744140625, 3.127676010131836, -4.841912746429443, -13.453635215759277, -5.108076572418213, -13.651021957397461, -2.459846019744873, -3.533149242401123, 1.4395322799682617, -8.084169387817383, -5.601592063903809, 37.67757034301758, -2.2338356971740723, 1.9178613424301147, -9.373420715332031, 0.5007947683334351]]
  Policy Std: [[299.91778564453125, 239.42083740234375, 301.9099426269531, 427.91748046875, 610.9515380859375, 750.0004272460938, 426.6400146484375, 362.2680969238281, 338.62457275390625, 372.10198974609375, 393.6465148925781, 373.148193359375, 268.5321960449219, 438.2530822753906, 587.0374755859375, 298.7802734375, 609.5599975585938, 681.5208129882812, 451.80718994140625, 211.8937225341797, 553.2722778320312, 320.8408203125, 358.08868408203125, 293.706787109375, 82.67616271972656, 292.9808044433594, 567.3499145507812, 318.3977355957031, 164.80508422851562]]

Step 296:
  Date/Day: 297
  Action: [[-0.6298799514770508, 1.0, -1.0, 1.0, 1.0, 1.0, 1.0, 1.0, 1.0, 1.0, -1.0, -1.0, -1.0, -1.0, 1.0, -1.0, -1.0, -1.0, -1.0, -1.0, -1.0, 1.0, -1.0, -1.0, 1.0, -1.0, 1.0, -1.0, 0.5007947683334351]]
  Reward: -0.23689065873622894
  Account Value: None
  Done: False
  Policy Mean: [[-0.6298799514770508, 14.391982078552246, -1.9978827238082886, 6.482957363128662, 6.524704933166504, 4.354557514190674, 4.061113357543945, 4.624668121337891, 15.90240478515625, 11.465014457702637, -10.256217002868652, -6.561071872711182, -7.330785751342773, -16.951812744140625, 3.127676010131836, -4.841912746429443, -13.453635215759277, -5.108076572418213, -13.651021957397461, -2.459846019744873, -3.533149242401123, 1.4395322799682617, -8.084169387817383, -5.601592063903809, 37.67757034301758, -2.2338356971740723, 1.9178613424301147, -9.373420715332031, 0.5007947683334351]]
  Policy Std: [[299.91778564453125, 239.42083740234375, 301.9099426269531, 427.91748046875, 610.9515380859375, 750.0004272460938, 426.6400146484375, 362.2680969238281, 338.62457275390625, 372.10198974609375, 393.6465148925781, 373.148193359375, 268.5321960449219, 438.2530822753906, 587.0374755859375, 298.7802734375, 609.5599975585938, 681.5208129882812, 451.80718994140625, 211.8937225341797, 553.2722778320312, 320.8408203125, 358.08868408203125, 293.706787109375, 82.67616271972656, 292.9808044433594, 567.3499145507812, 318.3977355957031, 164.80508422851562]]

Step 297:
  Date/Day: 298
  Action: [[-0.6298799514770508, 1.0, -1.0, 1.0, 1.0, 1.0, 1.0, 1.0, 1.0, 1.0, -1.0, -1.0, -1.0, -1.0, 1.0, -1.0, -1.0, -1.0, -1.0, -1.0, -1.0, 1.0, -1.0, -1.0, 1.0, -1.0, 1.0, -1.0, 0.5007947683334351]]
  Reward: -0.9924355745315552
  Account Value: None
  Done: False
  Policy Mean: [[-0.6298799514770508, 14.391982078552246, -1.9978827238082886, 6.482957363128662, 6.524704933166504, 4.354557514190674, 4.061113357543945, 4.624668121337891, 15.90240478515625, 11.465014457702637, -10.256217002868652, -6.561071872711182, -7.330785751342773, -16.951812744140625, 3.127676010131836, -4.841912746429443, -13.453635215759277, -5.108076572418213, -13.651021957397461, -2.459846019744873, -3.533149242401123, 1.4395322799682617, -8.084169387817383, -5.601592063903809, 37.67757034301758, -2.2338356971740723, 1.9178613424301147, -9.373420715332031, 0.5007947683334351]]
  Policy Std: [[299.91778564453125, 239.42083740234375, 301.9099426269531, 427.91748046875, 610.9515380859375, 750.0004272460938, 426.6400146484375, 362.2680969238281, 338.62457275390625, 372.10198974609375, 393.6465148925781, 373.148193359375, 268.5321960449219, 438.2530822753906, 587.0374755859375, 298.7802734375, 609.5599975585938, 681.5208129882812, 451.80718994140625, 211.8937225341797, 553.2722778320312, 320.8408203125, 358.08868408203125, 293.706787109375, 82.67616271972656, 292.9808044433594, 567.3499145507812, 318.3977355957031, 164.80508422851562]]

Step 298:
  Date/Day: 299
  Action: [[-0.6298799514770508, 1.0, -1.0, 1.0, 1.0, 1.0, 1.0, 1.0, 1.0, 1.0, -1.0, -1.0, -1.0, -1.0, 1.0, -1.0, -1.0, -1.0, -1.0, -1.0, -1.0, 1.0, -1.0, -1.0, 1.0, -1.0, 1.0, -1.0, 0.5007947683334351]]
  Reward: -1.0208417177200317
  Account Value: None
  Done: False
  Policy Mean: [[-0.6298799514770508, 14.391982078552246, -1.9978827238082886, 6.482957363128662, 6.524704933166504, 4.354557514190674, 4.061113357543945, 4.624668121337891, 15.90240478515625, 11.465014457702637, -10.256217002868652, -6.561071872711182, -7.330785751342773, -16.951812744140625, 3.127676010131836, -4.841912746429443, -13.453635215759277, -5.108076572418213, -13.651021957397461, -2.459846019744873, -3.533149242401123, 1.4395322799682617, -8.084169387817383, -5.601592063903809, 37.67757034301758, -2.2338356971740723, 1.9178613424301147, -9.373420715332031, 0.5007947683334351]]
  Policy Std: [[299.91778564453125, 239.42083740234375, 301.9099426269531, 427.91748046875, 610.9515380859375, 750.0004272460938, 426.6400146484375, 362.2680969238281, 338.62457275390625, 372.10198974609375, 393.6465148925781, 373.148193359375, 268.5321960449219, 438.2530822753906, 587.0374755859375, 298.7802734375, 609.5599975585938, 681.5208129882812, 451.80718994140625, 211.8937225341797, 553.2722778320312, 320.8408203125, 358.08868408203125, 293.706787109375, 82.67616271972656, 292.9808044433594, 567.3499145507812, 318.3977355957031, 164.80508422851562]]

Step 299:
  Date/Day: 300
  Action: [[-0.6298799514770508, 1.0, -1.0, 1.0, 1.0, 1.0, 1.0, 1.0, 1.0, 1.0, -1.0, -1.0, -1.0, -1.0, 1.0, -1.0, -1.0, -1.0, -1.0, -1.0, -1.0, 1.0, -1.0, -1.0, 1.0, -1.0, 1.0, -1.0, 0.5007947683334351]]
  Reward: -0.6820427179336548
  Account Value: None
  Done: False
  Policy Mean: [[-0.6298799514770508, 14.391982078552246, -1.9978827238082886, 6.482957363128662, 6.524704933166504, 4.354557514190674, 4.061113357543945, 4.624668121337891, 15.90240478515625, 11.465014457702637, -10.256217002868652, -6.561071872711182, -7.330785751342773, -16.951812744140625, 3.127676010131836, -4.841912746429443, -13.453635215759277, -5.108076572418213, -13.651021957397461, -2.459846019744873, -3.533149242401123, 1.4395322799682617, -8.084169387817383, -5.601592063903809, 37.67757034301758, -2.2338356971740723, 1.9178613424301147, -9.373420715332031, 0.5007947683334351]]
  Policy Std: [[299.91778564453125, 239.42083740234375, 301.9099426269531, 427.91748046875, 610.9515380859375, 750.0004272460938, 426.6400146484375, 362.2680969238281, 338.62457275390625, 372.10198974609375, 393.6465148925781, 373.148193359375, 268.5321960449219, 438.2530822753906, 587.0374755859375, 298.7802734375, 609.5599975585938, 681.5208129882812, 451.80718994140625, 211.8937225341797, 553.2722778320312, 320.8408203125, 358.08868408203125, 293.706787109375, 82.67616271972656, 292.9808044433594, 567.3499145507812, 318.3977355957031, 164.80508422851562]]

Step 300:
  Date/Day: 301
  Action: [[-0.6298799514770508, 1.0, -1.0, 1.0, 1.0, 1.0, 1.0, 1.0, 1.0, 1.0, -1.0, -1.0, -1.0, -1.0, 1.0, -1.0, -1.0, -1.0, -1.0, -1.0, -1.0, 1.0, -1.0, -1.0, 1.0, -1.0, 1.0, -1.0, 0.5007947683334351]]
  Reward: -1.389480471611023
  Account Value: None
  Done: False
  Policy Mean: [[-0.6298799514770508, 14.391982078552246, -1.9978827238082886, 6.482957363128662, 6.524704933166504, 4.354557514190674, 4.061113357543945, 4.624668121337891, 15.90240478515625, 11.465014457702637, -10.256217002868652, -6.561071872711182, -7.330785751342773, -16.951812744140625, 3.127676010131836, -4.841912746429443, -13.453635215759277, -5.108076572418213, -13.651021957397461, -2.459846019744873, -3.533149242401123, 1.4395322799682617, -8.084169387817383, -5.601592063903809, 37.67757034301758, -2.2338356971740723, 1.9178613424301147, -9.373420715332031, 0.5007947683334351]]
  Policy Std: [[299.91778564453125, 239.42083740234375, 301.9099426269531, 427.91748046875, 610.9515380859375, 750.0004272460938, 426.6400146484375, 362.2680969238281, 338.62457275390625, 372.10198974609375, 393.6465148925781, 373.148193359375, 268.5321960449219, 438.2530822753906, 587.0374755859375, 298.7802734375, 609.5599975585938, 681.5208129882812, 451.80718994140625, 211.8937225341797, 553.2722778320312, 320.8408203125, 358.08868408203125, 293.706787109375, 82.67616271972656, 292.9808044433594, 567.3499145507812, 318.3977355957031, 164.80508422851562]]

Step 301:
  Date/Day: 302
  Action: [[-0.6298799514770508, 1.0, -1.0, 1.0, 1.0, 1.0, 1.0, 1.0, 1.0, 1.0, -1.0, -1.0, -1.0, -1.0, 1.0, -1.0, -1.0, -1.0, -1.0, -1.0, -1.0, 1.0, -1.0, -1.0, 1.0, -1.0, 1.0, -1.0, 0.5007947683334351]]
  Reward: 1.315956711769104
  Account Value: None
  Done: False
  Policy Mean: [[-0.6298799514770508, 14.391982078552246, -1.9978827238082886, 6.482957363128662, 6.524704933166504, 4.354557514190674, 4.061113357543945, 4.624668121337891, 15.90240478515625, 11.465014457702637, -10.256217002868652, -6.561071872711182, -7.330785751342773, -16.951812744140625, 3.127676010131836, -4.841912746429443, -13.453635215759277, -5.108076572418213, -13.651021957397461, -2.459846019744873, -3.533149242401123, 1.4395322799682617, -8.084169387817383, -5.601592063903809, 37.67757034301758, -2.2338356971740723, 1.9178613424301147, -9.373420715332031, 0.5007947683334351]]
  Policy Std: [[299.91778564453125, 239.42083740234375, 301.9099426269531, 427.91748046875, 610.9515380859375, 750.0004272460938, 426.6400146484375, 362.2680969238281, 338.62457275390625, 372.10198974609375, 393.6465148925781, 373.148193359375, 268.5321960449219, 438.2530822753906, 587.0374755859375, 298.7802734375, 609.5599975585938, 681.5208129882812, 451.80718994140625, 211.8937225341797, 553.2722778320312, 320.8408203125, 358.08868408203125, 293.706787109375, 82.67616271972656, 292.9808044433594, 567.3499145507812, 318.3977355957031, 164.80508422851562]]

Step 302:
  Date/Day: 303
  Action: [[-0.6298799514770508, 1.0, -1.0, 1.0, 1.0, 1.0, 1.0, 1.0, 1.0, 1.0, -1.0, -1.0, -1.0, -1.0, 1.0, -1.0, -1.0, -1.0, -1.0, -1.0, -1.0, 1.0, -1.0, -1.0, 1.0, -1.0, 1.0, -1.0, 0.5007947683334351]]
  Reward: -1.1314570903778076
  Account Value: None
  Done: False
  Policy Mean: [[-0.6298799514770508, 14.391982078552246, -1.9978827238082886, 6.482957363128662, 6.524704933166504, 4.354557514190674, 4.061113357543945, 4.624668121337891, 15.90240478515625, 11.465014457702637, -10.256217002868652, -6.561071872711182, -7.330785751342773, -16.951812744140625, 3.127676010131836, -4.841912746429443, -13.453635215759277, -5.108076572418213, -13.651021957397461, -2.459846019744873, -3.533149242401123, 1.4395322799682617, -8.084169387817383, -5.601592063903809, 37.67757034301758, -2.2338356971740723, 1.9178613424301147, -9.373420715332031, 0.5007947683334351]]
  Policy Std: [[299.91778564453125, 239.42083740234375, 301.9099426269531, 427.91748046875, 610.9515380859375, 750.0004272460938, 426.6400146484375, 362.2680969238281, 338.62457275390625, 372.10198974609375, 393.6465148925781, 373.148193359375, 268.5321960449219, 438.2530822753906, 587.0374755859375, 298.7802734375, 609.5599975585938, 681.5208129882812, 451.80718994140625, 211.8937225341797, 553.2722778320312, 320.8408203125, 358.08868408203125, 293.706787109375, 82.67616271972656, 292.9808044433594, 567.3499145507812, 318.3977355957031, 164.80508422851562]]

Step 303:
  Date/Day: 304
  Action: [[-0.6298799514770508, 1.0, -1.0, 1.0, 1.0, 1.0, 1.0, 1.0, 1.0, 1.0, -1.0, -1.0, -1.0, -1.0, 1.0, -1.0, -1.0, -1.0, -1.0, -1.0, -1.0, 1.0, -1.0, -1.0, 1.0, -1.0, 1.0, -1.0, 0.5007947683334351]]
  Reward: 1.027469277381897
  Account Value: None
  Done: False
  Policy Mean: [[-0.6298799514770508, 14.391982078552246, -1.9978827238082886, 6.482957363128662, 6.524704933166504, 4.354557514190674, 4.061113357543945, 4.624668121337891, 15.90240478515625, 11.465014457702637, -10.256217002868652, -6.561071872711182, -7.330785751342773, -16.951812744140625, 3.127676010131836, -4.841912746429443, -13.453635215759277, -5.108076572418213, -13.651021957397461, -2.459846019744873, -3.533149242401123, 1.4395322799682617, -8.084169387817383, -5.601592063903809, 37.67757034301758, -2.2338356971740723, 1.9178613424301147, -9.373420715332031, 0.5007947683334351]]
  Policy Std: [[299.91778564453125, 239.42083740234375, 301.9099426269531, 427.91748046875, 610.9515380859375, 750.0004272460938, 426.6400146484375, 362.2680969238281, 338.62457275390625, 372.10198974609375, 393.6465148925781, 373.148193359375, 268.5321960449219, 438.2530822753906, 587.0374755859375, 298.7802734375, 609.5599975585938, 681.5208129882812, 451.80718994140625, 211.8937225341797, 553.2722778320312, 320.8408203125, 358.08868408203125, 293.706787109375, 82.67616271972656, 292.9808044433594, 567.3499145507812, 318.3977355957031, 164.80508422851562]]

Step 304:
  Date/Day: 305
  Action: [[-0.6298799514770508, 1.0, -1.0, 1.0, 1.0, 1.0, 1.0, 1.0, 1.0, 1.0, -1.0, -1.0, -1.0, -1.0, 1.0, -1.0, -1.0, -1.0, -1.0, -1.0, -1.0, 1.0, -1.0, -1.0, 1.0, -1.0, 1.0, -1.0, 0.5007947683334351]]
  Reward: -0.37524786591529846
  Account Value: None
  Done: False
  Policy Mean: [[-0.6298799514770508, 14.391982078552246, -1.9978827238082886, 6.482957363128662, 6.524704933166504, 4.354557514190674, 4.061113357543945, 4.624668121337891, 15.90240478515625, 11.465014457702637, -10.256217002868652, -6.561071872711182, -7.330785751342773, -16.951812744140625, 3.127676010131836, -4.841912746429443, -13.453635215759277, -5.108076572418213, -13.651021957397461, -2.459846019744873, -3.533149242401123, 1.4395322799682617, -8.084169387817383, -5.601592063903809, 37.67757034301758, -2.2338356971740723, 1.9178613424301147, -9.373420715332031, 0.5007947683334351]]
  Policy Std: [[299.91778564453125, 239.42083740234375, 301.9099426269531, 427.91748046875, 610.9515380859375, 750.0004272460938, 426.6400146484375, 362.2680969238281, 338.62457275390625, 372.10198974609375, 393.6465148925781, 373.148193359375, 268.5321960449219, 438.2530822753906, 587.0374755859375, 298.7802734375, 609.5599975585938, 681.5208129882812, 451.80718994140625, 211.8937225341797, 553.2722778320312, 320.8408203125, 358.08868408203125, 293.706787109375, 82.67616271972656, 292.9808044433594, 567.3499145507812, 318.3977355957031, 164.80508422851562]]

Step 305:
  Date/Day: 306
  Action: [[-0.6298799514770508, 1.0, -1.0, 1.0, 1.0, 1.0, 1.0, 1.0, 1.0, 1.0, -1.0, -1.0, -1.0, -1.0, 1.0, -1.0, -1.0, -1.0, -1.0, -1.0, -1.0, 1.0, -1.0, -1.0, 1.0, -1.0, 1.0, -1.0, 0.5007947683334351]]
  Reward: -0.20437197387218475
  Account Value: None
  Done: False
  Policy Mean: [[-0.6298799514770508, 14.391982078552246, -1.9978827238082886, 6.482957363128662, 6.524704933166504, 4.354557514190674, 4.061113357543945, 4.624668121337891, 15.90240478515625, 11.465014457702637, -10.256217002868652, -6.561071872711182, -7.330785751342773, -16.951812744140625, 3.127676010131836, -4.841912746429443, -13.453635215759277, -5.108076572418213, -13.651021957397461, -2.459846019744873, -3.533149242401123, 1.4395322799682617, -8.084169387817383, -5.601592063903809, 37.67757034301758, -2.2338356971740723, 1.9178613424301147, -9.373420715332031, 0.5007947683334351]]
  Policy Std: [[299.91778564453125, 239.42083740234375, 301.9099426269531, 427.91748046875, 610.9515380859375, 750.0004272460938, 426.6400146484375, 362.2680969238281, 338.62457275390625, 372.10198974609375, 393.6465148925781, 373.148193359375, 268.5321960449219, 438.2530822753906, 587.0374755859375, 298.7802734375, 609.5599975585938, 681.5208129882812, 451.80718994140625, 211.8937225341797, 553.2722778320312, 320.8408203125, 358.08868408203125, 293.706787109375, 82.67616271972656, 292.9808044433594, 567.3499145507812, 318.3977355957031, 164.80508422851562]]

Step 306:
  Date/Day: 307
  Action: [[-0.6298799514770508, 1.0, -1.0, 1.0, 1.0, 1.0, 1.0, 1.0, 1.0, 1.0, -1.0, -1.0, -1.0, -1.0, 1.0, -1.0, -1.0, -1.0, -1.0, -1.0, -1.0, 1.0, -1.0, -1.0, 1.0, -1.0, 1.0, -1.0, 0.5007947683334351]]
  Reward: -2.7486443519592285
  Account Value: None
  Done: False
  Policy Mean: [[-0.6298799514770508, 14.391982078552246, -1.9978827238082886, 6.482957363128662, 6.524704933166504, 4.354557514190674, 4.061113357543945, 4.624668121337891, 15.90240478515625, 11.465014457702637, -10.256217002868652, -6.561071872711182, -7.330785751342773, -16.951812744140625, 3.127676010131836, -4.841912746429443, -13.453635215759277, -5.108076572418213, -13.651021957397461, -2.459846019744873, -3.533149242401123, 1.4395322799682617, -8.084169387817383, -5.601592063903809, 37.67757034301758, -2.2338356971740723, 1.9178613424301147, -9.373420715332031, 0.5007947683334351]]
  Policy Std: [[299.91778564453125, 239.42083740234375, 301.9099426269531, 427.91748046875, 610.9515380859375, 750.0004272460938, 426.6400146484375, 362.2680969238281, 338.62457275390625, 372.10198974609375, 393.6465148925781, 373.148193359375, 268.5321960449219, 438.2530822753906, 587.0374755859375, 298.7802734375, 609.5599975585938, 681.5208129882812, 451.80718994140625, 211.8937225341797, 553.2722778320312, 320.8408203125, 358.08868408203125, 293.706787109375, 82.67616271972656, 292.9808044433594, 567.3499145507812, 318.3977355957031, 164.80508422851562]]

Step 307:
  Date/Day: 308
  Action: [[-0.5129160284996033, 1.0, -1.0, 1.0, 1.0, 1.0, 1.0, 1.0, 1.0, 1.0, -1.0, -1.0, -1.0, -1.0, 1.0, -1.0, -1.0, -1.0, -1.0, -1.0, -1.0, 1.0, -1.0, -1.0, 1.0, -1.0, 1.0, -1.0, 0.5879912376403809]]
  Reward: -0.6736994385719299
  Account Value: None
  Done: False
  Policy Mean: [[-0.5129160284996033, 15.097168922424316, -1.965945839881897, 7.320861339569092, 6.746778964996338, 4.604583263397217, 3.8774020671844482, 4.758240222930908, 16.60776138305664, 12.074814796447754, -10.769025802612305, -6.618772983551025, -7.567256927490234, -17.37647247314453, 3.625227928161621, -5.175653457641602, -14.059550285339355, -5.3393096923828125, -14.218988418579102, -2.8025035858154297, -3.7162256240844727, 1.2623422145843506, -8.201020240783691, -5.619634628295898, 38.785491943359375, -2.051016330718994, 1.9131171703338623, -9.546866416931152, 0.5879912376403809]]
  Policy Std: [[299.91778564453125, 239.42083740234375, 301.9099426269531, 427.91748046875, 610.9515380859375, 750.0004272460938, 426.6400146484375, 362.2680969238281, 338.62457275390625, 372.10198974609375, 393.6465148925781, 373.148193359375, 268.5321960449219, 438.2530822753906, 587.0374755859375, 298.7802734375, 609.5599975585938, 681.5208129882812, 451.80718994140625, 211.8937225341797, 553.2722778320312, 320.8408203125, 358.08868408203125, 293.706787109375, 82.67616271972656, 292.9808044433594, 567.3499145507812, 318.3977355957031, 164.80508422851562]]

Step 308:
  Date/Day: 309
  Action: [[-0.5129160284996033, 1.0, -1.0, 1.0, 1.0, 1.0, 1.0, 1.0, 1.0, 1.0, -1.0, -1.0, -1.0, -1.0, 1.0, -1.0, -1.0, -1.0, -1.0, -1.0, -1.0, 1.0, -1.0, -1.0, 1.0, -1.0, 1.0, -1.0, 0.5879912376403809]]
  Reward: 0.9767898321151733
  Account Value: None
  Done: False
  Policy Mean: [[-0.5129160284996033, 15.097168922424316, -1.965945839881897, 7.320861339569092, 6.746778964996338, 4.604583263397217, 3.8774020671844482, 4.758240222930908, 16.60776138305664, 12.074814796447754, -10.769025802612305, -6.618772983551025, -7.567256927490234, -17.37647247314453, 3.625227928161621, -5.175653457641602, -14.059550285339355, -5.3393096923828125, -14.218988418579102, -2.8025035858154297, -3.7162256240844727, 1.2623422145843506, -8.201020240783691, -5.619634628295898, 38.785491943359375, -2.051016330718994, 1.9131171703338623, -9.546866416931152, 0.5879912376403809]]
  Policy Std: [[299.91778564453125, 239.42083740234375, 301.9099426269531, 427.91748046875, 610.9515380859375, 750.0004272460938, 426.6400146484375, 362.2680969238281, 338.62457275390625, 372.10198974609375, 393.6465148925781, 373.148193359375, 268.5321960449219, 438.2530822753906, 587.0374755859375, 298.7802734375, 609.5599975585938, 681.5208129882812, 451.80718994140625, 211.8937225341797, 553.2722778320312, 320.8408203125, 358.08868408203125, 293.706787109375, 82.67616271972656, 292.9808044433594, 567.3499145507812, 318.3977355957031, 164.80508422851562]]

Step 309:
  Date/Day: 310
  Action: [[-0.512917160987854, 1.0, -1.0, 1.0, 1.0, 1.0, 1.0, 1.0, 1.0, 1.0, -1.0, -1.0, -1.0, -1.0, 1.0, -1.0, -1.0, -1.0, -1.0, -1.0, -1.0, 1.0, -1.0, -1.0, 1.0, -1.0, 1.0, -1.0, 0.5879903435707092]]
  Reward: 2.2952661514282227
  Account Value: None
  Done: False
  Policy Mean: [[-0.512917160987854, 15.097160339355469, -1.9659463167190552, 7.320851802825928, 6.746777057647705, 4.604580402374268, 3.8774046897888184, 4.758238792419434, 16.60775375366211, 12.074808120727539, -10.769020080566406, -6.618772506713867, -7.567255020141602, -17.376468658447266, 3.6252219676971436, -5.175649166107178, -14.059542655944824, -5.339306831359863, -14.218982696533203, -2.802499532699585, -3.716223955154419, 1.2623443603515625, -8.201018333435059, -5.619635105133057, 38.785484313964844, -2.051018714904785, 1.9131172895431519, -9.546863555908203, 0.5879903435707092]]
  Policy Std: [[299.91778564453125, 239.42083740234375, 301.9099426269531, 427.91748046875, 610.9515380859375, 750.0004272460938, 426.6400146484375, 362.2680969238281, 338.62457275390625, 372.10198974609375, 393.6465148925781, 373.148193359375, 268.5321960449219, 438.2530822753906, 587.0374755859375, 298.7802734375, 609.5599975585938, 681.5208129882812, 451.80718994140625, 211.8937225341797, 553.2722778320312, 320.8408203125, 358.08868408203125, 293.706787109375, 82.67616271972656, 292.9808044433594, 567.3499145507812, 318.3977355957031, 164.80508422851562]]

Step 310:
  Date/Day: 311
  Action: [[-0.6298799514770508, 1.0, -1.0, 1.0, 1.0, 1.0, 1.0, 1.0, 1.0, 1.0, -1.0, -1.0, -1.0, -1.0, 1.0, -1.0, -1.0, -1.0, -1.0, -1.0, -1.0, 1.0, -1.0, -1.0, 1.0, -1.0, 1.0, -1.0, 0.5007947683334351]]
  Reward: 0.2795432209968567
  Account Value: None
  Done: False
  Policy Mean: [[-0.6298799514770508, 14.391982078552246, -1.9978827238082886, 6.482957363128662, 6.524704933166504, 4.354557514190674, 4.061113357543945, 4.624668121337891, 15.90240478515625, 11.465014457702637, -10.256217002868652, -6.561071872711182, -7.330785751342773, -16.951812744140625, 3.127676010131836, -4.841912746429443, -13.453635215759277, -5.108076572418213, -13.651021957397461, -2.459846019744873, -3.533149242401123, 1.4395322799682617, -8.084169387817383, -5.601592063903809, 37.67757034301758, -2.2338356971740723, 1.9178613424301147, -9.373420715332031, 0.5007947683334351]]
  Policy Std: [[299.91778564453125, 239.42083740234375, 301.9099426269531, 427.91748046875, 610.9515380859375, 750.0004272460938, 426.6400146484375, 362.2680969238281, 338.62457275390625, 372.10198974609375, 393.6465148925781, 373.148193359375, 268.5321960449219, 438.2530822753906, 587.0374755859375, 298.7802734375, 609.5599975585938, 681.5208129882812, 451.80718994140625, 211.8937225341797, 553.2722778320312, 320.8408203125, 358.08868408203125, 293.706787109375, 82.67616271972656, 292.9808044433594, 567.3499145507812, 318.3977355957031, 164.80508422851562]]

Step 311:
  Date/Day: 312
  Action: [[-0.6298799514770508, 1.0, -1.0, 1.0, 1.0, 1.0, 1.0, 1.0, 1.0, 1.0, -1.0, -1.0, -1.0, -1.0, 1.0, -1.0, -1.0, -1.0, -1.0, -1.0, -1.0, 1.0, -1.0, -1.0, 1.0, -1.0, 1.0, -1.0, 0.5007947683334351]]
  Reward: 0.3857014775276184
  Account Value: None
  Done: False
  Policy Mean: [[-0.6298799514770508, 14.391982078552246, -1.9978827238082886, 6.482957363128662, 6.524704933166504, 4.354557514190674, 4.061113357543945, 4.624668121337891, 15.90240478515625, 11.465014457702637, -10.256217002868652, -6.561071872711182, -7.330785751342773, -16.951812744140625, 3.127676010131836, -4.841912746429443, -13.453635215759277, -5.108076572418213, -13.651021957397461, -2.459846019744873, -3.533149242401123, 1.4395322799682617, -8.084169387817383, -5.601592063903809, 37.67757034301758, -2.2338356971740723, 1.9178613424301147, -9.373420715332031, 0.5007947683334351]]
  Policy Std: [[299.91778564453125, 239.42083740234375, 301.9099426269531, 427.91748046875, 610.9515380859375, 750.0004272460938, 426.6400146484375, 362.2680969238281, 338.62457275390625, 372.10198974609375, 393.6465148925781, 373.148193359375, 268.5321960449219, 438.2530822753906, 587.0374755859375, 298.7802734375, 609.5599975585938, 681.5208129882812, 451.80718994140625, 211.8937225341797, 553.2722778320312, 320.8408203125, 358.08868408203125, 293.706787109375, 82.67616271972656, 292.9808044433594, 567.3499145507812, 318.3977355957031, 164.80508422851562]]

Step 312:
  Date/Day: 313
  Action: [[-0.6298799514770508, 1.0, -1.0, 1.0, 1.0, 1.0, 1.0, 1.0, 1.0, 1.0, -1.0, -1.0, -1.0, -1.0, 1.0, -1.0, -1.0, -1.0, -1.0, -1.0, -1.0, 1.0, -1.0, -1.0, 1.0, -1.0, 1.0, -1.0, 0.5007947683334351]]
  Reward: -2.0336015224456787
  Account Value: None
  Done: False
  Policy Mean: [[-0.6298799514770508, 14.391982078552246, -1.9978827238082886, 6.482957363128662, 6.524704933166504, 4.354557514190674, 4.061113357543945, 4.624668121337891, 15.90240478515625, 11.465014457702637, -10.256217002868652, -6.561071872711182, -7.330785751342773, -16.951812744140625, 3.127676010131836, -4.841912746429443, -13.453635215759277, -5.108076572418213, -13.651021957397461, -2.459846019744873, -3.533149242401123, 1.4395322799682617, -8.084169387817383, -5.601592063903809, 37.67757034301758, -2.2338356971740723, 1.9178613424301147, -9.373420715332031, 0.5007947683334351]]
  Policy Std: [[299.91778564453125, 239.42083740234375, 301.9099426269531, 427.91748046875, 610.9515380859375, 750.0004272460938, 426.6400146484375, 362.2680969238281, 338.62457275390625, 372.10198974609375, 393.6465148925781, 373.148193359375, 268.5321960449219, 438.2530822753906, 587.0374755859375, 298.7802734375, 609.5599975585938, 681.5208129882812, 451.80718994140625, 211.8937225341797, 553.2722778320312, 320.8408203125, 358.08868408203125, 293.706787109375, 82.67616271972656, 292.9808044433594, 567.3499145507812, 318.3977355957031, 164.80508422851562]]

Step 313:
  Date/Day: 314
  Action: [[-0.6298799514770508, 1.0, -1.0, 1.0, 1.0, 1.0, 1.0, 1.0, 1.0, 1.0, -1.0, -1.0, -1.0, -1.0, 1.0, -1.0, -1.0, -1.0, -1.0, -1.0, -1.0, 1.0, -1.0, -1.0, 1.0, -1.0, 1.0, -1.0, 0.5007947683334351]]
  Reward: 0.116547591984272
  Account Value: None
  Done: False
  Policy Mean: [[-0.6298799514770508, 14.391982078552246, -1.9978827238082886, 6.482957363128662, 6.524704933166504, 4.354557514190674, 4.061113357543945, 4.624668121337891, 15.90240478515625, 11.465014457702637, -10.256217002868652, -6.561071872711182, -7.330785751342773, -16.951812744140625, 3.127676010131836, -4.841912746429443, -13.453635215759277, -5.108076572418213, -13.651021957397461, -2.459846019744873, -3.533149242401123, 1.4395322799682617, -8.084169387817383, -5.601592063903809, 37.67757034301758, -2.2338356971740723, 1.9178613424301147, -9.373420715332031, 0.5007947683334351]]
  Policy Std: [[299.91778564453125, 239.42083740234375, 301.9099426269531, 427.91748046875, 610.9515380859375, 750.0004272460938, 426.6400146484375, 362.2680969238281, 338.62457275390625, 372.10198974609375, 393.6465148925781, 373.148193359375, 268.5321960449219, 438.2530822753906, 587.0374755859375, 298.7802734375, 609.5599975585938, 681.5208129882812, 451.80718994140625, 211.8937225341797, 553.2722778320312, 320.8408203125, 358.08868408203125, 293.706787109375, 82.67616271972656, 292.9808044433594, 567.3499145507812, 318.3977355957031, 164.80508422851562]]

Step 314:
  Date/Day: 315
  Action: [[-0.6298799514770508, 1.0, -1.0, 1.0, 1.0, 1.0, 1.0, 1.0, 1.0, 1.0, -1.0, -1.0, -1.0, -1.0, 1.0, -1.0, -1.0, -1.0, -1.0, -1.0, -1.0, 1.0, -1.0, -1.0, 1.0, -1.0, 1.0, -1.0, 0.5007947683334351]]
  Reward: -2.1853363513946533
  Account Value: None
  Done: False
  Policy Mean: [[-0.6298799514770508, 14.391982078552246, -1.9978827238082886, 6.482957363128662, 6.524704933166504, 4.354557514190674, 4.061113357543945, 4.624668121337891, 15.90240478515625, 11.465014457702637, -10.256217002868652, -6.561071872711182, -7.330785751342773, -16.951812744140625, 3.127676010131836, -4.841912746429443, -13.453635215759277, -5.108076572418213, -13.651021957397461, -2.459846019744873, -3.533149242401123, 1.4395322799682617, -8.084169387817383, -5.601592063903809, 37.67757034301758, -2.2338356971740723, 1.9178613424301147, -9.373420715332031, 0.5007947683334351]]
  Policy Std: [[299.91778564453125, 239.42083740234375, 301.9099426269531, 427.91748046875, 610.9515380859375, 750.0004272460938, 426.6400146484375, 362.2680969238281, 338.62457275390625, 372.10198974609375, 393.6465148925781, 373.148193359375, 268.5321960449219, 438.2530822753906, 587.0374755859375, 298.7802734375, 609.5599975585938, 681.5208129882812, 451.80718994140625, 211.8937225341797, 553.2722778320312, 320.8408203125, 358.08868408203125, 293.706787109375, 82.67616271972656, 292.9808044433594, 567.3499145507812, 318.3977355957031, 164.80508422851562]]

Step 315:
  Date/Day: 316
  Action: [[-0.5129160284996033, 1.0, -1.0, 1.0, 1.0, 1.0, 1.0, 1.0, 1.0, 1.0, -1.0, -1.0, -1.0, -1.0, 1.0, -1.0, -1.0, -1.0, -1.0, -1.0, -1.0, 1.0, -1.0, -1.0, 1.0, -1.0, 1.0, -1.0, 0.5879912376403809]]
  Reward: 1.3706425428390503
  Account Value: None
  Done: False
  Policy Mean: [[-0.5129160284996033, 15.097168922424316, -1.965945839881897, 7.320861339569092, 6.746778964996338, 4.604583263397217, 3.8774020671844482, 4.758240222930908, 16.60776138305664, 12.074814796447754, -10.769025802612305, -6.618772983551025, -7.567256927490234, -17.37647247314453, 3.625227928161621, -5.175653457641602, -14.059550285339355, -5.3393096923828125, -14.218988418579102, -2.8025035858154297, -3.7162256240844727, 1.2623422145843506, -8.201020240783691, -5.619634628295898, 38.785491943359375, -2.051016330718994, 1.9131171703338623, -9.546866416931152, 0.5879912376403809]]
  Policy Std: [[299.91778564453125, 239.42083740234375, 301.9099426269531, 427.91748046875, 610.9515380859375, 750.0004272460938, 426.6400146484375, 362.2680969238281, 338.62457275390625, 372.10198974609375, 393.6465148925781, 373.148193359375, 268.5321960449219, 438.2530822753906, 587.0374755859375, 298.7802734375, 609.5599975585938, 681.5208129882812, 451.80718994140625, 211.8937225341797, 553.2722778320312, 320.8408203125, 358.08868408203125, 293.706787109375, 82.67616271972656, 292.9808044433594, 567.3499145507812, 318.3977355957031, 164.80508422851562]]

Step 316:
  Date/Day: 317
  Action: [[-0.582983672618866, 1.0, -1.0, 1.0, 1.0, 1.0, 1.0, 1.0, 1.0, 1.0, -1.0, -1.0, -1.0, -1.0, 1.0, -1.0, -1.0, -1.0, -1.0, -1.0, -1.0, 1.0, -1.0, -1.0, 1.0, -1.0, 1.0, -1.0, 0.534633994102478]]
  Reward: -1.474219560623169
  Account Value: None
  Done: False
  Policy Mean: [[-0.582983672618866, 14.67275619506836, -1.9868063926696777, 6.807924747467041, 6.613752365112305, 4.457387447357178, 3.9988622665405273, 4.675641059875488, 16.187952041625977, 11.709307670593262, -10.463811874389648, -6.587422847747803, -7.429606914520264, -17.127593994140625, 3.316232919692993, -4.967441558837891, -13.687895774841309, -5.201011657714844, -13.885343551635742, -2.5910725593566895, -3.6071298122406006, 1.3714625835418701, -8.134018898010254, -5.616225242614746, 38.12690353393555, -2.1646792888641357, 1.9178321361541748, -9.435633659362793, 0.534633994102478]]
  Policy Std: [[299.91778564453125, 239.42083740234375, 301.9099426269531, 427.91748046875, 610.9515380859375, 750.0004272460938, 426.6400146484375, 362.2680969238281, 338.62457275390625, 372.10198974609375, 393.6465148925781, 373.148193359375, 268.5321960449219, 438.2530822753906, 587.0374755859375, 298.7802734375, 609.5599975585938, 681.5208129882812, 451.80718994140625, 211.8937225341797, 553.2722778320312, 320.8408203125, 358.08868408203125, 293.706787109375, 82.67616271972656, 292.9808044433594, 567.3499145507812, 318.3977355957031, 164.80508422851562]]

Step 317:
  Date/Day: 318
  Action: [[-0.5129160284996033, 1.0, -1.0, 1.0, 1.0, 1.0, 1.0, 1.0, 1.0, 1.0, -1.0, -1.0, -1.0, -1.0, 1.0, -1.0, -1.0, -1.0, -1.0, -1.0, -1.0, 1.0, -1.0, -1.0, 1.0, -1.0, 1.0, -1.0, 0.5879912376403809]]
  Reward: 1.2832446098327637
  Account Value: None
  Done: False
  Policy Mean: [[-0.5129160284996033, 15.097168922424316, -1.965945839881897, 7.320861339569092, 6.746778964996338, 4.604583263397217, 3.8774020671844482, 4.758240222930908, 16.60776138305664, 12.074814796447754, -10.769025802612305, -6.618772983551025, -7.567256927490234, -17.37647247314453, 3.625227928161621, -5.175653457641602, -14.059550285339355, -5.3393096923828125, -14.218988418579102, -2.8025035858154297, -3.7162256240844727, 1.2623422145843506, -8.201020240783691, -5.619634628295898, 38.785491943359375, -2.051016330718994, 1.9131171703338623, -9.546866416931152, 0.5879912376403809]]
  Policy Std: [[299.91778564453125, 239.42083740234375, 301.9099426269531, 427.91748046875, 610.9515380859375, 750.0004272460938, 426.6400146484375, 362.2680969238281, 338.62457275390625, 372.10198974609375, 393.6465148925781, 373.148193359375, 268.5321960449219, 438.2530822753906, 587.0374755859375, 298.7802734375, 609.5599975585938, 681.5208129882812, 451.80718994140625, 211.8937225341797, 553.2722778320312, 320.8408203125, 358.08868408203125, 293.706787109375, 82.67616271972656, 292.9808044433594, 567.3499145507812, 318.3977355957031, 164.80508422851562]]

Step 318:
  Date/Day: 319
  Action: [[-0.6298799514770508, 1.0, -1.0, 1.0, 1.0, 1.0, 1.0, 1.0, 1.0, 1.0, -1.0, -1.0, -1.0, -1.0, 1.0, -1.0, -1.0, -1.0, -1.0, -1.0, -1.0, 1.0, -1.0, -1.0, 1.0, -1.0, 1.0, -1.0, 0.5007947683334351]]
  Reward: 0.2779196500778198
  Account Value: None
  Done: False
  Policy Mean: [[-0.6298799514770508, 14.391982078552246, -1.9978827238082886, 6.482957363128662, 6.524704933166504, 4.354557514190674, 4.061113357543945, 4.624668121337891, 15.90240478515625, 11.465014457702637, -10.256217002868652, -6.561071872711182, -7.330785751342773, -16.951812744140625, 3.127676010131836, -4.841912746429443, -13.453635215759277, -5.108076572418213, -13.651021957397461, -2.459846019744873, -3.533149242401123, 1.4395322799682617, -8.084169387817383, -5.601592063903809, 37.67757034301758, -2.2338356971740723, 1.9178613424301147, -9.373420715332031, 0.5007947683334351]]
  Policy Std: [[299.91778564453125, 239.42083740234375, 301.9099426269531, 427.91748046875, 610.9515380859375, 750.0004272460938, 426.6400146484375, 362.2680969238281, 338.62457275390625, 372.10198974609375, 393.6465148925781, 373.148193359375, 268.5321960449219, 438.2530822753906, 587.0374755859375, 298.7802734375, 609.5599975585938, 681.5208129882812, 451.80718994140625, 211.8937225341797, 553.2722778320312, 320.8408203125, 358.08868408203125, 293.706787109375, 82.67616271972656, 292.9808044433594, 567.3499145507812, 318.3977355957031, 164.80508422851562]]

Step 319:
  Date/Day: 320
  Action: [[-0.6298799514770508, 1.0, -1.0, 1.0, 1.0, 1.0, 1.0, 1.0, 1.0, 1.0, -1.0, -1.0, -1.0, -1.0, 1.0, -1.0, -1.0, -1.0, -1.0, -1.0, -1.0, 1.0, -1.0, -1.0, 1.0, -1.0, 1.0, -1.0, 0.5007947683334351]]
  Reward: 1.3717268705368042
  Account Value: None
  Done: False
  Policy Mean: [[-0.6298799514770508, 14.391982078552246, -1.9978827238082886, 6.482957363128662, 6.524704933166504, 4.354557514190674, 4.061113357543945, 4.624668121337891, 15.90240478515625, 11.465014457702637, -10.256217002868652, -6.561071872711182, -7.330785751342773, -16.951812744140625, 3.127676010131836, -4.841912746429443, -13.453635215759277, -5.108076572418213, -13.651021957397461, -2.459846019744873, -3.533149242401123, 1.4395322799682617, -8.084169387817383, -5.601592063903809, 37.67757034301758, -2.2338356971740723, 1.9178613424301147, -9.373420715332031, 0.5007947683334351]]
  Policy Std: [[299.91778564453125, 239.42083740234375, 301.9099426269531, 427.91748046875, 610.9515380859375, 750.0004272460938, 426.6400146484375, 362.2680969238281, 338.62457275390625, 372.10198974609375, 393.6465148925781, 373.148193359375, 268.5321960449219, 438.2530822753906, 587.0374755859375, 298.7802734375, 609.5599975585938, 681.5208129882812, 451.80718994140625, 211.8937225341797, 553.2722778320312, 320.8408203125, 358.08868408203125, 293.706787109375, 82.67616271972656, 292.9808044433594, 567.3499145507812, 318.3977355957031, 164.80508422851562]]

Step 320:
  Date/Day: 321
  Action: [[-0.6298799514770508, 1.0, -1.0, 1.0, 1.0, 1.0, 1.0, 1.0, 1.0, 1.0, -1.0, -1.0, -1.0, -1.0, 1.0, -1.0, -1.0, -1.0, -1.0, -1.0, -1.0, 1.0, -1.0, -1.0, 1.0, -1.0, 1.0, -1.0, 0.5007947683334351]]
  Reward: 0.22511668503284454
  Account Value: None
  Done: False
  Policy Mean: [[-0.6298799514770508, 14.391982078552246, -1.9978827238082886, 6.482957363128662, 6.524704933166504, 4.354557514190674, 4.061113357543945, 4.624668121337891, 15.90240478515625, 11.465014457702637, -10.256217002868652, -6.561071872711182, -7.330785751342773, -16.951812744140625, 3.127676010131836, -4.841912746429443, -13.453635215759277, -5.108076572418213, -13.651021957397461, -2.459846019744873, -3.533149242401123, 1.4395322799682617, -8.084169387817383, -5.601592063903809, 37.67757034301758, -2.2338356971740723, 1.9178613424301147, -9.373420715332031, 0.5007947683334351]]
  Policy Std: [[299.91778564453125, 239.42083740234375, 301.9099426269531, 427.91748046875, 610.9515380859375, 750.0004272460938, 426.6400146484375, 362.2680969238281, 338.62457275390625, 372.10198974609375, 393.6465148925781, 373.148193359375, 268.5321960449219, 438.2530822753906, 587.0374755859375, 298.7802734375, 609.5599975585938, 681.5208129882812, 451.80718994140625, 211.8937225341797, 553.2722778320312, 320.8408203125, 358.08868408203125, 293.706787109375, 82.67616271972656, 292.9808044433594, 567.3499145507812, 318.3977355957031, 164.80508422851562]]

Step 321:
  Date/Day: 322
  Action: [[-0.6298799514770508, 1.0, -1.0, 1.0, 1.0, 1.0, 1.0, 1.0, 1.0, 1.0, -1.0, -1.0, -1.0, -1.0, 1.0, -1.0, -1.0, -1.0, -1.0, -1.0, -1.0, 1.0, -1.0, -1.0, 1.0, -1.0, 1.0, -1.0, 0.5007947683334351]]
  Reward: -1.1245068311691284
  Account Value: None
  Done: False
  Policy Mean: [[-0.6298799514770508, 14.391982078552246, -1.9978827238082886, 6.482957363128662, 6.524704933166504, 4.354557514190674, 4.061113357543945, 4.624668121337891, 15.90240478515625, 11.465014457702637, -10.256217002868652, -6.561071872711182, -7.330785751342773, -16.951812744140625, 3.127676010131836, -4.841912746429443, -13.453635215759277, -5.108076572418213, -13.651021957397461, -2.459846019744873, -3.533149242401123, 1.4395322799682617, -8.084169387817383, -5.601592063903809, 37.67757034301758, -2.2338356971740723, 1.9178613424301147, -9.373420715332031, 0.5007947683334351]]
  Policy Std: [[299.91778564453125, 239.42083740234375, 301.9099426269531, 427.91748046875, 610.9515380859375, 750.0004272460938, 426.6400146484375, 362.2680969238281, 338.62457275390625, 372.10198974609375, 393.6465148925781, 373.148193359375, 268.5321960449219, 438.2530822753906, 587.0374755859375, 298.7802734375, 609.5599975585938, 681.5208129882812, 451.80718994140625, 211.8937225341797, 553.2722778320312, 320.8408203125, 358.08868408203125, 293.706787109375, 82.67616271972656, 292.9808044433594, 567.3499145507812, 318.3977355957031, 164.80508422851562]]

Step 322:
  Date/Day: 323
  Action: [[-0.6298799514770508, 1.0, -1.0, 1.0, 1.0, 1.0, 1.0, 1.0, 1.0, 1.0, -1.0, -1.0, -1.0, -1.0, 1.0, -1.0, -1.0, -1.0, -1.0, -1.0, -1.0, 1.0, -1.0, -1.0, 1.0, -1.0, 1.0, -1.0, 0.5007947683334351]]
  Reward: -0.5720866322517395
  Account Value: None
  Done: False
  Policy Mean: [[-0.6298799514770508, 14.391982078552246, -1.9978827238082886, 6.482957363128662, 6.524704933166504, 4.354557514190674, 4.061113357543945, 4.624668121337891, 15.90240478515625, 11.465014457702637, -10.256217002868652, -6.561071872711182, -7.330785751342773, -16.951812744140625, 3.127676010131836, -4.841912746429443, -13.453635215759277, -5.108076572418213, -13.651021957397461, -2.459846019744873, -3.533149242401123, 1.4395322799682617, -8.084169387817383, -5.601592063903809, 37.67757034301758, -2.2338356971740723, 1.9178613424301147, -9.373420715332031, 0.5007947683334351]]
  Policy Std: [[299.91778564453125, 239.42083740234375, 301.9099426269531, 427.91748046875, 610.9515380859375, 750.0004272460938, 426.6400146484375, 362.2680969238281, 338.62457275390625, 372.10198974609375, 393.6465148925781, 373.148193359375, 268.5321960449219, 438.2530822753906, 587.0374755859375, 298.7802734375, 609.5599975585938, 681.5208129882812, 451.80718994140625, 211.8937225341797, 553.2722778320312, 320.8408203125, 358.08868408203125, 293.706787109375, 82.67616271972656, 292.9808044433594, 567.3499145507812, 318.3977355957031, 164.80508422851562]]

Step 323:
  Date/Day: 324
  Action: [[-0.6298799514770508, 1.0, -1.0, 1.0, 1.0, 1.0, 1.0, 1.0, 1.0, 1.0, -1.0, -1.0, -1.0, -1.0, 1.0, -1.0, -1.0, -1.0, -1.0, -1.0, -1.0, 1.0, -1.0, -1.0, 1.0, -1.0, 1.0, -1.0, 0.5007947683334351]]
  Reward: 0.33668312430381775
  Account Value: None
  Done: False
  Policy Mean: [[-0.6298799514770508, 14.391982078552246, -1.9978827238082886, 6.482957363128662, 6.524704933166504, 4.354557514190674, 4.061113357543945, 4.624668121337891, 15.90240478515625, 11.465014457702637, -10.256217002868652, -6.561071872711182, -7.330785751342773, -16.951812744140625, 3.127676010131836, -4.841912746429443, -13.453635215759277, -5.108076572418213, -13.651021957397461, -2.459846019744873, -3.533149242401123, 1.4395322799682617, -8.084169387817383, -5.601592063903809, 37.67757034301758, -2.2338356971740723, 1.9178613424301147, -9.373420715332031, 0.5007947683334351]]
  Policy Std: [[299.91778564453125, 239.42083740234375, 301.9099426269531, 427.91748046875, 610.9515380859375, 750.0004272460938, 426.6400146484375, 362.2680969238281, 338.62457275390625, 372.10198974609375, 393.6465148925781, 373.148193359375, 268.5321960449219, 438.2530822753906, 587.0374755859375, 298.7802734375, 609.5599975585938, 681.5208129882812, 451.80718994140625, 211.8937225341797, 553.2722778320312, 320.8408203125, 358.08868408203125, 293.706787109375, 82.67616271972656, 292.9808044433594, 567.3499145507812, 318.3977355957031, 164.80508422851562]]

Step 324:
  Date/Day: 325
  Action: [[-0.6298799514770508, 1.0, -1.0, 1.0, 1.0, 1.0, 1.0, 1.0, 1.0, 1.0, -1.0, -1.0, -1.0, -1.0, 1.0, -1.0, -1.0, -1.0, -1.0, -1.0, -1.0, 1.0, -1.0, -1.0, 1.0, -1.0, 1.0, -1.0, 0.5007947683334351]]
  Reward: 2.2301201820373535
  Account Value: None
  Done: False
  Policy Mean: [[-0.6298799514770508, 14.391982078552246, -1.9978827238082886, 6.482957363128662, 6.524704933166504, 4.354557514190674, 4.061113357543945, 4.624668121337891, 15.90240478515625, 11.465014457702637, -10.256217002868652, -6.561071872711182, -7.330785751342773, -16.951812744140625, 3.127676010131836, -4.841912746429443, -13.453635215759277, -5.108076572418213, -13.651021957397461, -2.459846019744873, -3.533149242401123, 1.4395322799682617, -8.084169387817383, -5.601592063903809, 37.67757034301758, -2.2338356971740723, 1.9178613424301147, -9.373420715332031, 0.5007947683334351]]
  Policy Std: [[299.91778564453125, 239.42083740234375, 301.9099426269531, 427.91748046875, 610.9515380859375, 750.0004272460938, 426.6400146484375, 362.2680969238281, 338.62457275390625, 372.10198974609375, 393.6465148925781, 373.148193359375, 268.5321960449219, 438.2530822753906, 587.0374755859375, 298.7802734375, 609.5599975585938, 681.5208129882812, 451.80718994140625, 211.8937225341797, 553.2722778320312, 320.8408203125, 358.08868408203125, 293.706787109375, 82.67616271972656, 292.9808044433594, 567.3499145507812, 318.3977355957031, 164.80508422851562]]

Step 325:
  Date/Day: 326
  Action: [[-0.6298799514770508, 1.0, -1.0, 1.0, 1.0, 1.0, 1.0, 1.0, 1.0, 1.0, -1.0, -1.0, -1.0, -1.0, 1.0, -1.0, -1.0, -1.0, -1.0, -1.0, -1.0, 1.0, -1.0, -1.0, 1.0, -1.0, 1.0, -1.0, 0.5007947683334351]]
  Reward: 1.841670036315918
  Account Value: None
  Done: False
  Policy Mean: [[-0.6298799514770508, 14.391982078552246, -1.9978827238082886, 6.482957363128662, 6.524704933166504, 4.354557514190674, 4.061113357543945, 4.624668121337891, 15.90240478515625, 11.465014457702637, -10.256217002868652, -6.561071872711182, -7.330785751342773, -16.951812744140625, 3.127676010131836, -4.841912746429443, -13.453635215759277, -5.108076572418213, -13.651021957397461, -2.459846019744873, -3.533149242401123, 1.4395322799682617, -8.084169387817383, -5.601592063903809, 37.67757034301758, -2.2338356971740723, 1.9178613424301147, -9.373420715332031, 0.5007947683334351]]
  Policy Std: [[299.91778564453125, 239.42083740234375, 301.9099426269531, 427.91748046875, 610.9515380859375, 750.0004272460938, 426.6400146484375, 362.2680969238281, 338.62457275390625, 372.10198974609375, 393.6465148925781, 373.148193359375, 268.5321960449219, 438.2530822753906, 587.0374755859375, 298.7802734375, 609.5599975585938, 681.5208129882812, 451.80718994140625, 211.8937225341797, 553.2722778320312, 320.8408203125, 358.08868408203125, 293.706787109375, 82.67616271972656, 292.9808044433594, 567.3499145507812, 318.3977355957031, 164.80508422851562]]

Step 326:
  Date/Day: 327
  Action: [[-0.6298799514770508, 1.0, -1.0, 1.0, 1.0, 1.0, 1.0, 1.0, 1.0, 1.0, -1.0, -1.0, -1.0, -1.0, 1.0, -1.0, -1.0, -1.0, -1.0, -1.0, -1.0, 1.0, -1.0, -1.0, 1.0, -1.0, 1.0, -1.0, 0.5007947683334351]]
  Reward: -0.5055407285690308
  Account Value: None
  Done: False
  Policy Mean: [[-0.6298799514770508, 14.391982078552246, -1.9978827238082886, 6.482957363128662, 6.524704933166504, 4.354557514190674, 4.061113357543945, 4.624668121337891, 15.90240478515625, 11.465014457702637, -10.256217002868652, -6.561071872711182, -7.330785751342773, -16.951812744140625, 3.127676010131836, -4.841912746429443, -13.453635215759277, -5.108076572418213, -13.651021957397461, -2.459846019744873, -3.533149242401123, 1.4395322799682617, -8.084169387817383, -5.601592063903809, 37.67757034301758, -2.2338356971740723, 1.9178613424301147, -9.373420715332031, 0.5007947683334351]]
  Policy Std: [[299.91778564453125, 239.42083740234375, 301.9099426269531, 427.91748046875, 610.9515380859375, 750.0004272460938, 426.6400146484375, 362.2680969238281, 338.62457275390625, 372.10198974609375, 393.6465148925781, 373.148193359375, 268.5321960449219, 438.2530822753906, 587.0374755859375, 298.7802734375, 609.5599975585938, 681.5208129882812, 451.80718994140625, 211.8937225341797, 553.2722778320312, 320.8408203125, 358.08868408203125, 293.706787109375, 82.67616271972656, 292.9808044433594, 567.3499145507812, 318.3977355957031, 164.80508422851562]]

Step 327:
  Date/Day: 328
  Action: [[-0.6625966429710388, 1.0, -1.0, 1.0, 1.0, 1.0, 1.0, 1.0, 1.0, 1.0, -1.0, -1.0, -1.0, -1.0, 1.0, -1.0, -1.0, -1.0, -1.0, -1.0, -1.0, 1.0, -1.0, -1.0, 1.0, -1.0, 1.0, -1.0, 0.4785483479499817]]
  Reward: 0.7961615324020386
  Account Value: None
  Done: False
  Policy Mean: [[-0.6625966429710388, 14.158072471618652, -2.0041604042053223, 6.238147735595703, 6.424949645996094, 4.275113582611084, 4.080297946929932, 4.585198402404785, 15.653040885925293, 11.273640632629395, -10.090937614440918, -6.517646312713623, -7.247478485107422, -16.778898239135742, 3.036555528640747, -4.717890739440918, -13.257292747497559, -5.036459445953369, -13.416500091552734, -2.351114273071289, -3.447741746902466, 1.4555675983428955, -8.005016326904297, -5.599169731140137, 37.237308502197266, -2.246041774749756, 1.9277952909469604, -9.319082260131836, 0.4785483479499817]]
  Policy Std: [[299.91778564453125, 239.42083740234375, 301.9099426269531, 427.91748046875, 610.9515380859375, 750.0004272460938, 426.6400146484375, 362.2680969238281, 338.62457275390625, 372.10198974609375, 393.6465148925781, 373.148193359375, 268.5321960449219, 438.2530822753906, 587.0374755859375, 298.7802734375, 609.5599975585938, 681.5208129882812, 451.80718994140625, 211.8937225341797, 553.2722778320312, 320.8408203125, 358.08868408203125, 293.706787109375, 82.67616271972656, 292.9808044433594, 567.3499145507812, 318.3977355957031, 164.80508422851562]]

Step 328:
  Date/Day: 329
  Action: [[-0.662596583366394, 1.0, -1.0, 1.0, 1.0, 1.0, 1.0, 1.0, 1.0, 1.0, -1.0, -1.0, -1.0, -1.0, 1.0, -1.0, -1.0, -1.0, -1.0, -1.0, -1.0, 1.0, -1.0, -1.0, 1.0, -1.0, 1.0, -1.0, 0.47854840755462646]]
  Reward: 0.909195601940155
  Account Value: None
  Done: False
  Policy Mean: [[-0.662596583366394, 14.158074378967285, -2.0041604042053223, 6.2381486892700195, 6.42495059967041, 4.275114059448242, 4.080297946929932, 4.585198879241943, 15.653042793273926, 11.273642539978027, -10.090938568115234, -6.517646789550781, -7.247479438781738, -16.778900146484375, 3.0365560054779053, -4.717890739440918, -13.257294654846191, -5.036459922790527, -13.416501998901367, -2.3511152267456055, -3.447742223739624, 1.4555675983428955, -8.005017280578613, -5.59916877746582, 37.23731231689453, -2.246042013168335, 1.9277952909469604, -9.319083213806152, 0.47854840755462646]]
  Policy Std: [[299.91778564453125, 239.42083740234375, 301.9099426269531, 427.91748046875, 610.9515380859375, 750.0004272460938, 426.6400146484375, 362.2680969238281, 338.62457275390625, 372.10198974609375, 393.6465148925781, 373.148193359375, 268.5321960449219, 438.2530822753906, 587.0374755859375, 298.7802734375, 609.5599975585938, 681.5208129882812, 451.80718994140625, 211.8937225341797, 553.2722778320312, 320.8408203125, 358.08868408203125, 293.706787109375, 82.67616271972656, 292.9808044433594, 567.3499145507812, 318.3977355957031, 164.80508422851562]]

Step 329:
  Date/Day: 330
  Action: [[-0.6298799514770508, 1.0, -1.0, 1.0, 1.0, 1.0, 1.0, 1.0, 1.0, 1.0, -1.0, -1.0, -1.0, -1.0, 1.0, -1.0, -1.0, -1.0, -1.0, -1.0, -1.0, 1.0, -1.0, -1.0, 1.0, -1.0, 1.0, -1.0, 0.5007947683334351]]
  Reward: 0.1504570096731186
  Account Value: None
  Done: False
  Policy Mean: [[-0.6298799514770508, 14.391982078552246, -1.9978827238082886, 6.482957363128662, 6.524704933166504, 4.354557514190674, 4.061113357543945, 4.624668121337891, 15.90240478515625, 11.465014457702637, -10.256217002868652, -6.561071872711182, -7.330785751342773, -16.951812744140625, 3.127676010131836, -4.841912746429443, -13.453635215759277, -5.108076572418213, -13.651021957397461, -2.459846019744873, -3.533149242401123, 1.4395322799682617, -8.084169387817383, -5.601592063903809, 37.67757034301758, -2.2338356971740723, 1.9178613424301147, -9.373420715332031, 0.5007947683334351]]
  Policy Std: [[299.91778564453125, 239.42083740234375, 301.9099426269531, 427.91748046875, 610.9515380859375, 750.0004272460938, 426.6400146484375, 362.2680969238281, 338.62457275390625, 372.10198974609375, 393.6465148925781, 373.148193359375, 268.5321960449219, 438.2530822753906, 587.0374755859375, 298.7802734375, 609.5599975585938, 681.5208129882812, 451.80718994140625, 211.8937225341797, 553.2722778320312, 320.8408203125, 358.08868408203125, 293.706787109375, 82.67616271972656, 292.9808044433594, 567.3499145507812, 318.3977355957031, 164.80508422851562]]

Step 330:
  Date/Day: 331
  Action: [[-0.6298799514770508, 1.0, -1.0, 1.0, 1.0, 1.0, 1.0, 1.0, 1.0, 1.0, -1.0, -1.0, -1.0, -1.0, 1.0, -1.0, -1.0, -1.0, -1.0, -1.0, -1.0, 1.0, -1.0, -1.0, 1.0, -1.0, 1.0, -1.0, 0.5007947683334351]]
  Reward: 0.8325576186180115
  Account Value: None
  Done: False
  Policy Mean: [[-0.6298799514770508, 14.391982078552246, -1.9978827238082886, 6.482957363128662, 6.524704933166504, 4.354557514190674, 4.061113357543945, 4.624668121337891, 15.90240478515625, 11.465014457702637, -10.256217002868652, -6.561071872711182, -7.330785751342773, -16.951812744140625, 3.127676010131836, -4.841912746429443, -13.453635215759277, -5.108076572418213, -13.651021957397461, -2.459846019744873, -3.533149242401123, 1.4395322799682617, -8.084169387817383, -5.601592063903809, 37.67757034301758, -2.2338356971740723, 1.9178613424301147, -9.373420715332031, 0.5007947683334351]]
  Policy Std: [[299.91778564453125, 239.42083740234375, 301.9099426269531, 427.91748046875, 610.9515380859375, 750.0004272460938, 426.6400146484375, 362.2680969238281, 338.62457275390625, 372.10198974609375, 393.6465148925781, 373.148193359375, 268.5321960449219, 438.2530822753906, 587.0374755859375, 298.7802734375, 609.5599975585938, 681.5208129882812, 451.80718994140625, 211.8937225341797, 553.2722778320312, 320.8408203125, 358.08868408203125, 293.706787109375, 82.67616271972656, 292.9808044433594, 567.3499145507812, 318.3977355957031, 164.80508422851562]]

Step 331:
  Date/Day: 332
  Action: [[-0.6298799514770508, 1.0, -1.0, 1.0, 1.0, 1.0, 1.0, 1.0, 1.0, 1.0, -1.0, -1.0, -1.0, -1.0, 1.0, -1.0, -1.0, -1.0, -1.0, -1.0, -1.0, 1.0, -1.0, -1.0, 1.0, -1.0, 1.0, -1.0, 0.5007947683334351]]
  Reward: 0.407733678817749
  Account Value: None
  Done: False
  Policy Mean: [[-0.6298799514770508, 14.391982078552246, -1.9978827238082886, 6.482957363128662, 6.524704933166504, 4.354557514190674, 4.061113357543945, 4.624668121337891, 15.90240478515625, 11.465014457702637, -10.256217002868652, -6.561071872711182, -7.330785751342773, -16.951812744140625, 3.127676010131836, -4.841912746429443, -13.453635215759277, -5.108076572418213, -13.651021957397461, -2.459846019744873, -3.533149242401123, 1.4395322799682617, -8.084169387817383, -5.601592063903809, 37.67757034301758, -2.2338356971740723, 1.9178613424301147, -9.373420715332031, 0.5007947683334351]]
  Policy Std: [[299.91778564453125, 239.42083740234375, 301.9099426269531, 427.91748046875, 610.9515380859375, 750.0004272460938, 426.6400146484375, 362.2680969238281, 338.62457275390625, 372.10198974609375, 393.6465148925781, 373.148193359375, 268.5321960449219, 438.2530822753906, 587.0374755859375, 298.7802734375, 609.5599975585938, 681.5208129882812, 451.80718994140625, 211.8937225341797, 553.2722778320312, 320.8408203125, 358.08868408203125, 293.706787109375, 82.67616271972656, 292.9808044433594, 567.3499145507812, 318.3977355957031, 164.80508422851562]]

Step 332:
  Date/Day: 333
  Action: [[-0.6298799514770508, 1.0, -1.0, 1.0, 1.0, 1.0, 1.0, 1.0, 1.0, 1.0, -1.0, -1.0, -1.0, -1.0, 1.0, -1.0, -1.0, -1.0, -1.0, -1.0, -1.0, 1.0, -1.0, -1.0, 1.0, -1.0, 1.0, -1.0, 0.5007947683334351]]
  Reward: 0.41052260994911194
  Account Value: None
  Done: False
  Policy Mean: [[-0.6298799514770508, 14.391982078552246, -1.9978827238082886, 6.482957363128662, 6.524704933166504, 4.354557514190674, 4.061113357543945, 4.624668121337891, 15.90240478515625, 11.465014457702637, -10.256217002868652, -6.561071872711182, -7.330785751342773, -16.951812744140625, 3.127676010131836, -4.841912746429443, -13.453635215759277, -5.108076572418213, -13.651021957397461, -2.459846019744873, -3.533149242401123, 1.4395322799682617, -8.084169387817383, -5.601592063903809, 37.67757034301758, -2.2338356971740723, 1.9178613424301147, -9.373420715332031, 0.5007947683334351]]
  Policy Std: [[299.91778564453125, 239.42083740234375, 301.9099426269531, 427.91748046875, 610.9515380859375, 750.0004272460938, 426.6400146484375, 362.2680969238281, 338.62457275390625, 372.10198974609375, 393.6465148925781, 373.148193359375, 268.5321960449219, 438.2530822753906, 587.0374755859375, 298.7802734375, 609.5599975585938, 681.5208129882812, 451.80718994140625, 211.8937225341797, 553.2722778320312, 320.8408203125, 358.08868408203125, 293.706787109375, 82.67616271972656, 292.9808044433594, 567.3499145507812, 318.3977355957031, 164.80508422851562]]

Step 333:
  Date/Day: 334
  Action: [[-0.6298799514770508, 1.0, -1.0, 1.0, 1.0, 1.0, 1.0, 1.0, 1.0, 1.0, -1.0, -1.0, -1.0, -1.0, 1.0, -1.0, -1.0, -1.0, -1.0, -1.0, -1.0, 1.0, -1.0, -1.0, 1.0, -1.0, 1.0, -1.0, 0.5007947683334351]]
  Reward: -1.2903400659561157
  Account Value: None
  Done: False
  Policy Mean: [[-0.6298799514770508, 14.391982078552246, -1.9978827238082886, 6.482957363128662, 6.524704933166504, 4.354557514190674, 4.061113357543945, 4.624668121337891, 15.90240478515625, 11.465014457702637, -10.256217002868652, -6.561071872711182, -7.330785751342773, -16.951812744140625, 3.127676010131836, -4.841912746429443, -13.453635215759277, -5.108076572418213, -13.651021957397461, -2.459846019744873, -3.533149242401123, 1.4395322799682617, -8.084169387817383, -5.601592063903809, 37.67757034301758, -2.2338356971740723, 1.9178613424301147, -9.373420715332031, 0.5007947683334351]]
  Policy Std: [[299.91778564453125, 239.42083740234375, 301.9099426269531, 427.91748046875, 610.9515380859375, 750.0004272460938, 426.6400146484375, 362.2680969238281, 338.62457275390625, 372.10198974609375, 393.6465148925781, 373.148193359375, 268.5321960449219, 438.2530822753906, 587.0374755859375, 298.7802734375, 609.5599975585938, 681.5208129882812, 451.80718994140625, 211.8937225341797, 553.2722778320312, 320.8408203125, 358.08868408203125, 293.706787109375, 82.67616271972656, 292.9808044433594, 567.3499145507812, 318.3977355957031, 164.80508422851562]]

Step 334:
  Date/Day: 0
  Action: [[-0.6298799514770508, 1.0, -1.0, 1.0, 1.0, 1.0, 1.0, 1.0, 1.0, 1.0, -1.0, -1.0, -1.0, -1.0, 1.0, -1.0, -1.0, -1.0, -1.0, -1.0, -1.0, 1.0, -1.0, -1.0, 1.0, -1.0, 1.0, -1.0, 0.5007947683334351]]
  Reward: -1.2903400659561157
  Account Value: None
  Done: True
  Policy Mean: [[-0.6298799514770508, 14.391982078552246, -1.9978827238082886, 6.482957363128662, 6.524704933166504, 4.354557514190674, 4.061113357543945, 4.624668121337891, 15.90240478515625, 11.465014457702637, -10.256217002868652, -6.561071872711182, -7.330785751342773, -16.951812744140625, 3.127676010131836, -4.841912746429443, -13.453635215759277, -5.108076572418213, -13.651021957397461, -2.459846019744873, -3.533149242401123, 1.4395322799682617, -8.084169387817383, -5.601592063903809, 37.67757034301758, -2.2338356971740723, 1.9178613424301147, -9.373420715332031, 0.5007947683334351]]
  Policy Std: [[299.91778564453125, 239.42083740234375, 301.9099426269531, 427.91748046875, 610.9515380859375, 750.0004272460938, 426.6400146484375, 362.2680969238281, 338.62457275390625, 372.10198974609375, 393.6465148925781, 373.148193359375, 268.5321960449219, 438.2530822753906, 587.0374755859375, 298.7802734375, 609.5599975585938, 681.5208129882812, 451.80718994140625, 211.8937225341797, 553.2722778320312, 320.8408203125, 358.08868408203125, 293.706787109375, 82.67616271972656, 292.9808044433594, 567.3499145507812, 318.3977355957031, 164.80508422851562]]

PERFORMANCE METRICS:
----------------------------------------
Max Single Step Reward: 4.018095
Min Single Step Reward: -3.770767
Reward Standard Deviation: 1.098053

PERIOD SUMMARY:
----------------------------------------
Model was trained on data from 2009-01-02 to 2020-06-30
Training period duration: 4197 days (11.49 years)
Episode tested on data from 2020-07-01 to 2021-10-27

================================================================================
Report generated on: 2025-07-28 16:09:43
================================================================================
