================================================================================
DEEP REINFORCEMENT LEARNING TRADING EPISODE REPORT
================================================================================
Generated: 2025-07-29 14:08:23
Report ID: 250729_1408

MODEL INFORMATION:
----------------------------------------
Model Name: PPO
Model Class: PPO
Timesteps: 2048
Timesteps Formatted: 2048
Deterministic Prediction: True

POLICY INFORMATION:
----------------------------------------
Policy Class: ActorCriticPolicy
Policy Type: stable_baselines3.common.policies.ActorCriticPolicy
Has Mlp Extractor: True
Mlp Extractor Type: MlpExtractor
Network Architecture: {'pi': [64, 64], 'vf': [64, 64]}
Activation Function: <class 'torch.nn.modules.activation.Tanh'>

Features Extractor:
  Type: FlattenExtractor
  Parameters: 0
  Structure:
    Layer 0: Flatten

Policy Network:
  Parameters: 22,848
  Layers:
    Layer 0: Linear (291 -> 64)
    Layer 1: Tanh
    Layer 2: Linear (64 -> 64)
    Layer 3: Tanh

Value Network:
  Parameters: 22,848
  Layers:
    Layer 0: Linear (291 -> 64)
    Layer 1: Tanh
    Layer 2: Linear (64 -> 64)
    Layer 3: Tanh

Action Network:
  Type: Linear
  Parameters: 1,885
  Structure: Linear(in_features=64, out_features=29, bias=True)
  Action Distribution: DiagGaussianDistribution

Value Network (Output):
  Type: Linear
  Parameters: 65
  Structure: Linear(in_features=64, out_features=1, bias=True)

Parameter Summary:
  Total Parameters: 47,675
  Trainable Parameters: 47,675

MODEL HYPER-PARAMETERS:
----------------------------------------
Learning Rate: 0.0001
Gamma: 0.99
Gae Lambda: 0.95
Clip Range: <function get_schedule_fn.<locals>.<lambda> at 0x7f3be7463d30>
Clip Range Vf: None
Ent Coef: 0.001
Vf Coef: 0.5
Max Grad Norm: 0.5
N Steps: 2048
Batch Size: 256
N Epochs: 10
Action Noise: None
Tensorboard Log: None
Verbose: 2
Optimizer Type: Adam
Optimizer Group 0 Lr: 0.0001
Optimizer Group 0 Betas: (0.9, 0.999)
Optimizer Group 0 Eps: 1e-05
Optimizer Group 0 Weight Decay: 0
Optimizer Group 0 Amsgrad: False
Optimizer Group 0 Maximize: False
Optimizer Group 0 Foreach: None
Optimizer Group 0 Capturable: False
Optimizer Group 0 Differentiable: False
Optimizer Group 0 Fused: None
Net Arch: {'pi': [64, 64], 'vf': [64, 64]}
Activation Fn: <class 'torch.nn.modules.activation.Tanh'>
Features Extractor Class: FlattenExtractor
Normalize Advantage: True
Use Sde: False
Num Timesteps: 2048
Device: cpu

TRAINING PERIOD INFORMATION:
----------------------------------------
Train Start Date: 2009-01-02
Train End Date: 2020-06-30
Test Start Date: 2020-07-01
Test End Date: 2021-10-27
Training Duration Days: 4197
Training Duration Years: 11.490759753593428

ENVIRONMENT INFORMATION:
----------------------------------------
Environment Class: StockTradingEnv
Data Length: 335
Initial Amount: 1000000
Stock Dimension: 29
Action Space: Box(-1.0, 1.0, (29,), float32)
State Space: 291

EPISODE SUMMARY:
----------------------------------------
Total Steps: 335
Total Reward: 8.601891
Average Reward per Step: 0.025677
Episode Completion: Full Episode

DETAILED STEP TRACE:
----------------------------------------
Step 0:
  Date/Day: 1
  Action: [[-0.0028459602035582066, -0.023653583601117134, -0.015307039953768253, -0.002857270883396268, 0.01384352333843708, 0.020236508920788765, 0.01160284411162138, -0.01986834593117237, -0.020229915156960487, 0.002753304783254862, 0.019623301923274994, -0.0032842541113495827, -0.014163716696202755, 0.03439606726169586, -0.012822598218917847, 0.015829479321837425, 0.01628030836582184, -0.01647503860294819, -0.010902786627411842, 0.007184278219938278, 0.0018172007985413074, 0.023785900324583054, 0.012746922671794891, -0.0040528131648898125, -0.007749701850116253, 0.028500741347670555, 0.009736492298543453, -0.002384427236393094, 0.010905957780778408]]
  Reward: 0.0008555891108699143
  Account Value: None
  Done: False
  Policy Mean: [[-0.0028459602035582066, -0.023653583601117134, -0.015307039953768253, -0.002857270883396268, 0.01384352333843708, 0.020236508920788765, 0.01160284411162138, -0.01986834593117237, -0.020229915156960487, 0.002753304783254862, 0.019623301923274994, -0.0032842541113495827, -0.014163716696202755, 0.03439606726169586, -0.012822598218917847, 0.015829479321837425, 0.01628030836582184, -0.01647503860294819, -0.010902786627411842, 0.007184278219938278, 0.0018172007985413074, 0.023785900324583054, 0.012746922671794891, -0.0040528131648898125, -0.007749701850116253, 0.028500741347670555, 0.009736492298543453, -0.002384427236393094, 0.010905957780778408]]
  Policy Std: [[0.9991067051887512, 1.0012518167495728, 1.0019515752792358, 1.0023138523101807, 0.9989719390869141, 1.0008952617645264, 1.0002809762954712, 1.002434492111206, 1.0006232261657715, 0.9992192983627319, 1.0001494884490967, 1.0011566877365112, 0.9982251524925232, 1.00291109085083, 1.0022505521774292, 0.9988248348236084, 1.0015581846237183, 0.9973443746566772, 1.00054132938385, 1.0021677017211914, 1.0029916763305664, 0.9990875124931335, 0.9989128112792969, 1.0027989149093628, 1.000711441040039, 0.999455451965332, 0.9992843866348267, 0.9995128512382507, 1.0009386539459229]]

Step 1:
  Date/Day: 2
  Action: [[-0.0028459602035582066, -0.023653583601117134, -0.015307039953768253, -0.002857270883396268, 0.01384352333843708, 0.020236508920788765, 0.01160284411162138, -0.01986834593117237, -0.020229915156960487, 0.002753304783254862, 0.019623301923274994, -0.0032842541113495827, -0.014163716696202755, 0.03439606726169586, -0.012822598218917847, 0.015829479321837425, 0.01628030836582184, -0.01647503860294819, -0.010902786627411842, 0.007184278219938278, 0.0018172007985413074, 0.023785900324583054, 0.012746922671794891, -0.0040528131648898125, -0.007749701850116253, 0.028500741347670555, 0.009736492298543453, -0.002384427236393094, 0.010905957780778408]]
  Reward: 0.004773146938532591
  Account Value: None
  Done: False
  Policy Mean: [[-0.0028459602035582066, -0.023653583601117134, -0.015307039953768253, -0.002857270883396268, 0.01384352333843708, 0.020236508920788765, 0.01160284411162138, -0.01986834593117237, -0.020229915156960487, 0.002753304783254862, 0.019623301923274994, -0.0032842541113495827, -0.014163716696202755, 0.03439606726169586, -0.012822598218917847, 0.015829479321837425, 0.01628030836582184, -0.01647503860294819, -0.010902786627411842, 0.007184278219938278, 0.0018172007985413074, 0.023785900324583054, 0.012746922671794891, -0.0040528131648898125, -0.007749701850116253, 0.028500741347670555, 0.009736492298543453, -0.002384427236393094, 0.010905957780778408]]
  Policy Std: [[0.9991067051887512, 1.0012518167495728, 1.0019515752792358, 1.0023138523101807, 0.9989719390869141, 1.0008952617645264, 1.0002809762954712, 1.002434492111206, 1.0006232261657715, 0.9992192983627319, 1.0001494884490967, 1.0011566877365112, 0.9982251524925232, 1.00291109085083, 1.0022505521774292, 0.9988248348236084, 1.0015581846237183, 0.9973443746566772, 1.00054132938385, 1.0021677017211914, 1.0029916763305664, 0.9990875124931335, 0.9989128112792969, 1.0027989149093628, 1.000711441040039, 0.999455451965332, 0.9992843866348267, 0.9995128512382507, 1.0009386539459229]]

Step 2:
  Date/Day: 3
  Action: [[-0.0028459602035582066, -0.023653583601117134, -0.015307039953768253, -0.002857270883396268, 0.01384352333843708, 0.020236508920788765, 0.01160284411162138, -0.01986834593117237, -0.020229915156960487, 0.002753304783254862, 0.019623301923274994, -0.0032842541113495827, -0.014163716696202755, 0.03439606726169586, -0.012822598218917847, 0.015829479321837425, 0.01628030836582184, -0.01647503860294819, -0.010902786627411842, 0.007184278219938278, 0.0018172007985413074, 0.023785900324583054, 0.012746922671794891, -0.0040528131648898125, -0.007749701850116253, 0.028500741347670555, 0.009736492298543453, -0.002384427236393094, 0.010905957780778408]]
  Reward: -0.005526124499738216
  Account Value: None
  Done: False
  Policy Mean: [[-0.0028459602035582066, -0.023653583601117134, -0.015307039953768253, -0.002857270883396268, 0.01384352333843708, 0.020236508920788765, 0.01160284411162138, -0.01986834593117237, -0.020229915156960487, 0.002753304783254862, 0.019623301923274994, -0.0032842541113495827, -0.014163716696202755, 0.03439606726169586, -0.012822598218917847, 0.015829479321837425, 0.01628030836582184, -0.01647503860294819, -0.010902786627411842, 0.007184278219938278, 0.0018172007985413074, 0.023785900324583054, 0.012746922671794891, -0.0040528131648898125, -0.007749701850116253, 0.028500741347670555, 0.009736492298543453, -0.002384427236393094, 0.010905957780778408]]
  Policy Std: [[0.9991067051887512, 1.0012518167495728, 1.0019515752792358, 1.0023138523101807, 0.9989719390869141, 1.0008952617645264, 1.0002809762954712, 1.002434492111206, 1.0006232261657715, 0.9992192983627319, 1.0001494884490967, 1.0011566877365112, 0.9982251524925232, 1.00291109085083, 1.0022505521774292, 0.9988248348236084, 1.0015581846237183, 0.9973443746566772, 1.00054132938385, 1.0021677017211914, 1.0029916763305664, 0.9990875124931335, 0.9989128112792969, 1.0027989149093628, 1.000711441040039, 0.999455451965332, 0.9992843866348267, 0.9995128512382507, 1.0009386539459229]]

Step 3:
  Date/Day: 4
  Action: [[-0.0028459602035582066, -0.023653583601117134, -0.015307039953768253, -0.002857270883396268, 0.01384352333843708, 0.020236508920788765, 0.01160284411162138, -0.01986834593117237, -0.020229915156960487, 0.002753304783254862, 0.019623301923274994, -0.0032842541113495827, -0.014163716696202755, 0.03439606726169586, -0.012822598218917847, 0.015829479321837425, 0.01628030836582184, -0.01647503860294819, -0.010902786627411842, 0.007184278219938278, 0.0018172007985413074, 0.023785900324583054, 0.012746922671794891, -0.0040528131648898125, -0.007749701850116253, 0.028500741347670555, 0.009736492298543453, -0.002384427236393094, 0.010905957780778408]]
  Reward: 0.006030404940247536
  Account Value: None
  Done: False
  Policy Mean: [[-0.0028459602035582066, -0.023653583601117134, -0.015307039953768253, -0.002857270883396268, 0.01384352333843708, 0.020236508920788765, 0.01160284411162138, -0.01986834593117237, -0.020229915156960487, 0.002753304783254862, 0.019623301923274994, -0.0032842541113495827, -0.014163716696202755, 0.03439606726169586, -0.012822598218917847, 0.015829479321837425, 0.01628030836582184, -0.01647503860294819, -0.010902786627411842, 0.007184278219938278, 0.0018172007985413074, 0.023785900324583054, 0.012746922671794891, -0.0040528131648898125, -0.007749701850116253, 0.028500741347670555, 0.009736492298543453, -0.002384427236393094, 0.010905957780778408]]
  Policy Std: [[0.9991067051887512, 1.0012518167495728, 1.0019515752792358, 1.0023138523101807, 0.9989719390869141, 1.0008952617645264, 1.0002809762954712, 1.002434492111206, 1.0006232261657715, 0.9992192983627319, 1.0001494884490967, 1.0011566877365112, 0.9982251524925232, 1.00291109085083, 1.0022505521774292, 0.9988248348236084, 1.0015581846237183, 0.9973443746566772, 1.00054132938385, 1.0021677017211914, 1.0029916763305664, 0.9990875124931335, 0.9989128112792969, 1.0027989149093628, 1.000711441040039, 0.999455451965332, 0.9992843866348267, 0.9995128512382507, 1.0009386539459229]]

Step 4:
  Date/Day: 5
  Action: [[-0.0028459602035582066, -0.023653583601117134, -0.015307039953768253, -0.002857270883396268, 0.01384352333843708, 0.020236508920788765, 0.01160284411162138, -0.01986834593117237, -0.020229915156960487, 0.002753304783254862, 0.019623301923274994, -0.0032842541113495827, -0.014163716696202755, 0.03439606726169586, -0.012822598218917847, 0.015829479321837425, 0.01628030836582184, -0.01647503860294819, -0.010902786627411842, 0.007184278219938278, 0.0018172007985413074, 0.023785900324583054, 0.012746922671794891, -0.0040528131648898125, -0.007749701850116253, 0.028500741347670555, 0.009736492298543453, -0.002384427236393094, 0.010905957780778408]]
  Reward: -0.005970888305455446
  Account Value: None
  Done: False
  Policy Mean: [[-0.0028459602035582066, -0.023653583601117134, -0.015307039953768253, -0.002857270883396268, 0.01384352333843708, 0.020236508920788765, 0.01160284411162138, -0.01986834593117237, -0.020229915156960487, 0.002753304783254862, 0.019623301923274994, -0.0032842541113495827, -0.014163716696202755, 0.03439606726169586, -0.012822598218917847, 0.015829479321837425, 0.01628030836582184, -0.01647503860294819, -0.010902786627411842, 0.007184278219938278, 0.0018172007985413074, 0.023785900324583054, 0.012746922671794891, -0.0040528131648898125, -0.007749701850116253, 0.028500741347670555, 0.009736492298543453, -0.002384427236393094, 0.010905957780778408]]
  Policy Std: [[0.9991067051887512, 1.0012518167495728, 1.0019515752792358, 1.0023138523101807, 0.9989719390869141, 1.0008952617645264, 1.0002809762954712, 1.002434492111206, 1.0006232261657715, 0.9992192983627319, 1.0001494884490967, 1.0011566877365112, 0.9982251524925232, 1.00291109085083, 1.0022505521774292, 0.9988248348236084, 1.0015581846237183, 0.9973443746566772, 1.00054132938385, 1.0021677017211914, 1.0029916763305664, 0.9990875124931335, 0.9989128112792969, 1.0027989149093628, 1.000711441040039, 0.999455451965332, 0.9992843866348267, 0.9995128512382507, 1.0009386539459229]]

Step 5:
  Date/Day: 6
  Action: [[-0.0028459602035582066, -0.023653583601117134, -0.015307039953768253, -0.002857270883396268, 0.01384352333843708, 0.020236508920788765, 0.01160284411162138, -0.01986834593117237, -0.020229915156960487, 0.002753304783254862, 0.019623301923274994, -0.0032842541113495827, -0.014163716696202755, 0.03439606726169586, -0.012822598218917847, 0.015829479321837425, 0.01628030836582184, -0.01647503860294819, -0.010902786627411842, 0.007184278219938278, 0.0018172007985413074, 0.023785900324583054, 0.012746922671794891, -0.0040528131648898125, -0.007749701850116253, 0.028500741347670555, 0.009736492298543453, -0.002384427236393094, 0.010905957780778408]]
  Reward: 0.009416217915713787
  Account Value: None
  Done: False
  Policy Mean: [[-0.0028459602035582066, -0.023653583601117134, -0.015307039953768253, -0.002857270883396268, 0.01384352333843708, 0.020236508920788765, 0.01160284411162138, -0.01986834593117237, -0.020229915156960487, 0.002753304783254862, 0.019623301923274994, -0.0032842541113495827, -0.014163716696202755, 0.03439606726169586, -0.012822598218917847, 0.015829479321837425, 0.01628030836582184, -0.01647503860294819, -0.010902786627411842, 0.007184278219938278, 0.0018172007985413074, 0.023785900324583054, 0.012746922671794891, -0.0040528131648898125, -0.007749701850116253, 0.028500741347670555, 0.009736492298543453, -0.002384427236393094, 0.010905957780778408]]
  Policy Std: [[0.9991067051887512, 1.0012518167495728, 1.0019515752792358, 1.0023138523101807, 0.9989719390869141, 1.0008952617645264, 1.0002809762954712, 1.002434492111206, 1.0006232261657715, 0.9992192983627319, 1.0001494884490967, 1.0011566877365112, 0.9982251524925232, 1.00291109085083, 1.0022505521774292, 0.9988248348236084, 1.0015581846237183, 0.9973443746566772, 1.00054132938385, 1.0021677017211914, 1.0029916763305664, 0.9990875124931335, 0.9989128112792969, 1.0027989149093628, 1.000711441040039, 0.999455451965332, 0.9992843866348267, 0.9995128512382507, 1.0009386539459229]]

Step 6:
  Date/Day: 7
  Action: [[-0.0028459602035582066, -0.023653583601117134, -0.015307039953768253, -0.002857270883396268, 0.01384352333843708, 0.020236508920788765, 0.01160284411162138, -0.01986834593117237, -0.020229915156960487, 0.002753304783254862, 0.019623301923274994, -0.0032842541113495827, -0.014163716696202755, 0.03439606726169586, -0.012822598218917847, 0.015829479321837425, 0.01628030836582184, -0.01647503860294819, -0.010902786627411842, 0.007184278219938278, 0.0018172007985413074, 0.023785900324583054, 0.012746922671794891, -0.0040528131648898125, -0.007749701850116253, 0.028500741347670555, 0.009736492298543453, -0.002384427236393094, 0.010905957780778408]]
  Reward: -0.02253999374806881
  Account Value: None
  Done: False
  Policy Mean: [[-0.0028459602035582066, -0.023653583601117134, -0.015307039953768253, -0.002857270883396268, 0.01384352333843708, 0.020236508920788765, 0.01160284411162138, -0.01986834593117237, -0.020229915156960487, 0.002753304783254862, 0.019623301923274994, -0.0032842541113495827, -0.014163716696202755, 0.03439606726169586, -0.012822598218917847, 0.015829479321837425, 0.01628030836582184, -0.01647503860294819, -0.010902786627411842, 0.007184278219938278, 0.0018172007985413074, 0.023785900324583054, 0.012746922671794891, -0.0040528131648898125, -0.007749701850116253, 0.028500741347670555, 0.009736492298543453, -0.002384427236393094, 0.010905957780778408]]
  Policy Std: [[0.9991067051887512, 1.0012518167495728, 1.0019515752792358, 1.0023138523101807, 0.9989719390869141, 1.0008952617645264, 1.0002809762954712, 1.002434492111206, 1.0006232261657715, 0.9992192983627319, 1.0001494884490967, 1.0011566877365112, 0.9982251524925232, 1.00291109085083, 1.0022505521774292, 0.9988248348236084, 1.0015581846237183, 0.9973443746566772, 1.00054132938385, 1.0021677017211914, 1.0029916763305664, 0.9990875124931335, 0.9989128112792969, 1.0027989149093628, 1.000711441040039, 0.999455451965332, 0.9992843866348267, 0.9995128512382507, 1.0009386539459229]]

Step 7:
  Date/Day: 8
  Action: [[-0.0028459602035582066, -0.023653583601117134, -0.015307039953768253, -0.002857270883396268, 0.01384352333843708, 0.020236508920788765, 0.01160284411162138, -0.01986834593117237, -0.020229915156960487, 0.002753304783254862, 0.019623301923274994, -0.0032842541113495827, -0.014163716696202755, 0.03439606726169586, -0.012822598218917847, 0.015829479321837425, 0.01628030836582184, -0.01647503860294819, -0.010902786627411842, 0.007184278219938278, 0.0018172007985413074, 0.023785900324583054, 0.012746922671794891, -0.0040528131648898125, -0.007749701850116253, 0.028500741347670555, 0.009736492298543453, -0.002384427236393094, 0.010905957780778408]]
  Reward: 0.02461601048707962
  Account Value: None
  Done: False
  Policy Mean: [[-0.0028459602035582066, -0.023653583601117134, -0.015307039953768253, -0.002857270883396268, 0.01384352333843708, 0.020236508920788765, 0.01160284411162138, -0.01986834593117237, -0.020229915156960487, 0.002753304783254862, 0.019623301923274994, -0.0032842541113495827, -0.014163716696202755, 0.03439606726169586, -0.012822598218917847, 0.015829479321837425, 0.01628030836582184, -0.01647503860294819, -0.010902786627411842, 0.007184278219938278, 0.0018172007985413074, 0.023785900324583054, 0.012746922671794891, -0.0040528131648898125, -0.007749701850116253, 0.028500741347670555, 0.009736492298543453, -0.002384427236393094, 0.010905957780778408]]
  Policy Std: [[0.9991067051887512, 1.0012518167495728, 1.0019515752792358, 1.0023138523101807, 0.9989719390869141, 1.0008952617645264, 1.0002809762954712, 1.002434492111206, 1.0006232261657715, 0.9992192983627319, 1.0001494884490967, 1.0011566877365112, 0.9982251524925232, 1.00291109085083, 1.0022505521774292, 0.9988248348236084, 1.0015581846237183, 0.9973443746566772, 1.00054132938385, 1.0021677017211914, 1.0029916763305664, 0.9990875124931335, 0.9989128112792969, 1.0027989149093628, 1.000711441040039, 0.999455451965332, 0.9992843866348267, 0.9995128512382507, 1.0009386539459229]]

Step 8:
  Date/Day: 9
  Action: [[-0.0028459602035582066, -0.023653583601117134, -0.015307039953768253, -0.002857270883396268, 0.01384352333843708, 0.020236508920788765, 0.01160284411162138, -0.01986834593117237, -0.020229915156960487, 0.002753304783254862, 0.019623301923274994, -0.0032842541113495827, -0.014163716696202755, 0.03439606726169586, -0.012822598218917847, 0.015829479321837425, 0.01628030836582184, -0.01647503860294819, -0.010902786627411842, 0.007184278219938278, 0.0018172007985413074, 0.023785900324583054, 0.012746922671794891, -0.0040528131648898125, -0.007749701850116253, 0.028500741347670555, 0.009736492298543453, -0.002384427236393094, 0.010905957780778408]]
  Reward: 0.008695265278220177
  Account Value: None
  Done: False
  Policy Mean: [[-0.0028459602035582066, -0.023653583601117134, -0.015307039953768253, -0.002857270883396268, 0.01384352333843708, 0.020236508920788765, 0.01160284411162138, -0.01986834593117237, -0.020229915156960487, 0.002753304783254862, 0.019623301923274994, -0.0032842541113495827, -0.014163716696202755, 0.03439606726169586, -0.012822598218917847, 0.015829479321837425, 0.01628030836582184, -0.01647503860294819, -0.010902786627411842, 0.007184278219938278, 0.0018172007985413074, 0.023785900324583054, 0.012746922671794891, -0.0040528131648898125, -0.007749701850116253, 0.028500741347670555, 0.009736492298543453, -0.002384427236393094, 0.010905957780778408]]
  Policy Std: [[0.9991067051887512, 1.0012518167495728, 1.0019515752792358, 1.0023138523101807, 0.9989719390869141, 1.0008952617645264, 1.0002809762954712, 1.002434492111206, 1.0006232261657715, 0.9992192983627319, 1.0001494884490967, 1.0011566877365112, 0.9982251524925232, 1.00291109085083, 1.0022505521774292, 0.9988248348236084, 1.0015581846237183, 0.9973443746566772, 1.00054132938385, 1.0021677017211914, 1.0029916763305664, 0.9990875124931335, 0.9989128112792969, 1.0027989149093628, 1.000711441040039, 0.999455451965332, 0.9992843866348267, 0.9995128512382507, 1.0009386539459229]]

Step 9:
  Date/Day: 10
  Action: [[-0.0028459602035582066, -0.023653583601117134, -0.015307039953768253, -0.002857270883396268, 0.01384352333843708, 0.020236508920788765, 0.01160284411162138, -0.01986834593117237, -0.020229915156960487, 0.002753304783254862, 0.019623301923274994, -0.0032842541113495827, -0.014163716696202755, 0.03439606726169586, -0.012822598218917847, 0.015829479321837425, 0.01628030836582184, -0.01647503860294819, -0.010902786627411842, 0.007184278219938278, 0.0018172007985413074, 0.023785900324583054, 0.012746922671794891, -0.0040528131648898125, -0.007749701850116253, 0.028500741347670555, 0.009736492298543453, -0.002384427236393094, 0.010905957780778408]]
  Reward: -0.01319791842252016
  Account Value: None
  Done: False
  Policy Mean: [[-0.0028459602035582066, -0.023653583601117134, -0.015307039953768253, -0.002857270883396268, 0.01384352333843708, 0.020236508920788765, 0.01160284411162138, -0.01986834593117237, -0.020229915156960487, 0.002753304783254862, 0.019623301923274994, -0.0032842541113495827, -0.014163716696202755, 0.03439606726169586, -0.012822598218917847, 0.015829479321837425, 0.01628030836582184, -0.01647503860294819, -0.010902786627411842, 0.007184278219938278, 0.0018172007985413074, 0.023785900324583054, 0.012746922671794891, -0.0040528131648898125, -0.007749701850116253, 0.028500741347670555, 0.009736492298543453, -0.002384427236393094, 0.010905957780778408]]
  Policy Std: [[0.9991067051887512, 1.0012518167495728, 1.0019515752792358, 1.0023138523101807, 0.9989719390869141, 1.0008952617645264, 1.0002809762954712, 1.002434492111206, 1.0006232261657715, 0.9992192983627319, 1.0001494884490967, 1.0011566877365112, 0.9982251524925232, 1.00291109085083, 1.0022505521774292, 0.9988248348236084, 1.0015581846237183, 0.9973443746566772, 1.00054132938385, 1.0021677017211914, 1.0029916763305664, 0.9990875124931335, 0.9989128112792969, 1.0027989149093628, 1.000711441040039, 0.999455451965332, 0.9992843866348267, 0.9995128512382507, 1.0009386539459229]]

Step 10:
  Date/Day: 11
  Action: [[-0.0028459602035582066, -0.023653583601117134, -0.015307039953768253, -0.002857270883396268, 0.01384352333843708, 0.020236508920788765, 0.01160284411162138, -0.01986834593117237, -0.020229915156960487, 0.002753304783254862, 0.019623301923274994, -0.0032842541113495827, -0.014163716696202755, 0.03439606726169586, -0.012822598218917847, 0.015829479321837425, 0.01628030836582184, -0.01647503860294819, -0.010902786627411842, 0.007184278219938278, 0.0018172007985413074, 0.023785900324583054, 0.012746922671794891, -0.0040528131648898125, -0.007749701850116253, 0.028500741347670555, 0.009736492298543453, -0.002384427236393094, 0.010905957780778408]]
  Reward: 0.010643312707543373
  Account Value: None
  Done: False
  Policy Mean: [[-0.0028459602035582066, -0.023653583601117134, -0.015307039953768253, -0.002857270883396268, 0.01384352333843708, 0.020236508920788765, 0.01160284411162138, -0.01986834593117237, -0.020229915156960487, 0.002753304783254862, 0.019623301923274994, -0.0032842541113495827, -0.014163716696202755, 0.03439606726169586, -0.012822598218917847, 0.015829479321837425, 0.01628030836582184, -0.01647503860294819, -0.010902786627411842, 0.007184278219938278, 0.0018172007985413074, 0.023785900324583054, 0.012746922671794891, -0.0040528131648898125, -0.007749701850116253, 0.028500741347670555, 0.009736492298543453, -0.002384427236393094, 0.010905957780778408]]
  Policy Std: [[0.9991067051887512, 1.0012518167495728, 1.0019515752792358, 1.0023138523101807, 0.9989719390869141, 1.0008952617645264, 1.0002809762954712, 1.002434492111206, 1.0006232261657715, 0.9992192983627319, 1.0001494884490967, 1.0011566877365112, 0.9982251524925232, 1.00291109085083, 1.0022505521774292, 0.9988248348236084, 1.0015581846237183, 0.9973443746566772, 1.00054132938385, 1.0021677017211914, 1.0029916763305664, 0.9990875124931335, 0.9989128112792969, 1.0027989149093628, 1.000711441040039, 0.999455451965332, 0.9992843866348267, 0.9995128512382507, 1.0009386539459229]]

Step 11:
  Date/Day: 12
  Action: [[-0.0028459602035582066, -0.023653583601117134, -0.015307039953768253, -0.002857270883396268, 0.01384352333843708, 0.020236508920788765, 0.01160284411162138, -0.01986834593117237, -0.020229915156960487, 0.002753304783254862, 0.019623301923274994, -0.0032842541113495827, -0.014163716696202755, 0.03439606726169586, -0.012822598218917847, 0.015829479321837425, 0.01628030836582184, -0.01647503860294819, -0.010902786627411842, 0.007184278219938278, 0.0018172007985413074, 0.023785900324583054, 0.012746922671794891, -0.0040528131648898125, -0.007749701850116253, 0.028500741347670555, 0.009736492298543453, -0.002384427236393094, 0.010905957780778408]]
  Reward: 0.022558119148015976
  Account Value: None
  Done: False
  Policy Mean: [[-0.0028459602035582066, -0.023653583601117134, -0.015307039953768253, -0.002857270883396268, 0.01384352333843708, 0.020236508920788765, 0.01160284411162138, -0.01986834593117237, -0.020229915156960487, 0.002753304783254862, 0.019623301923274994, -0.0032842541113495827, -0.014163716696202755, 0.03439606726169586, -0.012822598218917847, 0.015829479321837425, 0.01628030836582184, -0.01647503860294819, -0.010902786627411842, 0.007184278219938278, 0.0018172007985413074, 0.023785900324583054, 0.012746922671794891, -0.0040528131648898125, -0.007749701850116253, 0.028500741347670555, 0.009736492298543453, -0.002384427236393094, 0.010905957780778408]]
  Policy Std: [[0.9991067051887512, 1.0012518167495728, 1.0019515752792358, 1.0023138523101807, 0.9989719390869141, 1.0008952617645264, 1.0002809762954712, 1.002434492111206, 1.0006232261657715, 0.9992192983627319, 1.0001494884490967, 1.0011566877365112, 0.9982251524925232, 1.00291109085083, 1.0022505521774292, 0.9988248348236084, 1.0015581846237183, 0.9973443746566772, 1.00054132938385, 1.0021677017211914, 1.0029916763305664, 0.9990875124931335, 0.9989128112792969, 1.0027989149093628, 1.000711441040039, 0.999455451965332, 0.9992843866348267, 0.9995128512382507, 1.0009386539459229]]

Step 12:
  Date/Day: 13
  Action: [[-0.0028459602035582066, -0.023653583601117134, -0.015307039953768253, -0.002857270883396268, 0.01384352333843708, 0.020236508920788765, 0.01160284411162138, -0.01986834593117237, -0.020229915156960487, 0.002753304783254862, 0.019623301923274994, -0.0032842541113495827, -0.014163716696202755, 0.03439606726169586, -0.012822598218917847, 0.015829479321837425, 0.01628030836582184, -0.01647503860294819, -0.010902786627411842, 0.007184278219938278, 0.0018172007985413074, 0.023785900324583054, 0.012746922671794891, -0.0040528131648898125, -0.007749701850116253, 0.028500741347670555, 0.009736492298543453, -0.002384427236393094, 0.010905957780778408]]
  Reward: -0.002066066488623619
  Account Value: None
  Done: False
  Policy Mean: [[-0.0028459602035582066, -0.023653583601117134, -0.015307039953768253, -0.002857270883396268, 0.01384352333843708, 0.020236508920788765, 0.01160284411162138, -0.01986834593117237, -0.020229915156960487, 0.002753304783254862, 0.019623301923274994, -0.0032842541113495827, -0.014163716696202755, 0.03439606726169586, -0.012822598218917847, 0.015829479321837425, 0.01628030836582184, -0.01647503860294819, -0.010902786627411842, 0.007184278219938278, 0.0018172007985413074, 0.023785900324583054, 0.012746922671794891, -0.0040528131648898125, -0.007749701850116253, 0.028500741347670555, 0.009736492298543453, -0.002384427236393094, 0.010905957780778408]]
  Policy Std: [[0.9991067051887512, 1.0012518167495728, 1.0019515752792358, 1.0023138523101807, 0.9989719390869141, 1.0008952617645264, 1.0002809762954712, 1.002434492111206, 1.0006232261657715, 0.9992192983627319, 1.0001494884490967, 1.0011566877365112, 0.9982251524925232, 1.00291109085083, 1.0022505521774292, 0.9988248348236084, 1.0015581846237183, 0.9973443746566772, 1.00054132938385, 1.0021677017211914, 1.0029916763305664, 0.9990875124931335, 0.9989128112792969, 1.0027989149093628, 1.000711441040039, 0.999455451965332, 0.9992843866348267, 0.9995128512382507, 1.0009386539459229]]

Step 13:
  Date/Day: 14
  Action: [[-0.0028459602035582066, -0.023653583601117134, -0.015307039953768253, -0.002857270883396268, 0.01384352333843708, 0.020236508920788765, 0.01160284411162138, -0.01986834593117237, -0.020229915156960487, 0.002753304783254862, 0.019623301923274994, -0.0032842541113495827, -0.014163716696202755, 0.03439606726169586, -0.012822598218917847, 0.015829479321837425, 0.01628030836582184, -0.01647503860294819, -0.010902786627411842, 0.007184278219938278, 0.0018172007985413074, 0.023785900324583054, 0.012746922671794891, -0.0040528131648898125, -0.007749701850116253, 0.028500741347670555, 0.009736492298543453, -0.002384427236393094, 0.010905957780778408]]
  Reward: 0.018147867172956467
  Account Value: None
  Done: False
  Policy Mean: [[-0.0028459602035582066, -0.023653583601117134, -0.015307039953768253, -0.002857270883396268, 0.01384352333843708, 0.020236508920788765, 0.01160284411162138, -0.01986834593117237, -0.020229915156960487, 0.002753304783254862, 0.019623301923274994, -0.0032842541113495827, -0.014163716696202755, 0.03439606726169586, -0.012822598218917847, 0.015829479321837425, 0.01628030836582184, -0.01647503860294819, -0.010902786627411842, 0.007184278219938278, 0.0018172007985413074, 0.023785900324583054, 0.012746922671794891, -0.0040528131648898125, -0.007749701850116253, 0.028500741347670555, 0.009736492298543453, -0.002384427236393094, 0.010905957780778408]]
  Policy Std: [[0.9991067051887512, 1.0012518167495728, 1.0019515752792358, 1.0023138523101807, 0.9989719390869141, 1.0008952617645264, 1.0002809762954712, 1.002434492111206, 1.0006232261657715, 0.9992192983627319, 1.0001494884490967, 1.0011566877365112, 0.9982251524925232, 1.00291109085083, 1.0022505521774292, 0.9988248348236084, 1.0015581846237183, 0.9973443746566772, 1.00054132938385, 1.0021677017211914, 1.0029916763305664, 0.9990875124931335, 0.9989128112792969, 1.0027989149093628, 1.000711441040039, 0.999455451965332, 0.9992843866348267, 0.9995128512382507, 1.0009386539459229]]

Step 14:
  Date/Day: 15
  Action: [[-0.0028459602035582066, -0.023653583601117134, -0.015307039953768253, -0.002857270883396268, 0.01384352333843708, 0.020236508920788765, 0.01160284411162138, -0.01986834593117237, -0.020229915156960487, 0.002753304783254862, 0.019623301923274994, -0.0032842541113495827, -0.014163716696202755, 0.03439606726169586, -0.012822598218917847, 0.015829479321837425, 0.01628030836582184, -0.01647503860294819, -0.010902786627411842, 0.007184278219938278, 0.0018172007985413074, 0.023785900324583054, 0.012746922671794891, -0.0040528131648898125, -0.007749701850116253, 0.028500741347670555, 0.009736492298543453, -0.002384427236393094, 0.010905957780778408]]
  Reward: -0.01913599669933319
  Account Value: None
  Done: False
  Policy Mean: [[-0.0028459602035582066, -0.023653583601117134, -0.015307039953768253, -0.002857270883396268, 0.01384352333843708, 0.020236508920788765, 0.01160284411162138, -0.01986834593117237, -0.020229915156960487, 0.002753304783254862, 0.019623301923274994, -0.0032842541113495827, -0.014163716696202755, 0.03439606726169586, -0.012822598218917847, 0.015829479321837425, 0.01628030836582184, -0.01647503860294819, -0.010902786627411842, 0.007184278219938278, 0.0018172007985413074, 0.023785900324583054, 0.012746922671794891, -0.0040528131648898125, -0.007749701850116253, 0.028500741347670555, 0.009736492298543453, -0.002384427236393094, 0.010905957780778408]]
  Policy Std: [[0.9991067051887512, 1.0012518167495728, 1.0019515752792358, 1.0023138523101807, 0.9989719390869141, 1.0008952617645264, 1.0002809762954712, 1.002434492111206, 1.0006232261657715, 0.9992192983627319, 1.0001494884490967, 1.0011566877365112, 0.9982251524925232, 1.00291109085083, 1.0022505521774292, 0.9988248348236084, 1.0015581846237183, 0.9973443746566772, 1.00054132938385, 1.0021677017211914, 1.0029916763305664, 0.9990875124931335, 0.9989128112792969, 1.0027989149093628, 1.000711441040039, 0.999455451965332, 0.9992843866348267, 0.9995128512382507, 1.0009386539459229]]

Step 15:
  Date/Day: 16
  Action: [[-0.0028459602035582066, -0.023653583601117134, -0.015307039953768253, -0.002857270883396268, 0.01384352333843708, 0.020236508920788765, 0.01160284411162138, -0.01986834593117237, -0.020229915156960487, 0.002753304783254862, 0.019623301923274994, -0.0032842541113495827, -0.014163716696202755, 0.03439606726169586, -0.012822598218917847, 0.015829479321837425, 0.01628030836582184, -0.01647503860294819, -0.010902786627411842, 0.007184278219938278, 0.0018172007985413074, 0.023785900324583054, 0.012746922671794891, -0.0040528131648898125, -0.007749701850116253, 0.028500741347670555, 0.009736492298543453, -0.002384427236393094, 0.010905957780778408]]
  Reward: -0.049504462629556656
  Account Value: None
  Done: False
  Policy Mean: [[-0.0028459602035582066, -0.023653583601117134, -0.015307039953768253, -0.002857270883396268, 0.01384352333843708, 0.020236508920788765, 0.01160284411162138, -0.01986834593117237, -0.020229915156960487, 0.002753304783254862, 0.019623301923274994, -0.0032842541113495827, -0.014163716696202755, 0.03439606726169586, -0.012822598218917847, 0.015829479321837425, 0.01628030836582184, -0.01647503860294819, -0.010902786627411842, 0.007184278219938278, 0.0018172007985413074, 0.023785900324583054, 0.012746922671794891, -0.0040528131648898125, -0.007749701850116253, 0.028500741347670555, 0.009736492298543453, -0.002384427236393094, 0.010905957780778408]]
  Policy Std: [[0.9991067051887512, 1.0012518167495728, 1.0019515752792358, 1.0023138523101807, 0.9989719390869141, 1.0008952617645264, 1.0002809762954712, 1.002434492111206, 1.0006232261657715, 0.9992192983627319, 1.0001494884490967, 1.0011566877365112, 0.9982251524925232, 1.00291109085083, 1.0022505521774292, 0.9988248348236084, 1.0015581846237183, 0.9973443746566772, 1.00054132938385, 1.0021677017211914, 1.0029916763305664, 0.9990875124931335, 0.9989128112792969, 1.0027989149093628, 1.000711441040039, 0.999455451965332, 0.9992843866348267, 0.9995128512382507, 1.0009386539459229]]

Step 16:
  Date/Day: 17
  Action: [[-0.0028459602035582066, -0.023653583601117134, -0.015307039953768253, -0.002857270883396268, 0.01384352333843708, 0.020236508920788765, 0.01160284411162138, -0.01986834593117237, -0.020229915156960487, 0.002753304783254862, 0.019623301923274994, -0.0032842541113495827, -0.014163716696202755, 0.03439606726169586, -0.012822598218917847, 0.015829479321837425, 0.01628030836582184, -0.01647503860294819, -0.010902786627411842, 0.007184278219938278, 0.0018172007985413074, 0.023785900324583054, 0.012746922671794891, -0.0040528131648898125, -0.007749701850116253, 0.028500741347670555, 0.009736492298543453, -0.002384427236393094, 0.010905957780778408]]
  Reward: 0.011955845169723034
  Account Value: None
  Done: False
  Policy Mean: [[-0.0028459602035582066, -0.023653583601117134, -0.015307039953768253, -0.002857270883396268, 0.01384352333843708, 0.020236508920788765, 0.01160284411162138, -0.01986834593117237, -0.020229915156960487, 0.002753304783254862, 0.019623301923274994, -0.0032842541113495827, -0.014163716696202755, 0.03439606726169586, -0.012822598218917847, 0.015829479321837425, 0.01628030836582184, -0.01647503860294819, -0.010902786627411842, 0.007184278219938278, 0.0018172007985413074, 0.023785900324583054, 0.012746922671794891, -0.0040528131648898125, -0.007749701850116253, 0.028500741347670555, 0.009736492298543453, -0.002384427236393094, 0.010905957780778408]]
  Policy Std: [[0.9991067051887512, 1.0012518167495728, 1.0019515752792358, 1.0023138523101807, 0.9989719390869141, 1.0008952617645264, 1.0002809762954712, 1.002434492111206, 1.0006232261657715, 0.9992192983627319, 1.0001494884490967, 1.0011566877365112, 0.9982251524925232, 1.00291109085083, 1.0022505521774292, 0.9988248348236084, 1.0015581846237183, 0.9973443746566772, 1.00054132938385, 1.0021677017211914, 1.0029916763305664, 0.9990875124931335, 0.9989128112792969, 1.0027989149093628, 1.000711441040039, 0.999455451965332, 0.9992843866348267, 0.9995128512382507, 1.0009386539459229]]

Step 17:
  Date/Day: 18
  Action: [[-0.0028459602035582066, -0.023653583601117134, -0.015307039953768253, -0.002857270883396268, 0.01384352333843708, 0.020236508920788765, 0.01160284411162138, -0.01986834593117237, -0.020229915156960487, 0.002753304783254862, 0.019623301923274994, -0.0032842541113495827, -0.014163716696202755, 0.03439606726169586, -0.012822598218917847, 0.015829479321837425, 0.01628030836582184, -0.01647503860294819, -0.010902786627411842, 0.007184278219938278, 0.0018172007985413074, 0.023785900324583054, 0.012746922671794891, -0.0040528131648898125, -0.007749701850116253, 0.028500741347670555, 0.009736492298543453, -0.002384427236393094, 0.010905957780778408]]
  Reward: -0.01551531907171011
  Account Value: None
  Done: False
  Policy Mean: [[-0.0028459602035582066, -0.023653583601117134, -0.015307039953768253, -0.002857270883396268, 0.01384352333843708, 0.020236508920788765, 0.01160284411162138, -0.01986834593117237, -0.020229915156960487, 0.002753304783254862, 0.019623301923274994, -0.0032842541113495827, -0.014163716696202755, 0.03439606726169586, -0.012822598218917847, 0.015829479321837425, 0.01628030836582184, -0.01647503860294819, -0.010902786627411842, 0.007184278219938278, 0.0018172007985413074, 0.023785900324583054, 0.012746922671794891, -0.0040528131648898125, -0.007749701850116253, 0.028500741347670555, 0.009736492298543453, -0.002384427236393094, 0.010905957780778408]]
  Policy Std: [[0.9991067051887512, 1.0012518167495728, 1.0019515752792358, 1.0023138523101807, 0.9989719390869141, 1.0008952617645264, 1.0002809762954712, 1.002434492111206, 1.0006232261657715, 0.9992192983627319, 1.0001494884490967, 1.0011566877365112, 0.9982251524925232, 1.00291109085083, 1.0022505521774292, 0.9988248348236084, 1.0015581846237183, 0.9973443746566772, 1.00054132938385, 1.0021677017211914, 1.0029916763305664, 0.9990875124931335, 0.9989128112792969, 1.0027989149093628, 1.000711441040039, 0.999455451965332, 0.9992843866348267, 0.9995128512382507, 1.0009386539459229]]

Step 18:
  Date/Day: 19
  Action: [[-0.0028459602035582066, -0.023653583601117134, -0.015307039953768253, -0.002857270883396268, 0.01384352333843708, 0.020236508920788765, 0.01160284411162138, -0.01986834593117237, -0.020229915156960487, 0.002753304783254862, 0.019623301923274994, -0.0032842541113495827, -0.014163716696202755, 0.03439606726169586, -0.012822598218917847, 0.015829479321837425, 0.01628030836582184, -0.01647503860294819, -0.010902786627411842, 0.007184278219938278, 0.0018172007985413074, 0.023785900324583054, 0.012746922671794891, -0.0040528131648898125, -0.007749701850116253, 0.028500741347670555, 0.009736492298543453, -0.002384427236393094, 0.010905957780778408]]
  Reward: 0.02564362995326519
  Account Value: None
  Done: False
  Policy Mean: [[-0.0028459602035582066, -0.023653583601117134, -0.015307039953768253, -0.002857270883396268, 0.01384352333843708, 0.020236508920788765, 0.01160284411162138, -0.01986834593117237, -0.020229915156960487, 0.002753304783254862, 0.019623301923274994, -0.0032842541113495827, -0.014163716696202755, 0.03439606726169586, -0.012822598218917847, 0.015829479321837425, 0.01628030836582184, -0.01647503860294819, -0.010902786627411842, 0.007184278219938278, 0.0018172007985413074, 0.023785900324583054, 0.012746922671794891, -0.0040528131648898125, -0.007749701850116253, 0.028500741347670555, 0.009736492298543453, -0.002384427236393094, 0.010905957780778408]]
  Policy Std: [[0.9991067051887512, 1.0012518167495728, 1.0019515752792358, 1.0023138523101807, 0.9989719390869141, 1.0008952617645264, 1.0002809762954712, 1.002434492111206, 1.0006232261657715, 0.9992192983627319, 1.0001494884490967, 1.0011566877365112, 0.9982251524925232, 1.00291109085083, 1.0022505521774292, 0.9988248348236084, 1.0015581846237183, 0.9973443746566772, 1.00054132938385, 1.0021677017211914, 1.0029916763305664, 0.9990875124931335, 0.9989128112792969, 1.0027989149093628, 1.000711441040039, 0.999455451965332, 0.9992843866348267, 0.9995128512382507, 1.0009386539459229]]

Step 19:
  Date/Day: 20
  Action: [[-0.0028459602035582066, -0.023653583601117134, -0.015307039953768253, -0.002857270883396268, 0.01384352333843708, 0.020236508920788765, 0.01160284411162138, -0.01986834593117237, -0.020229915156960487, 0.002753304783254862, 0.019623301923274994, -0.0032842541113495827, -0.014163716696202755, 0.03439606726169586, -0.012822598218917847, 0.015829479321837425, 0.01628030836582184, -0.01647503860294819, -0.010902786627411842, 0.007184278219938278, 0.0018172007985413074, 0.023785900324583054, 0.012746922671794891, -0.0040528131648898125, -0.007749701850116253, 0.028500741347670555, 0.009736492298543453, -0.002384427236393094, 0.010905957780778408]]
  Reward: -0.03198281675577164
  Account Value: None
  Done: False
  Policy Mean: [[-0.0028459602035582066, -0.023653583601117134, -0.015307039953768253, -0.002857270883396268, 0.01384352333843708, 0.020236508920788765, 0.01160284411162138, -0.01986834593117237, -0.020229915156960487, 0.002753304783254862, 0.019623301923274994, -0.0032842541113495827, -0.014163716696202755, 0.03439606726169586, -0.012822598218917847, 0.015829479321837425, 0.01628030836582184, -0.01647503860294819, -0.010902786627411842, 0.007184278219938278, 0.0018172007985413074, 0.023785900324583054, 0.012746922671794891, -0.0040528131648898125, -0.007749701850116253, 0.028500741347670555, 0.009736492298543453, -0.002384427236393094, 0.010905957780778408]]
  Policy Std: [[0.9991067051887512, 1.0012518167495728, 1.0019515752792358, 1.0023138523101807, 0.9989719390869141, 1.0008952617645264, 1.0002809762954712, 1.002434492111206, 1.0006232261657715, 0.9992192983627319, 1.0001494884490967, 1.0011566877365112, 0.9982251524925232, 1.00291109085083, 1.0022505521774292, 0.9988248348236084, 1.0015581846237183, 0.9973443746566772, 1.00054132938385, 1.0021677017211914, 1.0029916763305664, 0.9990875124931335, 0.9989128112792969, 1.0027989149093628, 1.000711441040039, 0.999455451965332, 0.9992843866348267, 0.9995128512382507, 1.0009386539459229]]

Step 20:
  Date/Day: 21
  Action: [[-0.0028459602035582066, -0.023653583601117134, -0.015307039953768253, -0.002857270883396268, 0.01384352333843708, 0.020236508920788765, 0.01160284411162138, -0.01986834593117237, -0.020229915156960487, 0.002753304783254862, 0.019623301923274994, -0.0032842541113495827, -0.014163716696202755, 0.03439606726169586, -0.012822598218917847, 0.015829479321837425, 0.01628030836582184, -0.01647503860294819, -0.010902786627411842, 0.007184278219938278, 0.0018172007985413074, 0.023785900324583054, 0.012746922671794891, -0.0040528131648898125, -0.007749701850116253, 0.028500741347670555, 0.009736492298543453, -0.002384427236393094, 0.010905957780778408]]
  Reward: -0.011962336488068104
  Account Value: None
  Done: False
  Policy Mean: [[-0.0028459602035582066, -0.023653583601117134, -0.015307039953768253, -0.002857270883396268, 0.01384352333843708, 0.020236508920788765, 0.01160284411162138, -0.01986834593117237, -0.020229915156960487, 0.002753304783254862, 0.019623301923274994, -0.0032842541113495827, -0.014163716696202755, 0.03439606726169586, -0.012822598218917847, 0.015829479321837425, 0.01628030836582184, -0.01647503860294819, -0.010902786627411842, 0.007184278219938278, 0.0018172007985413074, 0.023785900324583054, 0.012746922671794891, -0.0040528131648898125, -0.007749701850116253, 0.028500741347670555, 0.009736492298543453, -0.002384427236393094, 0.010905957780778408]]
  Policy Std: [[0.9991067051887512, 1.0012518167495728, 1.0019515752792358, 1.0023138523101807, 0.9989719390869141, 1.0008952617645264, 1.0002809762954712, 1.002434492111206, 1.0006232261657715, 0.9992192983627319, 1.0001494884490967, 1.0011566877365112, 0.9982251524925232, 1.00291109085083, 1.0022505521774292, 0.9988248348236084, 1.0015581846237183, 0.9973443746566772, 1.00054132938385, 1.0021677017211914, 1.0029916763305664, 0.9990875124931335, 0.9989128112792969, 1.0027989149093628, 1.000711441040039, 0.999455451965332, 0.9992843866348267, 0.9995128512382507, 1.0009386539459229]]

Step 21:
  Date/Day: 22
  Action: [[-0.0028459602035582066, -0.023653583601117134, -0.015307039953768253, -0.002857270883396268, 0.01384352333843708, 0.020236508920788765, 0.01160284411162138, -0.01986834593117237, -0.020229915156960487, 0.002753304783254862, 0.019623301923274994, -0.0032842541113495827, -0.014163716696202755, 0.03439606726169586, -0.012822598218917847, 0.015829479321837425, 0.01628030836582184, -0.01647503860294819, -0.010902786627411842, 0.007184278219938278, 0.0018172007985413074, 0.023785900324583054, 0.012746922671794891, -0.0040528131648898125, -0.007749701850116253, 0.028500741347670555, 0.009736492298543453, -0.002384427236393094, 0.010905957780778408]]
  Reward: 0.04067877307534218
  Account Value: None
  Done: False
  Policy Mean: [[-0.0028459602035582066, -0.023653583601117134, -0.015307039953768253, -0.002857270883396268, 0.01384352333843708, 0.020236508920788765, 0.01160284411162138, -0.01986834593117237, -0.020229915156960487, 0.002753304783254862, 0.019623301923274994, -0.0032842541113495827, -0.014163716696202755, 0.03439606726169586, -0.012822598218917847, 0.015829479321837425, 0.01628030836582184, -0.01647503860294819, -0.010902786627411842, 0.007184278219938278, 0.0018172007985413074, 0.023785900324583054, 0.012746922671794891, -0.0040528131648898125, -0.007749701850116253, 0.028500741347670555, 0.009736492298543453, -0.002384427236393094, 0.010905957780778408]]
  Policy Std: [[0.9991067051887512, 1.0012518167495728, 1.0019515752792358, 1.0023138523101807, 0.9989719390869141, 1.0008952617645264, 1.0002809762954712, 1.002434492111206, 1.0006232261657715, 0.9992192983627319, 1.0001494884490967, 1.0011566877365112, 0.9982251524925232, 1.00291109085083, 1.0022505521774292, 0.9988248348236084, 1.0015581846237183, 0.9973443746566772, 1.00054132938385, 1.0021677017211914, 1.0029916763305664, 0.9990875124931335, 0.9989128112792969, 1.0027989149093628, 1.000711441040039, 0.999455451965332, 0.9992843866348267, 0.9995128512382507, 1.0009386539459229]]

Step 22:
  Date/Day: 23
  Action: [[-0.0028459602035582066, -0.023653583601117134, -0.015307039953768253, -0.002857270883396268, 0.01384352333843708, 0.020236508920788765, 0.01160284411162138, -0.01986834593117237, -0.020229915156960487, 0.002753304783254862, 0.019623301923274994, -0.0032842541113495827, -0.014163716696202755, 0.03439606726169586, -0.012822598218917847, 0.015829479321837425, 0.01628030836582184, -0.01647503860294819, -0.010902786627411842, 0.007184278219938278, 0.0018172007985413074, 0.023785900324583054, 0.012746922671794891, -0.0040528131648898125, -0.007749701850116253, 0.028500741347670555, 0.009736492298543453, -0.002384427236393094, 0.010905957780778408]]
  Reward: 0.014011785387992859
  Account Value: None
  Done: False
  Policy Mean: [[-0.0028459602035582066, -0.023653583601117134, -0.015307039953768253, -0.002857270883396268, 0.01384352333843708, 0.020236508920788765, 0.01160284411162138, -0.01986834593117237, -0.020229915156960487, 0.002753304783254862, 0.019623301923274994, -0.0032842541113495827, -0.014163716696202755, 0.03439606726169586, -0.012822598218917847, 0.015829479321837425, 0.01628030836582184, -0.01647503860294819, -0.010902786627411842, 0.007184278219938278, 0.0018172007985413074, 0.023785900324583054, 0.012746922671794891, -0.0040528131648898125, -0.007749701850116253, 0.028500741347670555, 0.009736492298543453, -0.002384427236393094, 0.010905957780778408]]
  Policy Std: [[0.9991067051887512, 1.0012518167495728, 1.0019515752792358, 1.0023138523101807, 0.9989719390869141, 1.0008952617645264, 1.0002809762954712, 1.002434492111206, 1.0006232261657715, 0.9992192983627319, 1.0001494884490967, 1.0011566877365112, 0.9982251524925232, 1.00291109085083, 1.0022505521774292, 0.9988248348236084, 1.0015581846237183, 0.9973443746566772, 1.00054132938385, 1.0021677017211914, 1.0029916763305664, 0.9990875124931335, 0.9989128112792969, 1.0027989149093628, 1.000711441040039, 0.999455451965332, 0.9992843866348267, 0.9995128512382507, 1.0009386539459229]]

Step 23:
  Date/Day: 24
  Action: [[-0.0028459602035582066, -0.023653583601117134, -0.015307039953768253, -0.002857270883396268, 0.01384352333843708, 0.020236508920788765, 0.01160284411162138, -0.01986834593117237, -0.020229915156960487, 0.002753304783254862, 0.019623301923274994, -0.0032842541113495827, -0.014163716696202755, 0.03439606726169586, -0.012822598218917847, 0.015829479321837425, 0.01628030836582184, -0.01647503860294819, -0.010902786627411842, 0.007184278219938278, 0.0018172007985413074, 0.023785900324583054, 0.012746922671794891, -0.0040528131648898125, -0.007749701850116253, 0.028500741347670555, 0.009736492298543453, -0.002384427236393094, 0.010905957780778408]]
  Reward: 0.045295193791389465
  Account Value: None
  Done: False
  Policy Mean: [[-0.0028459602035582066, -0.023653583601117134, -0.015307039953768253, -0.002857270883396268, 0.01384352333843708, 0.020236508920788765, 0.01160284411162138, -0.01986834593117237, -0.020229915156960487, 0.002753304783254862, 0.019623301923274994, -0.0032842541113495827, -0.014163716696202755, 0.03439606726169586, -0.012822598218917847, 0.015829479321837425, 0.01628030836582184, -0.01647503860294819, -0.010902786627411842, 0.007184278219938278, 0.0018172007985413074, 0.023785900324583054, 0.012746922671794891, -0.0040528131648898125, -0.007749701850116253, 0.028500741347670555, 0.009736492298543453, -0.002384427236393094, 0.010905957780778408]]
  Policy Std: [[0.9991067051887512, 1.0012518167495728, 1.0019515752792358, 1.0023138523101807, 0.9989719390869141, 1.0008952617645264, 1.0002809762954712, 1.002434492111206, 1.0006232261657715, 0.9992192983627319, 1.0001494884490967, 1.0011566877365112, 0.9982251524925232, 1.00291109085083, 1.0022505521774292, 0.9988248348236084, 1.0015581846237183, 0.9973443746566772, 1.00054132938385, 1.0021677017211914, 1.0029916763305664, 0.9990875124931335, 0.9989128112792969, 1.0027989149093628, 1.000711441040039, 0.999455451965332, 0.9992843866348267, 0.9995128512382507, 1.0009386539459229]]

Step 24:
  Date/Day: 25
  Action: [[-0.0028459602035582066, -0.023653583601117134, -0.015307039953768253, -0.002857270883396268, 0.01384352333843708, 0.020236508920788765, 0.01160284411162138, -0.01986834593117237, -0.020229915156960487, 0.002753304783254862, 0.019623301923274994, -0.0032842541113495827, -0.014163716696202755, 0.03439606726169586, -0.012822598218917847, 0.015829479321837425, 0.01628030836582184, -0.01647503860294819, -0.010902786627411842, 0.007184278219938278, 0.0018172007985413074, 0.023785900324583054, 0.012746922671794891, -0.0040528131648898125, -0.007749701850116253, 0.028500741347670555, 0.009736492298543453, -0.002384427236393094, 0.010905957780778408]]
  Reward: 0.03808912634849548
  Account Value: None
  Done: False
  Policy Mean: [[-0.0028459602035582066, -0.023653583601117134, -0.015307039953768253, -0.002857270883396268, 0.01384352333843708, 0.020236508920788765, 0.01160284411162138, -0.01986834593117237, -0.020229915156960487, 0.002753304783254862, 0.019623301923274994, -0.0032842541113495827, -0.014163716696202755, 0.03439606726169586, -0.012822598218917847, 0.015829479321837425, 0.01628030836582184, -0.01647503860294819, -0.010902786627411842, 0.007184278219938278, 0.0018172007985413074, 0.023785900324583054, 0.012746922671794891, -0.0040528131648898125, -0.007749701850116253, 0.028500741347670555, 0.009736492298543453, -0.002384427236393094, 0.010905957780778408]]
  Policy Std: [[0.9991067051887512, 1.0012518167495728, 1.0019515752792358, 1.0023138523101807, 0.9989719390869141, 1.0008952617645264, 1.0002809762954712, 1.002434492111206, 1.0006232261657715, 0.9992192983627319, 1.0001494884490967, 1.0011566877365112, 0.9982251524925232, 1.00291109085083, 1.0022505521774292, 0.9988248348236084, 1.0015581846237183, 0.9973443746566772, 1.00054132938385, 1.0021677017211914, 1.0029916763305664, 0.9990875124931335, 0.9989128112792969, 1.0027989149093628, 1.000711441040039, 0.999455451965332, 0.9992843866348267, 0.9995128512382507, 1.0009386539459229]]

Step 25:
  Date/Day: 26
  Action: [[-0.0028459602035582066, -0.023653583601117134, -0.015307039953768253, -0.002857270883396268, 0.01384352333843708, 0.020236508920788765, 0.01160284411162138, -0.01986834593117237, -0.020229915156960487, 0.002753304783254862, 0.019623301923274994, -0.0032842541113495827, -0.014163716696202755, 0.03439606726169586, -0.012822598218917847, 0.015829479321837425, 0.01628030836582184, -0.01647503860294819, -0.010902786627411842, 0.007184278219938278, 0.0018172007985413074, 0.023785900324583054, 0.012746922671794891, -0.0040528131648898125, -0.007749701850116253, 0.028500741347670555, 0.009736492298543453, -0.002384427236393094, 0.010905957780778408]]
  Reward: -0.02863083966076374
  Account Value: None
  Done: False
  Policy Mean: [[-0.0028459602035582066, -0.023653583601117134, -0.015307039953768253, -0.002857270883396268, 0.01384352333843708, 0.020236508920788765, 0.01160284411162138, -0.01986834593117237, -0.020229915156960487, 0.002753304783254862, 0.019623301923274994, -0.0032842541113495827, -0.014163716696202755, 0.03439606726169586, -0.012822598218917847, 0.015829479321837425, 0.01628030836582184, -0.01647503860294819, -0.010902786627411842, 0.007184278219938278, 0.0018172007985413074, 0.023785900324583054, 0.012746922671794891, -0.0040528131648898125, -0.007749701850116253, 0.028500741347670555, 0.009736492298543453, -0.002384427236393094, 0.010905957780778408]]
  Policy Std: [[0.9991067051887512, 1.0012518167495728, 1.0019515752792358, 1.0023138523101807, 0.9989719390869141, 1.0008952617645264, 1.0002809762954712, 1.002434492111206, 1.0006232261657715, 0.9992192983627319, 1.0001494884490967, 1.0011566877365112, 0.9982251524925232, 1.00291109085083, 1.0022505521774292, 0.9988248348236084, 1.0015581846237183, 0.9973443746566772, 1.00054132938385, 1.0021677017211914, 1.0029916763305664, 0.9990875124931335, 0.9989128112792969, 1.0027989149093628, 1.000711441040039, 0.999455451965332, 0.9992843866348267, 0.9995128512382507, 1.0009386539459229]]

Step 26:
  Date/Day: 27
  Action: [[-0.0028459602035582066, -0.023653583601117134, -0.015307039953768253, -0.002857270883396268, 0.01384352333843708, 0.020236508920788765, 0.01160284411162138, -0.01986834593117237, -0.020229915156960487, 0.002753304783254862, 0.019623301923274994, -0.0032842541113495827, -0.014163716696202755, 0.03439606726169586, -0.012822598218917847, 0.015829479321837425, 0.01628030836582184, -0.01647503860294819, -0.010902786627411842, 0.007184278219938278, 0.0018172007985413074, 0.023785900324583054, 0.012746922671794891, -0.0040528131648898125, -0.007749701850116253, 0.028500741347670555, 0.009736492298543453, -0.002384427236393094, 0.010905957780778408]]
  Reward: 0.04479394108057022
  Account Value: None
  Done: False
  Policy Mean: [[-0.0028459602035582066, -0.023653583601117134, -0.015307039953768253, -0.002857270883396268, 0.01384352333843708, 0.020236508920788765, 0.01160284411162138, -0.01986834593117237, -0.020229915156960487, 0.002753304783254862, 0.019623301923274994, -0.0032842541113495827, -0.014163716696202755, 0.03439606726169586, -0.012822598218917847, 0.015829479321837425, 0.01628030836582184, -0.01647503860294819, -0.010902786627411842, 0.007184278219938278, 0.0018172007985413074, 0.023785900324583054, 0.012746922671794891, -0.0040528131648898125, -0.007749701850116253, 0.028500741347670555, 0.009736492298543453, -0.002384427236393094, 0.010905957780778408]]
  Policy Std: [[0.9991067051887512, 1.0012518167495728, 1.0019515752792358, 1.0023138523101807, 0.9989719390869141, 1.0008952617645264, 1.0002809762954712, 1.002434492111206, 1.0006232261657715, 0.9992192983627319, 1.0001494884490967, 1.0011566877365112, 0.9982251524925232, 1.00291109085083, 1.0022505521774292, 0.9988248348236084, 1.0015581846237183, 0.9973443746566772, 1.00054132938385, 1.0021677017211914, 1.0029916763305664, 0.9990875124931335, 0.9989128112792969, 1.0027989149093628, 1.000711441040039, 0.999455451965332, 0.9992843866348267, 0.9995128512382507, 1.0009386539459229]]

Step 27:
  Date/Day: 28
  Action: [[-0.0028459602035582066, -0.023653583601117134, -0.015307039953768253, -0.002857270883396268, 0.01384352333843708, 0.020236508920788765, 0.01160284411162138, -0.01986834593117237, -0.020229915156960487, 0.002753304783254862, 0.019623301923274994, -0.0032842541113495827, -0.014163716696202755, 0.03439606726169586, -0.012822598218917847, 0.015829479321837425, 0.01628030836582184, -0.01647503860294819, -0.010902786627411842, 0.007184278219938278, 0.0018172007985413074, 0.023785900324583054, 0.012746922671794891, -0.0040528131648898125, -0.007749701850116253, 0.028500741347670555, 0.009736492298543453, -0.002384427236393094, 0.010905957780778408]]
  Reward: -0.030837997794151306
  Account Value: None
  Done: False
  Policy Mean: [[-0.0028459602035582066, -0.023653583601117134, -0.015307039953768253, -0.002857270883396268, 0.01384352333843708, 0.020236508920788765, 0.01160284411162138, -0.01986834593117237, -0.020229915156960487, 0.002753304783254862, 0.019623301923274994, -0.0032842541113495827, -0.014163716696202755, 0.03439606726169586, -0.012822598218917847, 0.015829479321837425, 0.01628030836582184, -0.01647503860294819, -0.010902786627411842, 0.007184278219938278, 0.0018172007985413074, 0.023785900324583054, 0.012746922671794891, -0.0040528131648898125, -0.007749701850116253, 0.028500741347670555, 0.009736492298543453, -0.002384427236393094, 0.010905957780778408]]
  Policy Std: [[0.9991067051887512, 1.0012518167495728, 1.0019515752792358, 1.0023138523101807, 0.9989719390869141, 1.0008952617645264, 1.0002809762954712, 1.002434492111206, 1.0006232261657715, 0.9992192983627319, 1.0001494884490967, 1.0011566877365112, 0.9982251524925232, 1.00291109085083, 1.0022505521774292, 0.9988248348236084, 1.0015581846237183, 0.9973443746566772, 1.00054132938385, 1.0021677017211914, 1.0029916763305664, 0.9990875124931335, 0.9989128112792969, 1.0027989149093628, 1.000711441040039, 0.999455451965332, 0.9992843866348267, 0.9995128512382507, 1.0009386539459229]]

Step 28:
  Date/Day: 29
  Action: [[-0.0028459602035582066, -0.023653583601117134, -0.015307039953768253, -0.002857270883396268, 0.01384352333843708, 0.020236508920788765, 0.01160284411162138, -0.01986834593117237, -0.020229915156960487, 0.002753304783254862, 0.019623301923274994, -0.0032842541113495827, -0.014163716696202755, 0.03439606726169586, -0.012822598218917847, 0.015829479321837425, 0.01628030836582184, -0.01647503860294819, -0.010902786627411842, 0.007184278219938278, 0.0018172007985413074, 0.023785900324583054, 0.012746922671794891, -0.0040528131648898125, -0.007749701850116253, 0.028500741347670555, 0.009736492298543453, -0.002384427236393094, 0.010905957780778408]]
  Reward: 0.04812714457511902
  Account Value: None
  Done: False
  Policy Mean: [[-0.0028459602035582066, -0.023653583601117134, -0.015307039953768253, -0.002857270883396268, 0.01384352333843708, 0.020236508920788765, 0.01160284411162138, -0.01986834593117237, -0.020229915156960487, 0.002753304783254862, 0.019623301923274994, -0.0032842541113495827, -0.014163716696202755, 0.03439606726169586, -0.012822598218917847, 0.015829479321837425, 0.01628030836582184, -0.01647503860294819, -0.010902786627411842, 0.007184278219938278, 0.0018172007985413074, 0.023785900324583054, 0.012746922671794891, -0.0040528131648898125, -0.007749701850116253, 0.028500741347670555, 0.009736492298543453, -0.002384427236393094, 0.010905957780778408]]
  Policy Std: [[0.9991067051887512, 1.0012518167495728, 1.0019515752792358, 1.0023138523101807, 0.9989719390869141, 1.0008952617645264, 1.0002809762954712, 1.002434492111206, 1.0006232261657715, 0.9992192983627319, 1.0001494884490967, 1.0011566877365112, 0.9982251524925232, 1.00291109085083, 1.0022505521774292, 0.9988248348236084, 1.0015581846237183, 0.9973443746566772, 1.00054132938385, 1.0021677017211914, 1.0029916763305664, 0.9990875124931335, 0.9989128112792969, 1.0027989149093628, 1.000711441040039, 0.999455451965332, 0.9992843866348267, 0.9995128512382507, 1.0009386539459229]]

Step 29:
  Date/Day: 30
  Action: [[-0.0028459602035582066, -0.023653583601117134, -0.015307039953768253, -0.002857270883396268, 0.01384352333843708, 0.020236508920788765, 0.01160284411162138, -0.01986834593117237, -0.020229915156960487, 0.002753304783254862, 0.019623301923274994, -0.0032842541113495827, -0.014163716696202755, 0.03439606726169586, -0.012822598218917847, 0.015829479321837425, 0.01628030836582184, -0.01647503860294819, -0.010902786627411842, 0.007184278219938278, 0.0018172007985413074, 0.023785900324583054, 0.012746922671794891, -0.0040528131648898125, -0.007749701850116253, 0.028500741347670555, 0.009736492298543453, -0.002384427236393094, 0.010905957780778408]]
  Reward: -0.007227165158838034
  Account Value: None
  Done: False
  Policy Mean: [[-0.0028459602035582066, -0.023653583601117134, -0.015307039953768253, -0.002857270883396268, 0.01384352333843708, 0.020236508920788765, 0.01160284411162138, -0.01986834593117237, -0.020229915156960487, 0.002753304783254862, 0.019623301923274994, -0.0032842541113495827, -0.014163716696202755, 0.03439606726169586, -0.012822598218917847, 0.015829479321837425, 0.01628030836582184, -0.01647503860294819, -0.010902786627411842, 0.007184278219938278, 0.0018172007985413074, 0.023785900324583054, 0.012746922671794891, -0.0040528131648898125, -0.007749701850116253, 0.028500741347670555, 0.009736492298543453, -0.002384427236393094, 0.010905957780778408]]
  Policy Std: [[0.9991067051887512, 1.0012518167495728, 1.0019515752792358, 1.0023138523101807, 0.9989719390869141, 1.0008952617645264, 1.0002809762954712, 1.002434492111206, 1.0006232261657715, 0.9992192983627319, 1.0001494884490967, 1.0011566877365112, 0.9982251524925232, 1.00291109085083, 1.0022505521774292, 0.9988248348236084, 1.0015581846237183, 0.9973443746566772, 1.00054132938385, 1.0021677017211914, 1.0029916763305664, 0.9990875124931335, 0.9989128112792969, 1.0027989149093628, 1.000711441040039, 0.999455451965332, 0.9992843866348267, 0.9995128512382507, 1.0009386539459229]]

Step 30:
  Date/Day: 31
  Action: [[-0.0028459602035582066, -0.023653583601117134, -0.015307039953768253, -0.002857270883396268, 0.01384352333843708, 0.020236508920788765, 0.01160284411162138, -0.01986834593117237, -0.020229915156960487, 0.002753304783254862, 0.019623301923274994, -0.0032842541113495827, -0.014163716696202755, 0.03439606726169586, -0.012822598218917847, 0.015829479321837425, 0.01628030836582184, -0.01647503860294819, -0.010902786627411842, 0.007184278219938278, 0.0018172007985413074, 0.023785900324583054, 0.012746922671794891, -0.0040528131648898125, -0.007749701850116253, 0.028500741347670555, 0.009736492298543453, -0.002384427236393094, 0.010905957780778408]]
  Reward: -0.019453588873147964
  Account Value: None
  Done: False
  Policy Mean: [[-0.0028459602035582066, -0.023653583601117134, -0.015307039953768253, -0.002857270883396268, 0.01384352333843708, 0.020236508920788765, 0.01160284411162138, -0.01986834593117237, -0.020229915156960487, 0.002753304783254862, 0.019623301923274994, -0.0032842541113495827, -0.014163716696202755, 0.03439606726169586, -0.012822598218917847, 0.015829479321837425, 0.01628030836582184, -0.01647503860294819, -0.010902786627411842, 0.007184278219938278, 0.0018172007985413074, 0.023785900324583054, 0.012746922671794891, -0.0040528131648898125, -0.007749701850116253, 0.028500741347670555, 0.009736492298543453, -0.002384427236393094, 0.010905957780778408]]
  Policy Std: [[0.9991067051887512, 1.0012518167495728, 1.0019515752792358, 1.0023138523101807, 0.9989719390869141, 1.0008952617645264, 1.0002809762954712, 1.002434492111206, 1.0006232261657715, 0.9992192983627319, 1.0001494884490967, 1.0011566877365112, 0.9982251524925232, 1.00291109085083, 1.0022505521774292, 0.9988248348236084, 1.0015581846237183, 0.9973443746566772, 1.00054132938385, 1.0021677017211914, 1.0029916763305664, 0.9990875124931335, 0.9989128112792969, 1.0027989149093628, 1.000711441040039, 0.999455451965332, 0.9992843866348267, 0.9995128512382507, 1.0009386539459229]]

Step 31:
  Date/Day: 32
  Action: [[-0.0028459602035582066, -0.023653583601117134, -0.015307039953768253, -0.002857270883396268, 0.01384352333843708, 0.020236508920788765, 0.01160284411162138, -0.01986834593117237, -0.020229915156960487, 0.002753304783254862, 0.019623301923274994, -0.0032842541113495827, -0.014163716696202755, 0.03439606726169586, -0.012822598218917847, 0.015829479321837425, 0.01628030836582184, -0.01647503860294819, -0.010902786627411842, 0.007184278219938278, 0.0018172007985413074, 0.023785900324583054, 0.012746922671794891, -0.0040528131648898125, -0.007749701850116253, 0.028500741347670555, 0.009736492298543453, -0.002384427236393094, 0.010905957780778408]]
  Reward: 0.05390142649412155
  Account Value: None
  Done: False
  Policy Mean: [[-0.0028459602035582066, -0.023653583601117134, -0.015307039953768253, -0.002857270883396268, 0.01384352333843708, 0.020236508920788765, 0.01160284411162138, -0.01986834593117237, -0.020229915156960487, 0.002753304783254862, 0.019623301923274994, -0.0032842541113495827, -0.014163716696202755, 0.03439606726169586, -0.012822598218917847, 0.015829479321837425, 0.01628030836582184, -0.01647503860294819, -0.010902786627411842, 0.007184278219938278, 0.0018172007985413074, 0.023785900324583054, 0.012746922671794891, -0.0040528131648898125, -0.007749701850116253, 0.028500741347670555, 0.009736492298543453, -0.002384427236393094, 0.010905957780778408]]
  Policy Std: [[0.9991067051887512, 1.0012518167495728, 1.0019515752792358, 1.0023138523101807, 0.9989719390869141, 1.0008952617645264, 1.0002809762954712, 1.002434492111206, 1.0006232261657715, 0.9992192983627319, 1.0001494884490967, 1.0011566877365112, 0.9982251524925232, 1.00291109085083, 1.0022505521774292, 0.9988248348236084, 1.0015581846237183, 0.9973443746566772, 1.00054132938385, 1.0021677017211914, 1.0029916763305664, 0.9990875124931335, 0.9989128112792969, 1.0027989149093628, 1.000711441040039, 0.999455451965332, 0.9992843866348267, 0.9995128512382507, 1.0009386539459229]]

Step 32:
  Date/Day: 33
  Action: [[-0.0028459602035582066, -0.023653583601117134, -0.015307039953768253, -0.002857270883396268, 0.01384352333843708, 0.020236508920788765, 0.01160284411162138, -0.01986834593117237, -0.020229915156960487, 0.002753304783254862, 0.019623301923274994, -0.0032842541113495827, -0.014163716696202755, 0.03439606726169586, -0.012822598218917847, 0.015829479321837425, 0.01628030836582184, -0.01647503860294819, -0.010902786627411842, 0.007184278219938278, 0.0018172007985413074, 0.023785900324583054, 0.012746922671794891, -0.0040528131648898125, -0.007749701850116253, 0.028500741347670555, 0.009736492298543453, -0.002384427236393094, 0.010905957780778408]]
  Reward: 0.03610437735915184
  Account Value: None
  Done: False
  Policy Mean: [[-0.0028459602035582066, -0.023653583601117134, -0.015307039953768253, -0.002857270883396268, 0.01384352333843708, 0.020236508920788765, 0.01160284411162138, -0.01986834593117237, -0.020229915156960487, 0.002753304783254862, 0.019623301923274994, -0.0032842541113495827, -0.014163716696202755, 0.03439606726169586, -0.012822598218917847, 0.015829479321837425, 0.01628030836582184, -0.01647503860294819, -0.010902786627411842, 0.007184278219938278, 0.0018172007985413074, 0.023785900324583054, 0.012746922671794891, -0.0040528131648898125, -0.007749701850116253, 0.028500741347670555, 0.009736492298543453, -0.002384427236393094, 0.010905957780778408]]
  Policy Std: [[0.9991067051887512, 1.0012518167495728, 1.0019515752792358, 1.0023138523101807, 0.9989719390869141, 1.0008952617645264, 1.0002809762954712, 1.002434492111206, 1.0006232261657715, 0.9992192983627319, 1.0001494884490967, 1.0011566877365112, 0.9982251524925232, 1.00291109085083, 1.0022505521774292, 0.9988248348236084, 1.0015581846237183, 0.9973443746566772, 1.00054132938385, 1.0021677017211914, 1.0029916763305664, 0.9990875124931335, 0.9989128112792969, 1.0027989149093628, 1.000711441040039, 0.999455451965332, 0.9992843866348267, 0.9995128512382507, 1.0009386539459229]]

Step 33:
  Date/Day: 34
  Action: [[-0.0028459602035582066, -0.023653583601117134, -0.015307039953768253, -0.002857270883396268, 0.01384352333843708, 0.020236508920788765, 0.01160284411162138, -0.01986834593117237, -0.020229915156960487, 0.002753304783254862, 0.019623301923274994, -0.0032842541113495827, -0.014163716696202755, 0.03439606726169586, -0.012822598218917847, 0.015829479321837425, 0.01628030836582184, -0.01647503860294819, -0.010902786627411842, 0.007184278219938278, 0.0018172007985413074, 0.023785900324583054, 0.012746922671794891, -0.0040528131648898125, -0.007749701850116253, 0.028500741347670555, 0.009736492298543453, -0.002384427236393094, 0.010905957780778408]]
  Reward: 0.006108399014919996
  Account Value: None
  Done: False
  Policy Mean: [[-0.0028459602035582066, -0.023653583601117134, -0.015307039953768253, -0.002857270883396268, 0.01384352333843708, 0.020236508920788765, 0.01160284411162138, -0.01986834593117237, -0.020229915156960487, 0.002753304783254862, 0.019623301923274994, -0.0032842541113495827, -0.014163716696202755, 0.03439606726169586, -0.012822598218917847, 0.015829479321837425, 0.01628030836582184, -0.01647503860294819, -0.010902786627411842, 0.007184278219938278, 0.0018172007985413074, 0.023785900324583054, 0.012746922671794891, -0.0040528131648898125, -0.007749701850116253, 0.028500741347670555, 0.009736492298543453, -0.002384427236393094, 0.010905957780778408]]
  Policy Std: [[0.9991067051887512, 1.0012518167495728, 1.0019515752792358, 1.0023138523101807, 0.9989719390869141, 1.0008952617645264, 1.0002809762954712, 1.002434492111206, 1.0006232261657715, 0.9992192983627319, 1.0001494884490967, 1.0011566877365112, 0.9982251524925232, 1.00291109085083, 1.0022505521774292, 0.9988248348236084, 1.0015581846237183, 0.9973443746566772, 1.00054132938385, 1.0021677017211914, 1.0029916763305664, 0.9990875124931335, 0.9989128112792969, 1.0027989149093628, 1.000711441040039, 0.999455451965332, 0.9992843866348267, 0.9995128512382507, 1.0009386539459229]]

Step 34:
  Date/Day: 35
  Action: [[-0.0028459602035582066, -0.023653583601117134, -0.015307039953768253, -0.002857270883396268, 0.01384352333843708, 0.020236508920788765, 0.01160284411162138, -0.01986834593117237, -0.020229915156960487, 0.002753304783254862, 0.019623301923274994, -0.0032842541113495827, -0.014163716696202755, 0.03439606726169586, -0.012822598218917847, 0.015829479321837425, 0.01628030836582184, -0.01647503860294819, -0.010902786627411842, 0.007184278219938278, 0.0018172007985413074, 0.023785900324583054, 0.012746922671794891, -0.0040528131648898125, -0.007749701850116253, 0.028500741347670555, 0.009736492298543453, -0.002384427236393094, 0.010905957780778408]]
  Reward: 0.043711110949516296
  Account Value: None
  Done: False
  Policy Mean: [[-0.0028459602035582066, -0.023653583601117134, -0.015307039953768253, -0.002857270883396268, 0.01384352333843708, 0.020236508920788765, 0.01160284411162138, -0.01986834593117237, -0.020229915156960487, 0.002753304783254862, 0.019623301923274994, -0.0032842541113495827, -0.014163716696202755, 0.03439606726169586, -0.012822598218917847, 0.015829479321837425, 0.01628030836582184, -0.01647503860294819, -0.010902786627411842, 0.007184278219938278, 0.0018172007985413074, 0.023785900324583054, 0.012746922671794891, -0.0040528131648898125, -0.007749701850116253, 0.028500741347670555, 0.009736492298543453, -0.002384427236393094, 0.010905957780778408]]
  Policy Std: [[0.9991067051887512, 1.0012518167495728, 1.0019515752792358, 1.0023138523101807, 0.9989719390869141, 1.0008952617645264, 1.0002809762954712, 1.002434492111206, 1.0006232261657715, 0.9992192983627319, 1.0001494884490967, 1.0011566877365112, 0.9982251524925232, 1.00291109085083, 1.0022505521774292, 0.9988248348236084, 1.0015581846237183, 0.9973443746566772, 1.00054132938385, 1.0021677017211914, 1.0029916763305664, 0.9990875124931335, 0.9989128112792969, 1.0027989149093628, 1.000711441040039, 0.999455451965332, 0.9992843866348267, 0.9995128512382507, 1.0009386539459229]]

Step 35:
  Date/Day: 36
  Action: [[-0.0028459602035582066, -0.023653583601117134, -0.015307039953768253, -0.002857270883396268, 0.01384352333843708, 0.020236508920788765, 0.01160284411162138, -0.01986834593117237, -0.020229915156960487, 0.002753304783254862, 0.019623301923274994, -0.0032842541113495827, -0.014163716696202755, 0.03439606726169586, -0.012822598218917847, 0.015829479321837425, 0.01628030836582184, -0.01647503860294819, -0.010902786627411842, 0.007184278219938278, 0.0018172007985413074, 0.023785900324583054, 0.012746922671794891, -0.0040528131648898125, -0.007749701850116253, 0.028500741347670555, 0.009736492298543453, -0.002384427236393094, 0.010905957780778408]]
  Reward: 0.015743691474199295
  Account Value: None
  Done: False
  Policy Mean: [[-0.0028459602035582066, -0.023653583601117134, -0.015307039953768253, -0.002857270883396268, 0.01384352333843708, 0.020236508920788765, 0.01160284411162138, -0.01986834593117237, -0.020229915156960487, 0.002753304783254862, 0.019623301923274994, -0.0032842541113495827, -0.014163716696202755, 0.03439606726169586, -0.012822598218917847, 0.015829479321837425, 0.01628030836582184, -0.01647503860294819, -0.010902786627411842, 0.007184278219938278, 0.0018172007985413074, 0.023785900324583054, 0.012746922671794891, -0.0040528131648898125, -0.007749701850116253, 0.028500741347670555, 0.009736492298543453, -0.002384427236393094, 0.010905957780778408]]
  Policy Std: [[0.9991067051887512, 1.0012518167495728, 1.0019515752792358, 1.0023138523101807, 0.9989719390869141, 1.0008952617645264, 1.0002809762954712, 1.002434492111206, 1.0006232261657715, 0.9992192983627319, 1.0001494884490967, 1.0011566877365112, 0.9982251524925232, 1.00291109085083, 1.0022505521774292, 0.9988248348236084, 1.0015581846237183, 0.9973443746566772, 1.00054132938385, 1.0021677017211914, 1.0029916763305664, 0.9990875124931335, 0.9989128112792969, 1.0027989149093628, 1.000711441040039, 0.999455451965332, 0.9992843866348267, 0.9995128512382507, 1.0009386539459229]]

Step 36:
  Date/Day: 37
  Action: [[-0.0028459602035582066, -0.023653583601117134, -0.015307039953768253, -0.002857270883396268, 0.01384352333843708, 0.020236508920788765, 0.01160284411162138, -0.01986834593117237, -0.020229915156960487, 0.002753304783254862, 0.019623301923274994, -0.0032842541113495827, -0.014163716696202755, 0.03439606726169586, -0.012822598218917847, 0.015829479321837425, 0.01628030836582184, -0.01647503860294819, -0.010902786627411842, 0.007184278219938278, 0.0018172007985413074, 0.023785900324583054, 0.012746922671794891, -0.0040528131648898125, -0.007749701850116253, 0.028500741347670555, 0.009736492298543453, -0.002384427236393094, 0.010905957780778408]]
  Reward: 0.07479432970285416
  Account Value: None
  Done: False
  Policy Mean: [[-0.0028459602035582066, -0.023653583601117134, -0.015307039953768253, -0.002857270883396268, 0.01384352333843708, 0.020236508920788765, 0.01160284411162138, -0.01986834593117237, -0.020229915156960487, 0.002753304783254862, 0.019623301923274994, -0.0032842541113495827, -0.014163716696202755, 0.03439606726169586, -0.012822598218917847, 0.015829479321837425, 0.01628030836582184, -0.01647503860294819, -0.010902786627411842, 0.007184278219938278, 0.0018172007985413074, 0.023785900324583054, 0.012746922671794891, -0.0040528131648898125, -0.007749701850116253, 0.028500741347670555, 0.009736492298543453, -0.002384427236393094, 0.010905957780778408]]
  Policy Std: [[0.9991067051887512, 1.0012518167495728, 1.0019515752792358, 1.0023138523101807, 0.9989719390869141, 1.0008952617645264, 1.0002809762954712, 1.002434492111206, 1.0006232261657715, 0.9992192983627319, 1.0001494884490967, 1.0011566877365112, 0.9982251524925232, 1.00291109085083, 1.0022505521774292, 0.9988248348236084, 1.0015581846237183, 0.9973443746566772, 1.00054132938385, 1.0021677017211914, 1.0029916763305664, 0.9990875124931335, 0.9989128112792969, 1.0027989149093628, 1.000711441040039, 0.999455451965332, 0.9992843866348267, 0.9995128512382507, 1.0009386539459229]]

Step 37:
  Date/Day: 38
  Action: [[-0.0028459602035582066, -0.023653583601117134, -0.015307039953768253, -0.002857270883396268, 0.01384352333843708, 0.020236508920788765, 0.01160284411162138, -0.01986834593117237, -0.020229915156960487, 0.002753304783254862, 0.019623301923274994, -0.0032842541113495827, -0.014163716696202755, 0.03439606726169586, -0.012822598218917847, 0.015829479321837425, 0.01628030836582184, -0.01647503860294819, -0.010902786627411842, 0.007184278219938278, 0.0018172007985413074, 0.023785900324583054, 0.012746922671794891, -0.0040528131648898125, -0.007749701850116253, 0.028500741347670555, 0.009736492298543453, -0.002384427236393094, 0.010905957780778408]]
  Reward: 0.06660379469394684
  Account Value: None
  Done: False
  Policy Mean: [[-0.0028459602035582066, -0.023653583601117134, -0.015307039953768253, -0.002857270883396268, 0.01384352333843708, 0.020236508920788765, 0.01160284411162138, -0.01986834593117237, -0.020229915156960487, 0.002753304783254862, 0.019623301923274994, -0.0032842541113495827, -0.014163716696202755, 0.03439606726169586, -0.012822598218917847, 0.015829479321837425, 0.01628030836582184, -0.01647503860294819, -0.010902786627411842, 0.007184278219938278, 0.0018172007985413074, 0.023785900324583054, 0.012746922671794891, -0.0040528131648898125, -0.007749701850116253, 0.028500741347670555, 0.009736492298543453, -0.002384427236393094, 0.010905957780778408]]
  Policy Std: [[0.9991067051887512, 1.0012518167495728, 1.0019515752792358, 1.0023138523101807, 0.9989719390869141, 1.0008952617645264, 1.0002809762954712, 1.002434492111206, 1.0006232261657715, 0.9992192983627319, 1.0001494884490967, 1.0011566877365112, 0.9982251524925232, 1.00291109085083, 1.0022505521774292, 0.9988248348236084, 1.0015581846237183, 0.9973443746566772, 1.00054132938385, 1.0021677017211914, 1.0029916763305664, 0.9990875124931335, 0.9989128112792969, 1.0027989149093628, 1.000711441040039, 0.999455451965332, 0.9992843866348267, 0.9995128512382507, 1.0009386539459229]]

Step 38:
  Date/Day: 39
  Action: [[-0.0028459602035582066, -0.023653583601117134, -0.015307039953768253, -0.002857270883396268, 0.01384352333843708, 0.020236508920788765, 0.01160284411162138, -0.01986834593117237, -0.020229915156960487, 0.002753304783254862, 0.019623301923274994, -0.0032842541113495827, -0.014163716696202755, 0.03439606726169586, -0.012822598218917847, 0.015829479321837425, 0.01628030836582184, -0.01647503860294819, -0.010902786627411842, 0.007184278219938278, 0.0018172007985413074, 0.023785900324583054, 0.012746922671794891, -0.0040528131648898125, -0.007749701850116253, 0.028500741347670555, 0.009736492298543453, -0.002384427236393094, 0.010905957780778408]]
  Reward: 0.47524386644363403
  Account Value: None
  Done: False
  Policy Mean: [[-0.0028459602035582066, -0.023653583601117134, -0.015307039953768253, -0.002857270883396268, 0.01384352333843708, 0.020236508920788765, 0.01160284411162138, -0.01986834593117237, -0.020229915156960487, 0.002753304783254862, 0.019623301923274994, -0.0032842541113495827, -0.014163716696202755, 0.03439606726169586, -0.012822598218917847, 0.015829479321837425, 0.01628030836582184, -0.01647503860294819, -0.010902786627411842, 0.007184278219938278, 0.0018172007985413074, 0.023785900324583054, 0.012746922671794891, -0.0040528131648898125, -0.007749701850116253, 0.028500741347670555, 0.009736492298543453, -0.002384427236393094, 0.010905957780778408]]
  Policy Std: [[0.9991067051887512, 1.0012518167495728, 1.0019515752792358, 1.0023138523101807, 0.9989719390869141, 1.0008952617645264, 1.0002809762954712, 1.002434492111206, 1.0006232261657715, 0.9992192983627319, 1.0001494884490967, 1.0011566877365112, 0.9982251524925232, 1.00291109085083, 1.0022505521774292, 0.9988248348236084, 1.0015581846237183, 0.9973443746566772, 1.00054132938385, 1.0021677017211914, 1.0029916763305664, 0.9990875124931335, 0.9989128112792969, 1.0027989149093628, 1.000711441040039, 0.999455451965332, 0.9992843866348267, 0.9995128512382507, 1.0009386539459229]]

Step 39:
  Date/Day: 40
  Action: [[-0.0028459602035582066, -0.023653583601117134, -0.015307039953768253, -0.002857270883396268, 0.01384352333843708, 0.020236508920788765, 0.01160284411162138, -0.01986834593117237, -0.020229915156960487, 0.002753304783254862, 0.019623301923274994, -0.0032842541113495827, -0.014163716696202755, 0.03439606726169586, -0.012822598218917847, 0.015829479321837425, 0.01628030836582184, -0.01647503860294819, -0.010902786627411842, 0.007184278219938278, 0.0018172007985413074, 0.023785900324583054, 0.012746922671794891, -0.0040528131648898125, -0.007749701850116253, 0.028500741347670555, 0.009736492298543453, -0.002384427236393094, 0.010905957780778408]]
  Reward: 0.05890290066599846
  Account Value: None
  Done: False
  Policy Mean: [[-0.0028459602035582066, -0.023653583601117134, -0.015307039953768253, -0.002857270883396268, 0.01384352333843708, 0.020236508920788765, 0.01160284411162138, -0.01986834593117237, -0.020229915156960487, 0.002753304783254862, 0.019623301923274994, -0.0032842541113495827, -0.014163716696202755, 0.03439606726169586, -0.012822598218917847, 0.015829479321837425, 0.01628030836582184, -0.01647503860294819, -0.010902786627411842, 0.007184278219938278, 0.0018172007985413074, 0.023785900324583054, 0.012746922671794891, -0.0040528131648898125, -0.007749701850116253, 0.028500741347670555, 0.009736492298543453, -0.002384427236393094, 0.010905957780778408]]
  Policy Std: [[0.9991067051887512, 1.0012518167495728, 1.0019515752792358, 1.0023138523101807, 0.9989719390869141, 1.0008952617645264, 1.0002809762954712, 1.002434492111206, 1.0006232261657715, 0.9992192983627319, 1.0001494884490967, 1.0011566877365112, 0.9982251524925232, 1.00291109085083, 1.0022505521774292, 0.9988248348236084, 1.0015581846237183, 0.9973443746566772, 1.00054132938385, 1.0021677017211914, 1.0029916763305664, 0.9990875124931335, 0.9989128112792969, 1.0027989149093628, 1.000711441040039, 0.999455451965332, 0.9992843866348267, 0.9995128512382507, 1.0009386539459229]]

Step 40:
  Date/Day: 41
  Action: [[-0.0028459602035582066, -0.023653583601117134, -0.015307039953768253, -0.002857270883396268, 0.01384352333843708, 0.020236508920788765, 0.01160284411162138, -0.01986834593117237, -0.020229915156960487, 0.002753304783254862, 0.019623301923274994, -0.0032842541113495827, -0.014163716696202755, 0.03439606726169586, -0.012822598218917847, 0.015829479321837425, 0.01628030836582184, -0.01647503860294819, -0.010902786627411842, 0.007184278219938278, 0.0018172007985413074, 0.023785900324583054, 0.012746922671794891, -0.0040528131648898125, -0.007749701850116253, 0.028500741347670555, 0.009736492298543453, -0.002384427236393094, 0.010905957780778408]]
  Reward: 0.03594224527478218
  Account Value: None
  Done: False
  Policy Mean: [[-0.0028459602035582066, -0.023653583601117134, -0.015307039953768253, -0.002857270883396268, 0.01384352333843708, 0.020236508920788765, 0.01160284411162138, -0.01986834593117237, -0.020229915156960487, 0.002753304783254862, 0.019623301923274994, -0.0032842541113495827, -0.014163716696202755, 0.03439606726169586, -0.012822598218917847, 0.015829479321837425, 0.01628030836582184, -0.01647503860294819, -0.010902786627411842, 0.007184278219938278, 0.0018172007985413074, 0.023785900324583054, 0.012746922671794891, -0.0040528131648898125, -0.007749701850116253, 0.028500741347670555, 0.009736492298543453, -0.002384427236393094, 0.010905957780778408]]
  Policy Std: [[0.9991067051887512, 1.0012518167495728, 1.0019515752792358, 1.0023138523101807, 0.9989719390869141, 1.0008952617645264, 1.0002809762954712, 1.002434492111206, 1.0006232261657715, 0.9992192983627319, 1.0001494884490967, 1.0011566877365112, 0.9982251524925232, 1.00291109085083, 1.0022505521774292, 0.9988248348236084, 1.0015581846237183, 0.9973443746566772, 1.00054132938385, 1.0021677017211914, 1.0029916763305664, 0.9990875124931335, 0.9989128112792969, 1.0027989149093628, 1.000711441040039, 0.999455451965332, 0.9992843866348267, 0.9995128512382507, 1.0009386539459229]]

Step 41:
  Date/Day: 42
  Action: [[-0.0028459602035582066, -0.023653583601117134, -0.015307039953768253, -0.002857270883396268, 0.01384352333843708, 0.020236508920788765, 0.01160284411162138, -0.01986834593117237, -0.020229915156960487, 0.002753304783254862, 0.019623301923274994, -0.0032842541113495827, -0.014163716696202755, 0.03439606726169586, -0.012822598218917847, 0.015829479321837425, 0.01628030836582184, -0.01647503860294819, -0.010902786627411842, 0.007184278219938278, 0.0018172007985413074, 0.023785900324583054, 0.012746922671794891, -0.0040528131648898125, -0.007749701850116253, 0.028500741347670555, 0.009736492298543453, -0.002384427236393094, 0.010905957780778408]]
  Reward: -0.04418206587433815
  Account Value: None
  Done: False
  Policy Mean: [[-0.0028459602035582066, -0.023653583601117134, -0.015307039953768253, -0.002857270883396268, 0.01384352333843708, 0.020236508920788765, 0.01160284411162138, -0.01986834593117237, -0.020229915156960487, 0.002753304783254862, 0.019623301923274994, -0.0032842541113495827, -0.014163716696202755, 0.03439606726169586, -0.012822598218917847, 0.015829479321837425, 0.01628030836582184, -0.01647503860294819, -0.010902786627411842, 0.007184278219938278, 0.0018172007985413074, 0.023785900324583054, 0.012746922671794891, -0.0040528131648898125, -0.007749701850116253, 0.028500741347670555, 0.009736492298543453, -0.002384427236393094, 0.010905957780778408]]
  Policy Std: [[0.9991067051887512, 1.0012518167495728, 1.0019515752792358, 1.0023138523101807, 0.9989719390869141, 1.0008952617645264, 1.0002809762954712, 1.002434492111206, 1.0006232261657715, 0.9992192983627319, 1.0001494884490967, 1.0011566877365112, 0.9982251524925232, 1.00291109085083, 1.0022505521774292, 0.9988248348236084, 1.0015581846237183, 0.9973443746566772, 1.00054132938385, 1.0021677017211914, 1.0029916763305664, 0.9990875124931335, 0.9989128112792969, 1.0027989149093628, 1.000711441040039, 0.999455451965332, 0.9992843866348267, 0.9995128512382507, 1.0009386539459229]]

Step 42:
  Date/Day: 43
  Action: [[-0.0028459602035582066, -0.023653583601117134, -0.015307039953768253, -0.002857270883396268, 0.01384352333843708, 0.020236508920788765, 0.01160284411162138, -0.01986834593117237, -0.020229915156960487, 0.002753304783254862, 0.019623301923274994, -0.0032842541113495827, -0.014163716696202755, 0.03439606726169586, -0.012822598218917847, 0.015829479321837425, 0.01628030836582184, -0.01647503860294819, -0.010902786627411842, 0.007184278219938278, 0.0018172007985413074, 0.023785900324583054, 0.012746922671794891, -0.0040528131648898125, -0.007749701850116253, 0.028500741347670555, 0.009736492298543453, -0.002384427236393094, 0.010905957780778408]]
  Reward: 0.1601807028055191
  Account Value: None
  Done: False
  Policy Mean: [[-0.0028459602035582066, -0.023653583601117134, -0.015307039953768253, -0.002857270883396268, 0.01384352333843708, 0.020236508920788765, 0.01160284411162138, -0.01986834593117237, -0.020229915156960487, 0.002753304783254862, 0.019623301923274994, -0.0032842541113495827, -0.014163716696202755, 0.03439606726169586, -0.012822598218917847, 0.015829479321837425, 0.01628030836582184, -0.01647503860294819, -0.010902786627411842, 0.007184278219938278, 0.0018172007985413074, 0.023785900324583054, 0.012746922671794891, -0.0040528131648898125, -0.007749701850116253, 0.028500741347670555, 0.009736492298543453, -0.002384427236393094, 0.010905957780778408]]
  Policy Std: [[0.9991067051887512, 1.0012518167495728, 1.0019515752792358, 1.0023138523101807, 0.9989719390869141, 1.0008952617645264, 1.0002809762954712, 1.002434492111206, 1.0006232261657715, 0.9992192983627319, 1.0001494884490967, 1.0011566877365112, 0.9982251524925232, 1.00291109085083, 1.0022505521774292, 0.9988248348236084, 1.0015581846237183, 0.9973443746566772, 1.00054132938385, 1.0021677017211914, 1.0029916763305664, 0.9990875124931335, 0.9989128112792969, 1.0027989149093628, 1.000711441040039, 0.999455451965332, 0.9992843866348267, 0.9995128512382507, 1.0009386539459229]]

Step 43:
  Date/Day: 44
  Action: [[-0.0028459602035582066, -0.023653583601117134, -0.015307039953768253, -0.002857270883396268, 0.01384352333843708, 0.020236508920788765, 0.01160284411162138, -0.01986834593117237, -0.020229915156960487, 0.002753304783254862, 0.019623301923274994, -0.0032842541113495827, -0.014163716696202755, 0.03439606726169586, -0.012822598218917847, 0.015829479321837425, 0.01628030836582184, -0.01647503860294819, -0.010902786627411842, 0.007184278219938278, 0.0018172007985413074, 0.023785900324583054, 0.012746922671794891, -0.0040528131648898125, -0.007749701850116253, 0.028500741347670555, 0.009736492298543453, -0.002384427236393094, 0.010905957780778408]]
  Reward: 0.07254114001989365
  Account Value: None
  Done: False
  Policy Mean: [[-0.0028459602035582066, -0.023653583601117134, -0.015307039953768253, -0.002857270883396268, 0.01384352333843708, 0.020236508920788765, 0.01160284411162138, -0.01986834593117237, -0.020229915156960487, 0.002753304783254862, 0.019623301923274994, -0.0032842541113495827, -0.014163716696202755, 0.03439606726169586, -0.012822598218917847, 0.015829479321837425, 0.01628030836582184, -0.01647503860294819, -0.010902786627411842, 0.007184278219938278, 0.0018172007985413074, 0.023785900324583054, 0.012746922671794891, -0.0040528131648898125, -0.007749701850116253, 0.028500741347670555, 0.009736492298543453, -0.002384427236393094, 0.010905957780778408]]
  Policy Std: [[0.9991067051887512, 1.0012518167495728, 1.0019515752792358, 1.0023138523101807, 0.9989719390869141, 1.0008952617645264, 1.0002809762954712, 1.002434492111206, 1.0006232261657715, 0.9992192983627319, 1.0001494884490967, 1.0011566877365112, 0.9982251524925232, 1.00291109085083, 1.0022505521774292, 0.9988248348236084, 1.0015581846237183, 0.9973443746566772, 1.00054132938385, 1.0021677017211914, 1.0029916763305664, 0.9990875124931335, 0.9989128112792969, 1.0027989149093628, 1.000711441040039, 0.999455451965332, 0.9992843866348267, 0.9995128512382507, 1.0009386539459229]]

Step 44:
  Date/Day: 45
  Action: [[-0.0028459602035582066, -0.023653583601117134, -0.015307039953768253, -0.002857270883396268, 0.01384352333843708, 0.020236508920788765, 0.01160284411162138, -0.01986834593117237, -0.020229915156960487, 0.002753304783254862, 0.019623301923274994, -0.0032842541113495827, -0.014163716696202755, 0.03439606726169586, -0.012822598218917847, 0.015829479321837425, 0.01628030836582184, -0.01647503860294819, -0.010902786627411842, 0.007184278219938278, 0.0018172007985413074, 0.023785900324583054, 0.012746922671794891, -0.0040528131648898125, -0.007749701850116253, 0.028500741347670555, 0.009736492298543453, -0.002384427236393094, 0.010905957780778408]]
  Reward: -0.32784321904182434
  Account Value: None
  Done: False
  Policy Mean: [[-0.0028459602035582066, -0.023653583601117134, -0.015307039953768253, -0.002857270883396268, 0.01384352333843708, 0.020236508920788765, 0.01160284411162138, -0.01986834593117237, -0.020229915156960487, 0.002753304783254862, 0.019623301923274994, -0.0032842541113495827, -0.014163716696202755, 0.03439606726169586, -0.012822598218917847, 0.015829479321837425, 0.01628030836582184, -0.01647503860294819, -0.010902786627411842, 0.007184278219938278, 0.0018172007985413074, 0.023785900324583054, 0.012746922671794891, -0.0040528131648898125, -0.007749701850116253, 0.028500741347670555, 0.009736492298543453, -0.002384427236393094, 0.010905957780778408]]
  Policy Std: [[0.9991067051887512, 1.0012518167495728, 1.0019515752792358, 1.0023138523101807, 0.9989719390869141, 1.0008952617645264, 1.0002809762954712, 1.002434492111206, 1.0006232261657715, 0.9992192983627319, 1.0001494884490967, 1.0011566877365112, 0.9982251524925232, 1.00291109085083, 1.0022505521774292, 0.9988248348236084, 1.0015581846237183, 0.9973443746566772, 1.00054132938385, 1.0021677017211914, 1.0029916763305664, 0.9990875124931335, 0.9989128112792969, 1.0027989149093628, 1.000711441040039, 0.999455451965332, 0.9992843866348267, 0.9995128512382507, 1.0009386539459229]]

Step 45:
  Date/Day: 46
  Action: [[-0.0028459602035582066, -0.023653583601117134, -0.015307039953768253, -0.002857270883396268, 0.01384352333843708, 0.020236508920788765, 0.01160284411162138, -0.01986834593117237, -0.020229915156960487, 0.002753304783254862, 0.019623301923274994, -0.0032842541113495827, -0.014163716696202755, 0.03439606726169586, -0.012822598218917847, 0.015829479321837425, 0.01628030836582184, -0.01647503860294819, -0.010902786627411842, 0.007184278219938278, 0.0018172007985413074, 0.023785900324583054, 0.012746922671794891, -0.0040528131648898125, -0.007749701850116253, 0.028500741347670555, 0.009736492298543453, -0.002384427236393094, 0.010905957780778408]]
  Reward: -0.1551782786846161
  Account Value: None
  Done: False
  Policy Mean: [[-0.0028459602035582066, -0.023653583601117134, -0.015307039953768253, -0.002857270883396268, 0.01384352333843708, 0.020236508920788765, 0.01160284411162138, -0.01986834593117237, -0.020229915156960487, 0.002753304783254862, 0.019623301923274994, -0.0032842541113495827, -0.014163716696202755, 0.03439606726169586, -0.012822598218917847, 0.015829479321837425, 0.01628030836582184, -0.01647503860294819, -0.010902786627411842, 0.007184278219938278, 0.0018172007985413074, 0.023785900324583054, 0.012746922671794891, -0.0040528131648898125, -0.007749701850116253, 0.028500741347670555, 0.009736492298543453, -0.002384427236393094, 0.010905957780778408]]
  Policy Std: [[0.9991067051887512, 1.0012518167495728, 1.0019515752792358, 1.0023138523101807, 0.9989719390869141, 1.0008952617645264, 1.0002809762954712, 1.002434492111206, 1.0006232261657715, 0.9992192983627319, 1.0001494884490967, 1.0011566877365112, 0.9982251524925232, 1.00291109085083, 1.0022505521774292, 0.9988248348236084, 1.0015581846237183, 0.9973443746566772, 1.00054132938385, 1.0021677017211914, 1.0029916763305664, 0.9990875124931335, 0.9989128112792969, 1.0027989149093628, 1.000711441040039, 0.999455451965332, 0.9992843866348267, 0.9995128512382507, 1.0009386539459229]]

Step 46:
  Date/Day: 47
  Action: [[-0.0028459602035582066, -0.023653583601117134, -0.015307039953768253, -0.002857270883396268, 0.01384352333843708, 0.020236508920788765, 0.01160284411162138, -0.01986834593117237, -0.020229915156960487, 0.002753304783254862, 0.019623301923274994, -0.0032842541113495827, -0.014163716696202755, 0.03439606726169586, -0.012822598218917847, 0.015829479321837425, 0.01628030836582184, -0.01647503860294819, -0.010902786627411842, 0.007184278219938278, 0.0018172007985413074, 0.023785900324583054, 0.012746922671794891, -0.0040528131648898125, -0.007749701850116253, 0.028500741347670555, 0.009736492298543453, -0.002384427236393094, 0.010905957780778408]]
  Reward: -0.23437237739562988
  Account Value: None
  Done: False
  Policy Mean: [[-0.0028459602035582066, -0.023653583601117134, -0.015307039953768253, -0.002857270883396268, 0.01384352333843708, 0.020236508920788765, 0.01160284411162138, -0.01986834593117237, -0.020229915156960487, 0.002753304783254862, 0.019623301923274994, -0.0032842541113495827, -0.014163716696202755, 0.03439606726169586, -0.012822598218917847, 0.015829479321837425, 0.01628030836582184, -0.01647503860294819, -0.010902786627411842, 0.007184278219938278, 0.0018172007985413074, 0.023785900324583054, 0.012746922671794891, -0.0040528131648898125, -0.007749701850116253, 0.028500741347670555, 0.009736492298543453, -0.002384427236393094, 0.010905957780778408]]
  Policy Std: [[0.9991067051887512, 1.0012518167495728, 1.0019515752792358, 1.0023138523101807, 0.9989719390869141, 1.0008952617645264, 1.0002809762954712, 1.002434492111206, 1.0006232261657715, 0.9992192983627319, 1.0001494884490967, 1.0011566877365112, 0.9982251524925232, 1.00291109085083, 1.0022505521774292, 0.9988248348236084, 1.0015581846237183, 0.9973443746566772, 1.00054132938385, 1.0021677017211914, 1.0029916763305664, 0.9990875124931335, 0.9989128112792969, 1.0027989149093628, 1.000711441040039, 0.999455451965332, 0.9992843866348267, 0.9995128512382507, 1.0009386539459229]]

Step 47:
  Date/Day: 48
  Action: [[-0.0028459602035582066, -0.023653583601117134, -0.015307039953768253, -0.002857270883396268, 0.01384352333843708, 0.020236508920788765, 0.01160284411162138, -0.01986834593117237, -0.020229915156960487, 0.002753304783254862, 0.019623301923274994, -0.0032842541113495827, -0.014163716696202755, 0.03439606726169586, -0.012822598218917847, 0.015829479321837425, 0.01628030836582184, -0.01647503860294819, -0.010902786627411842, 0.007184278219938278, 0.0018172007985413074, 0.023785900324583054, 0.012746922671794891, -0.0040528131648898125, -0.007749701850116253, 0.028500741347670555, 0.009736492298543453, -0.002384427236393094, 0.010905957780778408]]
  Reward: 0.23242272436618805
  Account Value: None
  Done: False
  Policy Mean: [[-0.0028459602035582066, -0.023653583601117134, -0.015307039953768253, -0.002857270883396268, 0.01384352333843708, 0.020236508920788765, 0.01160284411162138, -0.01986834593117237, -0.020229915156960487, 0.002753304783254862, 0.019623301923274994, -0.0032842541113495827, -0.014163716696202755, 0.03439606726169586, -0.012822598218917847, 0.015829479321837425, 0.01628030836582184, -0.01647503860294819, -0.010902786627411842, 0.007184278219938278, 0.0018172007985413074, 0.023785900324583054, 0.012746922671794891, -0.0040528131648898125, -0.007749701850116253, 0.028500741347670555, 0.009736492298543453, -0.002384427236393094, 0.010905957780778408]]
  Policy Std: [[0.9991067051887512, 1.0012518167495728, 1.0019515752792358, 1.0023138523101807, 0.9989719390869141, 1.0008952617645264, 1.0002809762954712, 1.002434492111206, 1.0006232261657715, 0.9992192983627319, 1.0001494884490967, 1.0011566877365112, 0.9982251524925232, 1.00291109085083, 1.0022505521774292, 0.9988248348236084, 1.0015581846237183, 0.9973443746566772, 1.00054132938385, 1.0021677017211914, 1.0029916763305664, 0.9990875124931335, 0.9989128112792969, 1.0027989149093628, 1.000711441040039, 0.999455451965332, 0.9992843866348267, 0.9995128512382507, 1.0009386539459229]]

Step 48:
  Date/Day: 49
  Action: [[-0.0028459602035582066, -0.023653583601117134, -0.015307039953768253, -0.002857270883396268, 0.01384352333843708, 0.020236508920788765, 0.01160284411162138, -0.01986834593117237, -0.020229915156960487, 0.002753304783254862, 0.019623301923274994, -0.0032842541113495827, -0.014163716696202755, 0.03439606726169586, -0.012822598218917847, 0.015829479321837425, 0.01628030836582184, -0.01647503860294819, -0.010902786627411842, 0.007184278219938278, 0.0018172007985413074, 0.023785900324583054, 0.012746922671794891, -0.0040528131648898125, -0.007749701850116253, 0.028500741347670555, 0.009736492298543453, -0.002384427236393094, 0.010905957780778408]]
  Reward: -0.12297728657722473
  Account Value: None
  Done: False
  Policy Mean: [[-0.0028459602035582066, -0.023653583601117134, -0.015307039953768253, -0.002857270883396268, 0.01384352333843708, 0.020236508920788765, 0.01160284411162138, -0.01986834593117237, -0.020229915156960487, 0.002753304783254862, 0.019623301923274994, -0.0032842541113495827, -0.014163716696202755, 0.03439606726169586, -0.012822598218917847, 0.015829479321837425, 0.01628030836582184, -0.01647503860294819, -0.010902786627411842, 0.007184278219938278, 0.0018172007985413074, 0.023785900324583054, 0.012746922671794891, -0.0040528131648898125, -0.007749701850116253, 0.028500741347670555, 0.009736492298543453, -0.002384427236393094, 0.010905957780778408]]
  Policy Std: [[0.9991067051887512, 1.0012518167495728, 1.0019515752792358, 1.0023138523101807, 0.9989719390869141, 1.0008952617645264, 1.0002809762954712, 1.002434492111206, 1.0006232261657715, 0.9992192983627319, 1.0001494884490967, 1.0011566877365112, 0.9982251524925232, 1.00291109085083, 1.0022505521774292, 0.9988248348236084, 1.0015581846237183, 0.9973443746566772, 1.00054132938385, 1.0021677017211914, 1.0029916763305664, 0.9990875124931335, 0.9989128112792969, 1.0027989149093628, 1.000711441040039, 0.999455451965332, 0.9992843866348267, 0.9995128512382507, 1.0009386539459229]]

Step 49:
  Date/Day: 50
  Action: [[-0.0028459602035582066, -0.023653583601117134, -0.015307039953768253, -0.002857270883396268, 0.01384352333843708, 0.020236508920788765, 0.01160284411162138, -0.01986834593117237, -0.020229915156960487, 0.002753304783254862, 0.019623301923274994, -0.0032842541113495827, -0.014163716696202755, 0.03439606726169586, -0.012822598218917847, 0.015829479321837425, 0.01628030836582184, -0.01647503860294819, -0.010902786627411842, 0.007184278219938278, 0.0018172007985413074, 0.023785900324583054, 0.012746922671794891, -0.0040528131648898125, -0.007749701850116253, 0.028500741347670555, 0.009736492298543453, -0.002384427236393094, 0.010905957780778408]]
  Reward: 0.034605320543050766
  Account Value: None
  Done: False
  Policy Mean: [[-0.0028459602035582066, -0.023653583601117134, -0.015307039953768253, -0.002857270883396268, 0.01384352333843708, 0.020236508920788765, 0.01160284411162138, -0.01986834593117237, -0.020229915156960487, 0.002753304783254862, 0.019623301923274994, -0.0032842541113495827, -0.014163716696202755, 0.03439606726169586, -0.012822598218917847, 0.015829479321837425, 0.01628030836582184, -0.01647503860294819, -0.010902786627411842, 0.007184278219938278, 0.0018172007985413074, 0.023785900324583054, 0.012746922671794891, -0.0040528131648898125, -0.007749701850116253, 0.028500741347670555, 0.009736492298543453, -0.002384427236393094, 0.010905957780778408]]
  Policy Std: [[0.9991067051887512, 1.0012518167495728, 1.0019515752792358, 1.0023138523101807, 0.9989719390869141, 1.0008952617645264, 1.0002809762954712, 1.002434492111206, 1.0006232261657715, 0.9992192983627319, 1.0001494884490967, 1.0011566877365112, 0.9982251524925232, 1.00291109085083, 1.0022505521774292, 0.9988248348236084, 1.0015581846237183, 0.9973443746566772, 1.00054132938385, 1.0021677017211914, 1.0029916763305664, 0.9990875124931335, 0.9989128112792969, 1.0027989149093628, 1.000711441040039, 0.999455451965332, 0.9992843866348267, 0.9995128512382507, 1.0009386539459229]]

Step 50:
  Date/Day: 51
  Action: [[-0.0028459602035582066, -0.023653583601117134, -0.015307039953768253, -0.002857270883396268, 0.01384352333843708, 0.020236508920788765, 0.01160284411162138, -0.01986834593117237, -0.020229915156960487, 0.002753304783254862, 0.019623301923274994, -0.0032842541113495827, -0.014163716696202755, 0.03439606726169586, -0.012822598218917847, 0.015829479321837425, 0.01628030836582184, -0.01647503860294819, -0.010902786627411842, 0.007184278219938278, 0.0018172007985413074, 0.023785900324583054, 0.012746922671794891, -0.0040528131648898125, -0.007749701850116253, 0.028500741347670555, 0.009736492298543453, -0.002384427236393094, 0.010905957780778408]]
  Reward: 0.12767452001571655
  Account Value: None
  Done: False
  Policy Mean: [[-0.0028459602035582066, -0.023653583601117134, -0.015307039953768253, -0.002857270883396268, 0.01384352333843708, 0.020236508920788765, 0.01160284411162138, -0.01986834593117237, -0.020229915156960487, 0.002753304783254862, 0.019623301923274994, -0.0032842541113495827, -0.014163716696202755, 0.03439606726169586, -0.012822598218917847, 0.015829479321837425, 0.01628030836582184, -0.01647503860294819, -0.010902786627411842, 0.007184278219938278, 0.0018172007985413074, 0.023785900324583054, 0.012746922671794891, -0.0040528131648898125, -0.007749701850116253, 0.028500741347670555, 0.009736492298543453, -0.002384427236393094, 0.010905957780778408]]
  Policy Std: [[0.9991067051887512, 1.0012518167495728, 1.0019515752792358, 1.0023138523101807, 0.9989719390869141, 1.0008952617645264, 1.0002809762954712, 1.002434492111206, 1.0006232261657715, 0.9992192983627319, 1.0001494884490967, 1.0011566877365112, 0.9982251524925232, 1.00291109085083, 1.0022505521774292, 0.9988248348236084, 1.0015581846237183, 0.9973443746566772, 1.00054132938385, 1.0021677017211914, 1.0029916763305664, 0.9990875124931335, 0.9989128112792969, 1.0027989149093628, 1.000711441040039, 0.999455451965332, 0.9992843866348267, 0.9995128512382507, 1.0009386539459229]]

Step 51:
  Date/Day: 52
  Action: [[-0.0028459602035582066, -0.023653583601117134, -0.015307039953768253, -0.002857270883396268, 0.01384352333843708, 0.020236508920788765, 0.01160284411162138, -0.01986834593117237, -0.020229915156960487, 0.002753304783254862, 0.019623301923274994, -0.0032842541113495827, -0.014163716696202755, 0.03439606726169586, -0.012822598218917847, 0.015829479321837425, 0.01628030836582184, -0.01647503860294819, -0.010902786627411842, 0.007184278219938278, 0.0018172007985413074, 0.023785900324583054, 0.012746922671794891, -0.0040528131648898125, -0.007749701850116253, 0.028500741347670555, 0.009736492298543453, -0.002384427236393094, 0.010905957780778408]]
  Reward: 0.05247943103313446
  Account Value: None
  Done: False
  Policy Mean: [[-0.0028459602035582066, -0.023653583601117134, -0.015307039953768253, -0.002857270883396268, 0.01384352333843708, 0.020236508920788765, 0.01160284411162138, -0.01986834593117237, -0.020229915156960487, 0.002753304783254862, 0.019623301923274994, -0.0032842541113495827, -0.014163716696202755, 0.03439606726169586, -0.012822598218917847, 0.015829479321837425, 0.01628030836582184, -0.01647503860294819, -0.010902786627411842, 0.007184278219938278, 0.0018172007985413074, 0.023785900324583054, 0.012746922671794891, -0.0040528131648898125, -0.007749701850116253, 0.028500741347670555, 0.009736492298543453, -0.002384427236393094, 0.010905957780778408]]
  Policy Std: [[0.9991067051887512, 1.0012518167495728, 1.0019515752792358, 1.0023138523101807, 0.9989719390869141, 1.0008952617645264, 1.0002809762954712, 1.002434492111206, 1.0006232261657715, 0.9992192983627319, 1.0001494884490967, 1.0011566877365112, 0.9982251524925232, 1.00291109085083, 1.0022505521774292, 0.9988248348236084, 1.0015581846237183, 0.9973443746566772, 1.00054132938385, 1.0021677017211914, 1.0029916763305664, 0.9990875124931335, 0.9989128112792969, 1.0027989149093628, 1.000711441040039, 0.999455451965332, 0.9992843866348267, 0.9995128512382507, 1.0009386539459229]]

Step 52:
  Date/Day: 53
  Action: [[-0.0028459602035582066, -0.023653583601117134, -0.015307039953768253, -0.002857270883396268, 0.01384352333843708, 0.020236508920788765, 0.01160284411162138, -0.01986834593117237, -0.020229915156960487, 0.002753304783254862, 0.019623301923274994, -0.0032842541113495827, -0.014163716696202755, 0.03439606726169586, -0.012822598218917847, 0.015829479321837425, 0.01628030836582184, -0.01647503860294819, -0.010902786627411842, 0.007184278219938278, 0.0018172007985413074, 0.023785900324583054, 0.012746922671794891, -0.0040528131648898125, -0.007749701850116253, 0.028500741347670555, 0.009736492298543453, -0.002384427236393094, 0.010905957780778408]]
  Reward: -0.03369151055812836
  Account Value: None
  Done: False
  Policy Mean: [[-0.0028459602035582066, -0.023653583601117134, -0.015307039953768253, -0.002857270883396268, 0.01384352333843708, 0.020236508920788765, 0.01160284411162138, -0.01986834593117237, -0.020229915156960487, 0.002753304783254862, 0.019623301923274994, -0.0032842541113495827, -0.014163716696202755, 0.03439606726169586, -0.012822598218917847, 0.015829479321837425, 0.01628030836582184, -0.01647503860294819, -0.010902786627411842, 0.007184278219938278, 0.0018172007985413074, 0.023785900324583054, 0.012746922671794891, -0.0040528131648898125, -0.007749701850116253, 0.028500741347670555, 0.009736492298543453, -0.002384427236393094, 0.010905957780778408]]
  Policy Std: [[0.9991067051887512, 1.0012518167495728, 1.0019515752792358, 1.0023138523101807, 0.9989719390869141, 1.0008952617645264, 1.0002809762954712, 1.002434492111206, 1.0006232261657715, 0.9992192983627319, 1.0001494884490967, 1.0011566877365112, 0.9982251524925232, 1.00291109085083, 1.0022505521774292, 0.9988248348236084, 1.0015581846237183, 0.9973443746566772, 1.00054132938385, 1.0021677017211914, 1.0029916763305664, 0.9990875124931335, 0.9989128112792969, 1.0027989149093628, 1.000711441040039, 0.999455451965332, 0.9992843866348267, 0.9995128512382507, 1.0009386539459229]]

Step 53:
  Date/Day: 54
  Action: [[-0.0028459602035582066, -0.023653583601117134, -0.015307039953768253, -0.002857270883396268, 0.01384352333843708, 0.020236508920788765, 0.01160284411162138, -0.01986834593117237, -0.020229915156960487, 0.002753304783254862, 0.019623301923274994, -0.0032842541113495827, -0.014163716696202755, 0.03439606726169586, -0.012822598218917847, 0.015829479321837425, 0.01628030836582184, -0.01647503860294819, -0.010902786627411842, 0.007184278219938278, 0.0018172007985413074, 0.023785900324583054, 0.012746922671794891, -0.0040528131648898125, -0.007749701850116253, 0.028500741347670555, 0.009736492298543453, -0.002384427236393094, 0.010905957780778408]]
  Reward: -0.08894895017147064
  Account Value: None
  Done: False
  Policy Mean: [[-0.0028459602035582066, -0.023653583601117134, -0.015307039953768253, -0.002857270883396268, 0.01384352333843708, 0.020236508920788765, 0.01160284411162138, -0.01986834593117237, -0.020229915156960487, 0.002753304783254862, 0.019623301923274994, -0.0032842541113495827, -0.014163716696202755, 0.03439606726169586, -0.012822598218917847, 0.015829479321837425, 0.01628030836582184, -0.01647503860294819, -0.010902786627411842, 0.007184278219938278, 0.0018172007985413074, 0.023785900324583054, 0.012746922671794891, -0.0040528131648898125, -0.007749701850116253, 0.028500741347670555, 0.009736492298543453, -0.002384427236393094, 0.010905957780778408]]
  Policy Std: [[0.9991067051887512, 1.0012518167495728, 1.0019515752792358, 1.0023138523101807, 0.9989719390869141, 1.0008952617645264, 1.0002809762954712, 1.002434492111206, 1.0006232261657715, 0.9992192983627319, 1.0001494884490967, 1.0011566877365112, 0.9982251524925232, 1.00291109085083, 1.0022505521774292, 0.9988248348236084, 1.0015581846237183, 0.9973443746566772, 1.00054132938385, 1.0021677017211914, 1.0029916763305664, 0.9990875124931335, 0.9989128112792969, 1.0027989149093628, 1.000711441040039, 0.999455451965332, 0.9992843866348267, 0.9995128512382507, 1.0009386539459229]]

Step 54:
  Date/Day: 55
  Action: [[-0.0028459602035582066, -0.023653583601117134, -0.015307039953768253, -0.002857270883396268, 0.01384352333843708, 0.020236508920788765, 0.01160284411162138, -0.01986834593117237, -0.020229915156960487, 0.002753304783254862, 0.019623301923274994, -0.0032842541113495827, -0.014163716696202755, 0.03439606726169586, -0.012822598218917847, 0.015829479321837425, 0.01628030836582184, -0.01647503860294819, -0.010902786627411842, 0.007184278219938278, 0.0018172007985413074, 0.023785900324583054, 0.012746922671794891, -0.0040528131648898125, -0.007749701850116253, 0.028500741347670555, 0.009736492298543453, -0.002384427236393094, 0.010905957780778408]]
  Reward: -0.11836328357458115
  Account Value: None
  Done: False
  Policy Mean: [[-0.0028459602035582066, -0.023653583601117134, -0.015307039953768253, -0.002857270883396268, 0.01384352333843708, 0.020236508920788765, 0.01160284411162138, -0.01986834593117237, -0.020229915156960487, 0.002753304783254862, 0.019623301923274994, -0.0032842541113495827, -0.014163716696202755, 0.03439606726169586, -0.012822598218917847, 0.015829479321837425, 0.01628030836582184, -0.01647503860294819, -0.010902786627411842, 0.007184278219938278, 0.0018172007985413074, 0.023785900324583054, 0.012746922671794891, -0.0040528131648898125, -0.007749701850116253, 0.028500741347670555, 0.009736492298543453, -0.002384427236393094, 0.010905957780778408]]
  Policy Std: [[0.9991067051887512, 1.0012518167495728, 1.0019515752792358, 1.0023138523101807, 0.9989719390869141, 1.0008952617645264, 1.0002809762954712, 1.002434492111206, 1.0006232261657715, 0.9992192983627319, 1.0001494884490967, 1.0011566877365112, 0.9982251524925232, 1.00291109085083, 1.0022505521774292, 0.9988248348236084, 1.0015581846237183, 0.9973443746566772, 1.00054132938385, 1.0021677017211914, 1.0029916763305664, 0.9990875124931335, 0.9989128112792969, 1.0027989149093628, 1.000711441040039, 0.999455451965332, 0.9992843866348267, 0.9995128512382507, 1.0009386539459229]]

Step 55:
  Date/Day: 56
  Action: [[-0.0028459602035582066, -0.023653583601117134, -0.015307039953768253, -0.002857270883396268, 0.01384352333843708, 0.020236508920788765, 0.01160284411162138, -0.01986834593117237, -0.020229915156960487, 0.002753304783254862, 0.019623301923274994, -0.0032842541113495827, -0.014163716696202755, 0.03439606726169586, -0.012822598218917847, 0.015829479321837425, 0.01628030836582184, -0.01647503860294819, -0.010902786627411842, 0.007184278219938278, 0.0018172007985413074, 0.023785900324583054, 0.012746922671794891, -0.0040528131648898125, -0.007749701850116253, 0.028500741347670555, 0.009736492298543453, -0.002384427236393094, 0.010905957780778408]]
  Reward: -0.12171769887208939
  Account Value: None
  Done: False
  Policy Mean: [[-0.0028459602035582066, -0.023653583601117134, -0.015307039953768253, -0.002857270883396268, 0.01384352333843708, 0.020236508920788765, 0.01160284411162138, -0.01986834593117237, -0.020229915156960487, 0.002753304783254862, 0.019623301923274994, -0.0032842541113495827, -0.014163716696202755, 0.03439606726169586, -0.012822598218917847, 0.015829479321837425, 0.01628030836582184, -0.01647503860294819, -0.010902786627411842, 0.007184278219938278, 0.0018172007985413074, 0.023785900324583054, 0.012746922671794891, -0.0040528131648898125, -0.007749701850116253, 0.028500741347670555, 0.009736492298543453, -0.002384427236393094, 0.010905957780778408]]
  Policy Std: [[0.9991067051887512, 1.0012518167495728, 1.0019515752792358, 1.0023138523101807, 0.9989719390869141, 1.0008952617645264, 1.0002809762954712, 1.002434492111206, 1.0006232261657715, 0.9992192983627319, 1.0001494884490967, 1.0011566877365112, 0.9982251524925232, 1.00291109085083, 1.0022505521774292, 0.9988248348236084, 1.0015581846237183, 0.9973443746566772, 1.00054132938385, 1.0021677017211914, 1.0029916763305664, 0.9990875124931335, 0.9989128112792969, 1.0027989149093628, 1.000711441040039, 0.999455451965332, 0.9992843866348267, 0.9995128512382507, 1.0009386539459229]]

Step 56:
  Date/Day: 57
  Action: [[-0.0028459602035582066, -0.023653583601117134, -0.015307039953768253, -0.002857270883396268, 0.01384352333843708, 0.020236508920788765, 0.01160284411162138, -0.01986834593117237, -0.020229915156960487, 0.002753304783254862, 0.019623301923274994, -0.0032842541113495827, -0.014163716696202755, 0.03439606726169586, -0.012822598218917847, 0.015829479321837425, 0.01628030836582184, -0.01647503860294819, -0.010902786627411842, 0.007184278219938278, 0.0018172007985413074, 0.023785900324583054, 0.012746922671794891, -0.0040528131648898125, -0.007749701850116253, 0.028500741347670555, 0.009736492298543453, -0.002384427236393094, 0.010905957780778408]]
  Reward: 0.13603481650352478
  Account Value: None
  Done: False
  Policy Mean: [[-0.0028459602035582066, -0.023653583601117134, -0.015307039953768253, -0.002857270883396268, 0.01384352333843708, 0.020236508920788765, 0.01160284411162138, -0.01986834593117237, -0.020229915156960487, 0.002753304783254862, 0.019623301923274994, -0.0032842541113495827, -0.014163716696202755, 0.03439606726169586, -0.012822598218917847, 0.015829479321837425, 0.01628030836582184, -0.01647503860294819, -0.010902786627411842, 0.007184278219938278, 0.0018172007985413074, 0.023785900324583054, 0.012746922671794891, -0.0040528131648898125, -0.007749701850116253, 0.028500741347670555, 0.009736492298543453, -0.002384427236393094, 0.010905957780778408]]
  Policy Std: [[0.9991067051887512, 1.0012518167495728, 1.0019515752792358, 1.0023138523101807, 0.9989719390869141, 1.0008952617645264, 1.0002809762954712, 1.002434492111206, 1.0006232261657715, 0.9992192983627319, 1.0001494884490967, 1.0011566877365112, 0.9982251524925232, 1.00291109085083, 1.0022505521774292, 0.9988248348236084, 1.0015581846237183, 0.9973443746566772, 1.00054132938385, 1.0021677017211914, 1.0029916763305664, 0.9990875124931335, 0.9989128112792969, 1.0027989149093628, 1.000711441040039, 0.999455451965332, 0.9992843866348267, 0.9995128512382507, 1.0009386539459229]]

Step 57:
  Date/Day: 58
  Action: [[-0.0028459602035582066, -0.023653583601117134, -0.015307039953768253, -0.002857270883396268, 0.01384352333843708, 0.020236508920788765, 0.01160284411162138, -0.01986834593117237, -0.020229915156960487, 0.002753304783254862, 0.019623301923274994, -0.0032842541113495827, -0.014163716696202755, 0.03439606726169586, -0.012822598218917847, 0.015829479321837425, 0.01628030836582184, -0.01647503860294819, -0.010902786627411842, 0.007184278219938278, 0.0018172007985413074, 0.023785900324583054, 0.012746922671794891, -0.0040528131648898125, -0.007749701850116253, 0.028500741347670555, 0.009736492298543453, -0.002384427236393094, 0.010905957780778408]]
  Reward: -0.19398611783981323
  Account Value: None
  Done: False
  Policy Mean: [[-0.0028459602035582066, -0.023653583601117134, -0.015307039953768253, -0.002857270883396268, 0.01384352333843708, 0.020236508920788765, 0.01160284411162138, -0.01986834593117237, -0.020229915156960487, 0.002753304783254862, 0.019623301923274994, -0.0032842541113495827, -0.014163716696202755, 0.03439606726169586, -0.012822598218917847, 0.015829479321837425, 0.01628030836582184, -0.01647503860294819, -0.010902786627411842, 0.007184278219938278, 0.0018172007985413074, 0.023785900324583054, 0.012746922671794891, -0.0040528131648898125, -0.007749701850116253, 0.028500741347670555, 0.009736492298543453, -0.002384427236393094, 0.010905957780778408]]
  Policy Std: [[0.9991067051887512, 1.0012518167495728, 1.0019515752792358, 1.0023138523101807, 0.9989719390869141, 1.0008952617645264, 1.0002809762954712, 1.002434492111206, 1.0006232261657715, 0.9992192983627319, 1.0001494884490967, 1.0011566877365112, 0.9982251524925232, 1.00291109085083, 1.0022505521774292, 0.9988248348236084, 1.0015581846237183, 0.9973443746566772, 1.00054132938385, 1.0021677017211914, 1.0029916763305664, 0.9990875124931335, 0.9989128112792969, 1.0027989149093628, 1.000711441040039, 0.999455451965332, 0.9992843866348267, 0.9995128512382507, 1.0009386539459229]]

Step 58:
  Date/Day: 59
  Action: [[-0.0028459602035582066, -0.023653583601117134, -0.015307039953768253, -0.002857270883396268, 0.01384352333843708, 0.020236508920788765, 0.01160284411162138, -0.01986834593117237, -0.020229915156960487, 0.002753304783254862, 0.019623301923274994, -0.0032842541113495827, -0.014163716696202755, 0.03439606726169586, -0.012822598218917847, 0.015829479321837425, 0.01628030836582184, -0.01647503860294819, -0.010902786627411842, 0.007184278219938278, 0.0018172007985413074, 0.023785900324583054, 0.012746922671794891, -0.0040528131648898125, -0.007749701850116253, 0.028500741347670555, 0.009736492298543453, -0.002384427236393094, 0.010905957780778408]]
  Reward: 0.005007320549339056
  Account Value: None
  Done: False
  Policy Mean: [[-0.0028459602035582066, -0.023653583601117134, -0.015307039953768253, -0.002857270883396268, 0.01384352333843708, 0.020236508920788765, 0.01160284411162138, -0.01986834593117237, -0.020229915156960487, 0.002753304783254862, 0.019623301923274994, -0.0032842541113495827, -0.014163716696202755, 0.03439606726169586, -0.012822598218917847, 0.015829479321837425, 0.01628030836582184, -0.01647503860294819, -0.010902786627411842, 0.007184278219938278, 0.0018172007985413074, 0.023785900324583054, 0.012746922671794891, -0.0040528131648898125, -0.007749701850116253, 0.028500741347670555, 0.009736492298543453, -0.002384427236393094, 0.010905957780778408]]
  Policy Std: [[0.9991067051887512, 1.0012518167495728, 1.0019515752792358, 1.0023138523101807, 0.9989719390869141, 1.0008952617645264, 1.0002809762954712, 1.002434492111206, 1.0006232261657715, 0.9992192983627319, 1.0001494884490967, 1.0011566877365112, 0.9982251524925232, 1.00291109085083, 1.0022505521774292, 0.9988248348236084, 1.0015581846237183, 0.9973443746566772, 1.00054132938385, 1.0021677017211914, 1.0029916763305664, 0.9990875124931335, 0.9989128112792969, 1.0027989149093628, 1.000711441040039, 0.999455451965332, 0.9992843866348267, 0.9995128512382507, 1.0009386539459229]]

Step 59:
  Date/Day: 60
  Action: [[-0.0028459602035582066, -0.023653583601117134, -0.015307039953768253, -0.002857270883396268, 0.01384352333843708, 0.020236508920788765, 0.01160284411162138, -0.01986834593117237, -0.020229915156960487, 0.002753304783254862, 0.019623301923274994, -0.0032842541113495827, -0.014163716696202755, 0.03439606726169586, -0.012822598218917847, 0.015829479321837425, 0.01628030836582184, -0.01647503860294819, -0.010902786627411842, 0.007184278219938278, 0.0018172007985413074, 0.023785900324583054, 0.012746922671794891, -0.0040528131648898125, -0.007749701850116253, 0.028500741347670555, 0.009736492298543453, -0.002384427236393094, 0.010905957780778408]]
  Reward: 0.12511959671974182
  Account Value: None
  Done: False
  Policy Mean: [[-0.0028459602035582066, -0.023653583601117134, -0.015307039953768253, -0.002857270883396268, 0.01384352333843708, 0.020236508920788765, 0.01160284411162138, -0.01986834593117237, -0.020229915156960487, 0.002753304783254862, 0.019623301923274994, -0.0032842541113495827, -0.014163716696202755, 0.03439606726169586, -0.012822598218917847, 0.015829479321837425, 0.01628030836582184, -0.01647503860294819, -0.010902786627411842, 0.007184278219938278, 0.0018172007985413074, 0.023785900324583054, 0.012746922671794891, -0.0040528131648898125, -0.007749701850116253, 0.028500741347670555, 0.009736492298543453, -0.002384427236393094, 0.010905957780778408]]
  Policy Std: [[0.9991067051887512, 1.0012518167495728, 1.0019515752792358, 1.0023138523101807, 0.9989719390869141, 1.0008952617645264, 1.0002809762954712, 1.002434492111206, 1.0006232261657715, 0.9992192983627319, 1.0001494884490967, 1.0011566877365112, 0.9982251524925232, 1.00291109085083, 1.0022505521774292, 0.9988248348236084, 1.0015581846237183, 0.9973443746566772, 1.00054132938385, 1.0021677017211914, 1.0029916763305664, 0.9990875124931335, 0.9989128112792969, 1.0027989149093628, 1.000711441040039, 0.999455451965332, 0.9992843866348267, 0.9995128512382507, 1.0009386539459229]]

Step 60:
  Date/Day: 61
  Action: [[-0.0028459602035582066, -0.023653583601117134, -0.015307039953768253, -0.002857270883396268, 0.01384352333843708, 0.020236508920788765, 0.01160284411162138, -0.01986834593117237, -0.020229915156960487, 0.002753304783254862, 0.019623301923274994, -0.0032842541113495827, -0.014163716696202755, 0.03439606726169586, -0.012822598218917847, 0.015829479321837425, 0.01628030836582184, -0.01647503860294819, -0.010902786627411842, 0.007184278219938278, 0.0018172007985413074, 0.023785900324583054, 0.012746922671794891, -0.0040528131648898125, -0.007749701850116253, 0.028500741347670555, 0.009736492298543453, -0.002384427236393094, 0.010905957780778408]]
  Reward: 0.1672544777393341
  Account Value: None
  Done: False
  Policy Mean: [[-0.0028459602035582066, -0.023653583601117134, -0.015307039953768253, -0.002857270883396268, 0.01384352333843708, 0.020236508920788765, 0.01160284411162138, -0.01986834593117237, -0.020229915156960487, 0.002753304783254862, 0.019623301923274994, -0.0032842541113495827, -0.014163716696202755, 0.03439606726169586, -0.012822598218917847, 0.015829479321837425, 0.01628030836582184, -0.01647503860294819, -0.010902786627411842, 0.007184278219938278, 0.0018172007985413074, 0.023785900324583054, 0.012746922671794891, -0.0040528131648898125, -0.007749701850116253, 0.028500741347670555, 0.009736492298543453, -0.002384427236393094, 0.010905957780778408]]
  Policy Std: [[0.9991067051887512, 1.0012518167495728, 1.0019515752792358, 1.0023138523101807, 0.9989719390869141, 1.0008952617645264, 1.0002809762954712, 1.002434492111206, 1.0006232261657715, 0.9992192983627319, 1.0001494884490967, 1.0011566877365112, 0.9982251524925232, 1.00291109085083, 1.0022505521774292, 0.9988248348236084, 1.0015581846237183, 0.9973443746566772, 1.00054132938385, 1.0021677017211914, 1.0029916763305664, 0.9990875124931335, 0.9989128112792969, 1.0027989149093628, 1.000711441040039, 0.999455451965332, 0.9992843866348267, 0.9995128512382507, 1.0009386539459229]]

Step 61:
  Date/Day: 62
  Action: [[-0.0028459602035582066, -0.023653583601117134, -0.015307039953768253, -0.002857270883396268, 0.01384352333843708, 0.020236508920788765, 0.01160284411162138, -0.01986834593117237, -0.020229915156960487, 0.002753304783254862, 0.019623301923274994, -0.0032842541113495827, -0.014163716696202755, 0.03439606726169586, -0.012822598218917847, 0.015829479321837425, 0.01628030836582184, -0.01647503860294819, -0.010902786627411842, 0.007184278219938278, 0.0018172007985413074, 0.023785900324583054, 0.012746922671794891, -0.0040528131648898125, -0.007749701850116253, 0.028500741347670555, 0.009736492298543453, -0.002384427236393094, 0.010905957780778408]]
  Reward: 0.00422612763941288
  Account Value: None
  Done: False
  Policy Mean: [[-0.0028459602035582066, -0.023653583601117134, -0.015307039953768253, -0.002857270883396268, 0.01384352333843708, 0.020236508920788765, 0.01160284411162138, -0.01986834593117237, -0.020229915156960487, 0.002753304783254862, 0.019623301923274994, -0.0032842541113495827, -0.014163716696202755, 0.03439606726169586, -0.012822598218917847, 0.015829479321837425, 0.01628030836582184, -0.01647503860294819, -0.010902786627411842, 0.007184278219938278, 0.0018172007985413074, 0.023785900324583054, 0.012746922671794891, -0.0040528131648898125, -0.007749701850116253, 0.028500741347670555, 0.009736492298543453, -0.002384427236393094, 0.010905957780778408]]
  Policy Std: [[0.9991067051887512, 1.0012518167495728, 1.0019515752792358, 1.0023138523101807, 0.9989719390869141, 1.0008952617645264, 1.0002809762954712, 1.002434492111206, 1.0006232261657715, 0.9992192983627319, 1.0001494884490967, 1.0011566877365112, 0.9982251524925232, 1.00291109085083, 1.0022505521774292, 0.9988248348236084, 1.0015581846237183, 0.9973443746566772, 1.00054132938385, 1.0021677017211914, 1.0029916763305664, 0.9990875124931335, 0.9989128112792969, 1.0027989149093628, 1.000711441040039, 0.999455451965332, 0.9992843866348267, 0.9995128512382507, 1.0009386539459229]]

Step 62:
  Date/Day: 63
  Action: [[-0.0028459602035582066, -0.023653583601117134, -0.015307039953768253, -0.002857270883396268, 0.01384352333843708, 0.020236508920788765, 0.01160284411162138, -0.01986834593117237, -0.020229915156960487, 0.002753304783254862, 0.019623301923274994, -0.0032842541113495827, -0.014163716696202755, 0.03439606726169586, -0.012822598218917847, 0.015829479321837425, 0.01628030836582184, -0.01647503860294819, -0.010902786627411842, 0.007184278219938278, 0.0018172007985413074, 0.023785900324583054, 0.012746922671794891, -0.0040528131648898125, -0.007749701850116253, 0.028500741347670555, 0.009736492298543453, -0.002384427236393094, 0.010905957780778408]]
  Reward: 0.1363409459590912
  Account Value: None
  Done: False
  Policy Mean: [[-0.0028459602035582066, -0.023653583601117134, -0.015307039953768253, -0.002857270883396268, 0.01384352333843708, 0.020236508920788765, 0.01160284411162138, -0.01986834593117237, -0.020229915156960487, 0.002753304783254862, 0.019623301923274994, -0.0032842541113495827, -0.014163716696202755, 0.03439606726169586, -0.012822598218917847, 0.015829479321837425, 0.01628030836582184, -0.01647503860294819, -0.010902786627411842, 0.007184278219938278, 0.0018172007985413074, 0.023785900324583054, 0.012746922671794891, -0.0040528131648898125, -0.007749701850116253, 0.028500741347670555, 0.009736492298543453, -0.002384427236393094, 0.010905957780778408]]
  Policy Std: [[0.9991067051887512, 1.0012518167495728, 1.0019515752792358, 1.0023138523101807, 0.9989719390869141, 1.0008952617645264, 1.0002809762954712, 1.002434492111206, 1.0006232261657715, 0.9992192983627319, 1.0001494884490967, 1.0011566877365112, 0.9982251524925232, 1.00291109085083, 1.0022505521774292, 0.9988248348236084, 1.0015581846237183, 0.9973443746566772, 1.00054132938385, 1.0021677017211914, 1.0029916763305664, 0.9990875124931335, 0.9989128112792969, 1.0027989149093628, 1.000711441040039, 0.999455451965332, 0.9992843866348267, 0.9995128512382507, 1.0009386539459229]]

Step 63:
  Date/Day: 64
  Action: [[-0.0028459602035582066, -0.023653583601117134, -0.015307039953768253, -0.002857270883396268, 0.01384352333843708, 0.020236508920788765, 0.01160284411162138, -0.01986834593117237, -0.020229915156960487, 0.002753304783254862, 0.019623301923274994, -0.0032842541113495827, -0.014163716696202755, 0.03439606726169586, -0.012822598218917847, 0.015829479321837425, 0.01628030836582184, -0.01647503860294819, -0.010902786627411842, 0.007184278219938278, 0.0018172007985413074, 0.023785900324583054, 0.012746922671794891, -0.0040528131648898125, -0.007749701850116253, 0.028500741347670555, 0.009736492298543453, -0.002384427236393094, 0.010905957780778408]]
  Reward: 0.09891874343156815
  Account Value: None
  Done: False
  Policy Mean: [[-0.0028459602035582066, -0.023653583601117134, -0.015307039953768253, -0.002857270883396268, 0.01384352333843708, 0.020236508920788765, 0.01160284411162138, -0.01986834593117237, -0.020229915156960487, 0.002753304783254862, 0.019623301923274994, -0.0032842541113495827, -0.014163716696202755, 0.03439606726169586, -0.012822598218917847, 0.015829479321837425, 0.01628030836582184, -0.01647503860294819, -0.010902786627411842, 0.007184278219938278, 0.0018172007985413074, 0.023785900324583054, 0.012746922671794891, -0.0040528131648898125, -0.007749701850116253, 0.028500741347670555, 0.009736492298543453, -0.002384427236393094, 0.010905957780778408]]
  Policy Std: [[0.9991067051887512, 1.0012518167495728, 1.0019515752792358, 1.0023138523101807, 0.9989719390869141, 1.0008952617645264, 1.0002809762954712, 1.002434492111206, 1.0006232261657715, 0.9992192983627319, 1.0001494884490967, 1.0011566877365112, 0.9982251524925232, 1.00291109085083, 1.0022505521774292, 0.9988248348236084, 1.0015581846237183, 0.9973443746566772, 1.00054132938385, 1.0021677017211914, 1.0029916763305664, 0.9990875124931335, 0.9989128112792969, 1.0027989149093628, 1.000711441040039, 0.999455451965332, 0.9992843866348267, 0.9995128512382507, 1.0009386539459229]]

Step 64:
  Date/Day: 65
  Action: [[-0.0028459602035582066, -0.023653583601117134, -0.015307039953768253, -0.002857270883396268, 0.01384352333843708, 0.020236508920788765, 0.01160284411162138, -0.01986834593117237, -0.020229915156960487, 0.002753304783254862, 0.019623301923274994, -0.0032842541113495827, -0.014163716696202755, 0.03439606726169586, -0.012822598218917847, 0.015829479321837425, 0.01628030836582184, -0.01647503860294819, -0.010902786627411842, 0.007184278219938278, 0.0018172007985413074, 0.023785900324583054, 0.012746922671794891, -0.0040528131648898125, -0.007749701850116253, 0.028500741347670555, 0.009736492298543453, -0.002384427236393094, 0.010905957780778408]]
  Reward: -0.10851199179887772
  Account Value: None
  Done: False
  Policy Mean: [[-0.0028459602035582066, -0.023653583601117134, -0.015307039953768253, -0.002857270883396268, 0.01384352333843708, 0.020236508920788765, 0.01160284411162138, -0.01986834593117237, -0.020229915156960487, 0.002753304783254862, 0.019623301923274994, -0.0032842541113495827, -0.014163716696202755, 0.03439606726169586, -0.012822598218917847, 0.015829479321837425, 0.01628030836582184, -0.01647503860294819, -0.010902786627411842, 0.007184278219938278, 0.0018172007985413074, 0.023785900324583054, 0.012746922671794891, -0.0040528131648898125, -0.007749701850116253, 0.028500741347670555, 0.009736492298543453, -0.002384427236393094, 0.010905957780778408]]
  Policy Std: [[0.9991067051887512, 1.0012518167495728, 1.0019515752792358, 1.0023138523101807, 0.9989719390869141, 1.0008952617645264, 1.0002809762954712, 1.002434492111206, 1.0006232261657715, 0.9992192983627319, 1.0001494884490967, 1.0011566877365112, 0.9982251524925232, 1.00291109085083, 1.0022505521774292, 0.9988248348236084, 1.0015581846237183, 0.9973443746566772, 1.00054132938385, 1.0021677017211914, 1.0029916763305664, 0.9990875124931335, 0.9989128112792969, 1.0027989149093628, 1.000711441040039, 0.999455451965332, 0.9992843866348267, 0.9995128512382507, 1.0009386539459229]]

Step 65:
  Date/Day: 66
  Action: [[-0.0028459602035582066, -0.023653583601117134, -0.015307039953768253, -0.002857270883396268, 0.01384352333843708, 0.020236508920788765, 0.01160284411162138, -0.01986834593117237, -0.020229915156960487, 0.002753304783254862, 0.019623301923274994, -0.0032842541113495827, -0.014163716696202755, 0.03439606726169586, -0.012822598218917847, 0.015829479321837425, 0.01628030836582184, -0.01647503860294819, -0.010902786627411842, 0.007184278219938278, 0.0018172007985413074, 0.023785900324583054, 0.012746922671794891, -0.0040528131648898125, -0.007749701850116253, 0.028500741347670555, 0.009736492298543453, -0.002384427236393094, 0.010905957780778408]]
  Reward: 0.17468789219856262
  Account Value: None
  Done: False
  Policy Mean: [[-0.0028459602035582066, -0.023653583601117134, -0.015307039953768253, -0.002857270883396268, 0.01384352333843708, 0.020236508920788765, 0.01160284411162138, -0.01986834593117237, -0.020229915156960487, 0.002753304783254862, 0.019623301923274994, -0.0032842541113495827, -0.014163716696202755, 0.03439606726169586, -0.012822598218917847, 0.015829479321837425, 0.01628030836582184, -0.01647503860294819, -0.010902786627411842, 0.007184278219938278, 0.0018172007985413074, 0.023785900324583054, 0.012746922671794891, -0.0040528131648898125, -0.007749701850116253, 0.028500741347670555, 0.009736492298543453, -0.002384427236393094, 0.010905957780778408]]
  Policy Std: [[0.9991067051887512, 1.0012518167495728, 1.0019515752792358, 1.0023138523101807, 0.9989719390869141, 1.0008952617645264, 1.0002809762954712, 1.002434492111206, 1.0006232261657715, 0.9992192983627319, 1.0001494884490967, 1.0011566877365112, 0.9982251524925232, 1.00291109085083, 1.0022505521774292, 0.9988248348236084, 1.0015581846237183, 0.9973443746566772, 1.00054132938385, 1.0021677017211914, 1.0029916763305664, 0.9990875124931335, 0.9989128112792969, 1.0027989149093628, 1.000711441040039, 0.999455451965332, 0.9992843866348267, 0.9995128512382507, 1.0009386539459229]]

Step 66:
  Date/Day: 67
  Action: [[-0.0028459602035582066, -0.023653583601117134, -0.015307039953768253, -0.002857270883396268, 0.01384352333843708, 0.020236508920788765, 0.01160284411162138, -0.01986834593117237, -0.020229915156960487, 0.002753304783254862, 0.019623301923274994, -0.0032842541113495827, -0.014163716696202755, 0.03439606726169586, -0.012822598218917847, 0.015829479321837425, 0.01628030836582184, -0.01647503860294819, -0.010902786627411842, 0.007184278219938278, 0.0018172007985413074, 0.023785900324583054, 0.012746922671794891, -0.0040528131648898125, -0.007749701850116253, 0.028500741347670555, 0.009736492298543453, -0.002384427236393094, 0.010905957780778408]]
  Reward: -0.13250479102134705
  Account Value: None
  Done: False
  Policy Mean: [[-0.0028459602035582066, -0.023653583601117134, -0.015307039953768253, -0.002857270883396268, 0.01384352333843708, 0.020236508920788765, 0.01160284411162138, -0.01986834593117237, -0.020229915156960487, 0.002753304783254862, 0.019623301923274994, -0.0032842541113495827, -0.014163716696202755, 0.03439606726169586, -0.012822598218917847, 0.015829479321837425, 0.01628030836582184, -0.01647503860294819, -0.010902786627411842, 0.007184278219938278, 0.0018172007985413074, 0.023785900324583054, 0.012746922671794891, -0.0040528131648898125, -0.007749701850116253, 0.028500741347670555, 0.009736492298543453, -0.002384427236393094, 0.010905957780778408]]
  Policy Std: [[0.9991067051887512, 1.0012518167495728, 1.0019515752792358, 1.0023138523101807, 0.9989719390869141, 1.0008952617645264, 1.0002809762954712, 1.002434492111206, 1.0006232261657715, 0.9992192983627319, 1.0001494884490967, 1.0011566877365112, 0.9982251524925232, 1.00291109085083, 1.0022505521774292, 0.9988248348236084, 1.0015581846237183, 0.9973443746566772, 1.00054132938385, 1.0021677017211914, 1.0029916763305664, 0.9990875124931335, 0.9989128112792969, 1.0027989149093628, 1.000711441040039, 0.999455451965332, 0.9992843866348267, 0.9995128512382507, 1.0009386539459229]]

Step 67:
  Date/Day: 68
  Action: [[-0.0028459602035582066, -0.023653583601117134, -0.015307039953768253, -0.002857270883396268, 0.01384352333843708, 0.020236508920788765, 0.01160284411162138, -0.01986834593117237, -0.020229915156960487, 0.002753304783254862, 0.019623301923274994, -0.0032842541113495827, -0.014163716696202755, 0.03439606726169586, -0.012822598218917847, 0.015829479321837425, 0.01628030836582184, -0.01647503860294819, -0.010902786627411842, 0.007184278219938278, 0.0018172007985413074, 0.023785900324583054, 0.012746922671794891, -0.0040528131648898125, -0.007749701850116253, 0.028500741347670555, 0.009736492298543453, -0.002384427236393094, 0.010905957780778408]]
  Reward: 0.3076303005218506
  Account Value: None
  Done: False
  Policy Mean: [[-0.0028459602035582066, -0.023653583601117134, -0.015307039953768253, -0.002857270883396268, 0.01384352333843708, 0.020236508920788765, 0.01160284411162138, -0.01986834593117237, -0.020229915156960487, 0.002753304783254862, 0.019623301923274994, -0.0032842541113495827, -0.014163716696202755, 0.03439606726169586, -0.012822598218917847, 0.015829479321837425, 0.01628030836582184, -0.01647503860294819, -0.010902786627411842, 0.007184278219938278, 0.0018172007985413074, 0.023785900324583054, 0.012746922671794891, -0.0040528131648898125, -0.007749701850116253, 0.028500741347670555, 0.009736492298543453, -0.002384427236393094, 0.010905957780778408]]
  Policy Std: [[0.9991067051887512, 1.0012518167495728, 1.0019515752792358, 1.0023138523101807, 0.9989719390869141, 1.0008952617645264, 1.0002809762954712, 1.002434492111206, 1.0006232261657715, 0.9992192983627319, 1.0001494884490967, 1.0011566877365112, 0.9982251524925232, 1.00291109085083, 1.0022505521774292, 0.9988248348236084, 1.0015581846237183, 0.9973443746566772, 1.00054132938385, 1.0021677017211914, 1.0029916763305664, 0.9990875124931335, 0.9989128112792969, 1.0027989149093628, 1.000711441040039, 0.999455451965332, 0.9992843866348267, 0.9995128512382507, 1.0009386539459229]]

Step 68:
  Date/Day: 69
  Action: [[-0.0028459602035582066, -0.023653583601117134, -0.015307039953768253, -0.002857270883396268, 0.01384352333843708, 0.020236508920788765, 0.01160284411162138, -0.01986834593117237, -0.020229915156960487, 0.002753304783254862, 0.019623301923274994, -0.0032842541113495827, -0.014163716696202755, 0.03439606726169586, -0.012822598218917847, 0.015829479321837425, 0.01628030836582184, -0.01647503860294819, -0.010902786627411842, 0.007184278219938278, 0.0018172007985413074, 0.023785900324583054, 0.012746922671794891, -0.0040528131648898125, -0.007749701850116253, 0.028500741347670555, 0.009736492298543453, -0.002384427236393094, 0.010905957780778408]]
  Reward: 0.07318544387817383
  Account Value: None
  Done: False
  Policy Mean: [[-0.0028459602035582066, -0.023653583601117134, -0.015307039953768253, -0.002857270883396268, 0.01384352333843708, 0.020236508920788765, 0.01160284411162138, -0.01986834593117237, -0.020229915156960487, 0.002753304783254862, 0.019623301923274994, -0.0032842541113495827, -0.014163716696202755, 0.03439606726169586, -0.012822598218917847, 0.015829479321837425, 0.01628030836582184, -0.01647503860294819, -0.010902786627411842, 0.007184278219938278, 0.0018172007985413074, 0.023785900324583054, 0.012746922671794891, -0.0040528131648898125, -0.007749701850116253, 0.028500741347670555, 0.009736492298543453, -0.002384427236393094, 0.010905957780778408]]
  Policy Std: [[0.9991067051887512, 1.0012518167495728, 1.0019515752792358, 1.0023138523101807, 0.9989719390869141, 1.0008952617645264, 1.0002809762954712, 1.002434492111206, 1.0006232261657715, 0.9992192983627319, 1.0001494884490967, 1.0011566877365112, 0.9982251524925232, 1.00291109085083, 1.0022505521774292, 0.9988248348236084, 1.0015581846237183, 0.9973443746566772, 1.00054132938385, 1.0021677017211914, 1.0029916763305664, 0.9990875124931335, 0.9989128112792969, 1.0027989149093628, 1.000711441040039, 0.999455451965332, 0.9992843866348267, 0.9995128512382507, 1.0009386539459229]]

Step 69:
  Date/Day: 70
  Action: [[-0.0028459602035582066, -0.023653583601117134, -0.015307039953768253, -0.002857270883396268, 0.01384352333843708, 0.020236508920788765, 0.01160284411162138, -0.01986834593117237, -0.020229915156960487, 0.002753304783254862, 0.019623301923274994, -0.0032842541113495827, -0.014163716696202755, 0.03439606726169586, -0.012822598218917847, 0.015829479321837425, 0.01628030836582184, -0.01647503860294819, -0.010902786627411842, 0.007184278219938278, 0.0018172007985413074, 0.023785900324583054, 0.012746922671794891, -0.0040528131648898125, -0.007749701850116253, 0.028500741347670555, 0.009736492298543453, -0.002384427236393094, 0.010905957780778408]]
  Reward: 0.17884917557239532
  Account Value: None
  Done: False
  Policy Mean: [[-0.0028459602035582066, -0.023653583601117134, -0.015307039953768253, -0.002857270883396268, 0.01384352333843708, 0.020236508920788765, 0.01160284411162138, -0.01986834593117237, -0.020229915156960487, 0.002753304783254862, 0.019623301923274994, -0.0032842541113495827, -0.014163716696202755, 0.03439606726169586, -0.012822598218917847, 0.015829479321837425, 0.01628030836582184, -0.01647503860294819, -0.010902786627411842, 0.007184278219938278, 0.0018172007985413074, 0.023785900324583054, 0.012746922671794891, -0.0040528131648898125, -0.007749701850116253, 0.028500741347670555, 0.009736492298543453, -0.002384427236393094, 0.010905957780778408]]
  Policy Std: [[0.9991067051887512, 1.0012518167495728, 1.0019515752792358, 1.0023138523101807, 0.9989719390869141, 1.0008952617645264, 1.0002809762954712, 1.002434492111206, 1.0006232261657715, 0.9992192983627319, 1.0001494884490967, 1.0011566877365112, 0.9982251524925232, 1.00291109085083, 1.0022505521774292, 0.9988248348236084, 1.0015581846237183, 0.9973443746566772, 1.00054132938385, 1.0021677017211914, 1.0029916763305664, 0.9990875124931335, 0.9989128112792969, 1.0027989149093628, 1.000711441040039, 0.999455451965332, 0.9992843866348267, 0.9995128512382507, 1.0009386539459229]]

Step 70:
  Date/Day: 71
  Action: [[-0.0028459602035582066, -0.023653583601117134, -0.015307039953768253, -0.002857270883396268, 0.01384352333843708, 0.020236508920788765, 0.01160284411162138, -0.01986834593117237, -0.020229915156960487, 0.002753304783254862, 0.019623301923274994, -0.0032842541113495827, -0.014163716696202755, 0.03439606726169586, -0.012822598218917847, 0.015829479321837425, 0.01628030836582184, -0.01647503860294819, -0.010902786627411842, 0.007184278219938278, 0.0018172007985413074, 0.023785900324583054, 0.012746922671794891, -0.0040528131648898125, -0.007749701850116253, 0.028500741347670555, 0.009736492298543453, -0.002384427236393094, 0.010905957780778408]]
  Reward: 0.07693221420049667
  Account Value: None
  Done: False
  Policy Mean: [[-0.0028459602035582066, -0.023653583601117134, -0.015307039953768253, -0.002857270883396268, 0.01384352333843708, 0.020236508920788765, 0.01160284411162138, -0.01986834593117237, -0.020229915156960487, 0.002753304783254862, 0.019623301923274994, -0.0032842541113495827, -0.014163716696202755, 0.03439606726169586, -0.012822598218917847, 0.015829479321837425, 0.01628030836582184, -0.01647503860294819, -0.010902786627411842, 0.007184278219938278, 0.0018172007985413074, 0.023785900324583054, 0.012746922671794891, -0.0040528131648898125, -0.007749701850116253, 0.028500741347670555, 0.009736492298543453, -0.002384427236393094, 0.010905957780778408]]
  Policy Std: [[0.9991067051887512, 1.0012518167495728, 1.0019515752792358, 1.0023138523101807, 0.9989719390869141, 1.0008952617645264, 1.0002809762954712, 1.002434492111206, 1.0006232261657715, 0.9992192983627319, 1.0001494884490967, 1.0011566877365112, 0.9982251524925232, 1.00291109085083, 1.0022505521774292, 0.9988248348236084, 1.0015581846237183, 0.9973443746566772, 1.00054132938385, 1.0021677017211914, 1.0029916763305664, 0.9990875124931335, 0.9989128112792969, 1.0027989149093628, 1.000711441040039, 0.999455451965332, 0.9992843866348267, 0.9995128512382507, 1.0009386539459229]]

Step 71:
  Date/Day: 72
  Action: [[-0.0028459602035582066, -0.023653583601117134, -0.015307039953768253, -0.002857270883396268, 0.01384352333843708, 0.020236508920788765, 0.01160284411162138, -0.01986834593117237, -0.020229915156960487, 0.002753304783254862, 0.019623301923274994, -0.0032842541113495827, -0.014163716696202755, 0.03439606726169586, -0.012822598218917847, 0.015829479321837425, 0.01628030836582184, -0.01647503860294819, -0.010902786627411842, 0.007184278219938278, 0.0018172007985413074, 0.023785900324583054, 0.012746922671794891, -0.0040528131648898125, -0.007749701850116253, 0.028500741347670555, 0.009736492298543453, -0.002384427236393094, 0.010905957780778408]]
  Reward: -0.026421532034873962
  Account Value: None
  Done: False
  Policy Mean: [[-0.0028459602035582066, -0.023653583601117134, -0.015307039953768253, -0.002857270883396268, 0.01384352333843708, 0.020236508920788765, 0.01160284411162138, -0.01986834593117237, -0.020229915156960487, 0.002753304783254862, 0.019623301923274994, -0.0032842541113495827, -0.014163716696202755, 0.03439606726169586, -0.012822598218917847, 0.015829479321837425, 0.01628030836582184, -0.01647503860294819, -0.010902786627411842, 0.007184278219938278, 0.0018172007985413074, 0.023785900324583054, 0.012746922671794891, -0.0040528131648898125, -0.007749701850116253, 0.028500741347670555, 0.009736492298543453, -0.002384427236393094, 0.010905957780778408]]
  Policy Std: [[0.9991067051887512, 1.0012518167495728, 1.0019515752792358, 1.0023138523101807, 0.9989719390869141, 1.0008952617645264, 1.0002809762954712, 1.002434492111206, 1.0006232261657715, 0.9992192983627319, 1.0001494884490967, 1.0011566877365112, 0.9982251524925232, 1.00291109085083, 1.0022505521774292, 0.9988248348236084, 1.0015581846237183, 0.9973443746566772, 1.00054132938385, 1.0021677017211914, 1.0029916763305664, 0.9990875124931335, 0.9989128112792969, 1.0027989149093628, 1.000711441040039, 0.999455451965332, 0.9992843866348267, 0.9995128512382507, 1.0009386539459229]]

Step 72:
  Date/Day: 73
  Action: [[-0.0028459602035582066, -0.023653583601117134, -0.015307039953768253, -0.002857270883396268, 0.01384352333843708, 0.020236508920788765, 0.01160284411162138, -0.01986834593117237, -0.020229915156960487, 0.002753304783254862, 0.019623301923274994, -0.0032842541113495827, -0.014163716696202755, 0.03439606726169586, -0.012822598218917847, 0.015829479321837425, 0.01628030836582184, -0.01647503860294819, -0.010902786627411842, 0.007184278219938278, 0.0018172007985413074, 0.023785900324583054, 0.012746922671794891, -0.0040528131648898125, -0.007749701850116253, 0.028500741347670555, 0.009736492298543453, -0.002384427236393094, 0.010905957780778408]]
  Reward: -0.16499289870262146
  Account Value: None
  Done: False
  Policy Mean: [[-0.0028459602035582066, -0.023653583601117134, -0.015307039953768253, -0.002857270883396268, 0.01384352333843708, 0.020236508920788765, 0.01160284411162138, -0.01986834593117237, -0.020229915156960487, 0.002753304783254862, 0.019623301923274994, -0.0032842541113495827, -0.014163716696202755, 0.03439606726169586, -0.012822598218917847, 0.015829479321837425, 0.01628030836582184, -0.01647503860294819, -0.010902786627411842, 0.007184278219938278, 0.0018172007985413074, 0.023785900324583054, 0.012746922671794891, -0.0040528131648898125, -0.007749701850116253, 0.028500741347670555, 0.009736492298543453, -0.002384427236393094, 0.010905957780778408]]
  Policy Std: [[0.9991067051887512, 1.0012518167495728, 1.0019515752792358, 1.0023138523101807, 0.9989719390869141, 1.0008952617645264, 1.0002809762954712, 1.002434492111206, 1.0006232261657715, 0.9992192983627319, 1.0001494884490967, 1.0011566877365112, 0.9982251524925232, 1.00291109085083, 1.0022505521774292, 0.9988248348236084, 1.0015581846237183, 0.9973443746566772, 1.00054132938385, 1.0021677017211914, 1.0029916763305664, 0.9990875124931335, 0.9989128112792969, 1.0027989149093628, 1.000711441040039, 0.999455451965332, 0.9992843866348267, 0.9995128512382507, 1.0009386539459229]]

Step 73:
  Date/Day: 74
  Action: [[-0.0028459602035582066, -0.023653583601117134, -0.015307039953768253, -0.002857270883396268, 0.01384352333843708, 0.020236508920788765, 0.01160284411162138, -0.01986834593117237, -0.020229915156960487, 0.002753304783254862, 0.019623301923274994, -0.0032842541113495827, -0.014163716696202755, 0.03439606726169586, -0.012822598218917847, 0.015829479321837425, 0.01628030836582184, -0.01647503860294819, -0.010902786627411842, 0.007184278219938278, 0.0018172007985413074, 0.023785900324583054, 0.012746922671794891, -0.0040528131648898125, -0.007749701850116253, 0.028500741347670555, 0.009736492298543453, -0.002384427236393094, 0.010905957780778408]]
  Reward: -0.04803122952580452
  Account Value: None
  Done: False
  Policy Mean: [[-0.0028459602035582066, -0.023653583601117134, -0.015307039953768253, -0.002857270883396268, 0.01384352333843708, 0.020236508920788765, 0.01160284411162138, -0.01986834593117237, -0.020229915156960487, 0.002753304783254862, 0.019623301923274994, -0.0032842541113495827, -0.014163716696202755, 0.03439606726169586, -0.012822598218917847, 0.015829479321837425, 0.01628030836582184, -0.01647503860294819, -0.010902786627411842, 0.007184278219938278, 0.0018172007985413074, 0.023785900324583054, 0.012746922671794891, -0.0040528131648898125, -0.007749701850116253, 0.028500741347670555, 0.009736492298543453, -0.002384427236393094, 0.010905957780778408]]
  Policy Std: [[0.9991067051887512, 1.0012518167495728, 1.0019515752792358, 1.0023138523101807, 0.9989719390869141, 1.0008952617645264, 1.0002809762954712, 1.002434492111206, 1.0006232261657715, 0.9992192983627319, 1.0001494884490967, 1.0011566877365112, 0.9982251524925232, 1.00291109085083, 1.0022505521774292, 0.9988248348236084, 1.0015581846237183, 0.9973443746566772, 1.00054132938385, 1.0021677017211914, 1.0029916763305664, 0.9990875124931335, 0.9989128112792969, 1.0027989149093628, 1.000711441040039, 0.999455451965332, 0.9992843866348267, 0.9995128512382507, 1.0009386539459229]]

Step 74:
  Date/Day: 75
  Action: [[-0.0028459602035582066, -0.023653583601117134, -0.015307039953768253, -0.002857270883396268, 0.01384352333843708, 0.020236508920788765, 0.01160284411162138, -0.01986834593117237, -0.020229915156960487, 0.002753304783254862, 0.019623301923274994, -0.0032842541113495827, -0.014163716696202755, 0.03439606726169586, -0.012822598218917847, 0.015829479321837425, 0.01628030836582184, -0.01647503860294819, -0.010902786627411842, 0.007184278219938278, 0.0018172007985413074, 0.023785900324583054, 0.012746922671794891, -0.0040528131648898125, -0.007749701850116253, 0.028500741347670555, 0.009736492298543453, -0.002384427236393094, 0.010905957780778408]]
  Reward: 0.04699801653623581
  Account Value: None
  Done: False
  Policy Mean: [[-0.0028459602035582066, -0.023653583601117134, -0.015307039953768253, -0.002857270883396268, 0.01384352333843708, 0.020236508920788765, 0.01160284411162138, -0.01986834593117237, -0.020229915156960487, 0.002753304783254862, 0.019623301923274994, -0.0032842541113495827, -0.014163716696202755, 0.03439606726169586, -0.012822598218917847, 0.015829479321837425, 0.01628030836582184, -0.01647503860294819, -0.010902786627411842, 0.007184278219938278, 0.0018172007985413074, 0.023785900324583054, 0.012746922671794891, -0.0040528131648898125, -0.007749701850116253, 0.028500741347670555, 0.009736492298543453, -0.002384427236393094, 0.010905957780778408]]
  Policy Std: [[0.9991067051887512, 1.0012518167495728, 1.0019515752792358, 1.0023138523101807, 0.9989719390869141, 1.0008952617645264, 1.0002809762954712, 1.002434492111206, 1.0006232261657715, 0.9992192983627319, 1.0001494884490967, 1.0011566877365112, 0.9982251524925232, 1.00291109085083, 1.0022505521774292, 0.9988248348236084, 1.0015581846237183, 0.9973443746566772, 1.00054132938385, 1.0021677017211914, 1.0029916763305664, 0.9990875124931335, 0.9989128112792969, 1.0027989149093628, 1.000711441040039, 0.999455451965332, 0.9992843866348267, 0.9995128512382507, 1.0009386539459229]]

Step 75:
  Date/Day: 76
  Action: [[-0.0028459602035582066, -0.023653583601117134, -0.015307039953768253, -0.002857270883396268, 0.01384352333843708, 0.020236508920788765, 0.01160284411162138, -0.01986834593117237, -0.020229915156960487, 0.002753304783254862, 0.019623301923274994, -0.0032842541113495827, -0.014163716696202755, 0.03439606726169586, -0.012822598218917847, 0.015829479321837425, 0.01628030836582184, -0.01647503860294819, -0.010902786627411842, 0.007184278219938278, 0.0018172007985413074, 0.023785900324583054, 0.012746922671794891, -0.0040528131648898125, -0.007749701850116253, 0.028500741347670555, 0.009736492298543453, -0.002384427236393094, 0.010905957780778408]]
  Reward: -0.19189812242984772
  Account Value: None
  Done: False
  Policy Mean: [[-0.0028459602035582066, -0.023653583601117134, -0.015307039953768253, -0.002857270883396268, 0.01384352333843708, 0.020236508920788765, 0.01160284411162138, -0.01986834593117237, -0.020229915156960487, 0.002753304783254862, 0.019623301923274994, -0.0032842541113495827, -0.014163716696202755, 0.03439606726169586, -0.012822598218917847, 0.015829479321837425, 0.01628030836582184, -0.01647503860294819, -0.010902786627411842, 0.007184278219938278, 0.0018172007985413074, 0.023785900324583054, 0.012746922671794891, -0.0040528131648898125, -0.007749701850116253, 0.028500741347670555, 0.009736492298543453, -0.002384427236393094, 0.010905957780778408]]
  Policy Std: [[0.9991067051887512, 1.0012518167495728, 1.0019515752792358, 1.0023138523101807, 0.9989719390869141, 1.0008952617645264, 1.0002809762954712, 1.002434492111206, 1.0006232261657715, 0.9992192983627319, 1.0001494884490967, 1.0011566877365112, 0.9982251524925232, 1.00291109085083, 1.0022505521774292, 0.9988248348236084, 1.0015581846237183, 0.9973443746566772, 1.00054132938385, 1.0021677017211914, 1.0029916763305664, 0.9990875124931335, 0.9989128112792969, 1.0027989149093628, 1.000711441040039, 0.999455451965332, 0.9992843866348267, 0.9995128512382507, 1.0009386539459229]]

Step 76:
  Date/Day: 77
  Action: [[-0.0028459602035582066, -0.023653583601117134, -0.015307039953768253, -0.002857270883396268, 0.01384352333843708, 0.020236508920788765, 0.01160284411162138, -0.01986834593117237, -0.020229915156960487, 0.002753304783254862, 0.019623301923274994, -0.0032842541113495827, -0.014163716696202755, 0.03439606726169586, -0.012822598218917847, 0.015829479321837425, 0.01628030836582184, -0.01647503860294819, -0.010902786627411842, 0.007184278219938278, 0.0018172007985413074, 0.023785900324583054, 0.012746922671794891, -0.0040528131648898125, -0.007749701850116253, 0.028500741347670555, 0.009736492298543453, -0.002384427236393094, 0.010905957780778408]]
  Reward: 0.06385935842990875
  Account Value: None
  Done: False
  Policy Mean: [[-0.0028459602035582066, -0.023653583601117134, -0.015307039953768253, -0.002857270883396268, 0.01384352333843708, 0.020236508920788765, 0.01160284411162138, -0.01986834593117237, -0.020229915156960487, 0.002753304783254862, 0.019623301923274994, -0.0032842541113495827, -0.014163716696202755, 0.03439606726169586, -0.012822598218917847, 0.015829479321837425, 0.01628030836582184, -0.01647503860294819, -0.010902786627411842, 0.007184278219938278, 0.0018172007985413074, 0.023785900324583054, 0.012746922671794891, -0.0040528131648898125, -0.007749701850116253, 0.028500741347670555, 0.009736492298543453, -0.002384427236393094, 0.010905957780778408]]
  Policy Std: [[0.9991067051887512, 1.0012518167495728, 1.0019515752792358, 1.0023138523101807, 0.9989719390869141, 1.0008952617645264, 1.0002809762954712, 1.002434492111206, 1.0006232261657715, 0.9992192983627319, 1.0001494884490967, 1.0011566877365112, 0.9982251524925232, 1.00291109085083, 1.0022505521774292, 0.9988248348236084, 1.0015581846237183, 0.9973443746566772, 1.00054132938385, 1.0021677017211914, 1.0029916763305664, 0.9990875124931335, 0.9989128112792969, 1.0027989149093628, 1.000711441040039, 0.999455451965332, 0.9992843866348267, 0.9995128512382507, 1.0009386539459229]]

Step 77:
  Date/Day: 78
  Action: [[-0.0028459602035582066, -0.023653583601117134, -0.015307039953768253, -0.002857270883396268, 0.01384352333843708, 0.020236508920788765, 0.01160284411162138, -0.01986834593117237, -0.020229915156960487, 0.002753304783254862, 0.019623301923274994, -0.0032842541113495827, -0.014163716696202755, 0.03439606726169586, -0.012822598218917847, 0.015829479321837425, 0.01628030836582184, -0.01647503860294819, -0.010902786627411842, 0.007184278219938278, 0.0018172007985413074, 0.023785900324583054, 0.012746922671794891, -0.0040528131648898125, -0.007749701850116253, 0.028500741347670555, 0.009736492298543453, -0.002384427236393094, 0.010905957780778408]]
  Reward: -0.02419557422399521
  Account Value: None
  Done: False
  Policy Mean: [[-0.0028459602035582066, -0.023653583601117134, -0.015307039953768253, -0.002857270883396268, 0.01384352333843708, 0.020236508920788765, 0.01160284411162138, -0.01986834593117237, -0.020229915156960487, 0.002753304783254862, 0.019623301923274994, -0.0032842541113495827, -0.014163716696202755, 0.03439606726169586, -0.012822598218917847, 0.015829479321837425, 0.01628030836582184, -0.01647503860294819, -0.010902786627411842, 0.007184278219938278, 0.0018172007985413074, 0.023785900324583054, 0.012746922671794891, -0.0040528131648898125, -0.007749701850116253, 0.028500741347670555, 0.009736492298543453, -0.002384427236393094, 0.010905957780778408]]
  Policy Std: [[0.9991067051887512, 1.0012518167495728, 1.0019515752792358, 1.0023138523101807, 0.9989719390869141, 1.0008952617645264, 1.0002809762954712, 1.002434492111206, 1.0006232261657715, 0.9992192983627319, 1.0001494884490967, 1.0011566877365112, 0.9982251524925232, 1.00291109085083, 1.0022505521774292, 0.9988248348236084, 1.0015581846237183, 0.9973443746566772, 1.00054132938385, 1.0021677017211914, 1.0029916763305664, 0.9990875124931335, 0.9989128112792969, 1.0027989149093628, 1.000711441040039, 0.999455451965332, 0.9992843866348267, 0.9995128512382507, 1.0009386539459229]]

Step 78:
  Date/Day: 79
  Action: [[-0.0028459602035582066, -0.023653583601117134, -0.015307039953768253, -0.002857270883396268, 0.01384352333843708, 0.020236508920788765, 0.01160284411162138, -0.01986834593117237, -0.020229915156960487, 0.002753304783254862, 0.019623301923274994, -0.0032842541113495827, -0.014163716696202755, 0.03439606726169586, -0.012822598218917847, 0.015829479321837425, 0.01628030836582184, -0.01647503860294819, -0.010902786627411842, 0.007184278219938278, 0.0018172007985413074, 0.023785900324583054, 0.012746922671794891, -0.0040528131648898125, -0.007749701850116253, 0.028500741347670555, 0.009736492298543453, -0.002384427236393094, 0.010905957780778408]]
  Reward: -0.054167117923498154
  Account Value: None
  Done: False
  Policy Mean: [[-0.0028459602035582066, -0.023653583601117134, -0.015307039953768253, -0.002857270883396268, 0.01384352333843708, 0.020236508920788765, 0.01160284411162138, -0.01986834593117237, -0.020229915156960487, 0.002753304783254862, 0.019623301923274994, -0.0032842541113495827, -0.014163716696202755, 0.03439606726169586, -0.012822598218917847, 0.015829479321837425, 0.01628030836582184, -0.01647503860294819, -0.010902786627411842, 0.007184278219938278, 0.0018172007985413074, 0.023785900324583054, 0.012746922671794891, -0.0040528131648898125, -0.007749701850116253, 0.028500741347670555, 0.009736492298543453, -0.002384427236393094, 0.010905957780778408]]
  Policy Std: [[0.9991067051887512, 1.0012518167495728, 1.0019515752792358, 1.0023138523101807, 0.9989719390869141, 1.0008952617645264, 1.0002809762954712, 1.002434492111206, 1.0006232261657715, 0.9992192983627319, 1.0001494884490967, 1.0011566877365112, 0.9982251524925232, 1.00291109085083, 1.0022505521774292, 0.9988248348236084, 1.0015581846237183, 0.9973443746566772, 1.00054132938385, 1.0021677017211914, 1.0029916763305664, 0.9990875124931335, 0.9989128112792969, 1.0027989149093628, 1.000711441040039, 0.999455451965332, 0.9992843866348267, 0.9995128512382507, 1.0009386539459229]]

Step 79:
  Date/Day: 80
  Action: [[-0.0028459602035582066, -0.023653583601117134, -0.015307039953768253, -0.002857270883396268, 0.01384352333843708, 0.020236508920788765, 0.01160284411162138, -0.01986834593117237, -0.020229915156960487, 0.002753304783254862, 0.019623301923274994, -0.0032842541113495827, -0.014163716696202755, 0.03439606726169586, -0.012822598218917847, 0.015829479321837425, 0.01628030836582184, -0.01647503860294819, -0.010902786627411842, 0.007184278219938278, 0.0018172007985413074, 0.023785900324583054, 0.012746922671794891, -0.0040528131648898125, -0.007749701850116253, 0.028500741347670555, 0.009736492298543453, -0.002384427236393094, 0.010905957780778408]]
  Reward: -0.08373834192752838
  Account Value: None
  Done: False
  Policy Mean: [[-0.0028459602035582066, -0.023653583601117134, -0.015307039953768253, -0.002857270883396268, 0.01384352333843708, 0.020236508920788765, 0.01160284411162138, -0.01986834593117237, -0.020229915156960487, 0.002753304783254862, 0.019623301923274994, -0.0032842541113495827, -0.014163716696202755, 0.03439606726169586, -0.012822598218917847, 0.015829479321837425, 0.01628030836582184, -0.01647503860294819, -0.010902786627411842, 0.007184278219938278, 0.0018172007985413074, 0.023785900324583054, 0.012746922671794891, -0.0040528131648898125, -0.007749701850116253, 0.028500741347670555, 0.009736492298543453, -0.002384427236393094, 0.010905957780778408]]
  Policy Std: [[0.9991067051887512, 1.0012518167495728, 1.0019515752792358, 1.0023138523101807, 0.9989719390869141, 1.0008952617645264, 1.0002809762954712, 1.002434492111206, 1.0006232261657715, 0.9992192983627319, 1.0001494884490967, 1.0011566877365112, 0.9982251524925232, 1.00291109085083, 1.0022505521774292, 0.9988248348236084, 1.0015581846237183, 0.9973443746566772, 1.00054132938385, 1.0021677017211914, 1.0029916763305664, 0.9990875124931335, 0.9989128112792969, 1.0027989149093628, 1.000711441040039, 0.999455451965332, 0.9992843866348267, 0.9995128512382507, 1.0009386539459229]]

Step 80:
  Date/Day: 81
  Action: [[-0.0028459602035582066, -0.023653583601117134, -0.015307039953768253, -0.002857270883396268, 0.01384352333843708, 0.020236508920788765, 0.01160284411162138, -0.01986834593117237, -0.020229915156960487, 0.002753304783254862, 0.019623301923274994, -0.0032842541113495827, -0.014163716696202755, 0.03439606726169586, -0.012822598218917847, 0.015829479321837425, 0.01628030836582184, -0.01647503860294819, -0.010902786627411842, 0.007184278219938278, 0.0018172007985413074, 0.023785900324583054, 0.012746922671794891, -0.0040528131648898125, -0.007749701850116253, 0.028500741347670555, 0.009736492298543453, -0.002384427236393094, 0.010905957780778408]]
  Reward: -0.4263707399368286
  Account Value: None
  Done: False
  Policy Mean: [[-0.0028459602035582066, -0.023653583601117134, -0.015307039953768253, -0.002857270883396268, 0.01384352333843708, 0.020236508920788765, 0.01160284411162138, -0.01986834593117237, -0.020229915156960487, 0.002753304783254862, 0.019623301923274994, -0.0032842541113495827, -0.014163716696202755, 0.03439606726169586, -0.012822598218917847, 0.015829479321837425, 0.01628030836582184, -0.01647503860294819, -0.010902786627411842, 0.007184278219938278, 0.0018172007985413074, 0.023785900324583054, 0.012746922671794891, -0.0040528131648898125, -0.007749701850116253, 0.028500741347670555, 0.009736492298543453, -0.002384427236393094, 0.010905957780778408]]
  Policy Std: [[0.9991067051887512, 1.0012518167495728, 1.0019515752792358, 1.0023138523101807, 0.9989719390869141, 1.0008952617645264, 1.0002809762954712, 1.002434492111206, 1.0006232261657715, 0.9992192983627319, 1.0001494884490967, 1.0011566877365112, 0.9982251524925232, 1.00291109085083, 1.0022505521774292, 0.9988248348236084, 1.0015581846237183, 0.9973443746566772, 1.00054132938385, 1.0021677017211914, 1.0029916763305664, 0.9990875124931335, 0.9989128112792969, 1.0027989149093628, 1.000711441040039, 0.999455451965332, 0.9992843866348267, 0.9995128512382507, 1.0009386539459229]]

Step 81:
  Date/Day: 82
  Action: [[-0.0028459602035582066, -0.023653583601117134, -0.015307039953768253, -0.002857270883396268, 0.01384352333843708, 0.020236508920788765, 0.01160284411162138, -0.01986834593117237, -0.020229915156960487, 0.002753304783254862, 0.019623301923274994, -0.0032842541113495827, -0.014163716696202755, 0.03439606726169586, -0.012822598218917847, 0.015829479321837425, 0.01628030836582184, -0.01647503860294819, -0.010902786627411842, 0.007184278219938278, 0.0018172007985413074, 0.023785900324583054, 0.012746922671794891, -0.0040528131648898125, -0.007749701850116253, 0.028500741347670555, 0.009736492298543453, -0.002384427236393094, 0.010905957780778408]]
  Reward: 0.015866486355662346
  Account Value: None
  Done: False
  Policy Mean: [[-0.0028459602035582066, -0.023653583601117134, -0.015307039953768253, -0.002857270883396268, 0.01384352333843708, 0.020236508920788765, 0.01160284411162138, -0.01986834593117237, -0.020229915156960487, 0.002753304783254862, 0.019623301923274994, -0.0032842541113495827, -0.014163716696202755, 0.03439606726169586, -0.012822598218917847, 0.015829479321837425, 0.01628030836582184, -0.01647503860294819, -0.010902786627411842, 0.007184278219938278, 0.0018172007985413074, 0.023785900324583054, 0.012746922671794891, -0.0040528131648898125, -0.007749701850116253, 0.028500741347670555, 0.009736492298543453, -0.002384427236393094, 0.010905957780778408]]
  Policy Std: [[0.9991067051887512, 1.0012518167495728, 1.0019515752792358, 1.0023138523101807, 0.9989719390869141, 1.0008952617645264, 1.0002809762954712, 1.002434492111206, 1.0006232261657715, 0.9992192983627319, 1.0001494884490967, 1.0011566877365112, 0.9982251524925232, 1.00291109085083, 1.0022505521774292, 0.9988248348236084, 1.0015581846237183, 0.9973443746566772, 1.00054132938385, 1.0021677017211914, 1.0029916763305664, 0.9990875124931335, 0.9989128112792969, 1.0027989149093628, 1.000711441040039, 0.999455451965332, 0.9992843866348267, 0.9995128512382507, 1.0009386539459229]]

Step 82:
  Date/Day: 83
  Action: [[-0.0028459602035582066, -0.023653583601117134, -0.015307039953768253, -0.002857270883396268, 0.01384352333843708, 0.020236508920788765, 0.01160284411162138, -0.01986834593117237, -0.020229915156960487, 0.002753304783254862, 0.019623301923274994, -0.0032842541113495827, -0.014163716696202755, 0.03439606726169586, -0.012822598218917847, 0.015829479321837425, 0.01628030836582184, -0.01647503860294819, -0.010902786627411842, 0.007184278219938278, 0.0018172007985413074, 0.023785900324583054, 0.012746922671794891, -0.0040528131648898125, -0.007749701850116253, 0.028500741347670555, 0.009736492298543453, -0.002384427236393094, 0.010905957780778408]]
  Reward: -0.6900710463523865
  Account Value: None
  Done: False
  Policy Mean: [[-0.0028459602035582066, -0.023653583601117134, -0.015307039953768253, -0.002857270883396268, 0.01384352333843708, 0.020236508920788765, 0.01160284411162138, -0.01986834593117237, -0.020229915156960487, 0.002753304783254862, 0.019623301923274994, -0.0032842541113495827, -0.014163716696202755, 0.03439606726169586, -0.012822598218917847, 0.015829479321837425, 0.01628030836582184, -0.01647503860294819, -0.010902786627411842, 0.007184278219938278, 0.0018172007985413074, 0.023785900324583054, 0.012746922671794891, -0.0040528131648898125, -0.007749701850116253, 0.028500741347670555, 0.009736492298543453, -0.002384427236393094, 0.010905957780778408]]
  Policy Std: [[0.9991067051887512, 1.0012518167495728, 1.0019515752792358, 1.0023138523101807, 0.9989719390869141, 1.0008952617645264, 1.0002809762954712, 1.002434492111206, 1.0006232261657715, 0.9992192983627319, 1.0001494884490967, 1.0011566877365112, 0.9982251524925232, 1.00291109085083, 1.0022505521774292, 0.9988248348236084, 1.0015581846237183, 0.9973443746566772, 1.00054132938385, 1.0021677017211914, 1.0029916763305664, 0.9990875124931335, 0.9989128112792969, 1.0027989149093628, 1.000711441040039, 0.999455451965332, 0.9992843866348267, 0.9995128512382507, 1.0009386539459229]]

Step 83:
  Date/Day: 84
  Action: [[-0.0028459602035582066, -0.023653583601117134, -0.015307039953768253, -0.002857270883396268, 0.01384352333843708, 0.020236508920788765, 0.01160284411162138, -0.01986834593117237, -0.020229915156960487, 0.002753304783254862, 0.019623301923274994, -0.0032842541113495827, -0.014163716696202755, 0.03439606726169586, -0.012822598218917847, 0.015829479321837425, 0.01628030836582184, -0.01647503860294819, -0.010902786627411842, 0.007184278219938278, 0.0018172007985413074, 0.023785900324583054, 0.012746922671794891, -0.0040528131648898125, -0.007749701850116253, 0.028500741347670555, 0.009736492298543453, -0.002384427236393094, 0.010905957780778408]]
  Reward: 0.0847410038113594
  Account Value: None
  Done: False
  Policy Mean: [[-0.0028459602035582066, -0.023653583601117134, -0.015307039953768253, -0.002857270883396268, 0.01384352333843708, 0.020236508920788765, 0.01160284411162138, -0.01986834593117237, -0.020229915156960487, 0.002753304783254862, 0.019623301923274994, -0.0032842541113495827, -0.014163716696202755, 0.03439606726169586, -0.012822598218917847, 0.015829479321837425, 0.01628030836582184, -0.01647503860294819, -0.010902786627411842, 0.007184278219938278, 0.0018172007985413074, 0.023785900324583054, 0.012746922671794891, -0.0040528131648898125, -0.007749701850116253, 0.028500741347670555, 0.009736492298543453, -0.002384427236393094, 0.010905957780778408]]
  Policy Std: [[0.9991067051887512, 1.0012518167495728, 1.0019515752792358, 1.0023138523101807, 0.9989719390869141, 1.0008952617645264, 1.0002809762954712, 1.002434492111206, 1.0006232261657715, 0.9992192983627319, 1.0001494884490967, 1.0011566877365112, 0.9982251524925232, 1.00291109085083, 1.0022505521774292, 0.9988248348236084, 1.0015581846237183, 0.9973443746566772, 1.00054132938385, 1.0021677017211914, 1.0029916763305664, 0.9990875124931335, 0.9989128112792969, 1.0027989149093628, 1.000711441040039, 0.999455451965332, 0.9992843866348267, 0.9995128512382507, 1.0009386539459229]]

Step 84:
  Date/Day: 85
  Action: [[-0.0028459602035582066, -0.023653583601117134, -0.015307039953768253, -0.002857270883396268, 0.01384352333843708, 0.020236508920788765, 0.01160284411162138, -0.01986834593117237, -0.020229915156960487, 0.002753304783254862, 0.019623301923274994, -0.0032842541113495827, -0.014163716696202755, 0.03439606726169586, -0.012822598218917847, 0.015829479321837425, 0.01628030836582184, -0.01647503860294819, -0.010902786627411842, 0.007184278219938278, 0.0018172007985413074, 0.023785900324583054, 0.012746922671794891, -0.0040528131648898125, -0.007749701850116253, 0.028500741347670555, 0.009736492298543453, -0.002384427236393094, 0.010905957780778408]]
  Reward: -0.18690304458141327
  Account Value: None
  Done: False
  Policy Mean: [[-0.0028459602035582066, -0.023653583601117134, -0.015307039953768253, -0.002857270883396268, 0.01384352333843708, 0.020236508920788765, 0.01160284411162138, -0.01986834593117237, -0.020229915156960487, 0.002753304783254862, 0.019623301923274994, -0.0032842541113495827, -0.014163716696202755, 0.03439606726169586, -0.012822598218917847, 0.015829479321837425, 0.01628030836582184, -0.01647503860294819, -0.010902786627411842, 0.007184278219938278, 0.0018172007985413074, 0.023785900324583054, 0.012746922671794891, -0.0040528131648898125, -0.007749701850116253, 0.028500741347670555, 0.009736492298543453, -0.002384427236393094, 0.010905957780778408]]
  Policy Std: [[0.9991067051887512, 1.0012518167495728, 1.0019515752792358, 1.0023138523101807, 0.9989719390869141, 1.0008952617645264, 1.0002809762954712, 1.002434492111206, 1.0006232261657715, 0.9992192983627319, 1.0001494884490967, 1.0011566877365112, 0.9982251524925232, 1.00291109085083, 1.0022505521774292, 0.9988248348236084, 1.0015581846237183, 0.9973443746566772, 1.00054132938385, 1.0021677017211914, 1.0029916763305664, 0.9990875124931335, 0.9989128112792969, 1.0027989149093628, 1.000711441040039, 0.999455451965332, 0.9992843866348267, 0.9995128512382507, 1.0009386539459229]]

Step 85:
  Date/Day: 86
  Action: [[-0.0028459602035582066, -0.023653583601117134, -0.015307039953768253, -0.002857270883396268, 0.01384352333843708, 0.020236508920788765, 0.01160284411162138, -0.01986834593117237, -0.020229915156960487, 0.002753304783254862, 0.019623301923274994, -0.0032842541113495827, -0.014163716696202755, 0.03439606726169586, -0.012822598218917847, 0.015829479321837425, 0.01628030836582184, -0.01647503860294819, -0.010902786627411842, 0.007184278219938278, 0.0018172007985413074, 0.023785900324583054, 0.012746922671794891, -0.0040528131648898125, -0.007749701850116253, 0.028500741347670555, 0.009736492298543453, -0.002384427236393094, 0.010905957780778408]]
  Reward: 0.2286512851715088
  Account Value: None
  Done: False
  Policy Mean: [[-0.0028459602035582066, -0.023653583601117134, -0.015307039953768253, -0.002857270883396268, 0.01384352333843708, 0.020236508920788765, 0.01160284411162138, -0.01986834593117237, -0.020229915156960487, 0.002753304783254862, 0.019623301923274994, -0.0032842541113495827, -0.014163716696202755, 0.03439606726169586, -0.012822598218917847, 0.015829479321837425, 0.01628030836582184, -0.01647503860294819, -0.010902786627411842, 0.007184278219938278, 0.0018172007985413074, 0.023785900324583054, 0.012746922671794891, -0.0040528131648898125, -0.007749701850116253, 0.028500741347670555, 0.009736492298543453, -0.002384427236393094, 0.010905957780778408]]
  Policy Std: [[0.9991067051887512, 1.0012518167495728, 1.0019515752792358, 1.0023138523101807, 0.9989719390869141, 1.0008952617645264, 1.0002809762954712, 1.002434492111206, 1.0006232261657715, 0.9992192983627319, 1.0001494884490967, 1.0011566877365112, 0.9982251524925232, 1.00291109085083, 1.0022505521774292, 0.9988248348236084, 1.0015581846237183, 0.9973443746566772, 1.00054132938385, 1.0021677017211914, 1.0029916763305664, 0.9990875124931335, 0.9989128112792969, 1.0027989149093628, 1.000711441040039, 0.999455451965332, 0.9992843866348267, 0.9995128512382507, 1.0009386539459229]]

Step 86:
  Date/Day: 87
  Action: [[-0.0028459602035582066, -0.023653583601117134, -0.015307039953768253, -0.002857270883396268, 0.01384352333843708, 0.020236508920788765, 0.01160284411162138, -0.01986834593117237, -0.020229915156960487, 0.002753304783254862, 0.019623301923274994, -0.0032842541113495827, -0.014163716696202755, 0.03439606726169586, -0.012822598218917847, 0.015829479321837425, 0.01628030836582184, -0.01647503860294819, -0.010902786627411842, 0.007184278219938278, 0.0018172007985413074, 0.023785900324583054, 0.012746922671794891, -0.0040528131648898125, -0.007749701850116253, 0.028500741347670555, 0.009736492298543453, -0.002384427236393094, 0.010905957780778408]]
  Reward: 0.3615814447402954
  Account Value: None
  Done: False
  Policy Mean: [[-0.0028459602035582066, -0.023653583601117134, -0.015307039953768253, -0.002857270883396268, 0.01384352333843708, 0.020236508920788765, 0.01160284411162138, -0.01986834593117237, -0.020229915156960487, 0.002753304783254862, 0.019623301923274994, -0.0032842541113495827, -0.014163716696202755, 0.03439606726169586, -0.012822598218917847, 0.015829479321837425, 0.01628030836582184, -0.01647503860294819, -0.010902786627411842, 0.007184278219938278, 0.0018172007985413074, 0.023785900324583054, 0.012746922671794891, -0.0040528131648898125, -0.007749701850116253, 0.028500741347670555, 0.009736492298543453, -0.002384427236393094, 0.010905957780778408]]
  Policy Std: [[0.9991067051887512, 1.0012518167495728, 1.0019515752792358, 1.0023138523101807, 0.9989719390869141, 1.0008952617645264, 1.0002809762954712, 1.002434492111206, 1.0006232261657715, 0.9992192983627319, 1.0001494884490967, 1.0011566877365112, 0.9982251524925232, 1.00291109085083, 1.0022505521774292, 0.9988248348236084, 1.0015581846237183, 0.9973443746566772, 1.00054132938385, 1.0021677017211914, 1.0029916763305664, 0.9990875124931335, 0.9989128112792969, 1.0027989149093628, 1.000711441040039, 0.999455451965332, 0.9992843866348267, 0.9995128512382507, 1.0009386539459229]]

Step 87:
  Date/Day: 88
  Action: [[-0.0028459602035582066, -0.023653583601117134, -0.015307039953768253, -0.002857270883396268, 0.01384352333843708, 0.020236508920788765, 0.01160284411162138, -0.01986834593117237, -0.020229915156960487, 0.002753304783254862, 0.019623301923274994, -0.0032842541113495827, -0.014163716696202755, 0.03439606726169586, -0.012822598218917847, 0.015829479321837425, 0.01628030836582184, -0.01647503860294819, -0.010902786627411842, 0.007184278219938278, 0.0018172007985413074, 0.023785900324583054, 0.012746922671794891, -0.0040528131648898125, -0.007749701850116253, 0.028500741347670555, 0.009736492298543453, -0.002384427236393094, 0.010905957780778408]]
  Reward: 0.3048175573348999
  Account Value: None
  Done: False
  Policy Mean: [[-0.0028459602035582066, -0.023653583601117134, -0.015307039953768253, -0.002857270883396268, 0.01384352333843708, 0.020236508920788765, 0.01160284411162138, -0.01986834593117237, -0.020229915156960487, 0.002753304783254862, 0.019623301923274994, -0.0032842541113495827, -0.014163716696202755, 0.03439606726169586, -0.012822598218917847, 0.015829479321837425, 0.01628030836582184, -0.01647503860294819, -0.010902786627411842, 0.007184278219938278, 0.0018172007985413074, 0.023785900324583054, 0.012746922671794891, -0.0040528131648898125, -0.007749701850116253, 0.028500741347670555, 0.009736492298543453, -0.002384427236393094, 0.010905957780778408]]
  Policy Std: [[0.9991067051887512, 1.0012518167495728, 1.0019515752792358, 1.0023138523101807, 0.9989719390869141, 1.0008952617645264, 1.0002809762954712, 1.002434492111206, 1.0006232261657715, 0.9992192983627319, 1.0001494884490967, 1.0011566877365112, 0.9982251524925232, 1.00291109085083, 1.0022505521774292, 0.9988248348236084, 1.0015581846237183, 0.9973443746566772, 1.00054132938385, 1.0021677017211914, 1.0029916763305664, 0.9990875124931335, 0.9989128112792969, 1.0027989149093628, 1.000711441040039, 0.999455451965332, 0.9992843866348267, 0.9995128512382507, 1.0009386539459229]]

Step 88:
  Date/Day: 89
  Action: [[-0.0028459602035582066, -0.023653583601117134, -0.015307039953768253, -0.002857270883396268, 0.01384352333843708, 0.020236508920788765, 0.01160284411162138, -0.01986834593117237, -0.020229915156960487, 0.002753304783254862, 0.019623301923274994, -0.0032842541113495827, -0.014163716696202755, 0.03439606726169586, -0.012822598218917847, 0.015829479321837425, 0.01628030836582184, -0.01647503860294819, -0.010902786627411842, 0.007184278219938278, 0.0018172007985413074, 0.023785900324583054, 0.012746922671794891, -0.0040528131648898125, -0.007749701850116253, 0.028500741347670555, 0.009736492298543453, -0.002384427236393094, 0.010905957780778408]]
  Reward: 0.44430074095726013
  Account Value: None
  Done: False
  Policy Mean: [[-0.0028459602035582066, -0.023653583601117134, -0.015307039953768253, -0.002857270883396268, 0.01384352333843708, 0.020236508920788765, 0.01160284411162138, -0.01986834593117237, -0.020229915156960487, 0.002753304783254862, 0.019623301923274994, -0.0032842541113495827, -0.014163716696202755, 0.03439606726169586, -0.012822598218917847, 0.015829479321837425, 0.01628030836582184, -0.01647503860294819, -0.010902786627411842, 0.007184278219938278, 0.0018172007985413074, 0.023785900324583054, 0.012746922671794891, -0.0040528131648898125, -0.007749701850116253, 0.028500741347670555, 0.009736492298543453, -0.002384427236393094, 0.010905957780778408]]
  Policy Std: [[0.9991067051887512, 1.0012518167495728, 1.0019515752792358, 1.0023138523101807, 0.9989719390869141, 1.0008952617645264, 1.0002809762954712, 1.002434492111206, 1.0006232261657715, 0.9992192983627319, 1.0001494884490967, 1.0011566877365112, 0.9982251524925232, 1.00291109085083, 1.0022505521774292, 0.9988248348236084, 1.0015581846237183, 0.9973443746566772, 1.00054132938385, 1.0021677017211914, 1.0029916763305664, 0.9990875124931335, 0.9989128112792969, 1.0027989149093628, 1.000711441040039, 0.999455451965332, 0.9992843866348267, 0.9995128512382507, 1.0009386539459229]]

Step 89:
  Date/Day: 90
  Action: [[-0.0028459602035582066, -0.023653583601117134, -0.015307039953768253, -0.002857270883396268, 0.01384352333843708, 0.020236508920788765, 0.01160284411162138, -0.01986834593117237, -0.020229915156960487, 0.002753304783254862, 0.019623301923274994, -0.0032842541113495827, -0.014163716696202755, 0.03439606726169586, -0.012822598218917847, 0.015829479321837425, 0.01628030836582184, -0.01647503860294819, -0.010902786627411842, 0.007184278219938278, 0.0018172007985413074, 0.023785900324583054, 0.012746922671794891, -0.0040528131648898125, -0.007749701850116253, 0.028500741347670555, 0.009736492298543453, -0.002384427236393094, 0.010905957780778408]]
  Reward: -0.019267771393060684
  Account Value: None
  Done: False
  Policy Mean: [[-0.0028459602035582066, -0.023653583601117134, -0.015307039953768253, -0.002857270883396268, 0.01384352333843708, 0.020236508920788765, 0.01160284411162138, -0.01986834593117237, -0.020229915156960487, 0.002753304783254862, 0.019623301923274994, -0.0032842541113495827, -0.014163716696202755, 0.03439606726169586, -0.012822598218917847, 0.015829479321837425, 0.01628030836582184, -0.01647503860294819, -0.010902786627411842, 0.007184278219938278, 0.0018172007985413074, 0.023785900324583054, 0.012746922671794891, -0.0040528131648898125, -0.007749701850116253, 0.028500741347670555, 0.009736492298543453, -0.002384427236393094, 0.010905957780778408]]
  Policy Std: [[0.9991067051887512, 1.0012518167495728, 1.0019515752792358, 1.0023138523101807, 0.9989719390869141, 1.0008952617645264, 1.0002809762954712, 1.002434492111206, 1.0006232261657715, 0.9992192983627319, 1.0001494884490967, 1.0011566877365112, 0.9982251524925232, 1.00291109085083, 1.0022505521774292, 0.9988248348236084, 1.0015581846237183, 0.9973443746566772, 1.00054132938385, 1.0021677017211914, 1.0029916763305664, 0.9990875124931335, 0.9989128112792969, 1.0027989149093628, 1.000711441040039, 0.999455451965332, 0.9992843866348267, 0.9995128512382507, 1.0009386539459229]]

Step 90:
  Date/Day: 91
  Action: [[-0.0028459602035582066, -0.023653583601117134, -0.015307039953768253, -0.002857270883396268, 0.01384352333843708, 0.020236508920788765, 0.01160284411162138, -0.01986834593117237, -0.020229915156960487, 0.002753304783254862, 0.019623301923274994, -0.0032842541113495827, -0.014163716696202755, 0.03439606726169586, -0.012822598218917847, 0.015829479321837425, 0.01628030836582184, -0.01647503860294819, -0.010902786627411842, 0.007184278219938278, 0.0018172007985413074, 0.023785900324583054, 0.012746922671794891, -0.0040528131648898125, -0.007749701850116253, 0.028500741347670555, 0.009736492298543453, -0.002384427236393094, 0.010905957780778408]]
  Reward: 0.2901856005191803
  Account Value: None
  Done: False
  Policy Mean: [[-0.0028459602035582066, -0.023653583601117134, -0.015307039953768253, -0.002857270883396268, 0.01384352333843708, 0.020236508920788765, 0.01160284411162138, -0.01986834593117237, -0.020229915156960487, 0.002753304783254862, 0.019623301923274994, -0.0032842541113495827, -0.014163716696202755, 0.03439606726169586, -0.012822598218917847, 0.015829479321837425, 0.01628030836582184, -0.01647503860294819, -0.010902786627411842, 0.007184278219938278, 0.0018172007985413074, 0.023785900324583054, 0.012746922671794891, -0.0040528131648898125, -0.007749701850116253, 0.028500741347670555, 0.009736492298543453, -0.002384427236393094, 0.010905957780778408]]
  Policy Std: [[0.9991067051887512, 1.0012518167495728, 1.0019515752792358, 1.0023138523101807, 0.9989719390869141, 1.0008952617645264, 1.0002809762954712, 1.002434492111206, 1.0006232261657715, 0.9992192983627319, 1.0001494884490967, 1.0011566877365112, 0.9982251524925232, 1.00291109085083, 1.0022505521774292, 0.9988248348236084, 1.0015581846237183, 0.9973443746566772, 1.00054132938385, 1.0021677017211914, 1.0029916763305664, 0.9990875124931335, 0.9989128112792969, 1.0027989149093628, 1.000711441040039, 0.999455451965332, 0.9992843866348267, 0.9995128512382507, 1.0009386539459229]]

Step 91:
  Date/Day: 92
  Action: [[-0.0028459602035582066, -0.023653583601117134, -0.015307039953768253, -0.002857270883396268, 0.01384352333843708, 0.020236508920788765, 0.01160284411162138, -0.01986834593117237, -0.020229915156960487, 0.002753304783254862, 0.019623301923274994, -0.0032842541113495827, -0.014163716696202755, 0.03439606726169586, -0.012822598218917847, 0.015829479321837425, 0.01628030836582184, -0.01647503860294819, -0.010902786627411842, 0.007184278219938278, 0.0018172007985413074, 0.023785900324583054, 0.012746922671794891, -0.0040528131648898125, -0.007749701850116253, 0.028500741347670555, 0.009736492298543453, -0.002384427236393094, 0.010905957780778408]]
  Reward: -0.11614789813756943
  Account Value: None
  Done: False
  Policy Mean: [[-0.0028459602035582066, -0.023653583601117134, -0.015307039953768253, -0.002857270883396268, 0.01384352333843708, 0.020236508920788765, 0.01160284411162138, -0.01986834593117237, -0.020229915156960487, 0.002753304783254862, 0.019623301923274994, -0.0032842541113495827, -0.014163716696202755, 0.03439606726169586, -0.012822598218917847, 0.015829479321837425, 0.01628030836582184, -0.01647503860294819, -0.010902786627411842, 0.007184278219938278, 0.0018172007985413074, 0.023785900324583054, 0.012746922671794891, -0.0040528131648898125, -0.007749701850116253, 0.028500741347670555, 0.009736492298543453, -0.002384427236393094, 0.010905957780778408]]
  Policy Std: [[0.9991067051887512, 1.0012518167495728, 1.0019515752792358, 1.0023138523101807, 0.9989719390869141, 1.0008952617645264, 1.0002809762954712, 1.002434492111206, 1.0006232261657715, 0.9992192983627319, 1.0001494884490967, 1.0011566877365112, 0.9982251524925232, 1.00291109085083, 1.0022505521774292, 0.9988248348236084, 1.0015581846237183, 0.9973443746566772, 1.00054132938385, 1.0021677017211914, 1.0029916763305664, 0.9990875124931335, 0.9989128112792969, 1.0027989149093628, 1.000711441040039, 0.999455451965332, 0.9992843866348267, 0.9995128512382507, 1.0009386539459229]]

Step 92:
  Date/Day: 93
  Action: [[-0.0028459602035582066, -0.023653583601117134, -0.015307039953768253, -0.002857270883396268, 0.01384352333843708, 0.020236508920788765, 0.01160284411162138, -0.01986834593117237, -0.020229915156960487, 0.002753304783254862, 0.019623301923274994, -0.0032842541113495827, -0.014163716696202755, 0.03439606726169586, -0.012822598218917847, 0.015829479321837425, 0.01628030836582184, -0.01647503860294819, -0.010902786627411842, 0.007184278219938278, 0.0018172007985413074, 0.023785900324583054, 0.012746922671794891, -0.0040528131648898125, -0.007749701850116253, 0.028500741347670555, 0.009736492298543453, -0.002384427236393094, 0.010905957780778408]]
  Reward: 0.15090365707874298
  Account Value: None
  Done: False
  Policy Mean: [[-0.0028459602035582066, -0.023653583601117134, -0.015307039953768253, -0.002857270883396268, 0.01384352333843708, 0.020236508920788765, 0.01160284411162138, -0.01986834593117237, -0.020229915156960487, 0.002753304783254862, 0.019623301923274994, -0.0032842541113495827, -0.014163716696202755, 0.03439606726169586, -0.012822598218917847, 0.015829479321837425, 0.01628030836582184, -0.01647503860294819, -0.010902786627411842, 0.007184278219938278, 0.0018172007985413074, 0.023785900324583054, 0.012746922671794891, -0.0040528131648898125, -0.007749701850116253, 0.028500741347670555, 0.009736492298543453, -0.002384427236393094, 0.010905957780778408]]
  Policy Std: [[0.9991067051887512, 1.0012518167495728, 1.0019515752792358, 1.0023138523101807, 0.9989719390869141, 1.0008952617645264, 1.0002809762954712, 1.002434492111206, 1.0006232261657715, 0.9992192983627319, 1.0001494884490967, 1.0011566877365112, 0.9982251524925232, 1.00291109085083, 1.0022505521774292, 0.9988248348236084, 1.0015581846237183, 0.9973443746566772, 1.00054132938385, 1.0021677017211914, 1.0029916763305664, 0.9990875124931335, 0.9989128112792969, 1.0027989149093628, 1.000711441040039, 0.999455451965332, 0.9992843866348267, 0.9995128512382507, 1.0009386539459229]]

Step 93:
  Date/Day: 94
  Action: [[-0.0028459602035582066, -0.023653583601117134, -0.015307039953768253, -0.002857270883396268, 0.01384352333843708, 0.020236508920788765, 0.01160284411162138, -0.01986834593117237, -0.020229915156960487, 0.002753304783254862, 0.019623301923274994, -0.0032842541113495827, -0.014163716696202755, 0.03439606726169586, -0.012822598218917847, 0.015829479321837425, 0.01628030836582184, -0.01647503860294819, -0.010902786627411842, 0.007184278219938278, 0.0018172007985413074, 0.023785900324583054, 0.012746922671794891, -0.0040528131648898125, -0.007749701850116253, 0.028500741347670555, 0.009736492298543453, -0.002384427236393094, 0.010905957780778408]]
  Reward: -0.25803324580192566
  Account Value: None
  Done: False
  Policy Mean: [[-0.0028459602035582066, -0.023653583601117134, -0.015307039953768253, -0.002857270883396268, 0.01384352333843708, 0.020236508920788765, 0.01160284411162138, -0.01986834593117237, -0.020229915156960487, 0.002753304783254862, 0.019623301923274994, -0.0032842541113495827, -0.014163716696202755, 0.03439606726169586, -0.012822598218917847, 0.015829479321837425, 0.01628030836582184, -0.01647503860294819, -0.010902786627411842, 0.007184278219938278, 0.0018172007985413074, 0.023785900324583054, 0.012746922671794891, -0.0040528131648898125, -0.007749701850116253, 0.028500741347670555, 0.009736492298543453, -0.002384427236393094, 0.010905957780778408]]
  Policy Std: [[0.9991067051887512, 1.0012518167495728, 1.0019515752792358, 1.0023138523101807, 0.9989719390869141, 1.0008952617645264, 1.0002809762954712, 1.002434492111206, 1.0006232261657715, 0.9992192983627319, 1.0001494884490967, 1.0011566877365112, 0.9982251524925232, 1.00291109085083, 1.0022505521774292, 0.9988248348236084, 1.0015581846237183, 0.9973443746566772, 1.00054132938385, 1.0021677017211914, 1.0029916763305664, 0.9990875124931335, 0.9989128112792969, 1.0027989149093628, 1.000711441040039, 0.999455451965332, 0.9992843866348267, 0.9995128512382507, 1.0009386539459229]]

Step 94:
  Date/Day: 95
  Action: [[-0.0028459602035582066, -0.023653583601117134, -0.015307039953768253, -0.002857270883396268, 0.01384352333843708, 0.020236508920788765, 0.01160284411162138, -0.01986834593117237, -0.020229915156960487, 0.002753304783254862, 0.019623301923274994, -0.0032842541113495827, -0.014163716696202755, 0.03439606726169586, -0.012822598218917847, 0.015829479321837425, 0.01628030836582184, -0.01647503860294819, -0.010902786627411842, 0.007184278219938278, 0.0018172007985413074, 0.023785900324583054, 0.012746922671794891, -0.0040528131648898125, -0.007749701850116253, 0.028500741347670555, 0.009736492298543453, -0.002384427236393094, 0.010905957780778408]]
  Reward: 0.19356364011764526
  Account Value: None
  Done: False
  Policy Mean: [[-0.0028459602035582066, -0.023653583601117134, -0.015307039953768253, -0.002857270883396268, 0.01384352333843708, 0.020236508920788765, 0.01160284411162138, -0.01986834593117237, -0.020229915156960487, 0.002753304783254862, 0.019623301923274994, -0.0032842541113495827, -0.014163716696202755, 0.03439606726169586, -0.012822598218917847, 0.015829479321837425, 0.01628030836582184, -0.01647503860294819, -0.010902786627411842, 0.007184278219938278, 0.0018172007985413074, 0.023785900324583054, 0.012746922671794891, -0.0040528131648898125, -0.007749701850116253, 0.028500741347670555, 0.009736492298543453, -0.002384427236393094, 0.010905957780778408]]
  Policy Std: [[0.9991067051887512, 1.0012518167495728, 1.0019515752792358, 1.0023138523101807, 0.9989719390869141, 1.0008952617645264, 1.0002809762954712, 1.002434492111206, 1.0006232261657715, 0.9992192983627319, 1.0001494884490967, 1.0011566877365112, 0.9982251524925232, 1.00291109085083, 1.0022505521774292, 0.9988248348236084, 1.0015581846237183, 0.9973443746566772, 1.00054132938385, 1.0021677017211914, 1.0029916763305664, 0.9990875124931335, 0.9989128112792969, 1.0027989149093628, 1.000711441040039, 0.999455451965332, 0.9992843866348267, 0.9995128512382507, 1.0009386539459229]]

Step 95:
  Date/Day: 96
  Action: [[-0.0028459602035582066, -0.023653583601117134, -0.015307039953768253, -0.002857270883396268, 0.01384352333843708, 0.020236508920788765, 0.01160284411162138, -0.01986834593117237, -0.020229915156960487, 0.002753304783254862, 0.019623301923274994, -0.0032842541113495827, -0.014163716696202755, 0.03439606726169586, -0.012822598218917847, 0.015829479321837425, 0.01628030836582184, -0.01647503860294819, -0.010902786627411842, 0.007184278219938278, 0.0018172007985413074, 0.023785900324583054, 0.012746922671794891, -0.0040528131648898125, -0.007749701850116253, 0.028500741347670555, 0.009736492298543453, -0.002384427236393094, 0.010905957780778408]]
  Reward: 0.18202032148838043
  Account Value: None
  Done: False
  Policy Mean: [[-0.0028459602035582066, -0.023653583601117134, -0.015307039953768253, -0.002857270883396268, 0.01384352333843708, 0.020236508920788765, 0.01160284411162138, -0.01986834593117237, -0.020229915156960487, 0.002753304783254862, 0.019623301923274994, -0.0032842541113495827, -0.014163716696202755, 0.03439606726169586, -0.012822598218917847, 0.015829479321837425, 0.01628030836582184, -0.01647503860294819, -0.010902786627411842, 0.007184278219938278, 0.0018172007985413074, 0.023785900324583054, 0.012746922671794891, -0.0040528131648898125, -0.007749701850116253, 0.028500741347670555, 0.009736492298543453, -0.002384427236393094, 0.010905957780778408]]
  Policy Std: [[0.9991067051887512, 1.0012518167495728, 1.0019515752792358, 1.0023138523101807, 0.9989719390869141, 1.0008952617645264, 1.0002809762954712, 1.002434492111206, 1.0006232261657715, 0.9992192983627319, 1.0001494884490967, 1.0011566877365112, 0.9982251524925232, 1.00291109085083, 1.0022505521774292, 0.9988248348236084, 1.0015581846237183, 0.9973443746566772, 1.00054132938385, 1.0021677017211914, 1.0029916763305664, 0.9990875124931335, 0.9989128112792969, 1.0027989149093628, 1.000711441040039, 0.999455451965332, 0.9992843866348267, 0.9995128512382507, 1.0009386539459229]]

Step 96:
  Date/Day: 97
  Action: [[-0.0028459602035582066, -0.023653583601117134, -0.015307039953768253, -0.002857270883396268, 0.01384352333843708, 0.020236508920788765, 0.01160284411162138, -0.01986834593117237, -0.020229915156960487, 0.002753304783254862, 0.019623301923274994, -0.0032842541113495827, -0.014163716696202755, 0.03439606726169586, -0.012822598218917847, 0.015829479321837425, 0.01628030836582184, -0.01647503860294819, -0.010902786627411842, 0.007184278219938278, 0.0018172007985413074, 0.023785900324583054, 0.012746922671794891, -0.0040528131648898125, -0.007749701850116253, 0.028500741347670555, 0.009736492298543453, -0.002384427236393094, 0.010905957780778408]]
  Reward: -0.023692898452281952
  Account Value: None
  Done: False
  Policy Mean: [[-0.0028459602035582066, -0.023653583601117134, -0.015307039953768253, -0.002857270883396268, 0.01384352333843708, 0.020236508920788765, 0.01160284411162138, -0.01986834593117237, -0.020229915156960487, 0.002753304783254862, 0.019623301923274994, -0.0032842541113495827, -0.014163716696202755, 0.03439606726169586, -0.012822598218917847, 0.015829479321837425, 0.01628030836582184, -0.01647503860294819, -0.010902786627411842, 0.007184278219938278, 0.0018172007985413074, 0.023785900324583054, 0.012746922671794891, -0.0040528131648898125, -0.007749701850116253, 0.028500741347670555, 0.009736492298543453, -0.002384427236393094, 0.010905957780778408]]
  Policy Std: [[0.9991067051887512, 1.0012518167495728, 1.0019515752792358, 1.0023138523101807, 0.9989719390869141, 1.0008952617645264, 1.0002809762954712, 1.002434492111206, 1.0006232261657715, 0.9992192983627319, 1.0001494884490967, 1.0011566877365112, 0.9982251524925232, 1.00291109085083, 1.0022505521774292, 0.9988248348236084, 1.0015581846237183, 0.9973443746566772, 1.00054132938385, 1.0021677017211914, 1.0029916763305664, 0.9990875124931335, 0.9989128112792969, 1.0027989149093628, 1.000711441040039, 0.999455451965332, 0.9992843866348267, 0.9995128512382507, 1.0009386539459229]]

Step 97:
  Date/Day: 98
  Action: [[-0.0028459602035582066, -0.023653583601117134, -0.015307039953768253, -0.002857270883396268, 0.01384352333843708, 0.020236508920788765, 0.01160284411162138, -0.01986834593117237, -0.020229915156960487, 0.002753304783254862, 0.019623301923274994, -0.0032842541113495827, -0.014163716696202755, 0.03439606726169586, -0.012822598218917847, 0.015829479321837425, 0.01628030836582184, -0.01647503860294819, -0.010902786627411842, 0.007184278219938278, 0.0018172007985413074, 0.023785900324583054, 0.012746922671794891, -0.0040528131648898125, -0.007749701850116253, 0.028500741347670555, 0.009736492298543453, -0.002384427236393094, 0.010905957780778408]]
  Reward: -0.12286309897899628
  Account Value: None
  Done: False
  Policy Mean: [[-0.0028459602035582066, -0.023653583601117134, -0.015307039953768253, -0.002857270883396268, 0.01384352333843708, 0.020236508920788765, 0.01160284411162138, -0.01986834593117237, -0.020229915156960487, 0.002753304783254862, 0.019623301923274994, -0.0032842541113495827, -0.014163716696202755, 0.03439606726169586, -0.012822598218917847, 0.015829479321837425, 0.01628030836582184, -0.01647503860294819, -0.010902786627411842, 0.007184278219938278, 0.0018172007985413074, 0.023785900324583054, 0.012746922671794891, -0.0040528131648898125, -0.007749701850116253, 0.028500741347670555, 0.009736492298543453, -0.002384427236393094, 0.010905957780778408]]
  Policy Std: [[0.9991067051887512, 1.0012518167495728, 1.0019515752792358, 1.0023138523101807, 0.9989719390869141, 1.0008952617645264, 1.0002809762954712, 1.002434492111206, 1.0006232261657715, 0.9992192983627319, 1.0001494884490967, 1.0011566877365112, 0.9982251524925232, 1.00291109085083, 1.0022505521774292, 0.9988248348236084, 1.0015581846237183, 0.9973443746566772, 1.00054132938385, 1.0021677017211914, 1.0029916763305664, 0.9990875124931335, 0.9989128112792969, 1.0027989149093628, 1.000711441040039, 0.999455451965332, 0.9992843866348267, 0.9995128512382507, 1.0009386539459229]]

Step 98:
  Date/Day: 99
  Action: [[-0.0028459602035582066, -0.023653583601117134, -0.015307039953768253, -0.002857270883396268, 0.01384352333843708, 0.020236508920788765, 0.01160284411162138, -0.01986834593117237, -0.020229915156960487, 0.002753304783254862, 0.019623301923274994, -0.0032842541113495827, -0.014163716696202755, 0.03439606726169586, -0.012822598218917847, 0.015829479321837425, 0.01628030836582184, -0.01647503860294819, -0.010902786627411842, 0.007184278219938278, 0.0018172007985413074, 0.023785900324583054, 0.012746922671794891, -0.0040528131648898125, -0.007749701850116253, 0.028500741347670555, 0.009736492298543453, -0.002384427236393094, 0.010905957780778408]]
  Reward: 0.20938482880592346
  Account Value: None
  Done: False
  Policy Mean: [[-0.0028459602035582066, -0.023653583601117134, -0.015307039953768253, -0.002857270883396268, 0.01384352333843708, 0.020236508920788765, 0.01160284411162138, -0.01986834593117237, -0.020229915156960487, 0.002753304783254862, 0.019623301923274994, -0.0032842541113495827, -0.014163716696202755, 0.03439606726169586, -0.012822598218917847, 0.015829479321837425, 0.01628030836582184, -0.01647503860294819, -0.010902786627411842, 0.007184278219938278, 0.0018172007985413074, 0.023785900324583054, 0.012746922671794891, -0.0040528131648898125, -0.007749701850116253, 0.028500741347670555, 0.009736492298543453, -0.002384427236393094, 0.010905957780778408]]
  Policy Std: [[0.9991067051887512, 1.0012518167495728, 1.0019515752792358, 1.0023138523101807, 0.9989719390869141, 1.0008952617645264, 1.0002809762954712, 1.002434492111206, 1.0006232261657715, 0.9992192983627319, 1.0001494884490967, 1.0011566877365112, 0.9982251524925232, 1.00291109085083, 1.0022505521774292, 0.9988248348236084, 1.0015581846237183, 0.9973443746566772, 1.00054132938385, 1.0021677017211914, 1.0029916763305664, 0.9990875124931335, 0.9989128112792969, 1.0027989149093628, 1.000711441040039, 0.999455451965332, 0.9992843866348267, 0.9995128512382507, 1.0009386539459229]]

Step 99:
  Date/Day: 100
  Action: [[-0.0028459602035582066, -0.023653583601117134, -0.015307039953768253, -0.002857270883396268, 0.01384352333843708, 0.020236508920788765, 0.01160284411162138, -0.01986834593117237, -0.020229915156960487, 0.002753304783254862, 0.019623301923274994, -0.0032842541113495827, -0.014163716696202755, 0.03439606726169586, -0.012822598218917847, 0.015829479321837425, 0.01628030836582184, -0.01647503860294819, -0.010902786627411842, 0.007184278219938278, 0.0018172007985413074, 0.023785900324583054, 0.012746922671794891, -0.0040528131648898125, -0.007749701850116253, 0.028500741347670555, 0.009736492298543453, -0.002384427236393094, 0.010905957780778408]]
  Reward: -0.24331024289131165
  Account Value: None
  Done: False
  Policy Mean: [[-0.0028459602035582066, -0.023653583601117134, -0.015307039953768253, -0.002857270883396268, 0.01384352333843708, 0.020236508920788765, 0.01160284411162138, -0.01986834593117237, -0.020229915156960487, 0.002753304783254862, 0.019623301923274994, -0.0032842541113495827, -0.014163716696202755, 0.03439606726169586, -0.012822598218917847, 0.015829479321837425, 0.01628030836582184, -0.01647503860294819, -0.010902786627411842, 0.007184278219938278, 0.0018172007985413074, 0.023785900324583054, 0.012746922671794891, -0.0040528131648898125, -0.007749701850116253, 0.028500741347670555, 0.009736492298543453, -0.002384427236393094, 0.010905957780778408]]
  Policy Std: [[0.9991067051887512, 1.0012518167495728, 1.0019515752792358, 1.0023138523101807, 0.9989719390869141, 1.0008952617645264, 1.0002809762954712, 1.002434492111206, 1.0006232261657715, 0.9992192983627319, 1.0001494884490967, 1.0011566877365112, 0.9982251524925232, 1.00291109085083, 1.0022505521774292, 0.9988248348236084, 1.0015581846237183, 0.9973443746566772, 1.00054132938385, 1.0021677017211914, 1.0029916763305664, 0.9990875124931335, 0.9989128112792969, 1.0027989149093628, 1.000711441040039, 0.999455451965332, 0.9992843866348267, 0.9995128512382507, 1.0009386539459229]]

Step 100:
  Date/Day: 101
  Action: [[-0.0028459602035582066, -0.023653583601117134, -0.015307039953768253, -0.002857270883396268, 0.01384352333843708, 0.020236508920788765, 0.01160284411162138, -0.01986834593117237, -0.020229915156960487, 0.002753304783254862, 0.019623301923274994, -0.0032842541113495827, -0.014163716696202755, 0.03439606726169586, -0.012822598218917847, 0.015829479321837425, 0.01628030836582184, -0.01647503860294819, -0.010902786627411842, 0.007184278219938278, 0.0018172007985413074, 0.023785900324583054, 0.012746922671794891, -0.0040528131648898125, -0.007749701850116253, 0.028500741347670555, 0.009736492298543453, -0.002384427236393094, 0.010905957780778408]]
  Reward: 0.19745390117168427
  Account Value: None
  Done: False
  Policy Mean: [[-0.0028459602035582066, -0.023653583601117134, -0.015307039953768253, -0.002857270883396268, 0.01384352333843708, 0.020236508920788765, 0.01160284411162138, -0.01986834593117237, -0.020229915156960487, 0.002753304783254862, 0.019623301923274994, -0.0032842541113495827, -0.014163716696202755, 0.03439606726169586, -0.012822598218917847, 0.015829479321837425, 0.01628030836582184, -0.01647503860294819, -0.010902786627411842, 0.007184278219938278, 0.0018172007985413074, 0.023785900324583054, 0.012746922671794891, -0.0040528131648898125, -0.007749701850116253, 0.028500741347670555, 0.009736492298543453, -0.002384427236393094, 0.010905957780778408]]
  Policy Std: [[0.9991067051887512, 1.0012518167495728, 1.0019515752792358, 1.0023138523101807, 0.9989719390869141, 1.0008952617645264, 1.0002809762954712, 1.002434492111206, 1.0006232261657715, 0.9992192983627319, 1.0001494884490967, 1.0011566877365112, 0.9982251524925232, 1.00291109085083, 1.0022505521774292, 0.9988248348236084, 1.0015581846237183, 0.9973443746566772, 1.00054132938385, 1.0021677017211914, 1.0029916763305664, 0.9990875124931335, 0.9989128112792969, 1.0027989149093628, 1.000711441040039, 0.999455451965332, 0.9992843866348267, 0.9995128512382507, 1.0009386539459229]]

Step 101:
  Date/Day: 102
  Action: [[-0.0028459602035582066, -0.023653583601117134, -0.015307039953768253, -0.002857270883396268, 0.01384352333843708, 0.020236508920788765, 0.01160284411162138, -0.01986834593117237, -0.020229915156960487, 0.002753304783254862, 0.019623301923274994, -0.0032842541113495827, -0.014163716696202755, 0.03439606726169586, -0.012822598218917847, 0.015829479321837425, 0.01628030836582184, -0.01647503860294819, -0.010902786627411842, 0.007184278219938278, 0.0018172007985413074, 0.023785900324583054, 0.012746922671794891, -0.0040528131648898125, -0.007749701850116253, 0.028500741347670555, 0.009736492298543453, -0.002384427236393094, 0.010905957780778408]]
  Reward: 0.2394852340221405
  Account Value: None
  Done: False
  Policy Mean: [[-0.0028459602035582066, -0.023653583601117134, -0.015307039953768253, -0.002857270883396268, 0.01384352333843708, 0.020236508920788765, 0.01160284411162138, -0.01986834593117237, -0.020229915156960487, 0.002753304783254862, 0.019623301923274994, -0.0032842541113495827, -0.014163716696202755, 0.03439606726169586, -0.012822598218917847, 0.015829479321837425, 0.01628030836582184, -0.01647503860294819, -0.010902786627411842, 0.007184278219938278, 0.0018172007985413074, 0.023785900324583054, 0.012746922671794891, -0.0040528131648898125, -0.007749701850116253, 0.028500741347670555, 0.009736492298543453, -0.002384427236393094, 0.010905957780778408]]
  Policy Std: [[0.9991067051887512, 1.0012518167495728, 1.0019515752792358, 1.0023138523101807, 0.9989719390869141, 1.0008952617645264, 1.0002809762954712, 1.002434492111206, 1.0006232261657715, 0.9992192983627319, 1.0001494884490967, 1.0011566877365112, 0.9982251524925232, 1.00291109085083, 1.0022505521774292, 0.9988248348236084, 1.0015581846237183, 0.9973443746566772, 1.00054132938385, 1.0021677017211914, 1.0029916763305664, 0.9990875124931335, 0.9989128112792969, 1.0027989149093628, 1.000711441040039, 0.999455451965332, 0.9992843866348267, 0.9995128512382507, 1.0009386539459229]]

Step 102:
  Date/Day: 103
  Action: [[-0.0028459602035582066, -0.023653583601117134, -0.015307039953768253, -0.002857270883396268, 0.01384352333843708, 0.020236508920788765, 0.01160284411162138, -0.01986834593117237, -0.020229915156960487, 0.002753304783254862, 0.019623301923274994, -0.0032842541113495827, -0.014163716696202755, 0.03439606726169586, -0.012822598218917847, 0.015829479321837425, 0.01628030836582184, -0.01647503860294819, -0.010902786627411842, 0.007184278219938278, 0.0018172007985413074, 0.023785900324583054, 0.012746922671794891, -0.0040528131648898125, -0.007749701850116253, 0.028500741347670555, 0.009736492298543453, -0.002384427236393094, 0.010905957780778408]]
  Reward: -0.2703438401222229
  Account Value: None
  Done: False
  Policy Mean: [[-0.0028459602035582066, -0.023653583601117134, -0.015307039953768253, -0.002857270883396268, 0.01384352333843708, 0.020236508920788765, 0.01160284411162138, -0.01986834593117237, -0.020229915156960487, 0.002753304783254862, 0.019623301923274994, -0.0032842541113495827, -0.014163716696202755, 0.03439606726169586, -0.012822598218917847, 0.015829479321837425, 0.01628030836582184, -0.01647503860294819, -0.010902786627411842, 0.007184278219938278, 0.0018172007985413074, 0.023785900324583054, 0.012746922671794891, -0.0040528131648898125, -0.007749701850116253, 0.028500741347670555, 0.009736492298543453, -0.002384427236393094, 0.010905957780778408]]
  Policy Std: [[0.9991067051887512, 1.0012518167495728, 1.0019515752792358, 1.0023138523101807, 0.9989719390869141, 1.0008952617645264, 1.0002809762954712, 1.002434492111206, 1.0006232261657715, 0.9992192983627319, 1.0001494884490967, 1.0011566877365112, 0.9982251524925232, 1.00291109085083, 1.0022505521774292, 0.9988248348236084, 1.0015581846237183, 0.9973443746566772, 1.00054132938385, 1.0021677017211914, 1.0029916763305664, 0.9990875124931335, 0.9989128112792969, 1.0027989149093628, 1.000711441040039, 0.999455451965332, 0.9992843866348267, 0.9995128512382507, 1.0009386539459229]]

Step 103:
  Date/Day: 104
  Action: [[-0.0028459602035582066, -0.023653583601117134, -0.015307039953768253, -0.002857270883396268, 0.01384352333843708, 0.020236508920788765, 0.01160284411162138, -0.01986834593117237, -0.020229915156960487, 0.002753304783254862, 0.019623301923274994, -0.0032842541113495827, -0.014163716696202755, 0.03439606726169586, -0.012822598218917847, 0.015829479321837425, 0.01628030836582184, -0.01647503860294819, -0.010902786627411842, 0.007184278219938278, 0.0018172007985413074, 0.023785900324583054, 0.012746922671794891, -0.0040528131648898125, -0.007749701850116253, 0.028500741347670555, 0.009736492298543453, -0.002384427236393094, 0.010905957780778408]]
  Reward: 0.017466556280851364
  Account Value: None
  Done: False
  Policy Mean: [[-0.0028459602035582066, -0.023653583601117134, -0.015307039953768253, -0.002857270883396268, 0.01384352333843708, 0.020236508920788765, 0.01160284411162138, -0.01986834593117237, -0.020229915156960487, 0.002753304783254862, 0.019623301923274994, -0.0032842541113495827, -0.014163716696202755, 0.03439606726169586, -0.012822598218917847, 0.015829479321837425, 0.01628030836582184, -0.01647503860294819, -0.010902786627411842, 0.007184278219938278, 0.0018172007985413074, 0.023785900324583054, 0.012746922671794891, -0.0040528131648898125, -0.007749701850116253, 0.028500741347670555, 0.009736492298543453, -0.002384427236393094, 0.010905957780778408]]
  Policy Std: [[0.9991067051887512, 1.0012518167495728, 1.0019515752792358, 1.0023138523101807, 0.9989719390869141, 1.0008952617645264, 1.0002809762954712, 1.002434492111206, 1.0006232261657715, 0.9992192983627319, 1.0001494884490967, 1.0011566877365112, 0.9982251524925232, 1.00291109085083, 1.0022505521774292, 0.9988248348236084, 1.0015581846237183, 0.9973443746566772, 1.00054132938385, 1.0021677017211914, 1.0029916763305664, 0.9990875124931335, 0.9989128112792969, 1.0027989149093628, 1.000711441040039, 0.999455451965332, 0.9992843866348267, 0.9995128512382507, 1.0009386539459229]]

Step 104:
  Date/Day: 105
  Action: [[-0.0028459602035582066, -0.023653583601117134, -0.015307039953768253, -0.002857270883396268, 0.01384352333843708, 0.020236508920788765, 0.01160284411162138, -0.01986834593117237, -0.020229915156960487, 0.002753304783254862, 0.019623301923274994, -0.0032842541113495827, -0.014163716696202755, 0.03439606726169586, -0.012822598218917847, 0.015829479321837425, 0.01628030836582184, -0.01647503860294819, -0.010902786627411842, 0.007184278219938278, 0.0018172007985413074, 0.023785900324583054, 0.012746922671794891, -0.0040528131648898125, -0.007749701850116253, 0.028500741347670555, 0.009736492298543453, -0.002384427236393094, 0.010905957780778408]]
  Reward: -0.039258018136024475
  Account Value: None
  Done: False
  Policy Mean: [[-0.0028459602035582066, -0.023653583601117134, -0.015307039953768253, -0.002857270883396268, 0.01384352333843708, 0.020236508920788765, 0.01160284411162138, -0.01986834593117237, -0.020229915156960487, 0.002753304783254862, 0.019623301923274994, -0.0032842541113495827, -0.014163716696202755, 0.03439606726169586, -0.012822598218917847, 0.015829479321837425, 0.01628030836582184, -0.01647503860294819, -0.010902786627411842, 0.007184278219938278, 0.0018172007985413074, 0.023785900324583054, 0.012746922671794891, -0.0040528131648898125, -0.007749701850116253, 0.028500741347670555, 0.009736492298543453, -0.002384427236393094, 0.010905957780778408]]
  Policy Std: [[0.9991067051887512, 1.0012518167495728, 1.0019515752792358, 1.0023138523101807, 0.9989719390869141, 1.0008952617645264, 1.0002809762954712, 1.002434492111206, 1.0006232261657715, 0.9992192983627319, 1.0001494884490967, 1.0011566877365112, 0.9982251524925232, 1.00291109085083, 1.0022505521774292, 0.9988248348236084, 1.0015581846237183, 0.9973443746566772, 1.00054132938385, 1.0021677017211914, 1.0029916763305664, 0.9990875124931335, 0.9989128112792969, 1.0027989149093628, 1.000711441040039, 0.999455451965332, 0.9992843866348267, 0.9995128512382507, 1.0009386539459229]]

Step 105:
  Date/Day: 106
  Action: [[-0.0028459602035582066, -0.023653583601117134, -0.015307039953768253, -0.002857270883396268, 0.01384352333843708, 0.020236508920788765, 0.01160284411162138, -0.01986834593117237, -0.020229915156960487, 0.002753304783254862, 0.019623301923274994, -0.0032842541113495827, -0.014163716696202755, 0.03439606726169586, -0.012822598218917847, 0.015829479321837425, 0.01628030836582184, -0.01647503860294819, -0.010902786627411842, 0.007184278219938278, 0.0018172007985413074, 0.023785900324583054, 0.012746922671794891, -0.0040528131648898125, -0.007749701850116253, 0.028500741347670555, 0.009736492298543453, -0.002384427236393094, 0.010905957780778408]]
  Reward: -0.0057702697813510895
  Account Value: None
  Done: False
  Policy Mean: [[-0.0028459602035582066, -0.023653583601117134, -0.015307039953768253, -0.002857270883396268, 0.01384352333843708, 0.020236508920788765, 0.01160284411162138, -0.01986834593117237, -0.020229915156960487, 0.002753304783254862, 0.019623301923274994, -0.0032842541113495827, -0.014163716696202755, 0.03439606726169586, -0.012822598218917847, 0.015829479321837425, 0.01628030836582184, -0.01647503860294819, -0.010902786627411842, 0.007184278219938278, 0.0018172007985413074, 0.023785900324583054, 0.012746922671794891, -0.0040528131648898125, -0.007749701850116253, 0.028500741347670555, 0.009736492298543453, -0.002384427236393094, 0.010905957780778408]]
  Policy Std: [[0.9991067051887512, 1.0012518167495728, 1.0019515752792358, 1.0023138523101807, 0.9989719390869141, 1.0008952617645264, 1.0002809762954712, 1.002434492111206, 1.0006232261657715, 0.9992192983627319, 1.0001494884490967, 1.0011566877365112, 0.9982251524925232, 1.00291109085083, 1.0022505521774292, 0.9988248348236084, 1.0015581846237183, 0.9973443746566772, 1.00054132938385, 1.0021677017211914, 1.0029916763305664, 0.9990875124931335, 0.9989128112792969, 1.0027989149093628, 1.000711441040039, 0.999455451965332, 0.9992843866348267, 0.9995128512382507, 1.0009386539459229]]

Step 106:
  Date/Day: 107
  Action: [[-0.0028459602035582066, -0.023653583601117134, -0.015307039953768253, -0.002857270883396268, 0.01384352333843708, 0.020236508920788765, 0.01160284411162138, -0.01986834593117237, -0.020229915156960487, 0.002753304783254862, 0.019623301923274994, -0.0032842541113495827, -0.014163716696202755, 0.03439606726169586, -0.012822598218917847, 0.015829479321837425, 0.01628030836582184, -0.01647503860294819, -0.010902786627411842, 0.007184278219938278, 0.0018172007985413074, 0.023785900324583054, 0.012746922671794891, -0.0040528131648898125, -0.007749701850116253, 0.028500741347670555, 0.009736492298543453, -0.002384427236393094, 0.010905957780778408]]
  Reward: -0.4883610010147095
  Account Value: None
  Done: False
  Policy Mean: [[-0.0028459602035582066, -0.023653583601117134, -0.015307039953768253, -0.002857270883396268, 0.01384352333843708, 0.020236508920788765, 0.01160284411162138, -0.01986834593117237, -0.020229915156960487, 0.002753304783254862, 0.019623301923274994, -0.0032842541113495827, -0.014163716696202755, 0.03439606726169586, -0.012822598218917847, 0.015829479321837425, 0.01628030836582184, -0.01647503860294819, -0.010902786627411842, 0.007184278219938278, 0.0018172007985413074, 0.023785900324583054, 0.012746922671794891, -0.0040528131648898125, -0.007749701850116253, 0.028500741347670555, 0.009736492298543453, -0.002384427236393094, 0.010905957780778408]]
  Policy Std: [[0.9991067051887512, 1.0012518167495728, 1.0019515752792358, 1.0023138523101807, 0.9989719390869141, 1.0008952617645264, 1.0002809762954712, 1.002434492111206, 1.0006232261657715, 0.9992192983627319, 1.0001494884490967, 1.0011566877365112, 0.9982251524925232, 1.00291109085083, 1.0022505521774292, 0.9988248348236084, 1.0015581846237183, 0.9973443746566772, 1.00054132938385, 1.0021677017211914, 1.0029916763305664, 0.9990875124931335, 0.9989128112792969, 1.0027989149093628, 1.000711441040039, 0.999455451965332, 0.9992843866348267, 0.9995128512382507, 1.0009386539459229]]

Step 107:
  Date/Day: 108
  Action: [[-0.0028459602035582066, -0.023653583601117134, -0.015307039953768253, -0.002857270883396268, 0.01384352333843708, 0.020236508920788765, 0.01160284411162138, -0.01986834593117237, -0.020229915156960487, 0.002753304783254862, 0.019623301923274994, -0.0032842541113495827, -0.014163716696202755, 0.03439606726169586, -0.012822598218917847, 0.015829479321837425, 0.01628030836582184, -0.01647503860294819, -0.010902786627411842, 0.007184278219938278, 0.0018172007985413074, 0.023785900324583054, 0.012746922671794891, -0.0040528131648898125, -0.007749701850116253, 0.028500741347670555, 0.009736492298543453, -0.002384427236393094, 0.010905957780778408]]
  Reward: -0.024430960416793823
  Account Value: None
  Done: False
  Policy Mean: [[-0.0028459602035582066, -0.023653583601117134, -0.015307039953768253, -0.002857270883396268, 0.01384352333843708, 0.020236508920788765, 0.01160284411162138, -0.01986834593117237, -0.020229915156960487, 0.002753304783254862, 0.019623301923274994, -0.0032842541113495827, -0.014163716696202755, 0.03439606726169586, -0.012822598218917847, 0.015829479321837425, 0.01628030836582184, -0.01647503860294819, -0.010902786627411842, 0.007184278219938278, 0.0018172007985413074, 0.023785900324583054, 0.012746922671794891, -0.0040528131648898125, -0.007749701850116253, 0.028500741347670555, 0.009736492298543453, -0.002384427236393094, 0.010905957780778408]]
  Policy Std: [[0.9991067051887512, 1.0012518167495728, 1.0019515752792358, 1.0023138523101807, 0.9989719390869141, 1.0008952617645264, 1.0002809762954712, 1.002434492111206, 1.0006232261657715, 0.9992192983627319, 1.0001494884490967, 1.0011566877365112, 0.9982251524925232, 1.00291109085083, 1.0022505521774292, 0.9988248348236084, 1.0015581846237183, 0.9973443746566772, 1.00054132938385, 1.0021677017211914, 1.0029916763305664, 0.9990875124931335, 0.9989128112792969, 1.0027989149093628, 1.000711441040039, 0.999455451965332, 0.9992843866348267, 0.9995128512382507, 1.0009386539459229]]

Step 108:
  Date/Day: 109
  Action: [[-0.0028459602035582066, -0.023653583601117134, -0.015307039953768253, -0.002857270883396268, 0.01384352333843708, 0.020236508920788765, 0.01160284411162138, -0.01986834593117237, -0.020229915156960487, 0.002753304783254862, 0.019623301923274994, -0.0032842541113495827, -0.014163716696202755, 0.03439606726169586, -0.012822598218917847, 0.015829479321837425, 0.01628030836582184, -0.01647503860294819, -0.010902786627411842, 0.007184278219938278, 0.0018172007985413074, 0.023785900324583054, 0.012746922671794891, -0.0040528131648898125, -0.007749701850116253, 0.028500741347670555, 0.009736492298543453, -0.002384427236393094, 0.010905957780778408]]
  Reward: 0.3045521676540375
  Account Value: None
  Done: False
  Policy Mean: [[-0.0028459602035582066, -0.023653583601117134, -0.015307039953768253, -0.002857270883396268, 0.01384352333843708, 0.020236508920788765, 0.01160284411162138, -0.01986834593117237, -0.020229915156960487, 0.002753304783254862, 0.019623301923274994, -0.0032842541113495827, -0.014163716696202755, 0.03439606726169586, -0.012822598218917847, 0.015829479321837425, 0.01628030836582184, -0.01647503860294819, -0.010902786627411842, 0.007184278219938278, 0.0018172007985413074, 0.023785900324583054, 0.012746922671794891, -0.0040528131648898125, -0.007749701850116253, 0.028500741347670555, 0.009736492298543453, -0.002384427236393094, 0.010905957780778408]]
  Policy Std: [[0.9991067051887512, 1.0012518167495728, 1.0019515752792358, 1.0023138523101807, 0.9989719390869141, 1.0008952617645264, 1.0002809762954712, 1.002434492111206, 1.0006232261657715, 0.9992192983627319, 1.0001494884490967, 1.0011566877365112, 0.9982251524925232, 1.00291109085083, 1.0022505521774292, 0.9988248348236084, 1.0015581846237183, 0.9973443746566772, 1.00054132938385, 1.0021677017211914, 1.0029916763305664, 0.9990875124931335, 0.9989128112792969, 1.0027989149093628, 1.000711441040039, 0.999455451965332, 0.9992843866348267, 0.9995128512382507, 1.0009386539459229]]

Step 109:
  Date/Day: 110
  Action: [[-0.0028459602035582066, -0.023653583601117134, -0.015307039953768253, -0.002857270883396268, 0.01384352333843708, 0.020236508920788765, 0.01160284411162138, -0.01986834593117237, -0.020229915156960487, 0.002753304783254862, 0.019623301923274994, -0.0032842541113495827, -0.014163716696202755, 0.03439606726169586, -0.012822598218917847, 0.015829479321837425, 0.01628030836582184, -0.01647503860294819, -0.010902786627411842, 0.007184278219938278, 0.0018172007985413074, 0.023785900324583054, 0.012746922671794891, -0.0040528131648898125, -0.007749701850116253, 0.028500741347670555, 0.009736492298543453, -0.002384427236393094, 0.010905957780778408]]
  Reward: -0.052537836134433746
  Account Value: None
  Done: False
  Policy Mean: [[-0.0028459602035582066, -0.023653583601117134, -0.015307039953768253, -0.002857270883396268, 0.01384352333843708, 0.020236508920788765, 0.01160284411162138, -0.01986834593117237, -0.020229915156960487, 0.002753304783254862, 0.019623301923274994, -0.0032842541113495827, -0.014163716696202755, 0.03439606726169586, -0.012822598218917847, 0.015829479321837425, 0.01628030836582184, -0.01647503860294819, -0.010902786627411842, 0.007184278219938278, 0.0018172007985413074, 0.023785900324583054, 0.012746922671794891, -0.0040528131648898125, -0.007749701850116253, 0.028500741347670555, 0.009736492298543453, -0.002384427236393094, 0.010905957780778408]]
  Policy Std: [[0.9991067051887512, 1.0012518167495728, 1.0019515752792358, 1.0023138523101807, 0.9989719390869141, 1.0008952617645264, 1.0002809762954712, 1.002434492111206, 1.0006232261657715, 0.9992192983627319, 1.0001494884490967, 1.0011566877365112, 0.9982251524925232, 1.00291109085083, 1.0022505521774292, 0.9988248348236084, 1.0015581846237183, 0.9973443746566772, 1.00054132938385, 1.0021677017211914, 1.0029916763305664, 0.9990875124931335, 0.9989128112792969, 1.0027989149093628, 1.000711441040039, 0.999455451965332, 0.9992843866348267, 0.9995128512382507, 1.0009386539459229]]

Step 110:
  Date/Day: 111
  Action: [[-0.0028459602035582066, -0.023653583601117134, -0.015307039953768253, -0.002857270883396268, 0.01384352333843708, 0.020236508920788765, 0.01160284411162138, -0.01986834593117237, -0.020229915156960487, 0.002753304783254862, 0.019623301923274994, -0.0032842541113495827, -0.014163716696202755, 0.03439606726169586, -0.012822598218917847, 0.015829479321837425, 0.01628030836582184, -0.01647503860294819, -0.010902786627411842, 0.007184278219938278, 0.0018172007985413074, 0.023785900324583054, 0.012746922671794891, -0.0040528131648898125, -0.007749701850116253, 0.028500741347670555, 0.009736492298543453, -0.002384427236393094, 0.010905957780778408]]
  Reward: 0.042443908751010895
  Account Value: None
  Done: False
  Policy Mean: [[-0.0028459602035582066, -0.023653583601117134, -0.015307039953768253, -0.002857270883396268, 0.01384352333843708, 0.020236508920788765, 0.01160284411162138, -0.01986834593117237, -0.020229915156960487, 0.002753304783254862, 0.019623301923274994, -0.0032842541113495827, -0.014163716696202755, 0.03439606726169586, -0.012822598218917847, 0.015829479321837425, 0.01628030836582184, -0.01647503860294819, -0.010902786627411842, 0.007184278219938278, 0.0018172007985413074, 0.023785900324583054, 0.012746922671794891, -0.0040528131648898125, -0.007749701850116253, 0.028500741347670555, 0.009736492298543453, -0.002384427236393094, 0.010905957780778408]]
  Policy Std: [[0.9991067051887512, 1.0012518167495728, 1.0019515752792358, 1.0023138523101807, 0.9989719390869141, 1.0008952617645264, 1.0002809762954712, 1.002434492111206, 1.0006232261657715, 0.9992192983627319, 1.0001494884490967, 1.0011566877365112, 0.9982251524925232, 1.00291109085083, 1.0022505521774292, 0.9988248348236084, 1.0015581846237183, 0.9973443746566772, 1.00054132938385, 1.0021677017211914, 1.0029916763305664, 0.9990875124931335, 0.9989128112792969, 1.0027989149093628, 1.000711441040039, 0.999455451965332, 0.9992843866348267, 0.9995128512382507, 1.0009386539459229]]

Step 111:
  Date/Day: 112
  Action: [[-0.0028459602035582066, -0.023653583601117134, -0.015307039953768253, -0.002857270883396268, 0.01384352333843708, 0.020236508920788765, 0.01160284411162138, -0.01986834593117237, -0.020229915156960487, 0.002753304783254862, 0.019623301923274994, -0.0032842541113495827, -0.014163716696202755, 0.03439606726169586, -0.012822598218917847, 0.015829479321837425, 0.01628030836582184, -0.01647503860294819, -0.010902786627411842, 0.007184278219938278, 0.0018172007985413074, 0.023785900324583054, 0.012746922671794891, -0.0040528131648898125, -0.007749701850116253, 0.028500741347670555, 0.009736492298543453, -0.002384427236393094, 0.010905957780778408]]
  Reward: -0.24118149280548096
  Account Value: None
  Done: False
  Policy Mean: [[-0.0028459602035582066, -0.023653583601117134, -0.015307039953768253, -0.002857270883396268, 0.01384352333843708, 0.020236508920788765, 0.01160284411162138, -0.01986834593117237, -0.020229915156960487, 0.002753304783254862, 0.019623301923274994, -0.0032842541113495827, -0.014163716696202755, 0.03439606726169586, -0.012822598218917847, 0.015829479321837425, 0.01628030836582184, -0.01647503860294819, -0.010902786627411842, 0.007184278219938278, 0.0018172007985413074, 0.023785900324583054, 0.012746922671794891, -0.0040528131648898125, -0.007749701850116253, 0.028500741347670555, 0.009736492298543453, -0.002384427236393094, 0.010905957780778408]]
  Policy Std: [[0.9991067051887512, 1.0012518167495728, 1.0019515752792358, 1.0023138523101807, 0.9989719390869141, 1.0008952617645264, 1.0002809762954712, 1.002434492111206, 1.0006232261657715, 0.9992192983627319, 1.0001494884490967, 1.0011566877365112, 0.9982251524925232, 1.00291109085083, 1.0022505521774292, 0.9988248348236084, 1.0015581846237183, 0.9973443746566772, 1.00054132938385, 1.0021677017211914, 1.0029916763305664, 0.9990875124931335, 0.9989128112792969, 1.0027989149093628, 1.000711441040039, 0.999455451965332, 0.9992843866348267, 0.9995128512382507, 1.0009386539459229]]

Step 112:
  Date/Day: 113
  Action: [[-0.0028459602035582066, -0.023653583601117134, -0.015307039953768253, -0.002857270883396268, 0.01384352333843708, 0.020236508920788765, 0.01160284411162138, -0.01986834593117237, -0.020229915156960487, 0.002753304783254862, 0.019623301923274994, -0.0032842541113495827, -0.014163716696202755, 0.03439606726169586, -0.012822598218917847, 0.015829479321837425, 0.01628030836582184, -0.01647503860294819, -0.010902786627411842, 0.007184278219938278, 0.0018172007985413074, 0.023785900324583054, 0.012746922671794891, -0.0040528131648898125, -0.007749701850116253, 0.028500741347670555, 0.009736492298543453, -0.002384427236393094, 0.010905957780778408]]
  Reward: -0.06560744345188141
  Account Value: None
  Done: False
  Policy Mean: [[-0.0028459602035582066, -0.023653583601117134, -0.015307039953768253, -0.002857270883396268, 0.01384352333843708, 0.020236508920788765, 0.01160284411162138, -0.01986834593117237, -0.020229915156960487, 0.002753304783254862, 0.019623301923274994, -0.0032842541113495827, -0.014163716696202755, 0.03439606726169586, -0.012822598218917847, 0.015829479321837425, 0.01628030836582184, -0.01647503860294819, -0.010902786627411842, 0.007184278219938278, 0.0018172007985413074, 0.023785900324583054, 0.012746922671794891, -0.0040528131648898125, -0.007749701850116253, 0.028500741347670555, 0.009736492298543453, -0.002384427236393094, 0.010905957780778408]]
  Policy Std: [[0.9991067051887512, 1.0012518167495728, 1.0019515752792358, 1.0023138523101807, 0.9989719390869141, 1.0008952617645264, 1.0002809762954712, 1.002434492111206, 1.0006232261657715, 0.9992192983627319, 1.0001494884490967, 1.0011566877365112, 0.9982251524925232, 1.00291109085083, 1.0022505521774292, 0.9988248348236084, 1.0015581846237183, 0.9973443746566772, 1.00054132938385, 1.0021677017211914, 1.0029916763305664, 0.9990875124931335, 0.9989128112792969, 1.0027989149093628, 1.000711441040039, 0.999455451965332, 0.9992843866348267, 0.9995128512382507, 1.0009386539459229]]

Step 113:
  Date/Day: 114
  Action: [[-0.0028459602035582066, -0.023653583601117134, -0.015307039953768253, -0.002857270883396268, 0.01384352333843708, 0.020236508920788765, 0.01160284411162138, -0.01986834593117237, -0.020229915156960487, 0.002753304783254862, 0.019623301923274994, -0.0032842541113495827, -0.014163716696202755, 0.03439606726169586, -0.012822598218917847, 0.015829479321837425, 0.01628030836582184, -0.01647503860294819, -0.010902786627411842, 0.007184278219938278, 0.0018172007985413074, 0.023785900324583054, 0.012746922671794891, -0.0040528131648898125, -0.007749701850116253, 0.028500741347670555, 0.009736492298543453, -0.002384427236393094, 0.010905957780778408]]
  Reward: -0.05505429580807686
  Account Value: None
  Done: False
  Policy Mean: [[-0.0028459602035582066, -0.023653583601117134, -0.015307039953768253, -0.002857270883396268, 0.01384352333843708, 0.020236508920788765, 0.01160284411162138, -0.01986834593117237, -0.020229915156960487, 0.002753304783254862, 0.019623301923274994, -0.0032842541113495827, -0.014163716696202755, 0.03439606726169586, -0.012822598218917847, 0.015829479321837425, 0.01628030836582184, -0.01647503860294819, -0.010902786627411842, 0.007184278219938278, 0.0018172007985413074, 0.023785900324583054, 0.012746922671794891, -0.0040528131648898125, -0.007749701850116253, 0.028500741347670555, 0.009736492298543453, -0.002384427236393094, 0.010905957780778408]]
  Policy Std: [[0.9991067051887512, 1.0012518167495728, 1.0019515752792358, 1.0023138523101807, 0.9989719390869141, 1.0008952617645264, 1.0002809762954712, 1.002434492111206, 1.0006232261657715, 0.9992192983627319, 1.0001494884490967, 1.0011566877365112, 0.9982251524925232, 1.00291109085083, 1.0022505521774292, 0.9988248348236084, 1.0015581846237183, 0.9973443746566772, 1.00054132938385, 1.0021677017211914, 1.0029916763305664, 0.9990875124931335, 0.9989128112792969, 1.0027989149093628, 1.000711441040039, 0.999455451965332, 0.9992843866348267, 0.9995128512382507, 1.0009386539459229]]

Step 114:
  Date/Day: 115
  Action: [[-0.0028459602035582066, -0.023653583601117134, -0.015307039953768253, -0.002857270883396268, 0.01384352333843708, 0.020236508920788765, 0.01160284411162138, -0.01986834593117237, -0.020229915156960487, 0.002753304783254862, 0.019623301923274994, -0.0032842541113495827, -0.014163716696202755, 0.03439606726169586, -0.012822598218917847, 0.015829479321837425, 0.01628030836582184, -0.01647503860294819, -0.010902786627411842, 0.007184278219938278, 0.0018172007985413074, 0.023785900324583054, 0.012746922671794891, -0.0040528131648898125, -0.007749701850116253, 0.028500741347670555, 0.009736492298543453, -0.002384427236393094, 0.010905957780778408]]
  Reward: -0.04548906534910202
  Account Value: None
  Done: False
  Policy Mean: [[-0.0028459602035582066, -0.023653583601117134, -0.015307039953768253, -0.002857270883396268, 0.01384352333843708, 0.020236508920788765, 0.01160284411162138, -0.01986834593117237, -0.020229915156960487, 0.002753304783254862, 0.019623301923274994, -0.0032842541113495827, -0.014163716696202755, 0.03439606726169586, -0.012822598218917847, 0.015829479321837425, 0.01628030836582184, -0.01647503860294819, -0.010902786627411842, 0.007184278219938278, 0.0018172007985413074, 0.023785900324583054, 0.012746922671794891, -0.0040528131648898125, -0.007749701850116253, 0.028500741347670555, 0.009736492298543453, -0.002384427236393094, 0.010905957780778408]]
  Policy Std: [[0.9991067051887512, 1.0012518167495728, 1.0019515752792358, 1.0023138523101807, 0.9989719390869141, 1.0008952617645264, 1.0002809762954712, 1.002434492111206, 1.0006232261657715, 0.9992192983627319, 1.0001494884490967, 1.0011566877365112, 0.9982251524925232, 1.00291109085083, 1.0022505521774292, 0.9988248348236084, 1.0015581846237183, 0.9973443746566772, 1.00054132938385, 1.0021677017211914, 1.0029916763305664, 0.9990875124931335, 0.9989128112792969, 1.0027989149093628, 1.000711441040039, 0.999455451965332, 0.9992843866348267, 0.9995128512382507, 1.0009386539459229]]

Step 115:
  Date/Day: 116
  Action: [[-0.0028459602035582066, -0.023653583601117134, -0.015307039953768253, -0.002857270883396268, 0.01384352333843708, 0.020236508920788765, 0.01160284411162138, -0.01986834593117237, -0.020229915156960487, 0.002753304783254862, 0.019623301923274994, -0.0032842541113495827, -0.014163716696202755, 0.03439606726169586, -0.012822598218917847, 0.015829479321837425, 0.01628030836582184, -0.01647503860294819, -0.010902786627411842, 0.007184278219938278, 0.0018172007985413074, 0.023785900324583054, 0.012746922671794891, -0.0040528131648898125, -0.007749701850116253, 0.028500741347670555, 0.009736492298543453, -0.002384427236393094, 0.010905957780778408]]
  Reward: 0.18523980677127838
  Account Value: None
  Done: False
  Policy Mean: [[-0.0028459602035582066, -0.023653583601117134, -0.015307039953768253, -0.002857270883396268, 0.01384352333843708, 0.020236508920788765, 0.01160284411162138, -0.01986834593117237, -0.020229915156960487, 0.002753304783254862, 0.019623301923274994, -0.0032842541113495827, -0.014163716696202755, 0.03439606726169586, -0.012822598218917847, 0.015829479321837425, 0.01628030836582184, -0.01647503860294819, -0.010902786627411842, 0.007184278219938278, 0.0018172007985413074, 0.023785900324583054, 0.012746922671794891, -0.0040528131648898125, -0.007749701850116253, 0.028500741347670555, 0.009736492298543453, -0.002384427236393094, 0.010905957780778408]]
  Policy Std: [[0.9991067051887512, 1.0012518167495728, 1.0019515752792358, 1.0023138523101807, 0.9989719390869141, 1.0008952617645264, 1.0002809762954712, 1.002434492111206, 1.0006232261657715, 0.9992192983627319, 1.0001494884490967, 1.0011566877365112, 0.9982251524925232, 1.00291109085083, 1.0022505521774292, 0.9988248348236084, 1.0015581846237183, 0.9973443746566772, 1.00054132938385, 1.0021677017211914, 1.0029916763305664, 0.9990875124931335, 0.9989128112792969, 1.0027989149093628, 1.000711441040039, 0.999455451965332, 0.9992843866348267, 0.9995128512382507, 1.0009386539459229]]

Step 116:
  Date/Day: 117
  Action: [[-0.0028459602035582066, -0.023653583601117134, -0.015307039953768253, -0.002857270883396268, 0.01384352333843708, 0.020236508920788765, 0.01160284411162138, -0.01986834593117237, -0.020229915156960487, 0.002753304783254862, 0.019623301923274994, -0.0032842541113495827, -0.014163716696202755, 0.03439606726169586, -0.012822598218917847, 0.015829479321837425, 0.01628030836582184, -0.01647503860294819, -0.010902786627411842, 0.007184278219938278, 0.0018172007985413074, 0.023785900324583054, 0.012746922671794891, -0.0040528131648898125, -0.007749701850116253, 0.028500741347670555, 0.009736492298543453, -0.002384427236393094, 0.010905957780778408]]
  Reward: 0.06285817176103592
  Account Value: None
  Done: False
  Policy Mean: [[-0.0028459602035582066, -0.023653583601117134, -0.015307039953768253, -0.002857270883396268, 0.01384352333843708, 0.020236508920788765, 0.01160284411162138, -0.01986834593117237, -0.020229915156960487, 0.002753304783254862, 0.019623301923274994, -0.0032842541113495827, -0.014163716696202755, 0.03439606726169586, -0.012822598218917847, 0.015829479321837425, 0.01628030836582184, -0.01647503860294819, -0.010902786627411842, 0.007184278219938278, 0.0018172007985413074, 0.023785900324583054, 0.012746922671794891, -0.0040528131648898125, -0.007749701850116253, 0.028500741347670555, 0.009736492298543453, -0.002384427236393094, 0.010905957780778408]]
  Policy Std: [[0.9991067051887512, 1.0012518167495728, 1.0019515752792358, 1.0023138523101807, 0.9989719390869141, 1.0008952617645264, 1.0002809762954712, 1.002434492111206, 1.0006232261657715, 0.9992192983627319, 1.0001494884490967, 1.0011566877365112, 0.9982251524925232, 1.00291109085083, 1.0022505521774292, 0.9988248348236084, 1.0015581846237183, 0.9973443746566772, 1.00054132938385, 1.0021677017211914, 1.0029916763305664, 0.9990875124931335, 0.9989128112792969, 1.0027989149093628, 1.000711441040039, 0.999455451965332, 0.9992843866348267, 0.9995128512382507, 1.0009386539459229]]

Step 117:
  Date/Day: 118
  Action: [[-0.0028459602035582066, -0.023653583601117134, -0.015307039953768253, -0.002857270883396268, 0.01384352333843708, 0.020236508920788765, 0.01160284411162138, -0.01986834593117237, -0.020229915156960487, 0.002753304783254862, 0.019623301923274994, -0.0032842541113495827, -0.014163716696202755, 0.03439606726169586, -0.012822598218917847, 0.015829479321837425, 0.01628030836582184, -0.01647503860294819, -0.010902786627411842, 0.007184278219938278, 0.0018172007985413074, 0.023785900324583054, 0.012746922671794891, -0.0040528131648898125, -0.007749701850116253, 0.028500741347670555, 0.009736492298543453, -0.002384427236393094, 0.010905957780778408]]
  Reward: 0.21295645833015442
  Account Value: None
  Done: False
  Policy Mean: [[-0.0028459602035582066, -0.023653583601117134, -0.015307039953768253, -0.002857270883396268, 0.01384352333843708, 0.020236508920788765, 0.01160284411162138, -0.01986834593117237, -0.020229915156960487, 0.002753304783254862, 0.019623301923274994, -0.0032842541113495827, -0.014163716696202755, 0.03439606726169586, -0.012822598218917847, 0.015829479321837425, 0.01628030836582184, -0.01647503860294819, -0.010902786627411842, 0.007184278219938278, 0.0018172007985413074, 0.023785900324583054, 0.012746922671794891, -0.0040528131648898125, -0.007749701850116253, 0.028500741347670555, 0.009736492298543453, -0.002384427236393094, 0.010905957780778408]]
  Policy Std: [[0.9991067051887512, 1.0012518167495728, 1.0019515752792358, 1.0023138523101807, 0.9989719390869141, 1.0008952617645264, 1.0002809762954712, 1.002434492111206, 1.0006232261657715, 0.9992192983627319, 1.0001494884490967, 1.0011566877365112, 0.9982251524925232, 1.00291109085083, 1.0022505521774292, 0.9988248348236084, 1.0015581846237183, 0.9973443746566772, 1.00054132938385, 1.0021677017211914, 1.0029916763305664, 0.9990875124931335, 0.9989128112792969, 1.0027989149093628, 1.000711441040039, 0.999455451965332, 0.9992843866348267, 0.9995128512382507, 1.0009386539459229]]

Step 118:
  Date/Day: 119
  Action: [[-0.0028459602035582066, -0.023653583601117134, -0.015307039953768253, -0.002857270883396268, 0.01384352333843708, 0.020236508920788765, 0.01160284411162138, -0.01986834593117237, -0.020229915156960487, 0.002753304783254862, 0.019623301923274994, -0.0032842541113495827, -0.014163716696202755, 0.03439606726169586, -0.012822598218917847, 0.015829479321837425, 0.01628030836582184, -0.01647503860294819, -0.010902786627411842, 0.007184278219938278, 0.0018172007985413074, 0.023785900324583054, 0.012746922671794891, -0.0040528131648898125, -0.007749701850116253, 0.028500741347670555, 0.009736492298543453, -0.002384427236393094, 0.010905957780778408]]
  Reward: -0.1489759385585785
  Account Value: None
  Done: False
  Policy Mean: [[-0.0028459602035582066, -0.023653583601117134, -0.015307039953768253, -0.002857270883396268, 0.01384352333843708, 0.020236508920788765, 0.01160284411162138, -0.01986834593117237, -0.020229915156960487, 0.002753304783254862, 0.019623301923274994, -0.0032842541113495827, -0.014163716696202755, 0.03439606726169586, -0.012822598218917847, 0.015829479321837425, 0.01628030836582184, -0.01647503860294819, -0.010902786627411842, 0.007184278219938278, 0.0018172007985413074, 0.023785900324583054, 0.012746922671794891, -0.0040528131648898125, -0.007749701850116253, 0.028500741347670555, 0.009736492298543453, -0.002384427236393094, 0.010905957780778408]]
  Policy Std: [[0.9991067051887512, 1.0012518167495728, 1.0019515752792358, 1.0023138523101807, 0.9989719390869141, 1.0008952617645264, 1.0002809762954712, 1.002434492111206, 1.0006232261657715, 0.9992192983627319, 1.0001494884490967, 1.0011566877365112, 0.9982251524925232, 1.00291109085083, 1.0022505521774292, 0.9988248348236084, 1.0015581846237183, 0.9973443746566772, 1.00054132938385, 1.0021677017211914, 1.0029916763305664, 0.9990875124931335, 0.9989128112792969, 1.0027989149093628, 1.000711441040039, 0.999455451965332, 0.9992843866348267, 0.9995128512382507, 1.0009386539459229]]

Step 119:
  Date/Day: 120
  Action: [[-0.0028459602035582066, -0.023653583601117134, -0.015307039953768253, -0.002857270883396268, 0.01384352333843708, 0.020236508920788765, 0.01160284411162138, -0.01986834593117237, -0.020229915156960487, 0.002753304783254862, 0.019623301923274994, -0.0032842541113495827, -0.014163716696202755, 0.03439606726169586, -0.012822598218917847, 0.015829479321837425, 0.01628030836582184, -0.01647503860294819, -0.010902786627411842, 0.007184278219938278, 0.0018172007985413074, 0.023785900324583054, 0.012746922671794891, -0.0040528131648898125, -0.007749701850116253, 0.028500741347670555, 0.009736492298543453, -0.002384427236393094, 0.010905957780778408]]
  Reward: 0.05815839394927025
  Account Value: None
  Done: False
  Policy Mean: [[-0.0028459602035582066, -0.023653583601117134, -0.015307039953768253, -0.002857270883396268, 0.01384352333843708, 0.020236508920788765, 0.01160284411162138, -0.01986834593117237, -0.020229915156960487, 0.002753304783254862, 0.019623301923274994, -0.0032842541113495827, -0.014163716696202755, 0.03439606726169586, -0.012822598218917847, 0.015829479321837425, 0.01628030836582184, -0.01647503860294819, -0.010902786627411842, 0.007184278219938278, 0.0018172007985413074, 0.023785900324583054, 0.012746922671794891, -0.0040528131648898125, -0.007749701850116253, 0.028500741347670555, 0.009736492298543453, -0.002384427236393094, 0.010905957780778408]]
  Policy Std: [[0.9991067051887512, 1.0012518167495728, 1.0019515752792358, 1.0023138523101807, 0.9989719390869141, 1.0008952617645264, 1.0002809762954712, 1.002434492111206, 1.0006232261657715, 0.9992192983627319, 1.0001494884490967, 1.0011566877365112, 0.9982251524925232, 1.00291109085083, 1.0022505521774292, 0.9988248348236084, 1.0015581846237183, 0.9973443746566772, 1.00054132938385, 1.0021677017211914, 1.0029916763305664, 0.9990875124931335, 0.9989128112792969, 1.0027989149093628, 1.000711441040039, 0.999455451965332, 0.9992843866348267, 0.9995128512382507, 1.0009386539459229]]

Step 120:
  Date/Day: 121
  Action: [[-0.0028459602035582066, -0.023653583601117134, -0.015307039953768253, -0.002857270883396268, 0.01384352333843708, 0.020236508920788765, 0.01160284411162138, -0.01986834593117237, -0.020229915156960487, 0.002753304783254862, 0.019623301923274994, -0.0032842541113495827, -0.014163716696202755, 0.03439606726169586, -0.012822598218917847, 0.015829479321837425, 0.01628030836582184, -0.01647503860294819, -0.010902786627411842, 0.007184278219938278, 0.0018172007985413074, 0.023785900324583054, 0.012746922671794891, -0.0040528131648898125, -0.007749701850116253, 0.028500741347670555, 0.009736492298543453, -0.002384427236393094, 0.010905957780778408]]
  Reward: -0.11387594044208527
  Account Value: None
  Done: False
  Policy Mean: [[-0.0028459602035582066, -0.023653583601117134, -0.015307039953768253, -0.002857270883396268, 0.01384352333843708, 0.020236508920788765, 0.01160284411162138, -0.01986834593117237, -0.020229915156960487, 0.002753304783254862, 0.019623301923274994, -0.0032842541113495827, -0.014163716696202755, 0.03439606726169586, -0.012822598218917847, 0.015829479321837425, 0.01628030836582184, -0.01647503860294819, -0.010902786627411842, 0.007184278219938278, 0.0018172007985413074, 0.023785900324583054, 0.012746922671794891, -0.0040528131648898125, -0.007749701850116253, 0.028500741347670555, 0.009736492298543453, -0.002384427236393094, 0.010905957780778408]]
  Policy Std: [[0.9991067051887512, 1.0012518167495728, 1.0019515752792358, 1.0023138523101807, 0.9989719390869141, 1.0008952617645264, 1.0002809762954712, 1.002434492111206, 1.0006232261657715, 0.9992192983627319, 1.0001494884490967, 1.0011566877365112, 0.9982251524925232, 1.00291109085083, 1.0022505521774292, 0.9988248348236084, 1.0015581846237183, 0.9973443746566772, 1.00054132938385, 1.0021677017211914, 1.0029916763305664, 0.9990875124931335, 0.9989128112792969, 1.0027989149093628, 1.000711441040039, 0.999455451965332, 0.9992843866348267, 0.9995128512382507, 1.0009386539459229]]

Step 121:
  Date/Day: 122
  Action: [[-0.0028459602035582066, -0.023653583601117134, -0.015307039953768253, -0.002857270883396268, 0.01384352333843708, 0.020236508920788765, 0.01160284411162138, -0.01986834593117237, -0.020229915156960487, 0.002753304783254862, 0.019623301923274994, -0.0032842541113495827, -0.014163716696202755, 0.03439606726169586, -0.012822598218917847, 0.015829479321837425, 0.01628030836582184, -0.01647503860294819, -0.010902786627411842, 0.007184278219938278, 0.0018172007985413074, 0.023785900324583054, 0.012746922671794891, -0.0040528131648898125, -0.007749701850116253, 0.028500741347670555, 0.009736492298543453, -0.002384427236393094, 0.010905957780778408]]
  Reward: -0.06364788115024567
  Account Value: None
  Done: False
  Policy Mean: [[-0.0028459602035582066, -0.023653583601117134, -0.015307039953768253, -0.002857270883396268, 0.01384352333843708, 0.020236508920788765, 0.01160284411162138, -0.01986834593117237, -0.020229915156960487, 0.002753304783254862, 0.019623301923274994, -0.0032842541113495827, -0.014163716696202755, 0.03439606726169586, -0.012822598218917847, 0.015829479321837425, 0.01628030836582184, -0.01647503860294819, -0.010902786627411842, 0.007184278219938278, 0.0018172007985413074, 0.023785900324583054, 0.012746922671794891, -0.0040528131648898125, -0.007749701850116253, 0.028500741347670555, 0.009736492298543453, -0.002384427236393094, 0.010905957780778408]]
  Policy Std: [[0.9991067051887512, 1.0012518167495728, 1.0019515752792358, 1.0023138523101807, 0.9989719390869141, 1.0008952617645264, 1.0002809762954712, 1.002434492111206, 1.0006232261657715, 0.9992192983627319, 1.0001494884490967, 1.0011566877365112, 0.9982251524925232, 1.00291109085083, 1.0022505521774292, 0.9988248348236084, 1.0015581846237183, 0.9973443746566772, 1.00054132938385, 1.0021677017211914, 1.0029916763305664, 0.9990875124931335, 0.9989128112792969, 1.0027989149093628, 1.000711441040039, 0.999455451965332, 0.9992843866348267, 0.9995128512382507, 1.0009386539459229]]

Step 122:
  Date/Day: 123
  Action: [[-0.0028459602035582066, -0.023653583601117134, -0.015307039953768253, -0.002857270883396268, 0.01384352333843708, 0.020236508920788765, 0.01160284411162138, -0.01986834593117237, -0.020229915156960487, 0.002753304783254862, 0.019623301923274994, -0.0032842541113495827, -0.014163716696202755, 0.03439606726169586, -0.012822598218917847, 0.015829479321837425, 0.01628030836582184, -0.01647503860294819, -0.010902786627411842, 0.007184278219938278, 0.0018172007985413074, 0.023785900324583054, 0.012746922671794891, -0.0040528131648898125, -0.007749701850116253, 0.028500741347670555, 0.009736492298543453, -0.002384427236393094, 0.010905957780778408]]
  Reward: 0.10021191090345383
  Account Value: None
  Done: False
  Policy Mean: [[-0.0028459602035582066, -0.023653583601117134, -0.015307039953768253, -0.002857270883396268, 0.01384352333843708, 0.020236508920788765, 0.01160284411162138, -0.01986834593117237, -0.020229915156960487, 0.002753304783254862, 0.019623301923274994, -0.0032842541113495827, -0.014163716696202755, 0.03439606726169586, -0.012822598218917847, 0.015829479321837425, 0.01628030836582184, -0.01647503860294819, -0.010902786627411842, 0.007184278219938278, 0.0018172007985413074, 0.023785900324583054, 0.012746922671794891, -0.0040528131648898125, -0.007749701850116253, 0.028500741347670555, 0.009736492298543453, -0.002384427236393094, 0.010905957780778408]]
  Policy Std: [[0.9991067051887512, 1.0012518167495728, 1.0019515752792358, 1.0023138523101807, 0.9989719390869141, 1.0008952617645264, 1.0002809762954712, 1.002434492111206, 1.0006232261657715, 0.9992192983627319, 1.0001494884490967, 1.0011566877365112, 0.9982251524925232, 1.00291109085083, 1.0022505521774292, 0.9988248348236084, 1.0015581846237183, 0.9973443746566772, 1.00054132938385, 1.0021677017211914, 1.0029916763305664, 0.9990875124931335, 0.9989128112792969, 1.0027989149093628, 1.000711441040039, 0.999455451965332, 0.9992843866348267, 0.9995128512382507, 1.0009386539459229]]

Step 123:
  Date/Day: 124
  Action: [[-0.0028459602035582066, -0.023653583601117134, -0.015307039953768253, -0.002857270883396268, 0.01384352333843708, 0.020236508920788765, 0.01160284411162138, -0.01986834593117237, -0.020229915156960487, 0.002753304783254862, 0.019623301923274994, -0.0032842541113495827, -0.014163716696202755, 0.03439606726169586, -0.012822598218917847, 0.015829479321837425, 0.01628030836582184, -0.01647503860294819, -0.010902786627411842, 0.007184278219938278, 0.0018172007985413074, 0.023785900324583054, 0.012746922671794891, -0.0040528131648898125, -0.007749701850116253, 0.028500741347670555, 0.009736492298543453, -0.002384427236393094, 0.010905957780778408]]
  Reward: 0.10812212526798248
  Account Value: None
  Done: False
  Policy Mean: [[-0.0028459602035582066, -0.023653583601117134, -0.015307039953768253, -0.002857270883396268, 0.01384352333843708, 0.020236508920788765, 0.01160284411162138, -0.01986834593117237, -0.020229915156960487, 0.002753304783254862, 0.019623301923274994, -0.0032842541113495827, -0.014163716696202755, 0.03439606726169586, -0.012822598218917847, 0.015829479321837425, 0.01628030836582184, -0.01647503860294819, -0.010902786627411842, 0.007184278219938278, 0.0018172007985413074, 0.023785900324583054, 0.012746922671794891, -0.0040528131648898125, -0.007749701850116253, 0.028500741347670555, 0.009736492298543453, -0.002384427236393094, 0.010905957780778408]]
  Policy Std: [[0.9991067051887512, 1.0012518167495728, 1.0019515752792358, 1.0023138523101807, 0.9989719390869141, 1.0008952617645264, 1.0002809762954712, 1.002434492111206, 1.0006232261657715, 0.9992192983627319, 1.0001494884490967, 1.0011566877365112, 0.9982251524925232, 1.00291109085083, 1.0022505521774292, 0.9988248348236084, 1.0015581846237183, 0.9973443746566772, 1.00054132938385, 1.0021677017211914, 1.0029916763305664, 0.9990875124931335, 0.9989128112792969, 1.0027989149093628, 1.000711441040039, 0.999455451965332, 0.9992843866348267, 0.9995128512382507, 1.0009386539459229]]

Step 124:
  Date/Day: 125
  Action: [[-0.0028459602035582066, -0.023653583601117134, -0.015307039953768253, -0.002857270883396268, 0.01384352333843708, 0.020236508920788765, 0.01160284411162138, -0.01986834593117237, -0.020229915156960487, 0.002753304783254862, 0.019623301923274994, -0.0032842541113495827, -0.014163716696202755, 0.03439606726169586, -0.012822598218917847, 0.015829479321837425, 0.01628030836582184, -0.01647503860294819, -0.010902786627411842, 0.007184278219938278, 0.0018172007985413074, 0.023785900324583054, 0.012746922671794891, -0.0040528131648898125, -0.007749701850116253, 0.028500741347670555, 0.009736492298543453, -0.002384427236393094, 0.010905957780778408]]
  Reward: -0.031166693195700645
  Account Value: None
  Done: False
  Policy Mean: [[-0.0028459602035582066, -0.023653583601117134, -0.015307039953768253, -0.002857270883396268, 0.01384352333843708, 0.020236508920788765, 0.01160284411162138, -0.01986834593117237, -0.020229915156960487, 0.002753304783254862, 0.019623301923274994, -0.0032842541113495827, -0.014163716696202755, 0.03439606726169586, -0.012822598218917847, 0.015829479321837425, 0.01628030836582184, -0.01647503860294819, -0.010902786627411842, 0.007184278219938278, 0.0018172007985413074, 0.023785900324583054, 0.012746922671794891, -0.0040528131648898125, -0.007749701850116253, 0.028500741347670555, 0.009736492298543453, -0.002384427236393094, 0.010905957780778408]]
  Policy Std: [[0.9991067051887512, 1.0012518167495728, 1.0019515752792358, 1.0023138523101807, 0.9989719390869141, 1.0008952617645264, 1.0002809762954712, 1.002434492111206, 1.0006232261657715, 0.9992192983627319, 1.0001494884490967, 1.0011566877365112, 0.9982251524925232, 1.00291109085083, 1.0022505521774292, 0.9988248348236084, 1.0015581846237183, 0.9973443746566772, 1.00054132938385, 1.0021677017211914, 1.0029916763305664, 0.9990875124931335, 0.9989128112792969, 1.0027989149093628, 1.000711441040039, 0.999455451965332, 0.9992843866348267, 0.9995128512382507, 1.0009386539459229]]

Step 125:
  Date/Day: 126
  Action: [[-0.0028459602035582066, -0.023653583601117134, -0.015307039953768253, -0.002857270883396268, 0.01384352333843708, 0.020236508920788765, 0.01160284411162138, -0.01986834593117237, -0.020229915156960487, 0.002753304783254862, 0.019623301923274994, -0.0032842541113495827, -0.014163716696202755, 0.03439606726169586, -0.012822598218917847, 0.015829479321837425, 0.01628030836582184, -0.01647503860294819, -0.010902786627411842, 0.007184278219938278, 0.0018172007985413074, 0.023785900324583054, 0.012746922671794891, -0.0040528131648898125, -0.007749701850116253, 0.028500741347670555, 0.009736492298543453, -0.002384427236393094, 0.010905957780778408]]
  Reward: 0.10130985826253891
  Account Value: None
  Done: False
  Policy Mean: [[-0.0028459602035582066, -0.023653583601117134, -0.015307039953768253, -0.002857270883396268, 0.01384352333843708, 0.020236508920788765, 0.01160284411162138, -0.01986834593117237, -0.020229915156960487, 0.002753304783254862, 0.019623301923274994, -0.0032842541113495827, -0.014163716696202755, 0.03439606726169586, -0.012822598218917847, 0.015829479321837425, 0.01628030836582184, -0.01647503860294819, -0.010902786627411842, 0.007184278219938278, 0.0018172007985413074, 0.023785900324583054, 0.012746922671794891, -0.0040528131648898125, -0.007749701850116253, 0.028500741347670555, 0.009736492298543453, -0.002384427236393094, 0.010905957780778408]]
  Policy Std: [[0.9991067051887512, 1.0012518167495728, 1.0019515752792358, 1.0023138523101807, 0.9989719390869141, 1.0008952617645264, 1.0002809762954712, 1.002434492111206, 1.0006232261657715, 0.9992192983627319, 1.0001494884490967, 1.0011566877365112, 0.9982251524925232, 1.00291109085083, 1.0022505521774292, 0.9988248348236084, 1.0015581846237183, 0.9973443746566772, 1.00054132938385, 1.0021677017211914, 1.0029916763305664, 0.9990875124931335, 0.9989128112792969, 1.0027989149093628, 1.000711441040039, 0.999455451965332, 0.9992843866348267, 0.9995128512382507, 1.0009386539459229]]

Step 126:
  Date/Day: 127
  Action: [[-0.0028459602035582066, -0.023653583601117134, -0.015307039953768253, -0.002857270883396268, 0.01384352333843708, 0.020236508920788765, 0.01160284411162138, -0.01986834593117237, -0.020229915156960487, 0.002753304783254862, 0.019623301923274994, -0.0032842541113495827, -0.014163716696202755, 0.03439606726169586, -0.012822598218917847, 0.015829479321837425, 0.01628030836582184, -0.01647503860294819, -0.010902786627411842, 0.007184278219938278, 0.0018172007985413074, 0.023785900324583054, 0.012746922671794891, -0.0040528131648898125, -0.007749701850116253, 0.028500741347670555, 0.009736492298543453, -0.002384427236393094, 0.010905957780778408]]
  Reward: 0.1201321929693222
  Account Value: None
  Done: False
  Policy Mean: [[-0.0028459602035582066, -0.023653583601117134, -0.015307039953768253, -0.002857270883396268, 0.01384352333843708, 0.020236508920788765, 0.01160284411162138, -0.01986834593117237, -0.020229915156960487, 0.002753304783254862, 0.019623301923274994, -0.0032842541113495827, -0.014163716696202755, 0.03439606726169586, -0.012822598218917847, 0.015829479321837425, 0.01628030836582184, -0.01647503860294819, -0.010902786627411842, 0.007184278219938278, 0.0018172007985413074, 0.023785900324583054, 0.012746922671794891, -0.0040528131648898125, -0.007749701850116253, 0.028500741347670555, 0.009736492298543453, -0.002384427236393094, 0.010905957780778408]]
  Policy Std: [[0.9991067051887512, 1.0012518167495728, 1.0019515752792358, 1.0023138523101807, 0.9989719390869141, 1.0008952617645264, 1.0002809762954712, 1.002434492111206, 1.0006232261657715, 0.9992192983627319, 1.0001494884490967, 1.0011566877365112, 0.9982251524925232, 1.00291109085083, 1.0022505521774292, 0.9988248348236084, 1.0015581846237183, 0.9973443746566772, 1.00054132938385, 1.0021677017211914, 1.0029916763305664, 0.9990875124931335, 0.9989128112792969, 1.0027989149093628, 1.000711441040039, 0.999455451965332, 0.9992843866348267, 0.9995128512382507, 1.0009386539459229]]

Step 127:
  Date/Day: 128
  Action: [[-0.0028459602035582066, -0.023653583601117134, -0.015307039953768253, -0.002857270883396268, 0.01384352333843708, 0.020236508920788765, 0.01160284411162138, -0.01986834593117237, -0.020229915156960487, 0.002753304783254862, 0.019623301923274994, -0.0032842541113495827, -0.014163716696202755, 0.03439606726169586, -0.012822598218917847, 0.015829479321837425, 0.01628030836582184, -0.01647503860294819, -0.010902786627411842, 0.007184278219938278, 0.0018172007985413074, 0.023785900324583054, 0.012746922671794891, -0.0040528131648898125, -0.007749701850116253, 0.028500741347670555, 0.009736492298543453, -0.002384427236393094, 0.010905957780778408]]
  Reward: -0.17161157727241516
  Account Value: None
  Done: False
  Policy Mean: [[-0.0028459602035582066, -0.023653583601117134, -0.015307039953768253, -0.002857270883396268, 0.01384352333843708, 0.020236508920788765, 0.01160284411162138, -0.01986834593117237, -0.020229915156960487, 0.002753304783254862, 0.019623301923274994, -0.0032842541113495827, -0.014163716696202755, 0.03439606726169586, -0.012822598218917847, 0.015829479321837425, 0.01628030836582184, -0.01647503860294819, -0.010902786627411842, 0.007184278219938278, 0.0018172007985413074, 0.023785900324583054, 0.012746922671794891, -0.0040528131648898125, -0.007749701850116253, 0.028500741347670555, 0.009736492298543453, -0.002384427236393094, 0.010905957780778408]]
  Policy Std: [[0.9991067051887512, 1.0012518167495728, 1.0019515752792358, 1.0023138523101807, 0.9989719390869141, 1.0008952617645264, 1.0002809762954712, 1.002434492111206, 1.0006232261657715, 0.9992192983627319, 1.0001494884490967, 1.0011566877365112, 0.9982251524925232, 1.00291109085083, 1.0022505521774292, 0.9988248348236084, 1.0015581846237183, 0.9973443746566772, 1.00054132938385, 1.0021677017211914, 1.0029916763305664, 0.9990875124931335, 0.9989128112792969, 1.0027989149093628, 1.000711441040039, 0.999455451965332, 0.9992843866348267, 0.9995128512382507, 1.0009386539459229]]

Step 128:
  Date/Day: 129
  Action: [[-0.0028459602035582066, -0.023653583601117134, -0.015307039953768253, -0.002857270883396268, 0.01384352333843708, 0.020236508920788765, 0.01160284411162138, -0.01986834593117237, -0.020229915156960487, 0.002753304783254862, 0.019623301923274994, -0.0032842541113495827, -0.014163716696202755, 0.03439606726169586, -0.012822598218917847, 0.015829479321837425, 0.01628030836582184, -0.01647503860294819, -0.010902786627411842, 0.007184278219938278, 0.0018172007985413074, 0.023785900324583054, 0.012746922671794891, -0.0040528131648898125, -0.007749701850116253, 0.028500741347670555, 0.009736492298543453, -0.002384427236393094, 0.010905957780778408]]
  Reward: 0.0578114278614521
  Account Value: None
  Done: False
  Policy Mean: [[-0.0028459602035582066, -0.023653583601117134, -0.015307039953768253, -0.002857270883396268, 0.01384352333843708, 0.020236508920788765, 0.01160284411162138, -0.01986834593117237, -0.020229915156960487, 0.002753304783254862, 0.019623301923274994, -0.0032842541113495827, -0.014163716696202755, 0.03439606726169586, -0.012822598218917847, 0.015829479321837425, 0.01628030836582184, -0.01647503860294819, -0.010902786627411842, 0.007184278219938278, 0.0018172007985413074, 0.023785900324583054, 0.012746922671794891, -0.0040528131648898125, -0.007749701850116253, 0.028500741347670555, 0.009736492298543453, -0.002384427236393094, 0.010905957780778408]]
  Policy Std: [[0.9991067051887512, 1.0012518167495728, 1.0019515752792358, 1.0023138523101807, 0.9989719390869141, 1.0008952617645264, 1.0002809762954712, 1.002434492111206, 1.0006232261657715, 0.9992192983627319, 1.0001494884490967, 1.0011566877365112, 0.9982251524925232, 1.00291109085083, 1.0022505521774292, 0.9988248348236084, 1.0015581846237183, 0.9973443746566772, 1.00054132938385, 1.0021677017211914, 1.0029916763305664, 0.9990875124931335, 0.9989128112792969, 1.0027989149093628, 1.000711441040039, 0.999455451965332, 0.9992843866348267, 0.9995128512382507, 1.0009386539459229]]

Step 129:
  Date/Day: 130
  Action: [[-0.0028459602035582066, -0.023653583601117134, -0.015307039953768253, -0.002857270883396268, 0.01384352333843708, 0.020236508920788765, 0.01160284411162138, -0.01986834593117237, -0.020229915156960487, 0.002753304783254862, 0.019623301923274994, -0.0032842541113495827, -0.014163716696202755, 0.03439606726169586, -0.012822598218917847, 0.015829479321837425, 0.01628030836582184, -0.01647503860294819, -0.010902786627411842, 0.007184278219938278, 0.0018172007985413074, 0.023785900324583054, 0.012746922671794891, -0.0040528131648898125, -0.007749701850116253, 0.028500741347670555, 0.009736492298543453, -0.002384427236393094, 0.010905957780778408]]
  Reward: 0.09026844054460526
  Account Value: None
  Done: False
  Policy Mean: [[-0.0028459602035582066, -0.023653583601117134, -0.015307039953768253, -0.002857270883396268, 0.01384352333843708, 0.020236508920788765, 0.01160284411162138, -0.01986834593117237, -0.020229915156960487, 0.002753304783254862, 0.019623301923274994, -0.0032842541113495827, -0.014163716696202755, 0.03439606726169586, -0.012822598218917847, 0.015829479321837425, 0.01628030836582184, -0.01647503860294819, -0.010902786627411842, 0.007184278219938278, 0.0018172007985413074, 0.023785900324583054, 0.012746922671794891, -0.0040528131648898125, -0.007749701850116253, 0.028500741347670555, 0.009736492298543453, -0.002384427236393094, 0.010905957780778408]]
  Policy Std: [[0.9991067051887512, 1.0012518167495728, 1.0019515752792358, 1.0023138523101807, 0.9989719390869141, 1.0008952617645264, 1.0002809762954712, 1.002434492111206, 1.0006232261657715, 0.9992192983627319, 1.0001494884490967, 1.0011566877365112, 0.9982251524925232, 1.00291109085083, 1.0022505521774292, 0.9988248348236084, 1.0015581846237183, 0.9973443746566772, 1.00054132938385, 1.0021677017211914, 1.0029916763305664, 0.9990875124931335, 0.9989128112792969, 1.0027989149093628, 1.000711441040039, 0.999455451965332, 0.9992843866348267, 0.9995128512382507, 1.0009386539459229]]

Step 130:
  Date/Day: 131
  Action: [[-0.0028459602035582066, -0.023653583601117134, -0.015307039953768253, -0.002857270883396268, 0.01384352333843708, 0.020236508920788765, 0.01160284411162138, -0.01986834593117237, -0.020229915156960487, 0.002753304783254862, 0.019623301923274994, -0.0032842541113495827, -0.014163716696202755, 0.03439606726169586, -0.012822598218917847, 0.015829479321837425, 0.01628030836582184, -0.01647503860294819, -0.010902786627411842, 0.007184278219938278, 0.0018172007985413074, 0.023785900324583054, 0.012746922671794891, -0.0040528131648898125, -0.007749701850116253, 0.028500741347670555, 0.009736492298543453, -0.002384427236393094, 0.010905957780778408]]
  Reward: 0.21035978198051453
  Account Value: None
  Done: False
  Policy Mean: [[-0.0028459602035582066, -0.023653583601117134, -0.015307039953768253, -0.002857270883396268, 0.01384352333843708, 0.020236508920788765, 0.01160284411162138, -0.01986834593117237, -0.020229915156960487, 0.002753304783254862, 0.019623301923274994, -0.0032842541113495827, -0.014163716696202755, 0.03439606726169586, -0.012822598218917847, 0.015829479321837425, 0.01628030836582184, -0.01647503860294819, -0.010902786627411842, 0.007184278219938278, 0.0018172007985413074, 0.023785900324583054, 0.012746922671794891, -0.0040528131648898125, -0.007749701850116253, 0.028500741347670555, 0.009736492298543453, -0.002384427236393094, 0.010905957780778408]]
  Policy Std: [[0.9991067051887512, 1.0012518167495728, 1.0019515752792358, 1.0023138523101807, 0.9989719390869141, 1.0008952617645264, 1.0002809762954712, 1.002434492111206, 1.0006232261657715, 0.9992192983627319, 1.0001494884490967, 1.0011566877365112, 0.9982251524925232, 1.00291109085083, 1.0022505521774292, 0.9988248348236084, 1.0015581846237183, 0.9973443746566772, 1.00054132938385, 1.0021677017211914, 1.0029916763305664, 0.9990875124931335, 0.9989128112792969, 1.0027989149093628, 1.000711441040039, 0.999455451965332, 0.9992843866348267, 0.9995128512382507, 1.0009386539459229]]

Step 131:
  Date/Day: 132
  Action: [[-0.0028459602035582066, -0.023653583601117134, -0.015307039953768253, -0.002857270883396268, 0.01384352333843708, 0.020236508920788765, 0.01160284411162138, -0.01986834593117237, -0.020229915156960487, 0.002753304783254862, 0.019623301923274994, -0.0032842541113495827, -0.014163716696202755, 0.03439606726169586, -0.012822598218917847, 0.015829479321837425, 0.01628030836582184, -0.01647503860294819, -0.010902786627411842, 0.007184278219938278, 0.0018172007985413074, 0.023785900324583054, 0.012746922671794891, -0.0040528131648898125, -0.007749701850116253, 0.028500741347670555, 0.009736492298543453, -0.002384427236393094, 0.010905957780778408]]
  Reward: 0.21817772090435028
  Account Value: None
  Done: False
  Policy Mean: [[-0.0028459602035582066, -0.023653583601117134, -0.015307039953768253, -0.002857270883396268, 0.01384352333843708, 0.020236508920788765, 0.01160284411162138, -0.01986834593117237, -0.020229915156960487, 0.002753304783254862, 0.019623301923274994, -0.0032842541113495827, -0.014163716696202755, 0.03439606726169586, -0.012822598218917847, 0.015829479321837425, 0.01628030836582184, -0.01647503860294819, -0.010902786627411842, 0.007184278219938278, 0.0018172007985413074, 0.023785900324583054, 0.012746922671794891, -0.0040528131648898125, -0.007749701850116253, 0.028500741347670555, 0.009736492298543453, -0.002384427236393094, 0.010905957780778408]]
  Policy Std: [[0.9991067051887512, 1.0012518167495728, 1.0019515752792358, 1.0023138523101807, 0.9989719390869141, 1.0008952617645264, 1.0002809762954712, 1.002434492111206, 1.0006232261657715, 0.9992192983627319, 1.0001494884490967, 1.0011566877365112, 0.9982251524925232, 1.00291109085083, 1.0022505521774292, 0.9988248348236084, 1.0015581846237183, 0.9973443746566772, 1.00054132938385, 1.0021677017211914, 1.0029916763305664, 0.9990875124931335, 0.9989128112792969, 1.0027989149093628, 1.000711441040039, 0.999455451965332, 0.9992843866348267, 0.9995128512382507, 1.0009386539459229]]

Step 132:
  Date/Day: 133
  Action: [[-0.0028459602035582066, -0.023653583601117134, -0.015307039953768253, -0.002857270883396268, 0.01384352333843708, 0.020236508920788765, 0.01160284411162138, -0.01986834593117237, -0.020229915156960487, 0.002753304783254862, 0.019623301923274994, -0.0032842541113495827, -0.014163716696202755, 0.03439606726169586, -0.012822598218917847, 0.015829479321837425, 0.01628030836582184, -0.01647503860294819, -0.010902786627411842, 0.007184278219938278, 0.0018172007985413074, 0.023785900324583054, 0.012746922671794891, -0.0040528131648898125, -0.007749701850116253, 0.028500741347670555, 0.009736492298543453, -0.002384427236393094, 0.010905957780778408]]
  Reward: -0.1167830228805542
  Account Value: None
  Done: False
  Policy Mean: [[-0.0028459602035582066, -0.023653583601117134, -0.015307039953768253, -0.002857270883396268, 0.01384352333843708, 0.020236508920788765, 0.01160284411162138, -0.01986834593117237, -0.020229915156960487, 0.002753304783254862, 0.019623301923274994, -0.0032842541113495827, -0.014163716696202755, 0.03439606726169586, -0.012822598218917847, 0.015829479321837425, 0.01628030836582184, -0.01647503860294819, -0.010902786627411842, 0.007184278219938278, 0.0018172007985413074, 0.023785900324583054, 0.012746922671794891, -0.0040528131648898125, -0.007749701850116253, 0.028500741347670555, 0.009736492298543453, -0.002384427236393094, 0.010905957780778408]]
  Policy Std: [[0.9991067051887512, 1.0012518167495728, 1.0019515752792358, 1.0023138523101807, 0.9989719390869141, 1.0008952617645264, 1.0002809762954712, 1.002434492111206, 1.0006232261657715, 0.9992192983627319, 1.0001494884490967, 1.0011566877365112, 0.9982251524925232, 1.00291109085083, 1.0022505521774292, 0.9988248348236084, 1.0015581846237183, 0.9973443746566772, 1.00054132938385, 1.0021677017211914, 1.0029916763305664, 0.9990875124931335, 0.9989128112792969, 1.0027989149093628, 1.000711441040039, 0.999455451965332, 0.9992843866348267, 0.9995128512382507, 1.0009386539459229]]

Step 133:
  Date/Day: 134
  Action: [[-0.0028459602035582066, -0.023653583601117134, -0.015307039953768253, -0.002857270883396268, 0.01384352333843708, 0.020236508920788765, 0.01160284411162138, -0.01986834593117237, -0.020229915156960487, 0.002753304783254862, 0.019623301923274994, -0.0032842541113495827, -0.014163716696202755, 0.03439606726169586, -0.012822598218917847, 0.015829479321837425, 0.01628030836582184, -0.01647503860294819, -0.010902786627411842, 0.007184278219938278, 0.0018172007985413074, 0.023785900324583054, 0.012746922671794891, -0.0040528131648898125, -0.007749701850116253, 0.028500741347670555, 0.009736492298543453, -0.002384427236393094, 0.010905957780778408]]
  Reward: -0.013323226943612099
  Account Value: None
  Done: False
  Policy Mean: [[-0.0028459602035582066, -0.023653583601117134, -0.015307039953768253, -0.002857270883396268, 0.01384352333843708, 0.020236508920788765, 0.01160284411162138, -0.01986834593117237, -0.020229915156960487, 0.002753304783254862, 0.019623301923274994, -0.0032842541113495827, -0.014163716696202755, 0.03439606726169586, -0.012822598218917847, 0.015829479321837425, 0.01628030836582184, -0.01647503860294819, -0.010902786627411842, 0.007184278219938278, 0.0018172007985413074, 0.023785900324583054, 0.012746922671794891, -0.0040528131648898125, -0.007749701850116253, 0.028500741347670555, 0.009736492298543453, -0.002384427236393094, 0.010905957780778408]]
  Policy Std: [[0.9991067051887512, 1.0012518167495728, 1.0019515752792358, 1.0023138523101807, 0.9989719390869141, 1.0008952617645264, 1.0002809762954712, 1.002434492111206, 1.0006232261657715, 0.9992192983627319, 1.0001494884490967, 1.0011566877365112, 0.9982251524925232, 1.00291109085083, 1.0022505521774292, 0.9988248348236084, 1.0015581846237183, 0.9973443746566772, 1.00054132938385, 1.0021677017211914, 1.0029916763305664, 0.9990875124931335, 0.9989128112792969, 1.0027989149093628, 1.000711441040039, 0.999455451965332, 0.9992843866348267, 0.9995128512382507, 1.0009386539459229]]

Step 134:
  Date/Day: 135
  Action: [[-0.0028459602035582066, -0.023653583601117134, -0.015307039953768253, -0.002857270883396268, 0.01384352333843708, 0.020236508920788765, 0.01160284411162138, -0.01986834593117237, -0.020229915156960487, 0.002753304783254862, 0.019623301923274994, -0.0032842541113495827, -0.014163716696202755, 0.03439606726169586, -0.012822598218917847, 0.015829479321837425, 0.01628030836582184, -0.01647503860294819, -0.010902786627411842, 0.007184278219938278, 0.0018172007985413074, 0.023785900324583054, 0.012746922671794891, -0.0040528131648898125, -0.007749701850116253, 0.028500741347670555, 0.009736492298543453, -0.002384427236393094, 0.010905957780778408]]
  Reward: 0.09949406236410141
  Account Value: None
  Done: False
  Policy Mean: [[-0.0028459602035582066, -0.023653583601117134, -0.015307039953768253, -0.002857270883396268, 0.01384352333843708, 0.020236508920788765, 0.01160284411162138, -0.01986834593117237, -0.020229915156960487, 0.002753304783254862, 0.019623301923274994, -0.0032842541113495827, -0.014163716696202755, 0.03439606726169586, -0.012822598218917847, 0.015829479321837425, 0.01628030836582184, -0.01647503860294819, -0.010902786627411842, 0.007184278219938278, 0.0018172007985413074, 0.023785900324583054, 0.012746922671794891, -0.0040528131648898125, -0.007749701850116253, 0.028500741347670555, 0.009736492298543453, -0.002384427236393094, 0.010905957780778408]]
  Policy Std: [[0.9991067051887512, 1.0012518167495728, 1.0019515752792358, 1.0023138523101807, 0.9989719390869141, 1.0008952617645264, 1.0002809762954712, 1.002434492111206, 1.0006232261657715, 0.9992192983627319, 1.0001494884490967, 1.0011566877365112, 0.9982251524925232, 1.00291109085083, 1.0022505521774292, 0.9988248348236084, 1.0015581846237183, 0.9973443746566772, 1.00054132938385, 1.0021677017211914, 1.0029916763305664, 0.9990875124931335, 0.9989128112792969, 1.0027989149093628, 1.000711441040039, 0.999455451965332, 0.9992843866348267, 0.9995128512382507, 1.0009386539459229]]

Step 135:
  Date/Day: 136
  Action: [[-0.0028459602035582066, -0.023653583601117134, -0.015307039953768253, -0.002857270883396268, 0.01384352333843708, 0.020236508920788765, 0.01160284411162138, -0.01986834593117237, -0.020229915156960487, 0.002753304783254862, 0.019623301923274994, -0.0032842541113495827, -0.014163716696202755, 0.03439606726169586, -0.012822598218917847, 0.015829479321837425, 0.01628030836582184, -0.01647503860294819, -0.010902786627411842, 0.007184278219938278, 0.0018172007985413074, 0.023785900324583054, 0.012746922671794891, -0.0040528131648898125, -0.007749701850116253, 0.028500741347670555, 0.009736492298543453, -0.002384427236393094, 0.010905957780778408]]
  Reward: -0.31433114409446716
  Account Value: None
  Done: False
  Policy Mean: [[-0.0028459602035582066, -0.023653583601117134, -0.015307039953768253, -0.002857270883396268, 0.01384352333843708, 0.020236508920788765, 0.01160284411162138, -0.01986834593117237, -0.020229915156960487, 0.002753304783254862, 0.019623301923274994, -0.0032842541113495827, -0.014163716696202755, 0.03439606726169586, -0.012822598218917847, 0.015829479321837425, 0.01628030836582184, -0.01647503860294819, -0.010902786627411842, 0.007184278219938278, 0.0018172007985413074, 0.023785900324583054, 0.012746922671794891, -0.0040528131648898125, -0.007749701850116253, 0.028500741347670555, 0.009736492298543453, -0.002384427236393094, 0.010905957780778408]]
  Policy Std: [[0.9991067051887512, 1.0012518167495728, 1.0019515752792358, 1.0023138523101807, 0.9989719390869141, 1.0008952617645264, 1.0002809762954712, 1.002434492111206, 1.0006232261657715, 0.9992192983627319, 1.0001494884490967, 1.0011566877365112, 0.9982251524925232, 1.00291109085083, 1.0022505521774292, 0.9988248348236084, 1.0015581846237183, 0.9973443746566772, 1.00054132938385, 1.0021677017211914, 1.0029916763305664, 0.9990875124931335, 0.9989128112792969, 1.0027989149093628, 1.000711441040039, 0.999455451965332, 0.9992843866348267, 0.9995128512382507, 1.0009386539459229]]

Step 136:
  Date/Day: 137
  Action: [[-0.0028459602035582066, -0.023653583601117134, -0.015307039953768253, -0.002857270883396268, 0.01384352333843708, 0.020236508920788765, 0.01160284411162138, -0.01986834593117237, -0.020229915156960487, 0.002753304783254862, 0.019623301923274994, -0.0032842541113495827, -0.014163716696202755, 0.03439606726169586, -0.012822598218917847, 0.015829479321837425, 0.01628030836582184, -0.01647503860294819, -0.010902786627411842, 0.007184278219938278, 0.0018172007985413074, 0.023785900324583054, 0.012746922671794891, -0.0040528131648898125, -0.007749701850116253, 0.028500741347670555, 0.009736492298543453, -0.002384427236393094, 0.010905957780778408]]
  Reward: -0.17560619115829468
  Account Value: None
  Done: False
  Policy Mean: [[-0.0028459602035582066, -0.023653583601117134, -0.015307039953768253, -0.002857270883396268, 0.01384352333843708, 0.020236508920788765, 0.01160284411162138, -0.01986834593117237, -0.020229915156960487, 0.002753304783254862, 0.019623301923274994, -0.0032842541113495827, -0.014163716696202755, 0.03439606726169586, -0.012822598218917847, 0.015829479321837425, 0.01628030836582184, -0.01647503860294819, -0.010902786627411842, 0.007184278219938278, 0.0018172007985413074, 0.023785900324583054, 0.012746922671794891, -0.0040528131648898125, -0.007749701850116253, 0.028500741347670555, 0.009736492298543453, -0.002384427236393094, 0.010905957780778408]]
  Policy Std: [[0.9991067051887512, 1.0012518167495728, 1.0019515752792358, 1.0023138523101807, 0.9989719390869141, 1.0008952617645264, 1.0002809762954712, 1.002434492111206, 1.0006232261657715, 0.9992192983627319, 1.0001494884490967, 1.0011566877365112, 0.9982251524925232, 1.00291109085083, 1.0022505521774292, 0.9988248348236084, 1.0015581846237183, 0.9973443746566772, 1.00054132938385, 1.0021677017211914, 1.0029916763305664, 0.9990875124931335, 0.9989128112792969, 1.0027989149093628, 1.000711441040039, 0.999455451965332, 0.9992843866348267, 0.9995128512382507, 1.0009386539459229]]

Step 137:
  Date/Day: 138
  Action: [[-0.0028459602035582066, -0.023653583601117134, -0.015307039953768253, -0.002857270883396268, 0.01384352333843708, 0.020236508920788765, 0.01160284411162138, -0.01986834593117237, -0.020229915156960487, 0.002753304783254862, 0.019623301923274994, -0.0032842541113495827, -0.014163716696202755, 0.03439606726169586, -0.012822598218917847, 0.015829479321837425, 0.01628030836582184, -0.01647503860294819, -0.010902786627411842, 0.007184278219938278, 0.0018172007985413074, 0.023785900324583054, 0.012746922671794891, -0.0040528131648898125, -0.007749701850116253, 0.028500741347670555, 0.009736492298543453, -0.002384427236393094, 0.010905957780778408]]
  Reward: 0.007042720448225737
  Account Value: None
  Done: False
  Policy Mean: [[-0.0028459602035582066, -0.023653583601117134, -0.015307039953768253, -0.002857270883396268, 0.01384352333843708, 0.020236508920788765, 0.01160284411162138, -0.01986834593117237, -0.020229915156960487, 0.002753304783254862, 0.019623301923274994, -0.0032842541113495827, -0.014163716696202755, 0.03439606726169586, -0.012822598218917847, 0.015829479321837425, 0.01628030836582184, -0.01647503860294819, -0.010902786627411842, 0.007184278219938278, 0.0018172007985413074, 0.023785900324583054, 0.012746922671794891, -0.0040528131648898125, -0.007749701850116253, 0.028500741347670555, 0.009736492298543453, -0.002384427236393094, 0.010905957780778408]]
  Policy Std: [[0.9991067051887512, 1.0012518167495728, 1.0019515752792358, 1.0023138523101807, 0.9989719390869141, 1.0008952617645264, 1.0002809762954712, 1.002434492111206, 1.0006232261657715, 0.9992192983627319, 1.0001494884490967, 1.0011566877365112, 0.9982251524925232, 1.00291109085083, 1.0022505521774292, 0.9988248348236084, 1.0015581846237183, 0.9973443746566772, 1.00054132938385, 1.0021677017211914, 1.0029916763305664, 0.9990875124931335, 0.9989128112792969, 1.0027989149093628, 1.000711441040039, 0.999455451965332, 0.9992843866348267, 0.9995128512382507, 1.0009386539459229]]

Step 138:
  Date/Day: 139
  Action: [[-0.0028459602035582066, -0.023653583601117134, -0.015307039953768253, -0.002857270883396268, 0.01384352333843708, 0.020236508920788765, 0.01160284411162138, -0.01986834593117237, -0.020229915156960487, 0.002753304783254862, 0.019623301923274994, -0.0032842541113495827, -0.014163716696202755, 0.03439606726169586, -0.012822598218917847, 0.015829479321837425, 0.01628030836582184, -0.01647503860294819, -0.010902786627411842, 0.007184278219938278, 0.0018172007985413074, 0.023785900324583054, 0.012746922671794891, -0.0040528131648898125, -0.007749701850116253, 0.028500741347670555, 0.009736492298543453, -0.002384427236393094, 0.010905957780778408]]
  Reward: 0.40260565280914307
  Account Value: None
  Done: False
  Policy Mean: [[-0.0028459602035582066, -0.023653583601117134, -0.015307039953768253, -0.002857270883396268, 0.01384352333843708, 0.020236508920788765, 0.01160284411162138, -0.01986834593117237, -0.020229915156960487, 0.002753304783254862, 0.019623301923274994, -0.0032842541113495827, -0.014163716696202755, 0.03439606726169586, -0.012822598218917847, 0.015829479321837425, 0.01628030836582184, -0.01647503860294819, -0.010902786627411842, 0.007184278219938278, 0.0018172007985413074, 0.023785900324583054, 0.012746922671794891, -0.0040528131648898125, -0.007749701850116253, 0.028500741347670555, 0.009736492298543453, -0.002384427236393094, 0.010905957780778408]]
  Policy Std: [[0.9991067051887512, 1.0012518167495728, 1.0019515752792358, 1.0023138523101807, 0.9989719390869141, 1.0008952617645264, 1.0002809762954712, 1.002434492111206, 1.0006232261657715, 0.9992192983627319, 1.0001494884490967, 1.0011566877365112, 0.9982251524925232, 1.00291109085083, 1.0022505521774292, 0.9988248348236084, 1.0015581846237183, 0.9973443746566772, 1.00054132938385, 1.0021677017211914, 1.0029916763305664, 0.9990875124931335, 0.9989128112792969, 1.0027989149093628, 1.000711441040039, 0.999455451965332, 0.9992843866348267, 0.9995128512382507, 1.0009386539459229]]

Step 139:
  Date/Day: 140
  Action: [[-0.0028459602035582066, -0.023653583601117134, -0.015307039953768253, -0.002857270883396268, 0.01384352333843708, 0.020236508920788765, 0.01160284411162138, -0.01986834593117237, -0.020229915156960487, 0.002753304783254862, 0.019623301923274994, -0.0032842541113495827, -0.014163716696202755, 0.03439606726169586, -0.012822598218917847, 0.015829479321837425, 0.01628030836582184, -0.01647503860294819, -0.010902786627411842, 0.007184278219938278, 0.0018172007985413074, 0.023785900324583054, 0.012746922671794891, -0.0040528131648898125, -0.007749701850116253, 0.028500741347670555, 0.009736492298543453, -0.002384427236393094, 0.010905957780778408]]
  Reward: 0.09124376624822617
  Account Value: None
  Done: False
  Policy Mean: [[-0.0028459602035582066, -0.023653583601117134, -0.015307039953768253, -0.002857270883396268, 0.01384352333843708, 0.020236508920788765, 0.01160284411162138, -0.01986834593117237, -0.020229915156960487, 0.002753304783254862, 0.019623301923274994, -0.0032842541113495827, -0.014163716696202755, 0.03439606726169586, -0.012822598218917847, 0.015829479321837425, 0.01628030836582184, -0.01647503860294819, -0.010902786627411842, 0.007184278219938278, 0.0018172007985413074, 0.023785900324583054, 0.012746922671794891, -0.0040528131648898125, -0.007749701850116253, 0.028500741347670555, 0.009736492298543453, -0.002384427236393094, 0.010905957780778408]]
  Policy Std: [[0.9991067051887512, 1.0012518167495728, 1.0019515752792358, 1.0023138523101807, 0.9989719390869141, 1.0008952617645264, 1.0002809762954712, 1.002434492111206, 1.0006232261657715, 0.9992192983627319, 1.0001494884490967, 1.0011566877365112, 0.9982251524925232, 1.00291109085083, 1.0022505521774292, 0.9988248348236084, 1.0015581846237183, 0.9973443746566772, 1.00054132938385, 1.0021677017211914, 1.0029916763305664, 0.9990875124931335, 0.9989128112792969, 1.0027989149093628, 1.000711441040039, 0.999455451965332, 0.9992843866348267, 0.9995128512382507, 1.0009386539459229]]

Step 140:
  Date/Day: 141
  Action: [[-0.0028459602035582066, -0.023653583601117134, -0.015307039953768253, -0.002857270883396268, 0.01384352333843708, 0.020236508920788765, 0.01160284411162138, -0.01986834593117237, -0.020229915156960487, 0.002753304783254862, 0.019623301923274994, -0.0032842541113495827, -0.014163716696202755, 0.03439606726169586, -0.012822598218917847, 0.015829479321837425, 0.01628030836582184, -0.01647503860294819, -0.010902786627411842, 0.007184278219938278, 0.0018172007985413074, 0.023785900324583054, 0.012746922671794891, -0.0040528131648898125, -0.007749701850116253, 0.028500741347670555, 0.009736492298543453, -0.002384427236393094, 0.010905957780778408]]
  Reward: -0.22964851558208466
  Account Value: None
  Done: False
  Policy Mean: [[-0.0028459602035582066, -0.023653583601117134, -0.015307039953768253, -0.002857270883396268, 0.01384352333843708, 0.020236508920788765, 0.01160284411162138, -0.01986834593117237, -0.020229915156960487, 0.002753304783254862, 0.019623301923274994, -0.0032842541113495827, -0.014163716696202755, 0.03439606726169586, -0.012822598218917847, 0.015829479321837425, 0.01628030836582184, -0.01647503860294819, -0.010902786627411842, 0.007184278219938278, 0.0018172007985413074, 0.023785900324583054, 0.012746922671794891, -0.0040528131648898125, -0.007749701850116253, 0.028500741347670555, 0.009736492298543453, -0.002384427236393094, 0.010905957780778408]]
  Policy Std: [[0.9991067051887512, 1.0012518167495728, 1.0019515752792358, 1.0023138523101807, 0.9989719390869141, 1.0008952617645264, 1.0002809762954712, 1.002434492111206, 1.0006232261657715, 0.9992192983627319, 1.0001494884490967, 1.0011566877365112, 0.9982251524925232, 1.00291109085083, 1.0022505521774292, 0.9988248348236084, 1.0015581846237183, 0.9973443746566772, 1.00054132938385, 1.0021677017211914, 1.0029916763305664, 0.9990875124931335, 0.9989128112792969, 1.0027989149093628, 1.000711441040039, 0.999455451965332, 0.9992843866348267, 0.9995128512382507, 1.0009386539459229]]

Step 141:
  Date/Day: 142
  Action: [[-0.0028459602035582066, -0.023653583601117134, -0.015307039953768253, -0.002857270883396268, 0.01384352333843708, 0.020236508920788765, 0.01160284411162138, -0.01986834593117237, -0.020229915156960487, 0.002753304783254862, 0.019623301923274994, -0.0032842541113495827, -0.014163716696202755, 0.03439606726169586, -0.012822598218917847, 0.015829479321837425, 0.01628030836582184, -0.01647503860294819, -0.010902786627411842, 0.007184278219938278, 0.0018172007985413074, 0.023785900324583054, 0.012746922671794891, -0.0040528131648898125, -0.007749701850116253, 0.028500741347670555, 0.009736492298543453, -0.002384427236393094, 0.010905957780778408]]
  Reward: -0.15786010026931763
  Account Value: None
  Done: False
  Policy Mean: [[-0.0028459602035582066, -0.023653583601117134, -0.015307039953768253, -0.002857270883396268, 0.01384352333843708, 0.020236508920788765, 0.01160284411162138, -0.01986834593117237, -0.020229915156960487, 0.002753304783254862, 0.019623301923274994, -0.0032842541113495827, -0.014163716696202755, 0.03439606726169586, -0.012822598218917847, 0.015829479321837425, 0.01628030836582184, -0.01647503860294819, -0.010902786627411842, 0.007184278219938278, 0.0018172007985413074, 0.023785900324583054, 0.012746922671794891, -0.0040528131648898125, -0.007749701850116253, 0.028500741347670555, 0.009736492298543453, -0.002384427236393094, 0.010905957780778408]]
  Policy Std: [[0.9991067051887512, 1.0012518167495728, 1.0019515752792358, 1.0023138523101807, 0.9989719390869141, 1.0008952617645264, 1.0002809762954712, 1.002434492111206, 1.0006232261657715, 0.9992192983627319, 1.0001494884490967, 1.0011566877365112, 0.9982251524925232, 1.00291109085083, 1.0022505521774292, 0.9988248348236084, 1.0015581846237183, 0.9973443746566772, 1.00054132938385, 1.0021677017211914, 1.0029916763305664, 0.9990875124931335, 0.9989128112792969, 1.0027989149093628, 1.000711441040039, 0.999455451965332, 0.9992843866348267, 0.9995128512382507, 1.0009386539459229]]

Step 142:
  Date/Day: 143
  Action: [[-0.0028459602035582066, -0.023653583601117134, -0.015307039953768253, -0.002857270883396268, 0.01384352333843708, 0.020236508920788765, 0.01160284411162138, -0.01986834593117237, -0.020229915156960487, 0.002753304783254862, 0.019623301923274994, -0.0032842541113495827, -0.014163716696202755, 0.03439606726169586, -0.012822598218917847, 0.015829479321837425, 0.01628030836582184, -0.01647503860294819, -0.010902786627411842, 0.007184278219938278, 0.0018172007985413074, 0.023785900324583054, 0.012746922671794891, -0.0040528131648898125, -0.007749701850116253, 0.028500741347670555, 0.009736492298543453, -0.002384427236393094, 0.010905957780778408]]
  Reward: -0.042720962315797806
  Account Value: None
  Done: False
  Policy Mean: [[-0.0028459602035582066, -0.023653583601117134, -0.015307039953768253, -0.002857270883396268, 0.01384352333843708, 0.020236508920788765, 0.01160284411162138, -0.01986834593117237, -0.020229915156960487, 0.002753304783254862, 0.019623301923274994, -0.0032842541113495827, -0.014163716696202755, 0.03439606726169586, -0.012822598218917847, 0.015829479321837425, 0.01628030836582184, -0.01647503860294819, -0.010902786627411842, 0.007184278219938278, 0.0018172007985413074, 0.023785900324583054, 0.012746922671794891, -0.0040528131648898125, -0.007749701850116253, 0.028500741347670555, 0.009736492298543453, -0.002384427236393094, 0.010905957780778408]]
  Policy Std: [[0.9991067051887512, 1.0012518167495728, 1.0019515752792358, 1.0023138523101807, 0.9989719390869141, 1.0008952617645264, 1.0002809762954712, 1.002434492111206, 1.0006232261657715, 0.9992192983627319, 1.0001494884490967, 1.0011566877365112, 0.9982251524925232, 1.00291109085083, 1.0022505521774292, 0.9988248348236084, 1.0015581846237183, 0.9973443746566772, 1.00054132938385, 1.0021677017211914, 1.0029916763305664, 0.9990875124931335, 0.9989128112792969, 1.0027989149093628, 1.000711441040039, 0.999455451965332, 0.9992843866348267, 0.9995128512382507, 1.0009386539459229]]

Step 143:
  Date/Day: 144
  Action: [[-0.0028459602035582066, -0.023653583601117134, -0.015307039953768253, -0.002857270883396268, 0.01384352333843708, 0.020236508920788765, 0.01160284411162138, -0.01986834593117237, -0.020229915156960487, 0.002753304783254862, 0.019623301923274994, -0.0032842541113495827, -0.014163716696202755, 0.03439606726169586, -0.012822598218917847, 0.015829479321837425, 0.01628030836582184, -0.01647503860294819, -0.010902786627411842, 0.007184278219938278, 0.0018172007985413074, 0.023785900324583054, 0.012746922671794891, -0.0040528131648898125, -0.007749701850116253, 0.028500741347670555, 0.009736492298543453, -0.002384427236393094, 0.010905957780778408]]
  Reward: -0.8017765283584595
  Account Value: None
  Done: False
  Policy Mean: [[-0.0028459602035582066, -0.023653583601117134, -0.015307039953768253, -0.002857270883396268, 0.01384352333843708, 0.020236508920788765, 0.01160284411162138, -0.01986834593117237, -0.020229915156960487, 0.002753304783254862, 0.019623301923274994, -0.0032842541113495827, -0.014163716696202755, 0.03439606726169586, -0.012822598218917847, 0.015829479321837425, 0.01628030836582184, -0.01647503860294819, -0.010902786627411842, 0.007184278219938278, 0.0018172007985413074, 0.023785900324583054, 0.012746922671794891, -0.0040528131648898125, -0.007749701850116253, 0.028500741347670555, 0.009736492298543453, -0.002384427236393094, 0.010905957780778408]]
  Policy Std: [[0.9991067051887512, 1.0012518167495728, 1.0019515752792358, 1.0023138523101807, 0.9989719390869141, 1.0008952617645264, 1.0002809762954712, 1.002434492111206, 1.0006232261657715, 0.9992192983627319, 1.0001494884490967, 1.0011566877365112, 0.9982251524925232, 1.00291109085083, 1.0022505521774292, 0.9988248348236084, 1.0015581846237183, 0.9973443746566772, 1.00054132938385, 1.0021677017211914, 1.0029916763305664, 0.9990875124931335, 0.9989128112792969, 1.0027989149093628, 1.000711441040039, 0.999455451965332, 0.9992843866348267, 0.9995128512382507, 1.0009386539459229]]

Step 144:
  Date/Day: 145
  Action: [[-0.0028459602035582066, -0.023653583601117134, -0.015307039953768253, -0.002857270883396268, 0.01384352333843708, 0.020236508920788765, 0.01160284411162138, -0.01986834593117237, -0.020229915156960487, 0.002753304783254862, 0.019623301923274994, -0.0032842541113495827, -0.014163716696202755, 0.03439606726169586, -0.012822598218917847, 0.015829479321837425, 0.01628030836582184, -0.01647503860294819, -0.010902786627411842, 0.007184278219938278, 0.0018172007985413074, 0.023785900324583054, 0.012746922671794891, -0.0040528131648898125, -0.007749701850116253, 0.028500741347670555, 0.009736492298543453, -0.002384427236393094, 0.010905957780778408]]
  Reward: 0.515125036239624
  Account Value: None
  Done: False
  Policy Mean: [[-0.0028459602035582066, -0.023653583601117134, -0.015307039953768253, -0.002857270883396268, 0.01384352333843708, 0.020236508920788765, 0.01160284411162138, -0.01986834593117237, -0.020229915156960487, 0.002753304783254862, 0.019623301923274994, -0.0032842541113495827, -0.014163716696202755, 0.03439606726169586, -0.012822598218917847, 0.015829479321837425, 0.01628030836582184, -0.01647503860294819, -0.010902786627411842, 0.007184278219938278, 0.0018172007985413074, 0.023785900324583054, 0.012746922671794891, -0.0040528131648898125, -0.007749701850116253, 0.028500741347670555, 0.009736492298543453, -0.002384427236393094, 0.010905957780778408]]
  Policy Std: [[0.9991067051887512, 1.0012518167495728, 1.0019515752792358, 1.0023138523101807, 0.9989719390869141, 1.0008952617645264, 1.0002809762954712, 1.002434492111206, 1.0006232261657715, 0.9992192983627319, 1.0001494884490967, 1.0011566877365112, 0.9982251524925232, 1.00291109085083, 1.0022505521774292, 0.9988248348236084, 1.0015581846237183, 0.9973443746566772, 1.00054132938385, 1.0021677017211914, 1.0029916763305664, 0.9990875124931335, 0.9989128112792969, 1.0027989149093628, 1.000711441040039, 0.999455451965332, 0.9992843866348267, 0.9995128512382507, 1.0009386539459229]]

Step 145:
  Date/Day: 146
  Action: [[-0.0028459602035582066, -0.023653583601117134, -0.015307039953768253, -0.002857270883396268, 0.01384352333843708, 0.020236508920788765, 0.01160284411162138, -0.01986834593117237, -0.020229915156960487, 0.002753304783254862, 0.019623301923274994, -0.0032842541113495827, -0.014163716696202755, 0.03439606726169586, -0.012822598218917847, 0.015829479321837425, 0.01628030836582184, -0.01647503860294819, -0.010902786627411842, 0.007184278219938278, 0.0018172007985413074, 0.023785900324583054, 0.012746922671794891, -0.0040528131648898125, -0.007749701850116253, 0.028500741347670555, 0.009736492298543453, -0.002384427236393094, 0.010905957780778408]]
  Reward: -0.46756699681282043
  Account Value: None
  Done: False
  Policy Mean: [[-0.0028459602035582066, -0.023653583601117134, -0.015307039953768253, -0.002857270883396268, 0.01384352333843708, 0.020236508920788765, 0.01160284411162138, -0.01986834593117237, -0.020229915156960487, 0.002753304783254862, 0.019623301923274994, -0.0032842541113495827, -0.014163716696202755, 0.03439606726169586, -0.012822598218917847, 0.015829479321837425, 0.01628030836582184, -0.01647503860294819, -0.010902786627411842, 0.007184278219938278, 0.0018172007985413074, 0.023785900324583054, 0.012746922671794891, -0.0040528131648898125, -0.007749701850116253, 0.028500741347670555, 0.009736492298543453, -0.002384427236393094, 0.010905957780778408]]
  Policy Std: [[0.9991067051887512, 1.0012518167495728, 1.0019515752792358, 1.0023138523101807, 0.9989719390869141, 1.0008952617645264, 1.0002809762954712, 1.002434492111206, 1.0006232261657715, 0.9992192983627319, 1.0001494884490967, 1.0011566877365112, 0.9982251524925232, 1.00291109085083, 1.0022505521774292, 0.9988248348236084, 1.0015581846237183, 0.9973443746566772, 1.00054132938385, 1.0021677017211914, 1.0029916763305664, 0.9990875124931335, 0.9989128112792969, 1.0027989149093628, 1.000711441040039, 0.999455451965332, 0.9992843866348267, 0.9995128512382507, 1.0009386539459229]]

Step 146:
  Date/Day: 147
  Action: [[-0.0028459602035582066, -0.023653583601117134, -0.015307039953768253, -0.002857270883396268, 0.01384352333843708, 0.020236508920788765, 0.01160284411162138, -0.01986834593117237, -0.020229915156960487, 0.002753304783254862, 0.019623301923274994, -0.0032842541113495827, -0.014163716696202755, 0.03439606726169586, -0.012822598218917847, 0.015829479321837425, 0.01628030836582184, -0.01647503860294819, -0.010902786627411842, 0.007184278219938278, 0.0018172007985413074, 0.023785900324583054, 0.012746922671794891, -0.0040528131648898125, -0.007749701850116253, 0.028500741347670555, 0.009736492298543453, -0.002384427236393094, 0.010905957780778408]]
  Reward: 0.3806620240211487
  Account Value: None
  Done: False
  Policy Mean: [[-0.0028459602035582066, -0.023653583601117134, -0.015307039953768253, -0.002857270883396268, 0.01384352333843708, 0.020236508920788765, 0.01160284411162138, -0.01986834593117237, -0.020229915156960487, 0.002753304783254862, 0.019623301923274994, -0.0032842541113495827, -0.014163716696202755, 0.03439606726169586, -0.012822598218917847, 0.015829479321837425, 0.01628030836582184, -0.01647503860294819, -0.010902786627411842, 0.007184278219938278, 0.0018172007985413074, 0.023785900324583054, 0.012746922671794891, -0.0040528131648898125, -0.007749701850116253, 0.028500741347670555, 0.009736492298543453, -0.002384427236393094, 0.010905957780778408]]
  Policy Std: [[0.9991067051887512, 1.0012518167495728, 1.0019515752792358, 1.0023138523101807, 0.9989719390869141, 1.0008952617645264, 1.0002809762954712, 1.002434492111206, 1.0006232261657715, 0.9992192983627319, 1.0001494884490967, 1.0011566877365112, 0.9982251524925232, 1.00291109085083, 1.0022505521774292, 0.9988248348236084, 1.0015581846237183, 0.9973443746566772, 1.00054132938385, 1.0021677017211914, 1.0029916763305664, 0.9990875124931335, 0.9989128112792969, 1.0027989149093628, 1.000711441040039, 0.999455451965332, 0.9992843866348267, 0.9995128512382507, 1.0009386539459229]]

Step 147:
  Date/Day: 148
  Action: [[-0.0028459602035582066, -0.023653583601117134, -0.015307039953768253, -0.002857270883396268, 0.01384352333843708, 0.020236508920788765, 0.01160284411162138, -0.01986834593117237, -0.020229915156960487, 0.002753304783254862, 0.019623301923274994, -0.0032842541113495827, -0.014163716696202755, 0.03439606726169586, -0.012822598218917847, 0.015829479321837425, 0.01628030836582184, -0.01647503860294819, -0.010902786627411842, 0.007184278219938278, 0.0018172007985413074, 0.023785900324583054, 0.012746922671794891, -0.0040528131648898125, -0.007749701850116253, 0.028500741347670555, 0.009736492298543453, -0.002384427236393094, 0.010905957780778408]]
  Reward: 0.6874982118606567
  Account Value: None
  Done: False
  Policy Mean: [[-0.0028459602035582066, -0.023653583601117134, -0.015307039953768253, -0.002857270883396268, 0.01384352333843708, 0.020236508920788765, 0.01160284411162138, -0.01986834593117237, -0.020229915156960487, 0.002753304783254862, 0.019623301923274994, -0.0032842541113495827, -0.014163716696202755, 0.03439606726169586, -0.012822598218917847, 0.015829479321837425, 0.01628030836582184, -0.01647503860294819, -0.010902786627411842, 0.007184278219938278, 0.0018172007985413074, 0.023785900324583054, 0.012746922671794891, -0.0040528131648898125, -0.007749701850116253, 0.028500741347670555, 0.009736492298543453, -0.002384427236393094, 0.010905957780778408]]
  Policy Std: [[0.9991067051887512, 1.0012518167495728, 1.0019515752792358, 1.0023138523101807, 0.9989719390869141, 1.0008952617645264, 1.0002809762954712, 1.002434492111206, 1.0006232261657715, 0.9992192983627319, 1.0001494884490967, 1.0011566877365112, 0.9982251524925232, 1.00291109085083, 1.0022505521774292, 0.9988248348236084, 1.0015581846237183, 0.9973443746566772, 1.00054132938385, 1.0021677017211914, 1.0029916763305664, 0.9990875124931335, 0.9989128112792969, 1.0027989149093628, 1.000711441040039, 0.999455451965332, 0.9992843866348267, 0.9995128512382507, 1.0009386539459229]]

Step 148:
  Date/Day: 149
  Action: [[-0.0028459602035582066, -0.023653583601117134, -0.015307039953768253, -0.002857270883396268, 0.01384352333843708, 0.020236508920788765, 0.01160284411162138, -0.01986834593117237, -0.020229915156960487, 0.002753304783254862, 0.019623301923274994, -0.0032842541113495827, -0.014163716696202755, 0.03439606726169586, -0.012822598218917847, 0.015829479321837425, 0.01628030836582184, -0.01647503860294819, -0.010902786627411842, 0.007184278219938278, 0.0018172007985413074, 0.023785900324583054, 0.012746922671794891, -0.0040528131648898125, -0.007749701850116253, 0.028500741347670555, 0.009736492298543453, -0.002384427236393094, 0.010905957780778408]]
  Reward: -0.019598232582211494
  Account Value: None
  Done: False
  Policy Mean: [[-0.0028459602035582066, -0.023653583601117134, -0.015307039953768253, -0.002857270883396268, 0.01384352333843708, 0.020236508920788765, 0.01160284411162138, -0.01986834593117237, -0.020229915156960487, 0.002753304783254862, 0.019623301923274994, -0.0032842541113495827, -0.014163716696202755, 0.03439606726169586, -0.012822598218917847, 0.015829479321837425, 0.01628030836582184, -0.01647503860294819, -0.010902786627411842, 0.007184278219938278, 0.0018172007985413074, 0.023785900324583054, 0.012746922671794891, -0.0040528131648898125, -0.007749701850116253, 0.028500741347670555, 0.009736492298543453, -0.002384427236393094, 0.010905957780778408]]
  Policy Std: [[0.9991067051887512, 1.0012518167495728, 1.0019515752792358, 1.0023138523101807, 0.9989719390869141, 1.0008952617645264, 1.0002809762954712, 1.002434492111206, 1.0006232261657715, 0.9992192983627319, 1.0001494884490967, 1.0011566877365112, 0.9982251524925232, 1.00291109085083, 1.0022505521774292, 0.9988248348236084, 1.0015581846237183, 0.9973443746566772, 1.00054132938385, 1.0021677017211914, 1.0029916763305664, 0.9990875124931335, 0.9989128112792969, 1.0027989149093628, 1.000711441040039, 0.999455451965332, 0.9992843866348267, 0.9995128512382507, 1.0009386539459229]]

Step 149:
  Date/Day: 150
  Action: [[-0.0028459602035582066, -0.023653583601117134, -0.015307039953768253, -0.002857270883396268, 0.01384352333843708, 0.020236508920788765, 0.01160284411162138, -0.01986834593117237, -0.020229915156960487, 0.002753304783254862, 0.019623301923274994, -0.0032842541113495827, -0.014163716696202755, 0.03439606726169586, -0.012822598218917847, 0.015829479321837425, 0.01628030836582184, -0.01647503860294819, -0.010902786627411842, 0.007184278219938278, 0.0018172007985413074, 0.023785900324583054, 0.012746922671794891, -0.0040528131648898125, -0.007749701850116253, 0.028500741347670555, 0.009736492298543453, -0.002384427236393094, 0.010905957780778408]]
  Reward: 0.6060703992843628
  Account Value: None
  Done: False
  Policy Mean: [[-0.0028459602035582066, -0.023653583601117134, -0.015307039953768253, -0.002857270883396268, 0.01384352333843708, 0.020236508920788765, 0.01160284411162138, -0.01986834593117237, -0.020229915156960487, 0.002753304783254862, 0.019623301923274994, -0.0032842541113495827, -0.014163716696202755, 0.03439606726169586, -0.012822598218917847, 0.015829479321837425, 0.01628030836582184, -0.01647503860294819, -0.010902786627411842, 0.007184278219938278, 0.0018172007985413074, 0.023785900324583054, 0.012746922671794891, -0.0040528131648898125, -0.007749701850116253, 0.028500741347670555, 0.009736492298543453, -0.002384427236393094, 0.010905957780778408]]
  Policy Std: [[0.9991067051887512, 1.0012518167495728, 1.0019515752792358, 1.0023138523101807, 0.9989719390869141, 1.0008952617645264, 1.0002809762954712, 1.002434492111206, 1.0006232261657715, 0.9992192983627319, 1.0001494884490967, 1.0011566877365112, 0.9982251524925232, 1.00291109085083, 1.0022505521774292, 0.9988248348236084, 1.0015581846237183, 0.9973443746566772, 1.00054132938385, 1.0021677017211914, 1.0029916763305664, 0.9990875124931335, 0.9989128112792969, 1.0027989149093628, 1.000711441040039, 0.999455451965332, 0.9992843866348267, 0.9995128512382507, 1.0009386539459229]]

Step 150:
  Date/Day: 151
  Action: [[-0.0028459602035582066, -0.023653583601117134, -0.015307039953768253, -0.002857270883396268, 0.01384352333843708, 0.020236508920788765, 0.01160284411162138, -0.01986834593117237, -0.020229915156960487, 0.002753304783254862, 0.019623301923274994, -0.0032842541113495827, -0.014163716696202755, 0.03439606726169586, -0.012822598218917847, 0.015829479321837425, 0.01628030836582184, -0.01647503860294819, -0.010902786627411842, 0.007184278219938278, 0.0018172007985413074, 0.023785900324583054, 0.012746922671794891, -0.0040528131648898125, -0.007749701850116253, 0.028500741347670555, 0.009736492298543453, -0.002384427236393094, 0.010905957780778408]]
  Reward: 0.19178085029125214
  Account Value: None
  Done: False
  Policy Mean: [[-0.0028459602035582066, -0.023653583601117134, -0.015307039953768253, -0.002857270883396268, 0.01384352333843708, 0.020236508920788765, 0.01160284411162138, -0.01986834593117237, -0.020229915156960487, 0.002753304783254862, 0.019623301923274994, -0.0032842541113495827, -0.014163716696202755, 0.03439606726169586, -0.012822598218917847, 0.015829479321837425, 0.01628030836582184, -0.01647503860294819, -0.010902786627411842, 0.007184278219938278, 0.0018172007985413074, 0.023785900324583054, 0.012746922671794891, -0.0040528131648898125, -0.007749701850116253, 0.028500741347670555, 0.009736492298543453, -0.002384427236393094, 0.010905957780778408]]
  Policy Std: [[0.9991067051887512, 1.0012518167495728, 1.0019515752792358, 1.0023138523101807, 0.9989719390869141, 1.0008952617645264, 1.0002809762954712, 1.002434492111206, 1.0006232261657715, 0.9992192983627319, 1.0001494884490967, 1.0011566877365112, 0.9982251524925232, 1.00291109085083, 1.0022505521774292, 0.9988248348236084, 1.0015581846237183, 0.9973443746566772, 1.00054132938385, 1.0021677017211914, 1.0029916763305664, 0.9990875124931335, 0.9989128112792969, 1.0027989149093628, 1.000711441040039, 0.999455451965332, 0.9992843866348267, 0.9995128512382507, 1.0009386539459229]]

Step 151:
  Date/Day: 152
  Action: [[-0.0028459602035582066, -0.023653583601117134, -0.015307039953768253, -0.002857270883396268, 0.01384352333843708, 0.020236508920788765, 0.01160284411162138, -0.01986834593117237, -0.020229915156960487, 0.002753304783254862, 0.019623301923274994, -0.0032842541113495827, -0.014163716696202755, 0.03439606726169586, -0.012822598218917847, 0.015829479321837425, 0.01628030836582184, -0.01647503860294819, -0.010902786627411842, 0.007184278219938278, 0.0018172007985413074, 0.023785900324583054, 0.012746922671794891, -0.0040528131648898125, -0.007749701850116253, 0.028500741347670555, 0.009736492298543453, -0.002384427236393094, 0.010905957780778408]]
  Reward: 0.06868157535791397
  Account Value: None
  Done: False
  Policy Mean: [[-0.0028459602035582066, -0.023653583601117134, -0.015307039953768253, -0.002857270883396268, 0.01384352333843708, 0.020236508920788765, 0.01160284411162138, -0.01986834593117237, -0.020229915156960487, 0.002753304783254862, 0.019623301923274994, -0.0032842541113495827, -0.014163716696202755, 0.03439606726169586, -0.012822598218917847, 0.015829479321837425, 0.01628030836582184, -0.01647503860294819, -0.010902786627411842, 0.007184278219938278, 0.0018172007985413074, 0.023785900324583054, 0.012746922671794891, -0.0040528131648898125, -0.007749701850116253, 0.028500741347670555, 0.009736492298543453, -0.002384427236393094, 0.010905957780778408]]
  Policy Std: [[0.9991067051887512, 1.0012518167495728, 1.0019515752792358, 1.0023138523101807, 0.9989719390869141, 1.0008952617645264, 1.0002809762954712, 1.002434492111206, 1.0006232261657715, 0.9992192983627319, 1.0001494884490967, 1.0011566877365112, 0.9982251524925232, 1.00291109085083, 1.0022505521774292, 0.9988248348236084, 1.0015581846237183, 0.9973443746566772, 1.00054132938385, 1.0021677017211914, 1.0029916763305664, 0.9990875124931335, 0.9989128112792969, 1.0027989149093628, 1.000711441040039, 0.999455451965332, 0.9992843866348267, 0.9995128512382507, 1.0009386539459229]]

Step 152:
  Date/Day: 153
  Action: [[-0.0028459602035582066, -0.023653583601117134, -0.015307039953768253, -0.002857270883396268, 0.01384352333843708, 0.020236508920788765, 0.01160284411162138, -0.01986834593117237, -0.020229915156960487, 0.002753304783254862, 0.019623301923274994, -0.0032842541113495827, -0.014163716696202755, 0.03439606726169586, -0.012822598218917847, 0.015829479321837425, 0.01628030836582184, -0.01647503860294819, -0.010902786627411842, 0.007184278219938278, 0.0018172007985413074, 0.023785900324583054, 0.012746922671794891, -0.0040528131648898125, -0.007749701850116253, 0.028500741347670555, 0.009736492298543453, -0.002384427236393094, 0.010905957780778408]]
  Reward: -0.20772208273410797
  Account Value: None
  Done: False
  Policy Mean: [[-0.0028459602035582066, -0.023653583601117134, -0.015307039953768253, -0.002857270883396268, 0.01384352333843708, 0.020236508920788765, 0.01160284411162138, -0.01986834593117237, -0.020229915156960487, 0.002753304783254862, 0.019623301923274994, -0.0032842541113495827, -0.014163716696202755, 0.03439606726169586, -0.012822598218917847, 0.015829479321837425, 0.01628030836582184, -0.01647503860294819, -0.010902786627411842, 0.007184278219938278, 0.0018172007985413074, 0.023785900324583054, 0.012746922671794891, -0.0040528131648898125, -0.007749701850116253, 0.028500741347670555, 0.009736492298543453, -0.002384427236393094, 0.010905957780778408]]
  Policy Std: [[0.9991067051887512, 1.0012518167495728, 1.0019515752792358, 1.0023138523101807, 0.9989719390869141, 1.0008952617645264, 1.0002809762954712, 1.002434492111206, 1.0006232261657715, 0.9992192983627319, 1.0001494884490967, 1.0011566877365112, 0.9982251524925232, 1.00291109085083, 1.0022505521774292, 0.9988248348236084, 1.0015581846237183, 0.9973443746566772, 1.00054132938385, 1.0021677017211914, 1.0029916763305664, 0.9990875124931335, 0.9989128112792969, 1.0027989149093628, 1.000711441040039, 0.999455451965332, 0.9992843866348267, 0.9995128512382507, 1.0009386539459229]]

Step 153:
  Date/Day: 154
  Action: [[-0.0028459602035582066, -0.023653583601117134, -0.015307039953768253, -0.002857270883396268, 0.01384352333843708, 0.020236508920788765, 0.01160284411162138, -0.01986834593117237, -0.020229915156960487, 0.002753304783254862, 0.019623301923274994, -0.0032842541113495827, -0.014163716696202755, 0.03439606726169586, -0.012822598218917847, 0.015829479321837425, 0.01628030836582184, -0.01647503860294819, -0.010902786627411842, 0.007184278219938278, 0.0018172007985413074, 0.023785900324583054, 0.012746922671794891, -0.0040528131648898125, -0.007749701850116253, 0.028500741347670555, 0.009736492298543453, -0.002384427236393094, 0.010905957780778408]]
  Reward: 0.005881532095372677
  Account Value: None
  Done: False
  Policy Mean: [[-0.0028459602035582066, -0.023653583601117134, -0.015307039953768253, -0.002857270883396268, 0.01384352333843708, 0.020236508920788765, 0.01160284411162138, -0.01986834593117237, -0.020229915156960487, 0.002753304783254862, 0.019623301923274994, -0.0032842541113495827, -0.014163716696202755, 0.03439606726169586, -0.012822598218917847, 0.015829479321837425, 0.01628030836582184, -0.01647503860294819, -0.010902786627411842, 0.007184278219938278, 0.0018172007985413074, 0.023785900324583054, 0.012746922671794891, -0.0040528131648898125, -0.007749701850116253, 0.028500741347670555, 0.009736492298543453, -0.002384427236393094, 0.010905957780778408]]
  Policy Std: [[0.9991067051887512, 1.0012518167495728, 1.0019515752792358, 1.0023138523101807, 0.9989719390869141, 1.0008952617645264, 1.0002809762954712, 1.002434492111206, 1.0006232261657715, 0.9992192983627319, 1.0001494884490967, 1.0011566877365112, 0.9982251524925232, 1.00291109085083, 1.0022505521774292, 0.9988248348236084, 1.0015581846237183, 0.9973443746566772, 1.00054132938385, 1.0021677017211914, 1.0029916763305664, 0.9990875124931335, 0.9989128112792969, 1.0027989149093628, 1.000711441040039, 0.999455451965332, 0.9992843866348267, 0.9995128512382507, 1.0009386539459229]]

Step 154:
  Date/Day: 155
  Action: [[-0.0028459602035582066, -0.023653583601117134, -0.015307039953768253, -0.002857270883396268, 0.01384352333843708, 0.020236508920788765, 0.01160284411162138, -0.01986834593117237, -0.020229915156960487, 0.002753304783254862, 0.019623301923274994, -0.0032842541113495827, -0.014163716696202755, 0.03439606726169586, -0.012822598218917847, 0.015829479321837425, 0.01628030836582184, -0.01647503860294819, -0.010902786627411842, 0.007184278219938278, 0.0018172007985413074, 0.023785900324583054, 0.012746922671794891, -0.0040528131648898125, -0.007749701850116253, 0.028500741347670555, 0.009736492298543453, -0.002384427236393094, 0.010905957780778408]]
  Reward: 0.38418522477149963
  Account Value: None
  Done: False
  Policy Mean: [[-0.0028459602035582066, -0.023653583601117134, -0.015307039953768253, -0.002857270883396268, 0.01384352333843708, 0.020236508920788765, 0.01160284411162138, -0.01986834593117237, -0.020229915156960487, 0.002753304783254862, 0.019623301923274994, -0.0032842541113495827, -0.014163716696202755, 0.03439606726169586, -0.012822598218917847, 0.015829479321837425, 0.01628030836582184, -0.01647503860294819, -0.010902786627411842, 0.007184278219938278, 0.0018172007985413074, 0.023785900324583054, 0.012746922671794891, -0.0040528131648898125, -0.007749701850116253, 0.028500741347670555, 0.009736492298543453, -0.002384427236393094, 0.010905957780778408]]
  Policy Std: [[0.9991067051887512, 1.0012518167495728, 1.0019515752792358, 1.0023138523101807, 0.9989719390869141, 1.0008952617645264, 1.0002809762954712, 1.002434492111206, 1.0006232261657715, 0.9992192983627319, 1.0001494884490967, 1.0011566877365112, 0.9982251524925232, 1.00291109085083, 1.0022505521774292, 0.9988248348236084, 1.0015581846237183, 0.9973443746566772, 1.00054132938385, 1.0021677017211914, 1.0029916763305664, 0.9990875124931335, 0.9989128112792969, 1.0027989149093628, 1.000711441040039, 0.999455451965332, 0.9992843866348267, 0.9995128512382507, 1.0009386539459229]]

Step 155:
  Date/Day: 156
  Action: [[-0.0028459602035582066, -0.023653583601117134, -0.015307039953768253, -0.002857270883396268, 0.01384352333843708, 0.020236508920788765, 0.01160284411162138, -0.01986834593117237, -0.020229915156960487, 0.002753304783254862, 0.019623301923274994, -0.0032842541113495827, -0.014163716696202755, 0.03439606726169586, -0.012822598218917847, 0.015829479321837425, 0.01628030836582184, -0.01647503860294819, -0.010902786627411842, 0.007184278219938278, 0.0018172007985413074, 0.023785900324583054, 0.012746922671794891, -0.0040528131648898125, -0.007749701850116253, 0.028500741347670555, 0.009736492298543453, -0.002384427236393094, 0.010905957780778408]]
  Reward: -0.013997146859765053
  Account Value: None
  Done: False
  Policy Mean: [[-0.0028459602035582066, -0.023653583601117134, -0.015307039953768253, -0.002857270883396268, 0.01384352333843708, 0.020236508920788765, 0.01160284411162138, -0.01986834593117237, -0.020229915156960487, 0.002753304783254862, 0.019623301923274994, -0.0032842541113495827, -0.014163716696202755, 0.03439606726169586, -0.012822598218917847, 0.015829479321837425, 0.01628030836582184, -0.01647503860294819, -0.010902786627411842, 0.007184278219938278, 0.0018172007985413074, 0.023785900324583054, 0.012746922671794891, -0.0040528131648898125, -0.007749701850116253, 0.028500741347670555, 0.009736492298543453, -0.002384427236393094, 0.010905957780778408]]
  Policy Std: [[0.9991067051887512, 1.0012518167495728, 1.0019515752792358, 1.0023138523101807, 0.9989719390869141, 1.0008952617645264, 1.0002809762954712, 1.002434492111206, 1.0006232261657715, 0.9992192983627319, 1.0001494884490967, 1.0011566877365112, 0.9982251524925232, 1.00291109085083, 1.0022505521774292, 0.9988248348236084, 1.0015581846237183, 0.9973443746566772, 1.00054132938385, 1.0021677017211914, 1.0029916763305664, 0.9990875124931335, 0.9989128112792969, 1.0027989149093628, 1.000711441040039, 0.999455451965332, 0.9992843866348267, 0.9995128512382507, 1.0009386539459229]]

Step 156:
  Date/Day: 157
  Action: [[-0.0028459602035582066, -0.023653583601117134, -0.015307039953768253, -0.002857270883396268, 0.01384352333843708, 0.020236508920788765, 0.01160284411162138, -0.01986834593117237, -0.020229915156960487, 0.002753304783254862, 0.019623301923274994, -0.0032842541113495827, -0.014163716696202755, 0.03439606726169586, -0.012822598218917847, 0.015829479321837425, 0.01628030836582184, -0.01647503860294819, -0.010902786627411842, 0.007184278219938278, 0.0018172007985413074, 0.023785900324583054, 0.012746922671794891, -0.0040528131648898125, -0.007749701850116253, 0.028500741347670555, 0.009736492298543453, -0.002384427236393094, 0.010905957780778408]]
  Reward: 0.29993265867233276
  Account Value: None
  Done: False
  Policy Mean: [[-0.0028459602035582066, -0.023653583601117134, -0.015307039953768253, -0.002857270883396268, 0.01384352333843708, 0.020236508920788765, 0.01160284411162138, -0.01986834593117237, -0.020229915156960487, 0.002753304783254862, 0.019623301923274994, -0.0032842541113495827, -0.014163716696202755, 0.03439606726169586, -0.012822598218917847, 0.015829479321837425, 0.01628030836582184, -0.01647503860294819, -0.010902786627411842, 0.007184278219938278, 0.0018172007985413074, 0.023785900324583054, 0.012746922671794891, -0.0040528131648898125, -0.007749701850116253, 0.028500741347670555, 0.009736492298543453, -0.002384427236393094, 0.010905957780778408]]
  Policy Std: [[0.9991067051887512, 1.0012518167495728, 1.0019515752792358, 1.0023138523101807, 0.9989719390869141, 1.0008952617645264, 1.0002809762954712, 1.002434492111206, 1.0006232261657715, 0.9992192983627319, 1.0001494884490967, 1.0011566877365112, 0.9982251524925232, 1.00291109085083, 1.0022505521774292, 0.9988248348236084, 1.0015581846237183, 0.9973443746566772, 1.00054132938385, 1.0021677017211914, 1.0029916763305664, 0.9990875124931335, 0.9989128112792969, 1.0027989149093628, 1.000711441040039, 0.999455451965332, 0.9992843866348267, 0.9995128512382507, 1.0009386539459229]]

Step 157:
  Date/Day: 158
  Action: [[-0.0028459602035582066, -0.023653583601117134, -0.015307039953768253, -0.002857270883396268, 0.01384352333843708, 0.020236508920788765, 0.01160284411162138, -0.01986834593117237, -0.020229915156960487, 0.002753304783254862, 0.019623301923274994, -0.0032842541113495827, -0.014163716696202755, 0.03439606726169586, -0.012822598218917847, 0.015829479321837425, 0.01628030836582184, -0.01647503860294819, -0.010902786627411842, 0.007184278219938278, 0.0018172007985413074, 0.023785900324583054, 0.012746922671794891, -0.0040528131648898125, -0.007749701850116253, 0.028500741347670555, 0.009736492298543453, -0.002384427236393094, 0.010905957780778408]]
  Reward: 0.11633749306201935
  Account Value: None
  Done: False
  Policy Mean: [[-0.0028459602035582066, -0.023653583601117134, -0.015307039953768253, -0.002857270883396268, 0.01384352333843708, 0.020236508920788765, 0.01160284411162138, -0.01986834593117237, -0.020229915156960487, 0.002753304783254862, 0.019623301923274994, -0.0032842541113495827, -0.014163716696202755, 0.03439606726169586, -0.012822598218917847, 0.015829479321837425, 0.01628030836582184, -0.01647503860294819, -0.010902786627411842, 0.007184278219938278, 0.0018172007985413074, 0.023785900324583054, 0.012746922671794891, -0.0040528131648898125, -0.007749701850116253, 0.028500741347670555, 0.009736492298543453, -0.002384427236393094, 0.010905957780778408]]
  Policy Std: [[0.9991067051887512, 1.0012518167495728, 1.0019515752792358, 1.0023138523101807, 0.9989719390869141, 1.0008952617645264, 1.0002809762954712, 1.002434492111206, 1.0006232261657715, 0.9992192983627319, 1.0001494884490967, 1.0011566877365112, 0.9982251524925232, 1.00291109085083, 1.0022505521774292, 0.9988248348236084, 1.0015581846237183, 0.9973443746566772, 1.00054132938385, 1.0021677017211914, 1.0029916763305664, 0.9990875124931335, 0.9989128112792969, 1.0027989149093628, 1.000711441040039, 0.999455451965332, 0.9992843866348267, 0.9995128512382507, 1.0009386539459229]]

Step 158:
  Date/Day: 159
  Action: [[-0.0028459602035582066, -0.023653583601117134, -0.015307039953768253, -0.002857270883396268, 0.01384352333843708, 0.020236508920788765, 0.01160284411162138, -0.01986834593117237, -0.020229915156960487, 0.002753304783254862, 0.019623301923274994, -0.0032842541113495827, -0.014163716696202755, 0.03439606726169586, -0.012822598218917847, 0.015829479321837425, 0.01628030836582184, -0.01647503860294819, -0.010902786627411842, 0.007184278219938278, 0.0018172007985413074, 0.023785900324583054, 0.012746922671794891, -0.0040528131648898125, -0.007749701850116253, 0.028500741347670555, 0.009736492298543453, -0.002384427236393094, 0.010905957780778408]]
  Reward: -0.05591524764895439
  Account Value: None
  Done: False
  Policy Mean: [[-0.0028459602035582066, -0.023653583601117134, -0.015307039953768253, -0.002857270883396268, 0.01384352333843708, 0.020236508920788765, 0.01160284411162138, -0.01986834593117237, -0.020229915156960487, 0.002753304783254862, 0.019623301923274994, -0.0032842541113495827, -0.014163716696202755, 0.03439606726169586, -0.012822598218917847, 0.015829479321837425, 0.01628030836582184, -0.01647503860294819, -0.010902786627411842, 0.007184278219938278, 0.0018172007985413074, 0.023785900324583054, 0.012746922671794891, -0.0040528131648898125, -0.007749701850116253, 0.028500741347670555, 0.009736492298543453, -0.002384427236393094, 0.010905957780778408]]
  Policy Std: [[0.9991067051887512, 1.0012518167495728, 1.0019515752792358, 1.0023138523101807, 0.9989719390869141, 1.0008952617645264, 1.0002809762954712, 1.002434492111206, 1.0006232261657715, 0.9992192983627319, 1.0001494884490967, 1.0011566877365112, 0.9982251524925232, 1.00291109085083, 1.0022505521774292, 0.9988248348236084, 1.0015581846237183, 0.9973443746566772, 1.00054132938385, 1.0021677017211914, 1.0029916763305664, 0.9990875124931335, 0.9989128112792969, 1.0027989149093628, 1.000711441040039, 0.999455451965332, 0.9992843866348267, 0.9995128512382507, 1.0009386539459229]]

Step 159:
  Date/Day: 160
  Action: [[-0.0028459602035582066, -0.023653583601117134, -0.015307039953768253, -0.002857270883396268, 0.01384352333843708, 0.020236508920788765, 0.01160284411162138, -0.01986834593117237, -0.020229915156960487, 0.002753304783254862, 0.019623301923274994, -0.0032842541113495827, -0.014163716696202755, 0.03439606726169586, -0.012822598218917847, 0.015829479321837425, 0.01628030836582184, -0.01647503860294819, -0.010902786627411842, 0.007184278219938278, 0.0018172007985413074, 0.023785900324583054, 0.012746922671794891, -0.0040528131648898125, -0.007749701850116253, 0.028500741347670555, 0.009736492298543453, -0.002384427236393094, 0.010905957780778408]]
  Reward: -0.10261130332946777
  Account Value: None
  Done: False
  Policy Mean: [[-0.0028459602035582066, -0.023653583601117134, -0.015307039953768253, -0.002857270883396268, 0.01384352333843708, 0.020236508920788765, 0.01160284411162138, -0.01986834593117237, -0.020229915156960487, 0.002753304783254862, 0.019623301923274994, -0.0032842541113495827, -0.014163716696202755, 0.03439606726169586, -0.012822598218917847, 0.015829479321837425, 0.01628030836582184, -0.01647503860294819, -0.010902786627411842, 0.007184278219938278, 0.0018172007985413074, 0.023785900324583054, 0.012746922671794891, -0.0040528131648898125, -0.007749701850116253, 0.028500741347670555, 0.009736492298543453, -0.002384427236393094, 0.010905957780778408]]
  Policy Std: [[0.9991067051887512, 1.0012518167495728, 1.0019515752792358, 1.0023138523101807, 0.9989719390869141, 1.0008952617645264, 1.0002809762954712, 1.002434492111206, 1.0006232261657715, 0.9992192983627319, 1.0001494884490967, 1.0011566877365112, 0.9982251524925232, 1.00291109085083, 1.0022505521774292, 0.9988248348236084, 1.0015581846237183, 0.9973443746566772, 1.00054132938385, 1.0021677017211914, 1.0029916763305664, 0.9990875124931335, 0.9989128112792969, 1.0027989149093628, 1.000711441040039, 0.999455451965332, 0.9992843866348267, 0.9995128512382507, 1.0009386539459229]]

Step 160:
  Date/Day: 161
  Action: [[-0.0028459602035582066, -0.023653583601117134, -0.015307039953768253, -0.002857270883396268, 0.01384352333843708, 0.020236508920788765, 0.01160284411162138, -0.01986834593117237, -0.020229915156960487, 0.002753304783254862, 0.019623301923274994, -0.0032842541113495827, -0.014163716696202755, 0.03439606726169586, -0.012822598218917847, 0.015829479321837425, 0.01628030836582184, -0.01647503860294819, -0.010902786627411842, 0.007184278219938278, 0.0018172007985413074, 0.023785900324583054, 0.012746922671794891, -0.0040528131648898125, -0.007749701850116253, 0.028500741347670555, 0.009736492298543453, -0.002384427236393094, 0.010905957780778408]]
  Reward: -0.26539817452430725
  Account Value: None
  Done: False
  Policy Mean: [[-0.0028459602035582066, -0.023653583601117134, -0.015307039953768253, -0.002857270883396268, 0.01384352333843708, 0.020236508920788765, 0.01160284411162138, -0.01986834593117237, -0.020229915156960487, 0.002753304783254862, 0.019623301923274994, -0.0032842541113495827, -0.014163716696202755, 0.03439606726169586, -0.012822598218917847, 0.015829479321837425, 0.01628030836582184, -0.01647503860294819, -0.010902786627411842, 0.007184278219938278, 0.0018172007985413074, 0.023785900324583054, 0.012746922671794891, -0.0040528131648898125, -0.007749701850116253, 0.028500741347670555, 0.009736492298543453, -0.002384427236393094, 0.010905957780778408]]
  Policy Std: [[0.9991067051887512, 1.0012518167495728, 1.0019515752792358, 1.0023138523101807, 0.9989719390869141, 1.0008952617645264, 1.0002809762954712, 1.002434492111206, 1.0006232261657715, 0.9992192983627319, 1.0001494884490967, 1.0011566877365112, 0.9982251524925232, 1.00291109085083, 1.0022505521774292, 0.9988248348236084, 1.0015581846237183, 0.9973443746566772, 1.00054132938385, 1.0021677017211914, 1.0029916763305664, 0.9990875124931335, 0.9989128112792969, 1.0027989149093628, 1.000711441040039, 0.999455451965332, 0.9992843866348267, 0.9995128512382507, 1.0009386539459229]]

Step 161:
  Date/Day: 162
  Action: [[-0.0028459602035582066, -0.023653583601117134, -0.015307039953768253, -0.002857270883396268, 0.01384352333843708, 0.020236508920788765, 0.01160284411162138, -0.01986834593117237, -0.020229915156960487, 0.002753304783254862, 0.019623301923274994, -0.0032842541113495827, -0.014163716696202755, 0.03439606726169586, -0.012822598218917847, 0.015829479321837425, 0.01628030836582184, -0.01647503860294819, -0.010902786627411842, 0.007184278219938278, 0.0018172007985413074, 0.023785900324583054, 0.012746922671794891, -0.0040528131648898125, -0.007749701850116253, 0.028500741347670555, 0.009736492298543453, -0.002384427236393094, 0.010905957780778408]]
  Reward: -0.15232661366462708
  Account Value: None
  Done: False
  Policy Mean: [[-0.0028459602035582066, -0.023653583601117134, -0.015307039953768253, -0.002857270883396268, 0.01384352333843708, 0.020236508920788765, 0.01160284411162138, -0.01986834593117237, -0.020229915156960487, 0.002753304783254862, 0.019623301923274994, -0.0032842541113495827, -0.014163716696202755, 0.03439606726169586, -0.012822598218917847, 0.015829479321837425, 0.01628030836582184, -0.01647503860294819, -0.010902786627411842, 0.007184278219938278, 0.0018172007985413074, 0.023785900324583054, 0.012746922671794891, -0.0040528131648898125, -0.007749701850116253, 0.028500741347670555, 0.009736492298543453, -0.002384427236393094, 0.010905957780778408]]
  Policy Std: [[0.9991067051887512, 1.0012518167495728, 1.0019515752792358, 1.0023138523101807, 0.9989719390869141, 1.0008952617645264, 1.0002809762954712, 1.002434492111206, 1.0006232261657715, 0.9992192983627319, 1.0001494884490967, 1.0011566877365112, 0.9982251524925232, 1.00291109085083, 1.0022505521774292, 0.9988248348236084, 1.0015581846237183, 0.9973443746566772, 1.00054132938385, 1.0021677017211914, 1.0029916763305664, 0.9990875124931335, 0.9989128112792969, 1.0027989149093628, 1.000711441040039, 0.999455451965332, 0.9992843866348267, 0.9995128512382507, 1.0009386539459229]]

Step 162:
  Date/Day: 163
  Action: [[-0.0028459602035582066, -0.023653583601117134, -0.015307039953768253, -0.002857270883396268, 0.01384352333843708, 0.020236508920788765, 0.01160284411162138, -0.01986834593117237, -0.020229915156960487, 0.002753304783254862, 0.019623301923274994, -0.0032842541113495827, -0.014163716696202755, 0.03439606726169586, -0.012822598218917847, 0.015829479321837425, 0.01628030836582184, -0.01647503860294819, -0.010902786627411842, 0.007184278219938278, 0.0018172007985413074, 0.023785900324583054, 0.012746922671794891, -0.0040528131648898125, -0.007749701850116253, 0.028500741347670555, 0.009736492298543453, -0.002384427236393094, 0.010905957780778408]]
  Reward: 0.40745511651039124
  Account Value: None
  Done: False
  Policy Mean: [[-0.0028459602035582066, -0.023653583601117134, -0.015307039953768253, -0.002857270883396268, 0.01384352333843708, 0.020236508920788765, 0.01160284411162138, -0.01986834593117237, -0.020229915156960487, 0.002753304783254862, 0.019623301923274994, -0.0032842541113495827, -0.014163716696202755, 0.03439606726169586, -0.012822598218917847, 0.015829479321837425, 0.01628030836582184, -0.01647503860294819, -0.010902786627411842, 0.007184278219938278, 0.0018172007985413074, 0.023785900324583054, 0.012746922671794891, -0.0040528131648898125, -0.007749701850116253, 0.028500741347670555, 0.009736492298543453, -0.002384427236393094, 0.010905957780778408]]
  Policy Std: [[0.9991067051887512, 1.0012518167495728, 1.0019515752792358, 1.0023138523101807, 0.9989719390869141, 1.0008952617645264, 1.0002809762954712, 1.002434492111206, 1.0006232261657715, 0.9992192983627319, 1.0001494884490967, 1.0011566877365112, 0.9982251524925232, 1.00291109085083, 1.0022505521774292, 0.9988248348236084, 1.0015581846237183, 0.9973443746566772, 1.00054132938385, 1.0021677017211914, 1.0029916763305664, 0.9990875124931335, 0.9989128112792969, 1.0027989149093628, 1.000711441040039, 0.999455451965332, 0.9992843866348267, 0.9995128512382507, 1.0009386539459229]]

Step 163:
  Date/Day: 164
  Action: [[-0.0028459602035582066, -0.023653583601117134, -0.015307039953768253, -0.002857270883396268, 0.01384352333843708, 0.020236508920788765, 0.01160284411162138, -0.01986834593117237, -0.020229915156960487, 0.002753304783254862, 0.019623301923274994, -0.0032842541113495827, -0.014163716696202755, 0.03439606726169586, -0.012822598218917847, 0.015829479321837425, 0.01628030836582184, -0.01647503860294819, -0.010902786627411842, 0.007184278219938278, 0.0018172007985413074, 0.023785900324583054, 0.012746922671794891, -0.0040528131648898125, -0.007749701850116253, 0.028500741347670555, 0.009736492298543453, -0.002384427236393094, 0.010905957780778408]]
  Reward: -0.788421094417572
  Account Value: None
  Done: False
  Policy Mean: [[-0.0028459602035582066, -0.023653583601117134, -0.015307039953768253, -0.002857270883396268, 0.01384352333843708, 0.020236508920788765, 0.01160284411162138, -0.01986834593117237, -0.020229915156960487, 0.002753304783254862, 0.019623301923274994, -0.0032842541113495827, -0.014163716696202755, 0.03439606726169586, -0.012822598218917847, 0.015829479321837425, 0.01628030836582184, -0.01647503860294819, -0.010902786627411842, 0.007184278219938278, 0.0018172007985413074, 0.023785900324583054, 0.012746922671794891, -0.0040528131648898125, -0.007749701850116253, 0.028500741347670555, 0.009736492298543453, -0.002384427236393094, 0.010905957780778408]]
  Policy Std: [[0.9991067051887512, 1.0012518167495728, 1.0019515752792358, 1.0023138523101807, 0.9989719390869141, 1.0008952617645264, 1.0002809762954712, 1.002434492111206, 1.0006232261657715, 0.9992192983627319, 1.0001494884490967, 1.0011566877365112, 0.9982251524925232, 1.00291109085083, 1.0022505521774292, 0.9988248348236084, 1.0015581846237183, 0.9973443746566772, 1.00054132938385, 1.0021677017211914, 1.0029916763305664, 0.9990875124931335, 0.9989128112792969, 1.0027989149093628, 1.000711441040039, 0.999455451965332, 0.9992843866348267, 0.9995128512382507, 1.0009386539459229]]

Step 164:
  Date/Day: 165
  Action: [[-0.0028459602035582066, -0.023653583601117134, -0.015307039953768253, -0.002857270883396268, 0.01384352333843708, 0.020236508920788765, 0.01160284411162138, -0.01986834593117237, -0.020229915156960487, 0.002753304783254862, 0.019623301923274994, -0.0032842541113495827, -0.014163716696202755, 0.03439606726169586, -0.012822598218917847, 0.015829479321837425, 0.01628030836582184, -0.01647503860294819, -0.010902786627411842, 0.007184278219938278, 0.0018172007985413074, 0.023785900324583054, 0.012746922671794891, -0.0040528131648898125, -0.007749701850116253, 0.028500741347670555, 0.009736492298543453, -0.002384427236393094, 0.010905957780778408]]
  Reward: -0.7403193116188049
  Account Value: None
  Done: False
  Policy Mean: [[-0.0028459602035582066, -0.023653583601117134, -0.015307039953768253, -0.002857270883396268, 0.01384352333843708, 0.020236508920788765, 0.01160284411162138, -0.01986834593117237, -0.020229915156960487, 0.002753304783254862, 0.019623301923274994, -0.0032842541113495827, -0.014163716696202755, 0.03439606726169586, -0.012822598218917847, 0.015829479321837425, 0.01628030836582184, -0.01647503860294819, -0.010902786627411842, 0.007184278219938278, 0.0018172007985413074, 0.023785900324583054, 0.012746922671794891, -0.0040528131648898125, -0.007749701850116253, 0.028500741347670555, 0.009736492298543453, -0.002384427236393094, 0.010905957780778408]]
  Policy Std: [[0.9991067051887512, 1.0012518167495728, 1.0019515752792358, 1.0023138523101807, 0.9989719390869141, 1.0008952617645264, 1.0002809762954712, 1.002434492111206, 1.0006232261657715, 0.9992192983627319, 1.0001494884490967, 1.0011566877365112, 0.9982251524925232, 1.00291109085083, 1.0022505521774292, 0.9988248348236084, 1.0015581846237183, 0.9973443746566772, 1.00054132938385, 1.0021677017211914, 1.0029916763305664, 0.9990875124931335, 0.9989128112792969, 1.0027989149093628, 1.000711441040039, 0.999455451965332, 0.9992843866348267, 0.9995128512382507, 1.0009386539459229]]

Step 165:
  Date/Day: 166
  Action: [[-0.0028459602035582066, -0.023653583601117134, -0.015307039953768253, -0.002857270883396268, 0.01384352333843708, 0.020236508920788765, 0.01160284411162138, -0.01986834593117237, -0.020229915156960487, 0.002753304783254862, 0.019623301923274994, -0.0032842541113495827, -0.014163716696202755, 0.03439606726169586, -0.012822598218917847, 0.015829479321837425, 0.01628030836582184, -0.01647503860294819, -0.010902786627411842, 0.007184278219938278, 0.0018172007985413074, 0.023785900324583054, 0.012746922671794891, -0.0040528131648898125, -0.007749701850116253, 0.028500741347670555, 0.009736492298543453, -0.002384427236393094, 0.010905957780778408]]
  Reward: 0.5962607860565186
  Account Value: None
  Done: False
  Policy Mean: [[-0.0028459602035582066, -0.023653583601117134, -0.015307039953768253, -0.002857270883396268, 0.01384352333843708, 0.020236508920788765, 0.01160284411162138, -0.01986834593117237, -0.020229915156960487, 0.002753304783254862, 0.019623301923274994, -0.0032842541113495827, -0.014163716696202755, 0.03439606726169586, -0.012822598218917847, 0.015829479321837425, 0.01628030836582184, -0.01647503860294819, -0.010902786627411842, 0.007184278219938278, 0.0018172007985413074, 0.023785900324583054, 0.012746922671794891, -0.0040528131648898125, -0.007749701850116253, 0.028500741347670555, 0.009736492298543453, -0.002384427236393094, 0.010905957780778408]]
  Policy Std: [[0.9991067051887512, 1.0012518167495728, 1.0019515752792358, 1.0023138523101807, 0.9989719390869141, 1.0008952617645264, 1.0002809762954712, 1.002434492111206, 1.0006232261657715, 0.9992192983627319, 1.0001494884490967, 1.0011566877365112, 0.9982251524925232, 1.00291109085083, 1.0022505521774292, 0.9988248348236084, 1.0015581846237183, 0.9973443746566772, 1.00054132938385, 1.0021677017211914, 1.0029916763305664, 0.9990875124931335, 0.9989128112792969, 1.0027989149093628, 1.000711441040039, 0.999455451965332, 0.9992843866348267, 0.9995128512382507, 1.0009386539459229]]

Step 166:
  Date/Day: 167
  Action: [[-0.0028459602035582066, -0.023653583601117134, -0.015307039953768253, -0.002857270883396268, 0.01384352333843708, 0.020236508920788765, 0.01160284411162138, -0.01986834593117237, -0.020229915156960487, 0.002753304783254862, 0.019623301923274994, -0.0032842541113495827, -0.014163716696202755, 0.03439606726169586, -0.012822598218917847, 0.015829479321837425, 0.01628030836582184, -0.01647503860294819, -0.010902786627411842, 0.007184278219938278, 0.0018172007985413074, 0.023785900324583054, 0.012746922671794891, -0.0040528131648898125, -0.007749701850116253, 0.028500741347670555, 0.009736492298543453, -0.002384427236393094, 0.010905957780778408]]
  Reward: -0.3834575414657593
  Account Value: None
  Done: False
  Policy Mean: [[-0.0028459602035582066, -0.023653583601117134, -0.015307039953768253, -0.002857270883396268, 0.01384352333843708, 0.020236508920788765, 0.01160284411162138, -0.01986834593117237, -0.020229915156960487, 0.002753304783254862, 0.019623301923274994, -0.0032842541113495827, -0.014163716696202755, 0.03439606726169586, -0.012822598218917847, 0.015829479321837425, 0.01628030836582184, -0.01647503860294819, -0.010902786627411842, 0.007184278219938278, 0.0018172007985413074, 0.023785900324583054, 0.012746922671794891, -0.0040528131648898125, -0.007749701850116253, 0.028500741347670555, 0.009736492298543453, -0.002384427236393094, 0.010905957780778408]]
  Policy Std: [[0.9991067051887512, 1.0012518167495728, 1.0019515752792358, 1.0023138523101807, 0.9989719390869141, 1.0008952617645264, 1.0002809762954712, 1.002434492111206, 1.0006232261657715, 0.9992192983627319, 1.0001494884490967, 1.0011566877365112, 0.9982251524925232, 1.00291109085083, 1.0022505521774292, 0.9988248348236084, 1.0015581846237183, 0.9973443746566772, 1.00054132938385, 1.0021677017211914, 1.0029916763305664, 0.9990875124931335, 0.9989128112792969, 1.0027989149093628, 1.000711441040039, 0.999455451965332, 0.9992843866348267, 0.9995128512382507, 1.0009386539459229]]

Step 167:
  Date/Day: 168
  Action: [[-0.0028459602035582066, -0.023653583601117134, -0.015307039953768253, -0.002857270883396268, 0.01384352333843708, 0.020236508920788765, 0.01160284411162138, -0.01986834593117237, -0.020229915156960487, 0.002753304783254862, 0.019623301923274994, -0.0032842541113495827, -0.014163716696202755, 0.03439606726169586, -0.012822598218917847, 0.015829479321837425, 0.01628030836582184, -0.01647503860294819, -0.010902786627411842, 0.007184278219938278, 0.0018172007985413074, 0.023785900324583054, 0.012746922671794891, -0.0040528131648898125, -0.007749701850116253, 0.028500741347670555, 0.009736492298543453, -0.002384427236393094, 0.010905957780778408]]
  Reward: -0.512418806552887
  Account Value: None
  Done: False
  Policy Mean: [[-0.0028459602035582066, -0.023653583601117134, -0.015307039953768253, -0.002857270883396268, 0.01384352333843708, 0.020236508920788765, 0.01160284411162138, -0.01986834593117237, -0.020229915156960487, 0.002753304783254862, 0.019623301923274994, -0.0032842541113495827, -0.014163716696202755, 0.03439606726169586, -0.012822598218917847, 0.015829479321837425, 0.01628030836582184, -0.01647503860294819, -0.010902786627411842, 0.007184278219938278, 0.0018172007985413074, 0.023785900324583054, 0.012746922671794891, -0.0040528131648898125, -0.007749701850116253, 0.028500741347670555, 0.009736492298543453, -0.002384427236393094, 0.010905957780778408]]
  Policy Std: [[0.9991067051887512, 1.0012518167495728, 1.0019515752792358, 1.0023138523101807, 0.9989719390869141, 1.0008952617645264, 1.0002809762954712, 1.002434492111206, 1.0006232261657715, 0.9992192983627319, 1.0001494884490967, 1.0011566877365112, 0.9982251524925232, 1.00291109085083, 1.0022505521774292, 0.9988248348236084, 1.0015581846237183, 0.9973443746566772, 1.00054132938385, 1.0021677017211914, 1.0029916763305664, 0.9990875124931335, 0.9989128112792969, 1.0027989149093628, 1.000711441040039, 0.999455451965332, 0.9992843866348267, 0.9995128512382507, 1.0009386539459229]]

Step 168:
  Date/Day: 169
  Action: [[-0.0028459602035582066, -0.023653583601117134, -0.015307039953768253, -0.002857270883396268, 0.01384352333843708, 0.020236508920788765, 0.01160284411162138, -0.01986834593117237, -0.020229915156960487, 0.002753304783254862, 0.019623301923274994, -0.0032842541113495827, -0.014163716696202755, 0.03439606726169586, -0.012822598218917847, 0.015829479321837425, 0.01628030836582184, -0.01647503860294819, -0.010902786627411842, 0.007184278219938278, 0.0018172007985413074, 0.023785900324583054, 0.012746922671794891, -0.0040528131648898125, -0.007749701850116253, 0.028500741347670555, 0.009736492298543453, -0.002384427236393094, 0.010905957780778408]]
  Reward: -0.4854699671268463
  Account Value: None
  Done: False
  Policy Mean: [[-0.0028459602035582066, -0.023653583601117134, -0.015307039953768253, -0.002857270883396268, 0.01384352333843708, 0.020236508920788765, 0.01160284411162138, -0.01986834593117237, -0.020229915156960487, 0.002753304783254862, 0.019623301923274994, -0.0032842541113495827, -0.014163716696202755, 0.03439606726169586, -0.012822598218917847, 0.015829479321837425, 0.01628030836582184, -0.01647503860294819, -0.010902786627411842, 0.007184278219938278, 0.0018172007985413074, 0.023785900324583054, 0.012746922671794891, -0.0040528131648898125, -0.007749701850116253, 0.028500741347670555, 0.009736492298543453, -0.002384427236393094, 0.010905957780778408]]
  Policy Std: [[0.9991067051887512, 1.0012518167495728, 1.0019515752792358, 1.0023138523101807, 0.9989719390869141, 1.0008952617645264, 1.0002809762954712, 1.002434492111206, 1.0006232261657715, 0.9992192983627319, 1.0001494884490967, 1.0011566877365112, 0.9982251524925232, 1.00291109085083, 1.0022505521774292, 0.9988248348236084, 1.0015581846237183, 0.9973443746566772, 1.00054132938385, 1.0021677017211914, 1.0029916763305664, 0.9990875124931335, 0.9989128112792969, 1.0027989149093628, 1.000711441040039, 0.999455451965332, 0.9992843866348267, 0.9995128512382507, 1.0009386539459229]]

Step 169:
  Date/Day: 170
  Action: [[-0.0028459602035582066, -0.023653583601117134, -0.015307039953768253, -0.002857270883396268, 0.01384352333843708, 0.020236508920788765, 0.01160284411162138, -0.01986834593117237, -0.020229915156960487, 0.002753304783254862, 0.019623301923274994, -0.0032842541113495827, -0.014163716696202755, 0.03439606726169586, -0.012822598218917847, 0.015829479321837425, 0.01628030836582184, -0.01647503860294819, -0.010902786627411842, 0.007184278219938278, 0.0018172007985413074, 0.023785900324583054, 0.012746922671794891, -0.0040528131648898125, -0.007749701850116253, 0.028500741347670555, 0.009736492298543453, -0.002384427236393094, 0.010905957780778408]]
  Reward: 0.7706692814826965
  Account Value: None
  Done: False
  Policy Mean: [[-0.0028459602035582066, -0.023653583601117134, -0.015307039953768253, -0.002857270883396268, 0.01384352333843708, 0.020236508920788765, 0.01160284411162138, -0.01986834593117237, -0.020229915156960487, 0.002753304783254862, 0.019623301923274994, -0.0032842541113495827, -0.014163716696202755, 0.03439606726169586, -0.012822598218917847, 0.015829479321837425, 0.01628030836582184, -0.01647503860294819, -0.010902786627411842, 0.007184278219938278, 0.0018172007985413074, 0.023785900324583054, 0.012746922671794891, -0.0040528131648898125, -0.007749701850116253, 0.028500741347670555, 0.009736492298543453, -0.002384427236393094, 0.010905957780778408]]
  Policy Std: [[0.9991067051887512, 1.0012518167495728, 1.0019515752792358, 1.0023138523101807, 0.9989719390869141, 1.0008952617645264, 1.0002809762954712, 1.002434492111206, 1.0006232261657715, 0.9992192983627319, 1.0001494884490967, 1.0011566877365112, 0.9982251524925232, 1.00291109085083, 1.0022505521774292, 0.9988248348236084, 1.0015581846237183, 0.9973443746566772, 1.00054132938385, 1.0021677017211914, 1.0029916763305664, 0.9990875124931335, 0.9989128112792969, 1.0027989149093628, 1.000711441040039, 0.999455451965332, 0.9992843866348267, 0.9995128512382507, 1.0009386539459229]]

Step 170:
  Date/Day: 171
  Action: [[-0.0028459602035582066, -0.023653583601117134, -0.015307039953768253, -0.002857270883396268, 0.01384352333843708, 0.020236508920788765, 0.01160284411162138, -0.01986834593117237, -0.020229915156960487, 0.002753304783254862, 0.019623301923274994, -0.0032842541113495827, -0.014163716696202755, 0.03439606726169586, -0.012822598218917847, 0.015829479321837425, 0.01628030836582184, -0.01647503860294819, -0.010902786627411842, 0.007184278219938278, 0.0018172007985413074, 0.023785900324583054, 0.012746922671794891, -0.0040528131648898125, -0.007749701850116253, 0.028500741347670555, 0.009736492298543453, -0.002384427236393094, 0.010905957780778408]]
  Reward: 0.23856496810913086
  Account Value: None
  Done: False
  Policy Mean: [[-0.0028459602035582066, -0.023653583601117134, -0.015307039953768253, -0.002857270883396268, 0.01384352333843708, 0.020236508920788765, 0.01160284411162138, -0.01986834593117237, -0.020229915156960487, 0.002753304783254862, 0.019623301923274994, -0.0032842541113495827, -0.014163716696202755, 0.03439606726169586, -0.012822598218917847, 0.015829479321837425, 0.01628030836582184, -0.01647503860294819, -0.010902786627411842, 0.007184278219938278, 0.0018172007985413074, 0.023785900324583054, 0.012746922671794891, -0.0040528131648898125, -0.007749701850116253, 0.028500741347670555, 0.009736492298543453, -0.002384427236393094, 0.010905957780778408]]
  Policy Std: [[0.9991067051887512, 1.0012518167495728, 1.0019515752792358, 1.0023138523101807, 0.9989719390869141, 1.0008952617645264, 1.0002809762954712, 1.002434492111206, 1.0006232261657715, 0.9992192983627319, 1.0001494884490967, 1.0011566877365112, 0.9982251524925232, 1.00291109085083, 1.0022505521774292, 0.9988248348236084, 1.0015581846237183, 0.9973443746566772, 1.00054132938385, 1.0021677017211914, 1.0029916763305664, 0.9990875124931335, 0.9989128112792969, 1.0027989149093628, 1.000711441040039, 0.999455451965332, 0.9992843866348267, 0.9995128512382507, 1.0009386539459229]]

Step 171:
  Date/Day: 172
  Action: [[-0.0028459602035582066, -0.023653583601117134, -0.015307039953768253, -0.002857270883396268, 0.01384352333843708, 0.020236508920788765, 0.01160284411162138, -0.01986834593117237, -0.020229915156960487, 0.002753304783254862, 0.019623301923274994, -0.0032842541113495827, -0.014163716696202755, 0.03439606726169586, -0.012822598218917847, 0.015829479321837425, 0.01628030836582184, -0.01647503860294819, -0.010902786627411842, 0.007184278219938278, 0.0018172007985413074, 0.023785900324583054, 0.012746922671794891, -0.0040528131648898125, -0.007749701850116253, 0.028500741347670555, 0.009736492298543453, -0.002384427236393094, 0.010905957780778408]]
  Reward: 0.309569776058197
  Account Value: None
  Done: False
  Policy Mean: [[-0.0028459602035582066, -0.023653583601117134, -0.015307039953768253, -0.002857270883396268, 0.01384352333843708, 0.020236508920788765, 0.01160284411162138, -0.01986834593117237, -0.020229915156960487, 0.002753304783254862, 0.019623301923274994, -0.0032842541113495827, -0.014163716696202755, 0.03439606726169586, -0.012822598218917847, 0.015829479321837425, 0.01628030836582184, -0.01647503860294819, -0.010902786627411842, 0.007184278219938278, 0.0018172007985413074, 0.023785900324583054, 0.012746922671794891, -0.0040528131648898125, -0.007749701850116253, 0.028500741347670555, 0.009736492298543453, -0.002384427236393094, 0.010905957780778408]]
  Policy Std: [[0.9991067051887512, 1.0012518167495728, 1.0019515752792358, 1.0023138523101807, 0.9989719390869141, 1.0008952617645264, 1.0002809762954712, 1.002434492111206, 1.0006232261657715, 0.9992192983627319, 1.0001494884490967, 1.0011566877365112, 0.9982251524925232, 1.00291109085083, 1.0022505521774292, 0.9988248348236084, 1.0015581846237183, 0.9973443746566772, 1.00054132938385, 1.0021677017211914, 1.0029916763305664, 0.9990875124931335, 0.9989128112792969, 1.0027989149093628, 1.000711441040039, 0.999455451965332, 0.9992843866348267, 0.9995128512382507, 1.0009386539459229]]

Step 172:
  Date/Day: 173
  Action: [[-0.0028459602035582066, -0.023653583601117134, -0.015307039953768253, -0.002857270883396268, 0.01384352333843708, 0.020236508920788765, 0.01160284411162138, -0.01986834593117237, -0.020229915156960487, 0.002753304783254862, 0.019623301923274994, -0.0032842541113495827, -0.014163716696202755, 0.03439606726169586, -0.012822598218917847, 0.015829479321837425, 0.01628030836582184, -0.01647503860294819, -0.010902786627411842, 0.007184278219938278, 0.0018172007985413074, 0.023785900324583054, 0.012746922671794891, -0.0040528131648898125, -0.007749701850116253, 0.028500741347670555, 0.009736492298543453, -0.002384427236393094, 0.010905957780778408]]
  Reward: 0.4095534384250641
  Account Value: None
  Done: False
  Policy Mean: [[-0.0028459602035582066, -0.023653583601117134, -0.015307039953768253, -0.002857270883396268, 0.01384352333843708, 0.020236508920788765, 0.01160284411162138, -0.01986834593117237, -0.020229915156960487, 0.002753304783254862, 0.019623301923274994, -0.0032842541113495827, -0.014163716696202755, 0.03439606726169586, -0.012822598218917847, 0.015829479321837425, 0.01628030836582184, -0.01647503860294819, -0.010902786627411842, 0.007184278219938278, 0.0018172007985413074, 0.023785900324583054, 0.012746922671794891, -0.0040528131648898125, -0.007749701850116253, 0.028500741347670555, 0.009736492298543453, -0.002384427236393094, 0.010905957780778408]]
  Policy Std: [[0.9991067051887512, 1.0012518167495728, 1.0019515752792358, 1.0023138523101807, 0.9989719390869141, 1.0008952617645264, 1.0002809762954712, 1.002434492111206, 1.0006232261657715, 0.9992192983627319, 1.0001494884490967, 1.0011566877365112, 0.9982251524925232, 1.00291109085083, 1.0022505521774292, 0.9988248348236084, 1.0015581846237183, 0.9973443746566772, 1.00054132938385, 1.0021677017211914, 1.0029916763305664, 0.9990875124931335, 0.9989128112792969, 1.0027989149093628, 1.000711441040039, 0.999455451965332, 0.9992843866348267, 0.9995128512382507, 1.0009386539459229]]

Step 173:
  Date/Day: 174
  Action: [[-0.0028459602035582066, -0.023653583601117134, -0.015307039953768253, -0.002857270883396268, 0.01384352333843708, 0.020236508920788765, 0.01160284411162138, -0.01986834593117237, -0.020229915156960487, 0.002753304783254862, 0.019623301923274994, -0.0032842541113495827, -0.014163716696202755, 0.03439606726169586, -0.012822598218917847, 0.015829479321837425, 0.01628030836582184, -0.01647503860294819, -0.010902786627411842, 0.007184278219938278, 0.0018172007985413074, 0.023785900324583054, 0.012746922671794891, -0.0040528131648898125, -0.007749701850116253, 0.028500741347670555, 0.009736492298543453, -0.002384427236393094, 0.010905957780778408]]
  Reward: 0.41561681032180786
  Account Value: None
  Done: False
  Policy Mean: [[-0.0028459602035582066, -0.023653583601117134, -0.015307039953768253, -0.002857270883396268, 0.01384352333843708, 0.020236508920788765, 0.01160284411162138, -0.01986834593117237, -0.020229915156960487, 0.002753304783254862, 0.019623301923274994, -0.0032842541113495827, -0.014163716696202755, 0.03439606726169586, -0.012822598218917847, 0.015829479321837425, 0.01628030836582184, -0.01647503860294819, -0.010902786627411842, 0.007184278219938278, 0.0018172007985413074, 0.023785900324583054, 0.012746922671794891, -0.0040528131648898125, -0.007749701850116253, 0.028500741347670555, 0.009736492298543453, -0.002384427236393094, 0.010905957780778408]]
  Policy Std: [[0.9991067051887512, 1.0012518167495728, 1.0019515752792358, 1.0023138523101807, 0.9989719390869141, 1.0008952617645264, 1.0002809762954712, 1.002434492111206, 1.0006232261657715, 0.9992192983627319, 1.0001494884490967, 1.0011566877365112, 0.9982251524925232, 1.00291109085083, 1.0022505521774292, 0.9988248348236084, 1.0015581846237183, 0.9973443746566772, 1.00054132938385, 1.0021677017211914, 1.0029916763305664, 0.9990875124931335, 0.9989128112792969, 1.0027989149093628, 1.000711441040039, 0.999455451965332, 0.9992843866348267, 0.9995128512382507, 1.0009386539459229]]

Step 174:
  Date/Day: 175
  Action: [[-0.0028459602035582066, -0.023653583601117134, -0.015307039953768253, -0.002857270883396268, 0.01384352333843708, 0.020236508920788765, 0.01160284411162138, -0.01986834593117237, -0.020229915156960487, 0.002753304783254862, 0.019623301923274994, -0.0032842541113495827, -0.014163716696202755, 0.03439606726169586, -0.012822598218917847, 0.015829479321837425, 0.01628030836582184, -0.01647503860294819, -0.010902786627411842, 0.007184278219938278, 0.0018172007985413074, 0.023785900324583054, 0.012746922671794891, -0.0040528131648898125, -0.007749701850116253, 0.028500741347670555, 0.009736492298543453, -0.002384427236393094, 0.010905957780778408]]
  Reward: 0.07108061760663986
  Account Value: None
  Done: False
  Policy Mean: [[-0.0028459602035582066, -0.023653583601117134, -0.015307039953768253, -0.002857270883396268, 0.01384352333843708, 0.020236508920788765, 0.01160284411162138, -0.01986834593117237, -0.020229915156960487, 0.002753304783254862, 0.019623301923274994, -0.0032842541113495827, -0.014163716696202755, 0.03439606726169586, -0.012822598218917847, 0.015829479321837425, 0.01628030836582184, -0.01647503860294819, -0.010902786627411842, 0.007184278219938278, 0.0018172007985413074, 0.023785900324583054, 0.012746922671794891, -0.0040528131648898125, -0.007749701850116253, 0.028500741347670555, 0.009736492298543453, -0.002384427236393094, 0.010905957780778408]]
  Policy Std: [[0.9991067051887512, 1.0012518167495728, 1.0019515752792358, 1.0023138523101807, 0.9989719390869141, 1.0008952617645264, 1.0002809762954712, 1.002434492111206, 1.0006232261657715, 0.9992192983627319, 1.0001494884490967, 1.0011566877365112, 0.9982251524925232, 1.00291109085083, 1.0022505521774292, 0.9988248348236084, 1.0015581846237183, 0.9973443746566772, 1.00054132938385, 1.0021677017211914, 1.0029916763305664, 0.9990875124931335, 0.9989128112792969, 1.0027989149093628, 1.000711441040039, 0.999455451965332, 0.9992843866348267, 0.9995128512382507, 1.0009386539459229]]

Step 175:
  Date/Day: 176
  Action: [[-0.0028459602035582066, -0.023653583601117134, -0.015307039953768253, -0.002857270883396268, 0.01384352333843708, 0.020236508920788765, 0.01160284411162138, -0.01986834593117237, -0.020229915156960487, 0.002753304783254862, 0.019623301923274994, -0.0032842541113495827, -0.014163716696202755, 0.03439606726169586, -0.012822598218917847, 0.015829479321837425, 0.01628030836582184, -0.01647503860294819, -0.010902786627411842, 0.007184278219938278, 0.0018172007985413074, 0.023785900324583054, 0.012746922671794891, -0.0040528131648898125, -0.007749701850116253, 0.028500741347670555, 0.009736492298543453, -0.002384427236393094, 0.010905957780778408]]
  Reward: 0.3066575527191162
  Account Value: None
  Done: False
  Policy Mean: [[-0.0028459602035582066, -0.023653583601117134, -0.015307039953768253, -0.002857270883396268, 0.01384352333843708, 0.020236508920788765, 0.01160284411162138, -0.01986834593117237, -0.020229915156960487, 0.002753304783254862, 0.019623301923274994, -0.0032842541113495827, -0.014163716696202755, 0.03439606726169586, -0.012822598218917847, 0.015829479321837425, 0.01628030836582184, -0.01647503860294819, -0.010902786627411842, 0.007184278219938278, 0.0018172007985413074, 0.023785900324583054, 0.012746922671794891, -0.0040528131648898125, -0.007749701850116253, 0.028500741347670555, 0.009736492298543453, -0.002384427236393094, 0.010905957780778408]]
  Policy Std: [[0.9991067051887512, 1.0012518167495728, 1.0019515752792358, 1.0023138523101807, 0.9989719390869141, 1.0008952617645264, 1.0002809762954712, 1.002434492111206, 1.0006232261657715, 0.9992192983627319, 1.0001494884490967, 1.0011566877365112, 0.9982251524925232, 1.00291109085083, 1.0022505521774292, 0.9988248348236084, 1.0015581846237183, 0.9973443746566772, 1.00054132938385, 1.0021677017211914, 1.0029916763305664, 0.9990875124931335, 0.9989128112792969, 1.0027989149093628, 1.000711441040039, 0.999455451965332, 0.9992843866348267, 0.9995128512382507, 1.0009386539459229]]

Step 176:
  Date/Day: 177
  Action: [[-0.0028459602035582066, -0.023653583601117134, -0.015307039953768253, -0.002857270883396268, 0.01384352333843708, 0.020236508920788765, 0.01160284411162138, -0.01986834593117237, -0.020229915156960487, 0.002753304783254862, 0.019623301923274994, -0.0032842541113495827, -0.014163716696202755, 0.03439606726169586, -0.012822598218917847, 0.015829479321837425, 0.01628030836582184, -0.01647503860294819, -0.010902786627411842, 0.007184278219938278, 0.0018172007985413074, 0.023785900324583054, 0.012746922671794891, -0.0040528131648898125, -0.007749701850116253, 0.028500741347670555, 0.009736492298543453, -0.002384427236393094, 0.010905957780778408]]
  Reward: 0.11785905063152313
  Account Value: None
  Done: False
  Policy Mean: [[-0.0028459602035582066, -0.023653583601117134, -0.015307039953768253, -0.002857270883396268, 0.01384352333843708, 0.020236508920788765, 0.01160284411162138, -0.01986834593117237, -0.020229915156960487, 0.002753304783254862, 0.019623301923274994, -0.0032842541113495827, -0.014163716696202755, 0.03439606726169586, -0.012822598218917847, 0.015829479321837425, 0.01628030836582184, -0.01647503860294819, -0.010902786627411842, 0.007184278219938278, 0.0018172007985413074, 0.023785900324583054, 0.012746922671794891, -0.0040528131648898125, -0.007749701850116253, 0.028500741347670555, 0.009736492298543453, -0.002384427236393094, 0.010905957780778408]]
  Policy Std: [[0.9991067051887512, 1.0012518167495728, 1.0019515752792358, 1.0023138523101807, 0.9989719390869141, 1.0008952617645264, 1.0002809762954712, 1.002434492111206, 1.0006232261657715, 0.9992192983627319, 1.0001494884490967, 1.0011566877365112, 0.9982251524925232, 1.00291109085083, 1.0022505521774292, 0.9988248348236084, 1.0015581846237183, 0.9973443746566772, 1.00054132938385, 1.0021677017211914, 1.0029916763305664, 0.9990875124931335, 0.9989128112792969, 1.0027989149093628, 1.000711441040039, 0.999455451965332, 0.9992843866348267, 0.9995128512382507, 1.0009386539459229]]

Step 177:
  Date/Day: 178
  Action: [[-0.0028459602035582066, -0.023653583601117134, -0.015307039953768253, -0.002857270883396268, 0.01384352333843708, 0.020236508920788765, 0.01160284411162138, -0.01986834593117237, -0.020229915156960487, 0.002753304783254862, 0.019623301923274994, -0.0032842541113495827, -0.014163716696202755, 0.03439606726169586, -0.012822598218917847, 0.015829479321837425, 0.01628030836582184, -0.01647503860294819, -0.010902786627411842, 0.007184278219938278, 0.0018172007985413074, 0.023785900324583054, 0.012746922671794891, -0.0040528131648898125, -0.007749701850116253, 0.028500741347670555, 0.009736492298543453, -0.002384427236393094, 0.010905957780778408]]
  Reward: 0.030002910643815994
  Account Value: None
  Done: False
  Policy Mean: [[-0.0028459602035582066, -0.023653583601117134, -0.015307039953768253, -0.002857270883396268, 0.01384352333843708, 0.020236508920788765, 0.01160284411162138, -0.01986834593117237, -0.020229915156960487, 0.002753304783254862, 0.019623301923274994, -0.0032842541113495827, -0.014163716696202755, 0.03439606726169586, -0.012822598218917847, 0.015829479321837425, 0.01628030836582184, -0.01647503860294819, -0.010902786627411842, 0.007184278219938278, 0.0018172007985413074, 0.023785900324583054, 0.012746922671794891, -0.0040528131648898125, -0.007749701850116253, 0.028500741347670555, 0.009736492298543453, -0.002384427236393094, 0.010905957780778408]]
  Policy Std: [[0.9991067051887512, 1.0012518167495728, 1.0019515752792358, 1.0023138523101807, 0.9989719390869141, 1.0008952617645264, 1.0002809762954712, 1.002434492111206, 1.0006232261657715, 0.9992192983627319, 1.0001494884490967, 1.0011566877365112, 0.9982251524925232, 1.00291109085083, 1.0022505521774292, 0.9988248348236084, 1.0015581846237183, 0.9973443746566772, 1.00054132938385, 1.0021677017211914, 1.0029916763305664, 0.9990875124931335, 0.9989128112792969, 1.0027989149093628, 1.000711441040039, 0.999455451965332, 0.9992843866348267, 0.9995128512382507, 1.0009386539459229]]

Step 178:
  Date/Day: 179
  Action: [[-0.0028459602035582066, -0.023653583601117134, -0.015307039953768253, -0.002857270883396268, 0.01384352333843708, 0.020236508920788765, 0.01160284411162138, -0.01986834593117237, -0.020229915156960487, 0.002753304783254862, 0.019623301923274994, -0.0032842541113495827, -0.014163716696202755, 0.03439606726169586, -0.012822598218917847, 0.015829479321837425, 0.01628030836582184, -0.01647503860294819, -0.010902786627411842, 0.007184278219938278, 0.0018172007985413074, 0.023785900324583054, 0.012746922671794891, -0.0040528131648898125, -0.007749701850116253, 0.028500741347670555, 0.009736492298543453, -0.002384427236393094, 0.010905957780778408]]
  Reward: -0.3749632239341736
  Account Value: None
  Done: False
  Policy Mean: [[-0.0028459602035582066, -0.023653583601117134, -0.015307039953768253, -0.002857270883396268, 0.01384352333843708, 0.020236508920788765, 0.01160284411162138, -0.01986834593117237, -0.020229915156960487, 0.002753304783254862, 0.019623301923274994, -0.0032842541113495827, -0.014163716696202755, 0.03439606726169586, -0.012822598218917847, 0.015829479321837425, 0.01628030836582184, -0.01647503860294819, -0.010902786627411842, 0.007184278219938278, 0.0018172007985413074, 0.023785900324583054, 0.012746922671794891, -0.0040528131648898125, -0.007749701850116253, 0.028500741347670555, 0.009736492298543453, -0.002384427236393094, 0.010905957780778408]]
  Policy Std: [[0.9991067051887512, 1.0012518167495728, 1.0019515752792358, 1.0023138523101807, 0.9989719390869141, 1.0008952617645264, 1.0002809762954712, 1.002434492111206, 1.0006232261657715, 0.9992192983627319, 1.0001494884490967, 1.0011566877365112, 0.9982251524925232, 1.00291109085083, 1.0022505521774292, 0.9988248348236084, 1.0015581846237183, 0.9973443746566772, 1.00054132938385, 1.0021677017211914, 1.0029916763305664, 0.9990875124931335, 0.9989128112792969, 1.0027989149093628, 1.000711441040039, 0.999455451965332, 0.9992843866348267, 0.9995128512382507, 1.0009386539459229]]

Step 179:
  Date/Day: 180
  Action: [[-0.0028459602035582066, -0.023653583601117134, -0.015307039953768253, -0.002857270883396268, 0.01384352333843708, 0.020236508920788765, 0.01160284411162138, -0.01986834593117237, -0.020229915156960487, 0.002753304783254862, 0.019623301923274994, -0.0032842541113495827, -0.014163716696202755, 0.03439606726169586, -0.012822598218917847, 0.015829479321837425, 0.01628030836582184, -0.01647503860294819, -0.010902786627411842, 0.007184278219938278, 0.0018172007985413074, 0.023785900324583054, 0.012746922671794891, -0.0040528131648898125, -0.007749701850116253, 0.028500741347670555, 0.009736492298543453, -0.002384427236393094, 0.010905957780778408]]
  Reward: -0.5976245999336243
  Account Value: None
  Done: False
  Policy Mean: [[-0.0028459602035582066, -0.023653583601117134, -0.015307039953768253, -0.002857270883396268, 0.01384352333843708, 0.020236508920788765, 0.01160284411162138, -0.01986834593117237, -0.020229915156960487, 0.002753304783254862, 0.019623301923274994, -0.0032842541113495827, -0.014163716696202755, 0.03439606726169586, -0.012822598218917847, 0.015829479321837425, 0.01628030836582184, -0.01647503860294819, -0.010902786627411842, 0.007184278219938278, 0.0018172007985413074, 0.023785900324583054, 0.012746922671794891, -0.0040528131648898125, -0.007749701850116253, 0.028500741347670555, 0.009736492298543453, -0.002384427236393094, 0.010905957780778408]]
  Policy Std: [[0.9991067051887512, 1.0012518167495728, 1.0019515752792358, 1.0023138523101807, 0.9989719390869141, 1.0008952617645264, 1.0002809762954712, 1.002434492111206, 1.0006232261657715, 0.9992192983627319, 1.0001494884490967, 1.0011566877365112, 0.9982251524925232, 1.00291109085083, 1.0022505521774292, 0.9988248348236084, 1.0015581846237183, 0.9973443746566772, 1.00054132938385, 1.0021677017211914, 1.0029916763305664, 0.9990875124931335, 0.9989128112792969, 1.0027989149093628, 1.000711441040039, 0.999455451965332, 0.9992843866348267, 0.9995128512382507, 1.0009386539459229]]

Step 180:
  Date/Day: 181
  Action: [[-0.0028459602035582066, -0.023653583601117134, -0.015307039953768253, -0.002857270883396268, 0.01384352333843708, 0.020236508920788765, 0.01160284411162138, -0.01986834593117237, -0.020229915156960487, 0.002753304783254862, 0.019623301923274994, -0.0032842541113495827, -0.014163716696202755, 0.03439606726169586, -0.012822598218917847, 0.015829479321837425, 0.01628030836582184, -0.01647503860294819, -0.010902786627411842, 0.007184278219938278, 0.0018172007985413074, 0.023785900324583054, 0.012746922671794891, -0.0040528131648898125, -0.007749701850116253, 0.028500741347670555, 0.009736492298543453, -0.002384427236393094, 0.010905957780778408]]
  Reward: 0.281707763671875
  Account Value: None
  Done: False
  Policy Mean: [[-0.0028459602035582066, -0.023653583601117134, -0.015307039953768253, -0.002857270883396268, 0.01384352333843708, 0.020236508920788765, 0.01160284411162138, -0.01986834593117237, -0.020229915156960487, 0.002753304783254862, 0.019623301923274994, -0.0032842541113495827, -0.014163716696202755, 0.03439606726169586, -0.012822598218917847, 0.015829479321837425, 0.01628030836582184, -0.01647503860294819, -0.010902786627411842, 0.007184278219938278, 0.0018172007985413074, 0.023785900324583054, 0.012746922671794891, -0.0040528131648898125, -0.007749701850116253, 0.028500741347670555, 0.009736492298543453, -0.002384427236393094, 0.010905957780778408]]
  Policy Std: [[0.9991067051887512, 1.0012518167495728, 1.0019515752792358, 1.0023138523101807, 0.9989719390869141, 1.0008952617645264, 1.0002809762954712, 1.002434492111206, 1.0006232261657715, 0.9992192983627319, 1.0001494884490967, 1.0011566877365112, 0.9982251524925232, 1.00291109085083, 1.0022505521774292, 0.9988248348236084, 1.0015581846237183, 0.9973443746566772, 1.00054132938385, 1.0021677017211914, 1.0029916763305664, 0.9990875124931335, 0.9989128112792969, 1.0027989149093628, 1.000711441040039, 0.999455451965332, 0.9992843866348267, 0.9995128512382507, 1.0009386539459229]]

Step 181:
  Date/Day: 182
  Action: [[-0.0028459602035582066, -0.023653583601117134, -0.015307039953768253, -0.002857270883396268, 0.01384352333843708, 0.020236508920788765, 0.01160284411162138, -0.01986834593117237, -0.020229915156960487, 0.002753304783254862, 0.019623301923274994, -0.0032842541113495827, -0.014163716696202755, 0.03439606726169586, -0.012822598218917847, 0.015829479321837425, 0.01628030836582184, -0.01647503860294819, -0.010902786627411842, 0.007184278219938278, 0.0018172007985413074, 0.023785900324583054, 0.012746922671794891, -0.0040528131648898125, -0.007749701850116253, 0.028500741347670555, 0.009736492298543453, -0.002384427236393094, 0.010905957780778408]]
  Reward: -0.22332090139389038
  Account Value: None
  Done: False
  Policy Mean: [[-0.0028459602035582066, -0.023653583601117134, -0.015307039953768253, -0.002857270883396268, 0.01384352333843708, 0.020236508920788765, 0.01160284411162138, -0.01986834593117237, -0.020229915156960487, 0.002753304783254862, 0.019623301923274994, -0.0032842541113495827, -0.014163716696202755, 0.03439606726169586, -0.012822598218917847, 0.015829479321837425, 0.01628030836582184, -0.01647503860294819, -0.010902786627411842, 0.007184278219938278, 0.0018172007985413074, 0.023785900324583054, 0.012746922671794891, -0.0040528131648898125, -0.007749701850116253, 0.028500741347670555, 0.009736492298543453, -0.002384427236393094, 0.010905957780778408]]
  Policy Std: [[0.9991067051887512, 1.0012518167495728, 1.0019515752792358, 1.0023138523101807, 0.9989719390869141, 1.0008952617645264, 1.0002809762954712, 1.002434492111206, 1.0006232261657715, 0.9992192983627319, 1.0001494884490967, 1.0011566877365112, 0.9982251524925232, 1.00291109085083, 1.0022505521774292, 0.9988248348236084, 1.0015581846237183, 0.9973443746566772, 1.00054132938385, 1.0021677017211914, 1.0029916763305664, 0.9990875124931335, 0.9989128112792969, 1.0027989149093628, 1.000711441040039, 0.999455451965332, 0.9992843866348267, 0.9995128512382507, 1.0009386539459229]]

Step 182:
  Date/Day: 183
  Action: [[-0.0028459602035582066, -0.023653583601117134, -0.015307039953768253, -0.002857270883396268, 0.01384352333843708, 0.020236508920788765, 0.01160284411162138, -0.01986834593117237, -0.020229915156960487, 0.002753304783254862, 0.019623301923274994, -0.0032842541113495827, -0.014163716696202755, 0.03439606726169586, -0.012822598218917847, 0.015829479321837425, 0.01628030836582184, -0.01647503860294819, -0.010902786627411842, 0.007184278219938278, 0.0018172007985413074, 0.023785900324583054, 0.012746922671794891, -0.0040528131648898125, -0.007749701850116253, 0.028500741347670555, 0.009736492298543453, -0.002384427236393094, 0.010905957780778408]]
  Reward: -0.3179972469806671
  Account Value: None
  Done: False
  Policy Mean: [[-0.0028459602035582066, -0.023653583601117134, -0.015307039953768253, -0.002857270883396268, 0.01384352333843708, 0.020236508920788765, 0.01160284411162138, -0.01986834593117237, -0.020229915156960487, 0.002753304783254862, 0.019623301923274994, -0.0032842541113495827, -0.014163716696202755, 0.03439606726169586, -0.012822598218917847, 0.015829479321837425, 0.01628030836582184, -0.01647503860294819, -0.010902786627411842, 0.007184278219938278, 0.0018172007985413074, 0.023785900324583054, 0.012746922671794891, -0.0040528131648898125, -0.007749701850116253, 0.028500741347670555, 0.009736492298543453, -0.002384427236393094, 0.010905957780778408]]
  Policy Std: [[0.9991067051887512, 1.0012518167495728, 1.0019515752792358, 1.0023138523101807, 0.9989719390869141, 1.0008952617645264, 1.0002809762954712, 1.002434492111206, 1.0006232261657715, 0.9992192983627319, 1.0001494884490967, 1.0011566877365112, 0.9982251524925232, 1.00291109085083, 1.0022505521774292, 0.9988248348236084, 1.0015581846237183, 0.9973443746566772, 1.00054132938385, 1.0021677017211914, 1.0029916763305664, 0.9990875124931335, 0.9989128112792969, 1.0027989149093628, 1.000711441040039, 0.999455451965332, 0.9992843866348267, 0.9995128512382507, 1.0009386539459229]]

Step 183:
  Date/Day: 184
  Action: [[-0.0028459602035582066, -0.023653583601117134, -0.015307039953768253, -0.002857270883396268, 0.01384352333843708, 0.020236508920788765, 0.01160284411162138, -0.01986834593117237, -0.020229915156960487, 0.002753304783254862, 0.019623301923274994, -0.0032842541113495827, -0.014163716696202755, 0.03439606726169586, -0.012822598218917847, 0.015829479321837425, 0.01628030836582184, -0.01647503860294819, -0.010902786627411842, 0.007184278219938278, 0.0018172007985413074, 0.023785900324583054, 0.012746922671794891, -0.0040528131648898125, -0.007749701850116253, 0.028500741347670555, 0.009736492298543453, -0.002384427236393094, 0.010905957780778408]]
  Reward: -0.09804054349660873
  Account Value: None
  Done: False
  Policy Mean: [[-0.0028459602035582066, -0.023653583601117134, -0.015307039953768253, -0.002857270883396268, 0.01384352333843708, 0.020236508920788765, 0.01160284411162138, -0.01986834593117237, -0.020229915156960487, 0.002753304783254862, 0.019623301923274994, -0.0032842541113495827, -0.014163716696202755, 0.03439606726169586, -0.012822598218917847, 0.015829479321837425, 0.01628030836582184, -0.01647503860294819, -0.010902786627411842, 0.007184278219938278, 0.0018172007985413074, 0.023785900324583054, 0.012746922671794891, -0.0040528131648898125, -0.007749701850116253, 0.028500741347670555, 0.009736492298543453, -0.002384427236393094, 0.010905957780778408]]
  Policy Std: [[0.9991067051887512, 1.0012518167495728, 1.0019515752792358, 1.0023138523101807, 0.9989719390869141, 1.0008952617645264, 1.0002809762954712, 1.002434492111206, 1.0006232261657715, 0.9992192983627319, 1.0001494884490967, 1.0011566877365112, 0.9982251524925232, 1.00291109085083, 1.0022505521774292, 0.9988248348236084, 1.0015581846237183, 0.9973443746566772, 1.00054132938385, 1.0021677017211914, 1.0029916763305664, 0.9990875124931335, 0.9989128112792969, 1.0027989149093628, 1.000711441040039, 0.999455451965332, 0.9992843866348267, 0.9995128512382507, 1.0009386539459229]]

Step 184:
  Date/Day: 185
  Action: [[-0.0028459602035582066, -0.023653583601117134, -0.015307039953768253, -0.002857270883396268, 0.01384352333843708, 0.020236508920788765, 0.01160284411162138, -0.01986834593117237, -0.020229915156960487, 0.002753304783254862, 0.019623301923274994, -0.0032842541113495827, -0.014163716696202755, 0.03439606726169586, -0.012822598218917847, 0.015829479321837425, 0.01628030836582184, -0.01647503860294819, -0.010902786627411842, 0.007184278219938278, 0.0018172007985413074, 0.023785900324583054, 0.012746922671794891, -0.0040528131648898125, -0.007749701850116253, 0.028500741347670555, 0.009736492298543453, -0.002384427236393094, 0.010905957780778408]]
  Reward: 1.007462978363037
  Account Value: None
  Done: False
  Policy Mean: [[-0.0028459602035582066, -0.023653583601117134, -0.015307039953768253, -0.002857270883396268, 0.01384352333843708, 0.020236508920788765, 0.01160284411162138, -0.01986834593117237, -0.020229915156960487, 0.002753304783254862, 0.019623301923274994, -0.0032842541113495827, -0.014163716696202755, 0.03439606726169586, -0.012822598218917847, 0.015829479321837425, 0.01628030836582184, -0.01647503860294819, -0.010902786627411842, 0.007184278219938278, 0.0018172007985413074, 0.023785900324583054, 0.012746922671794891, -0.0040528131648898125, -0.007749701850116253, 0.028500741347670555, 0.009736492298543453, -0.002384427236393094, 0.010905957780778408]]
  Policy Std: [[0.9991067051887512, 1.0012518167495728, 1.0019515752792358, 1.0023138523101807, 0.9989719390869141, 1.0008952617645264, 1.0002809762954712, 1.002434492111206, 1.0006232261657715, 0.9992192983627319, 1.0001494884490967, 1.0011566877365112, 0.9982251524925232, 1.00291109085083, 1.0022505521774292, 0.9988248348236084, 1.0015581846237183, 0.9973443746566772, 1.00054132938385, 1.0021677017211914, 1.0029916763305664, 0.9990875124931335, 0.9989128112792969, 1.0027989149093628, 1.000711441040039, 0.999455451965332, 0.9992843866348267, 0.9995128512382507, 1.0009386539459229]]

Step 185:
  Date/Day: 186
  Action: [[-0.0028459602035582066, -0.023653583601117134, -0.015307039953768253, -0.002857270883396268, 0.01384352333843708, 0.020236508920788765, 0.01160284411162138, -0.01986834593117237, -0.020229915156960487, 0.002753304783254862, 0.019623301923274994, -0.0032842541113495827, -0.014163716696202755, 0.03439606726169586, -0.012822598218917847, 0.015829479321837425, 0.01628030836582184, -0.01647503860294819, -0.010902786627411842, 0.007184278219938278, 0.0018172007985413074, 0.023785900324583054, 0.012746922671794891, -0.0040528131648898125, -0.007749701850116253, 0.028500741347670555, 0.009736492298543453, -0.002384427236393094, 0.010905957780778408]]
  Reward: 0.11775278300046921
  Account Value: None
  Done: False
  Policy Mean: [[-0.0028459602035582066, -0.023653583601117134, -0.015307039953768253, -0.002857270883396268, 0.01384352333843708, 0.020236508920788765, 0.01160284411162138, -0.01986834593117237, -0.020229915156960487, 0.002753304783254862, 0.019623301923274994, -0.0032842541113495827, -0.014163716696202755, 0.03439606726169586, -0.012822598218917847, 0.015829479321837425, 0.01628030836582184, -0.01647503860294819, -0.010902786627411842, 0.007184278219938278, 0.0018172007985413074, 0.023785900324583054, 0.012746922671794891, -0.0040528131648898125, -0.007749701850116253, 0.028500741347670555, 0.009736492298543453, -0.002384427236393094, 0.010905957780778408]]
  Policy Std: [[0.9991067051887512, 1.0012518167495728, 1.0019515752792358, 1.0023138523101807, 0.9989719390869141, 1.0008952617645264, 1.0002809762954712, 1.002434492111206, 1.0006232261657715, 0.9992192983627319, 1.0001494884490967, 1.0011566877365112, 0.9982251524925232, 1.00291109085083, 1.0022505521774292, 0.9988248348236084, 1.0015581846237183, 0.9973443746566772, 1.00054132938385, 1.0021677017211914, 1.0029916763305664, 0.9990875124931335, 0.9989128112792969, 1.0027989149093628, 1.000711441040039, 0.999455451965332, 0.9992843866348267, 0.9995128512382507, 1.0009386539459229]]

Step 186:
  Date/Day: 187
  Action: [[-0.0028459602035582066, -0.023653583601117134, -0.015307039953768253, -0.002857270883396268, 0.01384352333843708, 0.020236508920788765, 0.01160284411162138, -0.01986834593117237, -0.020229915156960487, 0.002753304783254862, 0.019623301923274994, -0.0032842541113495827, -0.014163716696202755, 0.03439606726169586, -0.012822598218917847, 0.015829479321837425, 0.01628030836582184, -0.01647503860294819, -0.010902786627411842, 0.007184278219938278, 0.0018172007985413074, 0.023785900324583054, 0.012746922671794891, -0.0040528131648898125, -0.007749701850116253, 0.028500741347670555, 0.009736492298543453, -0.002384427236393094, 0.010905957780778408]]
  Reward: -0.13346147537231445
  Account Value: None
  Done: False
  Policy Mean: [[-0.0028459602035582066, -0.023653583601117134, -0.015307039953768253, -0.002857270883396268, 0.01384352333843708, 0.020236508920788765, 0.01160284411162138, -0.01986834593117237, -0.020229915156960487, 0.002753304783254862, 0.019623301923274994, -0.0032842541113495827, -0.014163716696202755, 0.03439606726169586, -0.012822598218917847, 0.015829479321837425, 0.01628030836582184, -0.01647503860294819, -0.010902786627411842, 0.007184278219938278, 0.0018172007985413074, 0.023785900324583054, 0.012746922671794891, -0.0040528131648898125, -0.007749701850116253, 0.028500741347670555, 0.009736492298543453, -0.002384427236393094, 0.010905957780778408]]
  Policy Std: [[0.9991067051887512, 1.0012518167495728, 1.0019515752792358, 1.0023138523101807, 0.9989719390869141, 1.0008952617645264, 1.0002809762954712, 1.002434492111206, 1.0006232261657715, 0.9992192983627319, 1.0001494884490967, 1.0011566877365112, 0.9982251524925232, 1.00291109085083, 1.0022505521774292, 0.9988248348236084, 1.0015581846237183, 0.9973443746566772, 1.00054132938385, 1.0021677017211914, 1.0029916763305664, 0.9990875124931335, 0.9989128112792969, 1.0027989149093628, 1.000711441040039, 0.999455451965332, 0.9992843866348267, 0.9995128512382507, 1.0009386539459229]]

Step 187:
  Date/Day: 188
  Action: [[-0.0028459602035582066, -0.023653583601117134, -0.015307039953768253, -0.002857270883396268, 0.01384352333843708, 0.020236508920788765, 0.01160284411162138, -0.01986834593117237, -0.020229915156960487, 0.002753304783254862, 0.019623301923274994, -0.0032842541113495827, -0.014163716696202755, 0.03439606726169586, -0.012822598218917847, 0.015829479321837425, 0.01628030836582184, -0.01647503860294819, -0.010902786627411842, 0.007184278219938278, 0.0018172007985413074, 0.023785900324583054, 0.012746922671794891, -0.0040528131648898125, -0.007749701850116253, 0.028500741347670555, 0.009736492298543453, -0.002384427236393094, 0.010905957780778408]]
  Reward: 0.012015381827950478
  Account Value: None
  Done: False
  Policy Mean: [[-0.0028459602035582066, -0.023653583601117134, -0.015307039953768253, -0.002857270883396268, 0.01384352333843708, 0.020236508920788765, 0.01160284411162138, -0.01986834593117237, -0.020229915156960487, 0.002753304783254862, 0.019623301923274994, -0.0032842541113495827, -0.014163716696202755, 0.03439606726169586, -0.012822598218917847, 0.015829479321837425, 0.01628030836582184, -0.01647503860294819, -0.010902786627411842, 0.007184278219938278, 0.0018172007985413074, 0.023785900324583054, 0.012746922671794891, -0.0040528131648898125, -0.007749701850116253, 0.028500741347670555, 0.009736492298543453, -0.002384427236393094, 0.010905957780778408]]
  Policy Std: [[0.9991067051887512, 1.0012518167495728, 1.0019515752792358, 1.0023138523101807, 0.9989719390869141, 1.0008952617645264, 1.0002809762954712, 1.002434492111206, 1.0006232261657715, 0.9992192983627319, 1.0001494884490967, 1.0011566877365112, 0.9982251524925232, 1.00291109085083, 1.0022505521774292, 0.9988248348236084, 1.0015581846237183, 0.9973443746566772, 1.00054132938385, 1.0021677017211914, 1.0029916763305664, 0.9990875124931335, 0.9989128112792969, 1.0027989149093628, 1.000711441040039, 0.999455451965332, 0.9992843866348267, 0.9995128512382507, 1.0009386539459229]]

Step 188:
  Date/Day: 189
  Action: [[-0.0028459602035582066, -0.023653583601117134, -0.015307039953768253, -0.002857270883396268, 0.01384352333843708, 0.020236508920788765, 0.01160284411162138, -0.01986834593117237, -0.020229915156960487, 0.002753304783254862, 0.019623301923274994, -0.0032842541113495827, -0.014163716696202755, 0.03439606726169586, -0.012822598218917847, 0.015829479321837425, 0.01628030836582184, -0.01647503860294819, -0.010902786627411842, 0.007184278219938278, 0.0018172007985413074, 0.023785900324583054, 0.012746922671794891, -0.0040528131648898125, -0.007749701850116253, 0.028500741347670555, 0.009736492298543453, -0.002384427236393094, 0.010905957780778408]]
  Reward: 0.5298724174499512
  Account Value: None
  Done: False
  Policy Mean: [[-0.0028459602035582066, -0.023653583601117134, -0.015307039953768253, -0.002857270883396268, 0.01384352333843708, 0.020236508920788765, 0.01160284411162138, -0.01986834593117237, -0.020229915156960487, 0.002753304783254862, 0.019623301923274994, -0.0032842541113495827, -0.014163716696202755, 0.03439606726169586, -0.012822598218917847, 0.015829479321837425, 0.01628030836582184, -0.01647503860294819, -0.010902786627411842, 0.007184278219938278, 0.0018172007985413074, 0.023785900324583054, 0.012746922671794891, -0.0040528131648898125, -0.007749701850116253, 0.028500741347670555, 0.009736492298543453, -0.002384427236393094, 0.010905957780778408]]
  Policy Std: [[0.9991067051887512, 1.0012518167495728, 1.0019515752792358, 1.0023138523101807, 0.9989719390869141, 1.0008952617645264, 1.0002809762954712, 1.002434492111206, 1.0006232261657715, 0.9992192983627319, 1.0001494884490967, 1.0011566877365112, 0.9982251524925232, 1.00291109085083, 1.0022505521774292, 0.9988248348236084, 1.0015581846237183, 0.9973443746566772, 1.00054132938385, 1.0021677017211914, 1.0029916763305664, 0.9990875124931335, 0.9989128112792969, 1.0027989149093628, 1.000711441040039, 0.999455451965332, 0.9992843866348267, 0.9995128512382507, 1.0009386539459229]]

Step 189:
  Date/Day: 190
  Action: [[-0.0028459602035582066, -0.023653583601117134, -0.015307039953768253, -0.002857270883396268, 0.01384352333843708, 0.020236508920788765, 0.01160284411162138, -0.01986834593117237, -0.020229915156960487, 0.002753304783254862, 0.019623301923274994, -0.0032842541113495827, -0.014163716696202755, 0.03439606726169586, -0.012822598218917847, 0.015829479321837425, 0.01628030836582184, -0.01647503860294819, -0.010902786627411842, 0.007184278219938278, 0.0018172007985413074, 0.023785900324583054, 0.012746922671794891, -0.0040528131648898125, -0.007749701850116253, 0.028500741347670555, 0.009736492298543453, -0.002384427236393094, 0.010905957780778408]]
  Reward: 0.6452063918113708
  Account Value: None
  Done: False
  Policy Mean: [[-0.0028459602035582066, -0.023653583601117134, -0.015307039953768253, -0.002857270883396268, 0.01384352333843708, 0.020236508920788765, 0.01160284411162138, -0.01986834593117237, -0.020229915156960487, 0.002753304783254862, 0.019623301923274994, -0.0032842541113495827, -0.014163716696202755, 0.03439606726169586, -0.012822598218917847, 0.015829479321837425, 0.01628030836582184, -0.01647503860294819, -0.010902786627411842, 0.007184278219938278, 0.0018172007985413074, 0.023785900324583054, 0.012746922671794891, -0.0040528131648898125, -0.007749701850116253, 0.028500741347670555, 0.009736492298543453, -0.002384427236393094, 0.010905957780778408]]
  Policy Std: [[0.9991067051887512, 1.0012518167495728, 1.0019515752792358, 1.0023138523101807, 0.9989719390869141, 1.0008952617645264, 1.0002809762954712, 1.002434492111206, 1.0006232261657715, 0.9992192983627319, 1.0001494884490967, 1.0011566877365112, 0.9982251524925232, 1.00291109085083, 1.0022505521774292, 0.9988248348236084, 1.0015581846237183, 0.9973443746566772, 1.00054132938385, 1.0021677017211914, 1.0029916763305664, 0.9990875124931335, 0.9989128112792969, 1.0027989149093628, 1.000711441040039, 0.999455451965332, 0.9992843866348267, 0.9995128512382507, 1.0009386539459229]]

Step 190:
  Date/Day: 191
  Action: [[-0.0028459602035582066, -0.023653583601117134, -0.015307039953768253, -0.002857270883396268, 0.01384352333843708, 0.020236508920788765, 0.01160284411162138, -0.01986834593117237, -0.020229915156960487, 0.002753304783254862, 0.019623301923274994, -0.0032842541113495827, -0.014163716696202755, 0.03439606726169586, -0.012822598218917847, 0.015829479321837425, 0.01628030836582184, -0.01647503860294819, -0.010902786627411842, 0.007184278219938278, 0.0018172007985413074, 0.023785900324583054, 0.012746922671794891, -0.0040528131648898125, -0.007749701850116253, 0.028500741347670555, 0.009736492298543453, -0.002384427236393094, 0.010905957780778408]]
  Reward: -0.05216551944613457
  Account Value: None
  Done: False
  Policy Mean: [[-0.0028459602035582066, -0.023653583601117134, -0.015307039953768253, -0.002857270883396268, 0.01384352333843708, 0.020236508920788765, 0.01160284411162138, -0.01986834593117237, -0.020229915156960487, 0.002753304783254862, 0.019623301923274994, -0.0032842541113495827, -0.014163716696202755, 0.03439606726169586, -0.012822598218917847, 0.015829479321837425, 0.01628030836582184, -0.01647503860294819, -0.010902786627411842, 0.007184278219938278, 0.0018172007985413074, 0.023785900324583054, 0.012746922671794891, -0.0040528131648898125, -0.007749701850116253, 0.028500741347670555, 0.009736492298543453, -0.002384427236393094, 0.010905957780778408]]
  Policy Std: [[0.9991067051887512, 1.0012518167495728, 1.0019515752792358, 1.0023138523101807, 0.9989719390869141, 1.0008952617645264, 1.0002809762954712, 1.002434492111206, 1.0006232261657715, 0.9992192983627319, 1.0001494884490967, 1.0011566877365112, 0.9982251524925232, 1.00291109085083, 1.0022505521774292, 0.9988248348236084, 1.0015581846237183, 0.9973443746566772, 1.00054132938385, 1.0021677017211914, 1.0029916763305664, 0.9990875124931335, 0.9989128112792969, 1.0027989149093628, 1.000711441040039, 0.999455451965332, 0.9992843866348267, 0.9995128512382507, 1.0009386539459229]]

Step 191:
  Date/Day: 192
  Action: [[-0.0028459602035582066, -0.023653583601117134, -0.015307039953768253, -0.002857270883396268, 0.01384352333843708, 0.020236508920788765, 0.01160284411162138, -0.01986834593117237, -0.020229915156960487, 0.002753304783254862, 0.019623301923274994, -0.0032842541113495827, -0.014163716696202755, 0.03439606726169586, -0.012822598218917847, 0.015829479321837425, 0.01628030836582184, -0.01647503860294819, -0.010902786627411842, 0.007184278219938278, 0.0018172007985413074, 0.023785900324583054, 0.012746922671794891, -0.0040528131648898125, -0.007749701850116253, 0.028500741347670555, 0.009736492298543453, -0.002384427236393094, 0.010905957780778408]]
  Reward: 0.036243632435798645
  Account Value: None
  Done: False
  Policy Mean: [[-0.0028459602035582066, -0.023653583601117134, -0.015307039953768253, -0.002857270883396268, 0.01384352333843708, 0.020236508920788765, 0.01160284411162138, -0.01986834593117237, -0.020229915156960487, 0.002753304783254862, 0.019623301923274994, -0.0032842541113495827, -0.014163716696202755, 0.03439606726169586, -0.012822598218917847, 0.015829479321837425, 0.01628030836582184, -0.01647503860294819, -0.010902786627411842, 0.007184278219938278, 0.0018172007985413074, 0.023785900324583054, 0.012746922671794891, -0.0040528131648898125, -0.007749701850116253, 0.028500741347670555, 0.009736492298543453, -0.002384427236393094, 0.010905957780778408]]
  Policy Std: [[0.9991067051887512, 1.0012518167495728, 1.0019515752792358, 1.0023138523101807, 0.9989719390869141, 1.0008952617645264, 1.0002809762954712, 1.002434492111206, 1.0006232261657715, 0.9992192983627319, 1.0001494884490967, 1.0011566877365112, 0.9982251524925232, 1.00291109085083, 1.0022505521774292, 0.9988248348236084, 1.0015581846237183, 0.9973443746566772, 1.00054132938385, 1.0021677017211914, 1.0029916763305664, 0.9990875124931335, 0.9989128112792969, 1.0027989149093628, 1.000711441040039, 0.999455451965332, 0.9992843866348267, 0.9995128512382507, 1.0009386539459229]]

Step 192:
  Date/Day: 193
  Action: [[-0.0028459602035582066, -0.023653583601117134, -0.015307039953768253, -0.002857270883396268, 0.01384352333843708, 0.020236508920788765, 0.01160284411162138, -0.01986834593117237, -0.020229915156960487, 0.002753304783254862, 0.019623301923274994, -0.0032842541113495827, -0.014163716696202755, 0.03439606726169586, -0.012822598218917847, 0.015829479321837425, 0.01628030836582184, -0.01647503860294819, -0.010902786627411842, 0.007184278219938278, 0.0018172007985413074, 0.023785900324583054, 0.012746922671794891, -0.0040528131648898125, -0.007749701850116253, 0.028500741347670555, 0.009736492298543453, -0.002384427236393094, 0.010905957780778408]]
  Reward: 0.17864283919334412
  Account Value: None
  Done: False
  Policy Mean: [[-0.0028459602035582066, -0.023653583601117134, -0.015307039953768253, -0.002857270883396268, 0.01384352333843708, 0.020236508920788765, 0.01160284411162138, -0.01986834593117237, -0.020229915156960487, 0.002753304783254862, 0.019623301923274994, -0.0032842541113495827, -0.014163716696202755, 0.03439606726169586, -0.012822598218917847, 0.015829479321837425, 0.01628030836582184, -0.01647503860294819, -0.010902786627411842, 0.007184278219938278, 0.0018172007985413074, 0.023785900324583054, 0.012746922671794891, -0.0040528131648898125, -0.007749701850116253, 0.028500741347670555, 0.009736492298543453, -0.002384427236393094, 0.010905957780778408]]
  Policy Std: [[0.9991067051887512, 1.0012518167495728, 1.0019515752792358, 1.0023138523101807, 0.9989719390869141, 1.0008952617645264, 1.0002809762954712, 1.002434492111206, 1.0006232261657715, 0.9992192983627319, 1.0001494884490967, 1.0011566877365112, 0.9982251524925232, 1.00291109085083, 1.0022505521774292, 0.9988248348236084, 1.0015581846237183, 0.9973443746566772, 1.00054132938385, 1.0021677017211914, 1.0029916763305664, 0.9990875124931335, 0.9989128112792969, 1.0027989149093628, 1.000711441040039, 0.999455451965332, 0.9992843866348267, 0.9995128512382507, 1.0009386539459229]]

Step 193:
  Date/Day: 194
  Action: [[-0.0028459602035582066, -0.023653583601117134, -0.015307039953768253, -0.002857270883396268, 0.01384352333843708, 0.020236508920788765, 0.01160284411162138, -0.01986834593117237, -0.020229915156960487, 0.002753304783254862, 0.019623301923274994, -0.0032842541113495827, -0.014163716696202755, 0.03439606726169586, -0.012822598218917847, 0.015829479321837425, 0.01628030836582184, -0.01647503860294819, -0.010902786627411842, 0.007184278219938278, 0.0018172007985413074, 0.023785900324583054, 0.012746922671794891, -0.0040528131648898125, -0.007749701850116253, 0.028500741347670555, 0.009736492298543453, -0.002384427236393094, 0.010905957780778408]]
  Reward: 0.5728577971458435
  Account Value: None
  Done: False
  Policy Mean: [[-0.0028459602035582066, -0.023653583601117134, -0.015307039953768253, -0.002857270883396268, 0.01384352333843708, 0.020236508920788765, 0.01160284411162138, -0.01986834593117237, -0.020229915156960487, 0.002753304783254862, 0.019623301923274994, -0.0032842541113495827, -0.014163716696202755, 0.03439606726169586, -0.012822598218917847, 0.015829479321837425, 0.01628030836582184, -0.01647503860294819, -0.010902786627411842, 0.007184278219938278, 0.0018172007985413074, 0.023785900324583054, 0.012746922671794891, -0.0040528131648898125, -0.007749701850116253, 0.028500741347670555, 0.009736492298543453, -0.002384427236393094, 0.010905957780778408]]
  Policy Std: [[0.9991067051887512, 1.0012518167495728, 1.0019515752792358, 1.0023138523101807, 0.9989719390869141, 1.0008952617645264, 1.0002809762954712, 1.002434492111206, 1.0006232261657715, 0.9992192983627319, 1.0001494884490967, 1.0011566877365112, 0.9982251524925232, 1.00291109085083, 1.0022505521774292, 0.9988248348236084, 1.0015581846237183, 0.9973443746566772, 1.00054132938385, 1.0021677017211914, 1.0029916763305664, 0.9990875124931335, 0.9989128112792969, 1.0027989149093628, 1.000711441040039, 0.999455451965332, 0.9992843866348267, 0.9995128512382507, 1.0009386539459229]]

Step 194:
  Date/Day: 195
  Action: [[-0.0028459602035582066, -0.023653583601117134, -0.015307039953768253, -0.002857270883396268, 0.01384352333843708, 0.020236508920788765, 0.01160284411162138, -0.01986834593117237, -0.020229915156960487, 0.002753304783254862, 0.019623301923274994, -0.0032842541113495827, -0.014163716696202755, 0.03439606726169586, -0.012822598218917847, 0.015829479321837425, 0.01628030836582184, -0.01647503860294819, -0.010902786627411842, 0.007184278219938278, 0.0018172007985413074, 0.023785900324583054, 0.012746922671794891, -0.0040528131648898125, -0.007749701850116253, 0.028500741347670555, 0.009736492298543453, -0.002384427236393094, 0.010905957780778408]]
  Reward: -0.21799132227897644
  Account Value: None
  Done: False
  Policy Mean: [[-0.0028459602035582066, -0.023653583601117134, -0.015307039953768253, -0.002857270883396268, 0.01384352333843708, 0.020236508920788765, 0.01160284411162138, -0.01986834593117237, -0.020229915156960487, 0.002753304783254862, 0.019623301923274994, -0.0032842541113495827, -0.014163716696202755, 0.03439606726169586, -0.012822598218917847, 0.015829479321837425, 0.01628030836582184, -0.01647503860294819, -0.010902786627411842, 0.007184278219938278, 0.0018172007985413074, 0.023785900324583054, 0.012746922671794891, -0.0040528131648898125, -0.007749701850116253, 0.028500741347670555, 0.009736492298543453, -0.002384427236393094, 0.010905957780778408]]
  Policy Std: [[0.9991067051887512, 1.0012518167495728, 1.0019515752792358, 1.0023138523101807, 0.9989719390869141, 1.0008952617645264, 1.0002809762954712, 1.002434492111206, 1.0006232261657715, 0.9992192983627319, 1.0001494884490967, 1.0011566877365112, 0.9982251524925232, 1.00291109085083, 1.0022505521774292, 0.9988248348236084, 1.0015581846237183, 0.9973443746566772, 1.00054132938385, 1.0021677017211914, 1.0029916763305664, 0.9990875124931335, 0.9989128112792969, 1.0027989149093628, 1.000711441040039, 0.999455451965332, 0.9992843866348267, 0.9995128512382507, 1.0009386539459229]]

Step 195:
  Date/Day: 196
  Action: [[-0.0028459602035582066, -0.023653583601117134, -0.015307039953768253, -0.002857270883396268, 0.01384352333843708, 0.020236508920788765, 0.01160284411162138, -0.01986834593117237, -0.020229915156960487, 0.002753304783254862, 0.019623301923274994, -0.0032842541113495827, -0.014163716696202755, 0.03439606726169586, -0.012822598218917847, 0.015829479321837425, 0.01628030836582184, -0.01647503860294819, -0.010902786627411842, 0.007184278219938278, 0.0018172007985413074, 0.023785900324583054, 0.012746922671794891, -0.0040528131648898125, -0.007749701850116253, 0.028500741347670555, 0.009736492298543453, -0.002384427236393094, 0.010905957780778408]]
  Reward: -0.1374092996120453
  Account Value: None
  Done: False
  Policy Mean: [[-0.0028459602035582066, -0.023653583601117134, -0.015307039953768253, -0.002857270883396268, 0.01384352333843708, 0.020236508920788765, 0.01160284411162138, -0.01986834593117237, -0.020229915156960487, 0.002753304783254862, 0.019623301923274994, -0.0032842541113495827, -0.014163716696202755, 0.03439606726169586, -0.012822598218917847, 0.015829479321837425, 0.01628030836582184, -0.01647503860294819, -0.010902786627411842, 0.007184278219938278, 0.0018172007985413074, 0.023785900324583054, 0.012746922671794891, -0.0040528131648898125, -0.007749701850116253, 0.028500741347670555, 0.009736492298543453, -0.002384427236393094, 0.010905957780778408]]
  Policy Std: [[0.9991067051887512, 1.0012518167495728, 1.0019515752792358, 1.0023138523101807, 0.9989719390869141, 1.0008952617645264, 1.0002809762954712, 1.002434492111206, 1.0006232261657715, 0.9992192983627319, 1.0001494884490967, 1.0011566877365112, 0.9982251524925232, 1.00291109085083, 1.0022505521774292, 0.9988248348236084, 1.0015581846237183, 0.9973443746566772, 1.00054132938385, 1.0021677017211914, 1.0029916763305664, 0.9990875124931335, 0.9989128112792969, 1.0027989149093628, 1.000711441040039, 0.999455451965332, 0.9992843866348267, 0.9995128512382507, 1.0009386539459229]]

Step 196:
  Date/Day: 197
  Action: [[-0.0028459602035582066, -0.023653583601117134, -0.015307039953768253, -0.002857270883396268, 0.01384352333843708, 0.020236508920788765, 0.01160284411162138, -0.01986834593117237, -0.020229915156960487, 0.002753304783254862, 0.019623301923274994, -0.0032842541113495827, -0.014163716696202755, 0.03439606726169586, -0.012822598218917847, 0.015829479321837425, 0.01628030836582184, -0.01647503860294819, -0.010902786627411842, 0.007184278219938278, 0.0018172007985413074, 0.023785900324583054, 0.012746922671794891, -0.0040528131648898125, -0.007749701850116253, 0.028500741347670555, 0.009736492298543453, -0.002384427236393094, 0.010905957780778408]]
  Reward: -0.2237093299627304
  Account Value: None
  Done: False
  Policy Mean: [[-0.0028459602035582066, -0.023653583601117134, -0.015307039953768253, -0.002857270883396268, 0.01384352333843708, 0.020236508920788765, 0.01160284411162138, -0.01986834593117237, -0.020229915156960487, 0.002753304783254862, 0.019623301923274994, -0.0032842541113495827, -0.014163716696202755, 0.03439606726169586, -0.012822598218917847, 0.015829479321837425, 0.01628030836582184, -0.01647503860294819, -0.010902786627411842, 0.007184278219938278, 0.0018172007985413074, 0.023785900324583054, 0.012746922671794891, -0.0040528131648898125, -0.007749701850116253, 0.028500741347670555, 0.009736492298543453, -0.002384427236393094, 0.010905957780778408]]
  Policy Std: [[0.9991067051887512, 1.0012518167495728, 1.0019515752792358, 1.0023138523101807, 0.9989719390869141, 1.0008952617645264, 1.0002809762954712, 1.002434492111206, 1.0006232261657715, 0.9992192983627319, 1.0001494884490967, 1.0011566877365112, 0.9982251524925232, 1.00291109085083, 1.0022505521774292, 0.9988248348236084, 1.0015581846237183, 0.9973443746566772, 1.00054132938385, 1.0021677017211914, 1.0029916763305664, 0.9990875124931335, 0.9989128112792969, 1.0027989149093628, 1.000711441040039, 0.999455451965332, 0.9992843866348267, 0.9995128512382507, 1.0009386539459229]]

Step 197:
  Date/Day: 198
  Action: [[-0.0028459602035582066, -0.023653583601117134, -0.015307039953768253, -0.002857270883396268, 0.01384352333843708, 0.020236508920788765, 0.01160284411162138, -0.01986834593117237, -0.020229915156960487, 0.002753304783254862, 0.019623301923274994, -0.0032842541113495827, -0.014163716696202755, 0.03439606726169586, -0.012822598218917847, 0.015829479321837425, 0.01628030836582184, -0.01647503860294819, -0.010902786627411842, 0.007184278219938278, 0.0018172007985413074, 0.023785900324583054, 0.012746922671794891, -0.0040528131648898125, -0.007749701850116253, 0.028500741347670555, 0.009736492298543453, -0.002384427236393094, 0.010905957780778408]]
  Reward: 0.5913371443748474
  Account Value: None
  Done: False
  Policy Mean: [[-0.0028459602035582066, -0.023653583601117134, -0.015307039953768253, -0.002857270883396268, 0.01384352333843708, 0.020236508920788765, 0.01160284411162138, -0.01986834593117237, -0.020229915156960487, 0.002753304783254862, 0.019623301923274994, -0.0032842541113495827, -0.014163716696202755, 0.03439606726169586, -0.012822598218917847, 0.015829479321837425, 0.01628030836582184, -0.01647503860294819, -0.010902786627411842, 0.007184278219938278, 0.0018172007985413074, 0.023785900324583054, 0.012746922671794891, -0.0040528131648898125, -0.007749701850116253, 0.028500741347670555, 0.009736492298543453, -0.002384427236393094, 0.010905957780778408]]
  Policy Std: [[0.9991067051887512, 1.0012518167495728, 1.0019515752792358, 1.0023138523101807, 0.9989719390869141, 1.0008952617645264, 1.0002809762954712, 1.002434492111206, 1.0006232261657715, 0.9992192983627319, 1.0001494884490967, 1.0011566877365112, 0.9982251524925232, 1.00291109085083, 1.0022505521774292, 0.9988248348236084, 1.0015581846237183, 0.9973443746566772, 1.00054132938385, 1.0021677017211914, 1.0029916763305664, 0.9990875124931335, 0.9989128112792969, 1.0027989149093628, 1.000711441040039, 0.999455451965332, 0.9992843866348267, 0.9995128512382507, 1.0009386539459229]]

Step 198:
  Date/Day: 199
  Action: [[-0.0028459602035582066, -0.023653583601117134, -0.015307039953768253, -0.002857270883396268, 0.01384352333843708, 0.020236508920788765, 0.01160284411162138, -0.01986834593117237, -0.020229915156960487, 0.002753304783254862, 0.019623301923274994, -0.0032842541113495827, -0.014163716696202755, 0.03439606726169586, -0.012822598218917847, 0.015829479321837425, 0.01628030836582184, -0.01647503860294819, -0.010902786627411842, 0.007184278219938278, 0.0018172007985413074, 0.023785900324583054, 0.012746922671794891, -0.0040528131648898125, -0.007749701850116253, 0.028500741347670555, 0.009736492298543453, -0.002384427236393094, 0.010905957780778408]]
  Reward: 0.14850443601608276
  Account Value: None
  Done: False
  Policy Mean: [[-0.0028459602035582066, -0.023653583601117134, -0.015307039953768253, -0.002857270883396268, 0.01384352333843708, 0.020236508920788765, 0.01160284411162138, -0.01986834593117237, -0.020229915156960487, 0.002753304783254862, 0.019623301923274994, -0.0032842541113495827, -0.014163716696202755, 0.03439606726169586, -0.012822598218917847, 0.015829479321837425, 0.01628030836582184, -0.01647503860294819, -0.010902786627411842, 0.007184278219938278, 0.0018172007985413074, 0.023785900324583054, 0.012746922671794891, -0.0040528131648898125, -0.007749701850116253, 0.028500741347670555, 0.009736492298543453, -0.002384427236393094, 0.010905957780778408]]
  Policy Std: [[0.9991067051887512, 1.0012518167495728, 1.0019515752792358, 1.0023138523101807, 0.9989719390869141, 1.0008952617645264, 1.0002809762954712, 1.002434492111206, 1.0006232261657715, 0.9992192983627319, 1.0001494884490967, 1.0011566877365112, 0.9982251524925232, 1.00291109085083, 1.0022505521774292, 0.9988248348236084, 1.0015581846237183, 0.9973443746566772, 1.00054132938385, 1.0021677017211914, 1.0029916763305664, 0.9990875124931335, 0.9989128112792969, 1.0027989149093628, 1.000711441040039, 0.999455451965332, 0.9992843866348267, 0.9995128512382507, 1.0009386539459229]]

Step 199:
  Date/Day: 200
  Action: [[-0.0028459602035582066, -0.023653583601117134, -0.015307039953768253, -0.002857270883396268, 0.01384352333843708, 0.020236508920788765, 0.01160284411162138, -0.01986834593117237, -0.020229915156960487, 0.002753304783254862, 0.019623301923274994, -0.0032842541113495827, -0.014163716696202755, 0.03439606726169586, -0.012822598218917847, 0.015829479321837425, 0.01628030836582184, -0.01647503860294819, -0.010902786627411842, 0.007184278219938278, 0.0018172007985413074, 0.023785900324583054, 0.012746922671794891, -0.0040528131648898125, -0.007749701850116253, 0.028500741347670555, 0.009736492298543453, -0.002384427236393094, 0.010905957780778408]]
  Reward: -0.28946277499198914
  Account Value: None
  Done: False
  Policy Mean: [[-0.0028459602035582066, -0.023653583601117134, -0.015307039953768253, -0.002857270883396268, 0.01384352333843708, 0.020236508920788765, 0.01160284411162138, -0.01986834593117237, -0.020229915156960487, 0.002753304783254862, 0.019623301923274994, -0.0032842541113495827, -0.014163716696202755, 0.03439606726169586, -0.012822598218917847, 0.015829479321837425, 0.01628030836582184, -0.01647503860294819, -0.010902786627411842, 0.007184278219938278, 0.0018172007985413074, 0.023785900324583054, 0.012746922671794891, -0.0040528131648898125, -0.007749701850116253, 0.028500741347670555, 0.009736492298543453, -0.002384427236393094, 0.010905957780778408]]
  Policy Std: [[0.9991067051887512, 1.0012518167495728, 1.0019515752792358, 1.0023138523101807, 0.9989719390869141, 1.0008952617645264, 1.0002809762954712, 1.002434492111206, 1.0006232261657715, 0.9992192983627319, 1.0001494884490967, 1.0011566877365112, 0.9982251524925232, 1.00291109085083, 1.0022505521774292, 0.9988248348236084, 1.0015581846237183, 0.9973443746566772, 1.00054132938385, 1.0021677017211914, 1.0029916763305664, 0.9990875124931335, 0.9989128112792969, 1.0027989149093628, 1.000711441040039, 0.999455451965332, 0.9992843866348267, 0.9995128512382507, 1.0009386539459229]]

Step 200:
  Date/Day: 201
  Action: [[-0.0028459602035582066, -0.023653583601117134, -0.015307039953768253, -0.002857270883396268, 0.01384352333843708, 0.020236508920788765, 0.01160284411162138, -0.01986834593117237, -0.020229915156960487, 0.002753304783254862, 0.019623301923274994, -0.0032842541113495827, -0.014163716696202755, 0.03439606726169586, -0.012822598218917847, 0.015829479321837425, 0.01628030836582184, -0.01647503860294819, -0.010902786627411842, 0.007184278219938278, 0.0018172007985413074, 0.023785900324583054, 0.012746922671794891, -0.0040528131648898125, -0.007749701850116253, 0.028500741347670555, 0.009736492298543453, -0.002384427236393094, 0.010905957780778408]]
  Reward: -0.6561959981918335
  Account Value: None
  Done: False
  Policy Mean: [[-0.0028459602035582066, -0.023653583601117134, -0.015307039953768253, -0.002857270883396268, 0.01384352333843708, 0.020236508920788765, 0.01160284411162138, -0.01986834593117237, -0.020229915156960487, 0.002753304783254862, 0.019623301923274994, -0.0032842541113495827, -0.014163716696202755, 0.03439606726169586, -0.012822598218917847, 0.015829479321837425, 0.01628030836582184, -0.01647503860294819, -0.010902786627411842, 0.007184278219938278, 0.0018172007985413074, 0.023785900324583054, 0.012746922671794891, -0.0040528131648898125, -0.007749701850116253, 0.028500741347670555, 0.009736492298543453, -0.002384427236393094, 0.010905957780778408]]
  Policy Std: [[0.9991067051887512, 1.0012518167495728, 1.0019515752792358, 1.0023138523101807, 0.9989719390869141, 1.0008952617645264, 1.0002809762954712, 1.002434492111206, 1.0006232261657715, 0.9992192983627319, 1.0001494884490967, 1.0011566877365112, 0.9982251524925232, 1.00291109085083, 1.0022505521774292, 0.9988248348236084, 1.0015581846237183, 0.9973443746566772, 1.00054132938385, 1.0021677017211914, 1.0029916763305664, 0.9990875124931335, 0.9989128112792969, 1.0027989149093628, 1.000711441040039, 0.999455451965332, 0.9992843866348267, 0.9995128512382507, 1.0009386539459229]]

Step 201:
  Date/Day: 202
  Action: [[-0.0028459602035582066, -0.023653583601117134, -0.015307039953768253, -0.002857270883396268, 0.01384352333843708, 0.020236508920788765, 0.01160284411162138, -0.01986834593117237, -0.020229915156960487, 0.002753304783254862, 0.019623301923274994, -0.0032842541113495827, -0.014163716696202755, 0.03439606726169586, -0.012822598218917847, 0.015829479321837425, 0.01628030836582184, -0.01647503860294819, -0.010902786627411842, 0.007184278219938278, 0.0018172007985413074, 0.023785900324583054, 0.012746922671794891, -0.0040528131648898125, -0.007749701850116253, 0.028500741347670555, 0.009736492298543453, -0.002384427236393094, 0.010905957780778408]]
  Reward: 0.5966553092002869
  Account Value: None
  Done: False
  Policy Mean: [[-0.0028459602035582066, -0.023653583601117134, -0.015307039953768253, -0.002857270883396268, 0.01384352333843708, 0.020236508920788765, 0.01160284411162138, -0.01986834593117237, -0.020229915156960487, 0.002753304783254862, 0.019623301923274994, -0.0032842541113495827, -0.014163716696202755, 0.03439606726169586, -0.012822598218917847, 0.015829479321837425, 0.01628030836582184, -0.01647503860294819, -0.010902786627411842, 0.007184278219938278, 0.0018172007985413074, 0.023785900324583054, 0.012746922671794891, -0.0040528131648898125, -0.007749701850116253, 0.028500741347670555, 0.009736492298543453, -0.002384427236393094, 0.010905957780778408]]
  Policy Std: [[0.9991067051887512, 1.0012518167495728, 1.0019515752792358, 1.0023138523101807, 0.9989719390869141, 1.0008952617645264, 1.0002809762954712, 1.002434492111206, 1.0006232261657715, 0.9992192983627319, 1.0001494884490967, 1.0011566877365112, 0.9982251524925232, 1.00291109085083, 1.0022505521774292, 0.9988248348236084, 1.0015581846237183, 0.9973443746566772, 1.00054132938385, 1.0021677017211914, 1.0029916763305664, 0.9990875124931335, 0.9989128112792969, 1.0027989149093628, 1.000711441040039, 0.999455451965332, 0.9992843866348267, 0.9995128512382507, 1.0009386539459229]]

Step 202:
  Date/Day: 203
  Action: [[-0.0028459602035582066, -0.023653583601117134, -0.015307039953768253, -0.002857270883396268, 0.01384352333843708, 0.020236508920788765, 0.01160284411162138, -0.01986834593117237, -0.020229915156960487, 0.002753304783254862, 0.019623301923274994, -0.0032842541113495827, -0.014163716696202755, 0.03439606726169586, -0.012822598218917847, 0.015829479321837425, 0.01628030836582184, -0.01647503860294819, -0.010902786627411842, 0.007184278219938278, 0.0018172007985413074, 0.023785900324583054, 0.012746922671794891, -0.0040528131648898125, -0.007749701850116253, 0.028500741347670555, 0.009736492298543453, -0.002384427236393094, 0.010905957780778408]]
  Reward: -0.3425137996673584
  Account Value: None
  Done: False
  Policy Mean: [[-0.0028459602035582066, -0.023653583601117134, -0.015307039953768253, -0.002857270883396268, 0.01384352333843708, 0.020236508920788765, 0.01160284411162138, -0.01986834593117237, -0.020229915156960487, 0.002753304783254862, 0.019623301923274994, -0.0032842541113495827, -0.014163716696202755, 0.03439606726169586, -0.012822598218917847, 0.015829479321837425, 0.01628030836582184, -0.01647503860294819, -0.010902786627411842, 0.007184278219938278, 0.0018172007985413074, 0.023785900324583054, 0.012746922671794891, -0.0040528131648898125, -0.007749701850116253, 0.028500741347670555, 0.009736492298543453, -0.002384427236393094, 0.010905957780778408]]
  Policy Std: [[0.9991067051887512, 1.0012518167495728, 1.0019515752792358, 1.0023138523101807, 0.9989719390869141, 1.0008952617645264, 1.0002809762954712, 1.002434492111206, 1.0006232261657715, 0.9992192983627319, 1.0001494884490967, 1.0011566877365112, 0.9982251524925232, 1.00291109085083, 1.0022505521774292, 0.9988248348236084, 1.0015581846237183, 0.9973443746566772, 1.00054132938385, 1.0021677017211914, 1.0029916763305664, 0.9990875124931335, 0.9989128112792969, 1.0027989149093628, 1.000711441040039, 0.999455451965332, 0.9992843866348267, 0.9995128512382507, 1.0009386539459229]]

Step 203:
  Date/Day: 204
  Action: [[-0.0028459602035582066, -0.023653583601117134, -0.015307039953768253, -0.002857270883396268, 0.01384352333843708, 0.020236508920788765, 0.01160284411162138, -0.01986834593117237, -0.020229915156960487, 0.002753304783254862, 0.019623301923274994, -0.0032842541113495827, -0.014163716696202755, 0.03439606726169586, -0.012822598218917847, 0.015829479321837425, 0.01628030836582184, -0.01647503860294819, -0.010902786627411842, 0.007184278219938278, 0.0018172007985413074, 0.023785900324583054, 0.012746922671794891, -0.0040528131648898125, -0.007749701850116253, 0.028500741347670555, 0.009736492298543453, -0.002384427236393094, 0.010905957780778408]]
  Reward: 0.18241572380065918
  Account Value: None
  Done: False
  Policy Mean: [[-0.0028459602035582066, -0.023653583601117134, -0.015307039953768253, -0.002857270883396268, 0.01384352333843708, 0.020236508920788765, 0.01160284411162138, -0.01986834593117237, -0.020229915156960487, 0.002753304783254862, 0.019623301923274994, -0.0032842541113495827, -0.014163716696202755, 0.03439606726169586, -0.012822598218917847, 0.015829479321837425, 0.01628030836582184, -0.01647503860294819, -0.010902786627411842, 0.007184278219938278, 0.0018172007985413074, 0.023785900324583054, 0.012746922671794891, -0.0040528131648898125, -0.007749701850116253, 0.028500741347670555, 0.009736492298543453, -0.002384427236393094, 0.010905957780778408]]
  Policy Std: [[0.9991067051887512, 1.0012518167495728, 1.0019515752792358, 1.0023138523101807, 0.9989719390869141, 1.0008952617645264, 1.0002809762954712, 1.002434492111206, 1.0006232261657715, 0.9992192983627319, 1.0001494884490967, 1.0011566877365112, 0.9982251524925232, 1.00291109085083, 1.0022505521774292, 0.9988248348236084, 1.0015581846237183, 0.9973443746566772, 1.00054132938385, 1.0021677017211914, 1.0029916763305664, 0.9990875124931335, 0.9989128112792969, 1.0027989149093628, 1.000711441040039, 0.999455451965332, 0.9992843866348267, 0.9995128512382507, 1.0009386539459229]]

Step 204:
  Date/Day: 205
  Action: [[-0.0028459602035582066, -0.023653583601117134, -0.015307039953768253, -0.002857270883396268, 0.01384352333843708, 0.020236508920788765, 0.01160284411162138, -0.01986834593117237, -0.020229915156960487, 0.002753304783254862, 0.019623301923274994, -0.0032842541113495827, -0.014163716696202755, 0.03439606726169586, -0.012822598218917847, 0.015829479321837425, 0.01628030836582184, -0.01647503860294819, -0.010902786627411842, 0.007184278219938278, 0.0018172007985413074, 0.023785900324583054, 0.012746922671794891, -0.0040528131648898125, -0.007749701850116253, 0.028500741347670555, 0.009736492298543453, -0.002384427236393094, 0.010905957780778408]]
  Reward: -0.051281340420246124
  Account Value: None
  Done: False
  Policy Mean: [[-0.0028459602035582066, -0.023653583601117134, -0.015307039953768253, -0.002857270883396268, 0.01384352333843708, 0.020236508920788765, 0.01160284411162138, -0.01986834593117237, -0.020229915156960487, 0.002753304783254862, 0.019623301923274994, -0.0032842541113495827, -0.014163716696202755, 0.03439606726169586, -0.012822598218917847, 0.015829479321837425, 0.01628030836582184, -0.01647503860294819, -0.010902786627411842, 0.007184278219938278, 0.0018172007985413074, 0.023785900324583054, 0.012746922671794891, -0.0040528131648898125, -0.007749701850116253, 0.028500741347670555, 0.009736492298543453, -0.002384427236393094, 0.010905957780778408]]
  Policy Std: [[0.9991067051887512, 1.0012518167495728, 1.0019515752792358, 1.0023138523101807, 0.9989719390869141, 1.0008952617645264, 1.0002809762954712, 1.002434492111206, 1.0006232261657715, 0.9992192983627319, 1.0001494884490967, 1.0011566877365112, 0.9982251524925232, 1.00291109085083, 1.0022505521774292, 0.9988248348236084, 1.0015581846237183, 0.9973443746566772, 1.00054132938385, 1.0021677017211914, 1.0029916763305664, 0.9990875124931335, 0.9989128112792969, 1.0027989149093628, 1.000711441040039, 0.999455451965332, 0.9992843866348267, 0.9995128512382507, 1.0009386539459229]]

Step 205:
  Date/Day: 206
  Action: [[-0.0028459602035582066, -0.023653583601117134, -0.015307039953768253, -0.002857270883396268, 0.01384352333843708, 0.020236508920788765, 0.01160284411162138, -0.01986834593117237, -0.020229915156960487, 0.002753304783254862, 0.019623301923274994, -0.0032842541113495827, -0.014163716696202755, 0.03439606726169586, -0.012822598218917847, 0.015829479321837425, 0.01628030836582184, -0.01647503860294819, -0.010902786627411842, 0.007184278219938278, 0.0018172007985413074, 0.023785900324583054, 0.012746922671794891, -0.0040528131648898125, -0.007749701850116253, 0.028500741347670555, 0.009736492298543453, -0.002384427236393094, 0.010905957780778408]]
  Reward: -0.07198187708854675
  Account Value: None
  Done: False
  Policy Mean: [[-0.0028459602035582066, -0.023653583601117134, -0.015307039953768253, -0.002857270883396268, 0.01384352333843708, 0.020236508920788765, 0.01160284411162138, -0.01986834593117237, -0.020229915156960487, 0.002753304783254862, 0.019623301923274994, -0.0032842541113495827, -0.014163716696202755, 0.03439606726169586, -0.012822598218917847, 0.015829479321837425, 0.01628030836582184, -0.01647503860294819, -0.010902786627411842, 0.007184278219938278, 0.0018172007985413074, 0.023785900324583054, 0.012746922671794891, -0.0040528131648898125, -0.007749701850116253, 0.028500741347670555, 0.009736492298543453, -0.002384427236393094, 0.010905957780778408]]
  Policy Std: [[0.9991067051887512, 1.0012518167495728, 1.0019515752792358, 1.0023138523101807, 0.9989719390869141, 1.0008952617645264, 1.0002809762954712, 1.002434492111206, 1.0006232261657715, 0.9992192983627319, 1.0001494884490967, 1.0011566877365112, 0.9982251524925232, 1.00291109085083, 1.0022505521774292, 0.9988248348236084, 1.0015581846237183, 0.9973443746566772, 1.00054132938385, 1.0021677017211914, 1.0029916763305664, 0.9990875124931335, 0.9989128112792969, 1.0027989149093628, 1.000711441040039, 0.999455451965332, 0.9992843866348267, 0.9995128512382507, 1.0009386539459229]]

Step 206:
  Date/Day: 207
  Action: [[-0.0028459602035582066, -0.023653583601117134, -0.015307039953768253, -0.002857270883396268, 0.01384352333843708, 0.020236508920788765, 0.01160284411162138, -0.01986834593117237, -0.020229915156960487, 0.002753304783254862, 0.019623301923274994, -0.0032842541113495827, -0.014163716696202755, 0.03439606726169586, -0.012822598218917847, 0.015829479321837425, 0.01628030836582184, -0.01647503860294819, -0.010902786627411842, 0.007184278219938278, 0.0018172007985413074, 0.023785900324583054, 0.012746922671794891, -0.0040528131648898125, -0.007749701850116253, 0.028500741347670555, 0.009736492298543453, -0.002384427236393094, 0.010905957780778408]]
  Reward: 0.20791000127792358
  Account Value: None
  Done: False
  Policy Mean: [[-0.0028459602035582066, -0.023653583601117134, -0.015307039953768253, -0.002857270883396268, 0.01384352333843708, 0.020236508920788765, 0.01160284411162138, -0.01986834593117237, -0.020229915156960487, 0.002753304783254862, 0.019623301923274994, -0.0032842541113495827, -0.014163716696202755, 0.03439606726169586, -0.012822598218917847, 0.015829479321837425, 0.01628030836582184, -0.01647503860294819, -0.010902786627411842, 0.007184278219938278, 0.0018172007985413074, 0.023785900324583054, 0.012746922671794891, -0.0040528131648898125, -0.007749701850116253, 0.028500741347670555, 0.009736492298543453, -0.002384427236393094, 0.010905957780778408]]
  Policy Std: [[0.9991067051887512, 1.0012518167495728, 1.0019515752792358, 1.0023138523101807, 0.9989719390869141, 1.0008952617645264, 1.0002809762954712, 1.002434492111206, 1.0006232261657715, 0.9992192983627319, 1.0001494884490967, 1.0011566877365112, 0.9982251524925232, 1.00291109085083, 1.0022505521774292, 0.9988248348236084, 1.0015581846237183, 0.9973443746566772, 1.00054132938385, 1.0021677017211914, 1.0029916763305664, 0.9990875124931335, 0.9989128112792969, 1.0027989149093628, 1.000711441040039, 0.999455451965332, 0.9992843866348267, 0.9995128512382507, 1.0009386539459229]]

Step 207:
  Date/Day: 208
  Action: [[-0.0028459602035582066, -0.023653583601117134, -0.015307039953768253, -0.002857270883396268, 0.01384352333843708, 0.020236508920788765, 0.01160284411162138, -0.01986834593117237, -0.020229915156960487, 0.002753304783254862, 0.019623301923274994, -0.0032842541113495827, -0.014163716696202755, 0.03439606726169586, -0.012822598218917847, 0.015829479321837425, 0.01628030836582184, -0.01647503860294819, -0.010902786627411842, 0.007184278219938278, 0.0018172007985413074, 0.023785900324583054, 0.012746922671794891, -0.0040528131648898125, -0.007749701850116253, 0.028500741347670555, 0.009736492298543453, -0.002384427236393094, 0.010905957780778408]]
  Reward: 0.3295436501502991
  Account Value: None
  Done: False
  Policy Mean: [[-0.0028459602035582066, -0.023653583601117134, -0.015307039953768253, -0.002857270883396268, 0.01384352333843708, 0.020236508920788765, 0.01160284411162138, -0.01986834593117237, -0.020229915156960487, 0.002753304783254862, 0.019623301923274994, -0.0032842541113495827, -0.014163716696202755, 0.03439606726169586, -0.012822598218917847, 0.015829479321837425, 0.01628030836582184, -0.01647503860294819, -0.010902786627411842, 0.007184278219938278, 0.0018172007985413074, 0.023785900324583054, 0.012746922671794891, -0.0040528131648898125, -0.007749701850116253, 0.028500741347670555, 0.009736492298543453, -0.002384427236393094, 0.010905957780778408]]
  Policy Std: [[0.9991067051887512, 1.0012518167495728, 1.0019515752792358, 1.0023138523101807, 0.9989719390869141, 1.0008952617645264, 1.0002809762954712, 1.002434492111206, 1.0006232261657715, 0.9992192983627319, 1.0001494884490967, 1.0011566877365112, 0.9982251524925232, 1.00291109085083, 1.0022505521774292, 0.9988248348236084, 1.0015581846237183, 0.9973443746566772, 1.00054132938385, 1.0021677017211914, 1.0029916763305664, 0.9990875124931335, 0.9989128112792969, 1.0027989149093628, 1.000711441040039, 0.999455451965332, 0.9992843866348267, 0.9995128512382507, 1.0009386539459229]]

Step 208:
  Date/Day: 209
  Action: [[-0.0028459602035582066, -0.023653583601117134, -0.015307039953768253, -0.002857270883396268, 0.01384352333843708, 0.020236508920788765, 0.01160284411162138, -0.01986834593117237, -0.020229915156960487, 0.002753304783254862, 0.019623301923274994, -0.0032842541113495827, -0.014163716696202755, 0.03439606726169586, -0.012822598218917847, 0.015829479321837425, 0.01628030836582184, -0.01647503860294819, -0.010902786627411842, 0.007184278219938278, 0.0018172007985413074, 0.023785900324583054, 0.012746922671794891, -0.0040528131648898125, -0.007749701850116253, 0.028500741347670555, 0.009736492298543453, -0.002384427236393094, 0.010905957780778408]]
  Reward: -0.4159468114376068
  Account Value: None
  Done: False
  Policy Mean: [[-0.0028459602035582066, -0.023653583601117134, -0.015307039953768253, -0.002857270883396268, 0.01384352333843708, 0.020236508920788765, 0.01160284411162138, -0.01986834593117237, -0.020229915156960487, 0.002753304783254862, 0.019623301923274994, -0.0032842541113495827, -0.014163716696202755, 0.03439606726169586, -0.012822598218917847, 0.015829479321837425, 0.01628030836582184, -0.01647503860294819, -0.010902786627411842, 0.007184278219938278, 0.0018172007985413074, 0.023785900324583054, 0.012746922671794891, -0.0040528131648898125, -0.007749701850116253, 0.028500741347670555, 0.009736492298543453, -0.002384427236393094, 0.010905957780778408]]
  Policy Std: [[0.9991067051887512, 1.0012518167495728, 1.0019515752792358, 1.0023138523101807, 0.9989719390869141, 1.0008952617645264, 1.0002809762954712, 1.002434492111206, 1.0006232261657715, 0.9992192983627319, 1.0001494884490967, 1.0011566877365112, 0.9982251524925232, 1.00291109085083, 1.0022505521774292, 0.9988248348236084, 1.0015581846237183, 0.9973443746566772, 1.00054132938385, 1.0021677017211914, 1.0029916763305664, 0.9990875124931335, 0.9989128112792969, 1.0027989149093628, 1.000711441040039, 0.999455451965332, 0.9992843866348267, 0.9995128512382507, 1.0009386539459229]]

Step 209:
  Date/Day: 210
  Action: [[-0.0028459602035582066, -0.023653583601117134, -0.015307039953768253, -0.002857270883396268, 0.01384352333843708, 0.020236508920788765, 0.01160284411162138, -0.01986834593117237, -0.020229915156960487, 0.002753304783254862, 0.019623301923274994, -0.0032842541113495827, -0.014163716696202755, 0.03439606726169586, -0.012822598218917847, 0.015829479321837425, 0.01628030836582184, -0.01647503860294819, -0.010902786627411842, 0.007184278219938278, 0.0018172007985413074, 0.023785900324583054, 0.012746922671794891, -0.0040528131648898125, -0.007749701850116253, 0.028500741347670555, 0.009736492298543453, -0.002384427236393094, 0.010905957780778408]]
  Reward: -0.09643152356147766
  Account Value: None
  Done: False
  Policy Mean: [[-0.0028459602035582066, -0.023653583601117134, -0.015307039953768253, -0.002857270883396268, 0.01384352333843708, 0.020236508920788765, 0.01160284411162138, -0.01986834593117237, -0.020229915156960487, 0.002753304783254862, 0.019623301923274994, -0.0032842541113495827, -0.014163716696202755, 0.03439606726169586, -0.012822598218917847, 0.015829479321837425, 0.01628030836582184, -0.01647503860294819, -0.010902786627411842, 0.007184278219938278, 0.0018172007985413074, 0.023785900324583054, 0.012746922671794891, -0.0040528131648898125, -0.007749701850116253, 0.028500741347670555, 0.009736492298543453, -0.002384427236393094, 0.010905957780778408]]
  Policy Std: [[0.9991067051887512, 1.0012518167495728, 1.0019515752792358, 1.0023138523101807, 0.9989719390869141, 1.0008952617645264, 1.0002809762954712, 1.002434492111206, 1.0006232261657715, 0.9992192983627319, 1.0001494884490967, 1.0011566877365112, 0.9982251524925232, 1.00291109085083, 1.0022505521774292, 0.9988248348236084, 1.0015581846237183, 0.9973443746566772, 1.00054132938385, 1.0021677017211914, 1.0029916763305664, 0.9990875124931335, 0.9989128112792969, 1.0027989149093628, 1.000711441040039, 0.999455451965332, 0.9992843866348267, 0.9995128512382507, 1.0009386539459229]]

Step 210:
  Date/Day: 211
  Action: [[-0.0028459602035582066, -0.023653583601117134, -0.015307039953768253, -0.002857270883396268, 0.01384352333843708, 0.020236508920788765, 0.01160284411162138, -0.01986834593117237, -0.020229915156960487, 0.002753304783254862, 0.019623301923274994, -0.0032842541113495827, -0.014163716696202755, 0.03439606726169586, -0.012822598218917847, 0.015829479321837425, 0.01628030836582184, -0.01647503860294819, -0.010902786627411842, 0.007184278219938278, 0.0018172007985413074, 0.023785900324583054, 0.012746922671794891, -0.0040528131648898125, -0.007749701850116253, 0.028500741347670555, 0.009736492298543453, -0.002384427236393094, 0.010905957780778408]]
  Reward: -0.2391880750656128
  Account Value: None
  Done: False
  Policy Mean: [[-0.0028459602035582066, -0.023653583601117134, -0.015307039953768253, -0.002857270883396268, 0.01384352333843708, 0.020236508920788765, 0.01160284411162138, -0.01986834593117237, -0.020229915156960487, 0.002753304783254862, 0.019623301923274994, -0.0032842541113495827, -0.014163716696202755, 0.03439606726169586, -0.012822598218917847, 0.015829479321837425, 0.01628030836582184, -0.01647503860294819, -0.010902786627411842, 0.007184278219938278, 0.0018172007985413074, 0.023785900324583054, 0.012746922671794891, -0.0040528131648898125, -0.007749701850116253, 0.028500741347670555, 0.009736492298543453, -0.002384427236393094, 0.010905957780778408]]
  Policy Std: [[0.9991067051887512, 1.0012518167495728, 1.0019515752792358, 1.0023138523101807, 0.9989719390869141, 1.0008952617645264, 1.0002809762954712, 1.002434492111206, 1.0006232261657715, 0.9992192983627319, 1.0001494884490967, 1.0011566877365112, 0.9982251524925232, 1.00291109085083, 1.0022505521774292, 0.9988248348236084, 1.0015581846237183, 0.9973443746566772, 1.00054132938385, 1.0021677017211914, 1.0029916763305664, 0.9990875124931335, 0.9989128112792969, 1.0027989149093628, 1.000711441040039, 0.999455451965332, 0.9992843866348267, 0.9995128512382507, 1.0009386539459229]]

Step 211:
  Date/Day: 212
  Action: [[-0.0028459602035582066, -0.023653583601117134, -0.015307039953768253, -0.002857270883396268, 0.01384352333843708, 0.020236508920788765, 0.01160284411162138, -0.01986834593117237, -0.020229915156960487, 0.002753304783254862, 0.019623301923274994, -0.0032842541113495827, -0.014163716696202755, 0.03439606726169586, -0.012822598218917847, 0.015829479321837425, 0.01628030836582184, -0.01647503860294819, -0.010902786627411842, 0.007184278219938278, 0.0018172007985413074, 0.023785900324583054, 0.012746922671794891, -0.0040528131648898125, -0.007749701850116253, 0.028500741347670555, 0.009736492298543453, -0.002384427236393094, 0.010905957780778408]]
  Reward: -0.07019932568073273
  Account Value: None
  Done: False
  Policy Mean: [[-0.0028459602035582066, -0.023653583601117134, -0.015307039953768253, -0.002857270883396268, 0.01384352333843708, 0.020236508920788765, 0.01160284411162138, -0.01986834593117237, -0.020229915156960487, 0.002753304783254862, 0.019623301923274994, -0.0032842541113495827, -0.014163716696202755, 0.03439606726169586, -0.012822598218917847, 0.015829479321837425, 0.01628030836582184, -0.01647503860294819, -0.010902786627411842, 0.007184278219938278, 0.0018172007985413074, 0.023785900324583054, 0.012746922671794891, -0.0040528131648898125, -0.007749701850116253, 0.028500741347670555, 0.009736492298543453, -0.002384427236393094, 0.010905957780778408]]
  Policy Std: [[0.9991067051887512, 1.0012518167495728, 1.0019515752792358, 1.0023138523101807, 0.9989719390869141, 1.0008952617645264, 1.0002809762954712, 1.002434492111206, 1.0006232261657715, 0.9992192983627319, 1.0001494884490967, 1.0011566877365112, 0.9982251524925232, 1.00291109085083, 1.0022505521774292, 0.9988248348236084, 1.0015581846237183, 0.9973443746566772, 1.00054132938385, 1.0021677017211914, 1.0029916763305664, 0.9990875124931335, 0.9989128112792969, 1.0027989149093628, 1.000711441040039, 0.999455451965332, 0.9992843866348267, 0.9995128512382507, 1.0009386539459229]]

Step 212:
  Date/Day: 213
  Action: [[-0.0028459602035582066, -0.023653583601117134, -0.015307039953768253, -0.002857270883396268, 0.01384352333843708, 0.020236508920788765, 0.01160284411162138, -0.01986834593117237, -0.020229915156960487, 0.002753304783254862, 0.019623301923274994, -0.0032842541113495827, -0.014163716696202755, 0.03439606726169586, -0.012822598218917847, 0.015829479321837425, 0.01628030836582184, -0.01647503860294819, -0.010902786627411842, 0.007184278219938278, 0.0018172007985413074, 0.023785900324583054, 0.012746922671794891, -0.0040528131648898125, -0.007749701850116253, 0.028500741347670555, 0.009736492298543453, -0.002384427236393094, 0.010905957780778408]]
  Reward: 0.5495060682296753
  Account Value: None
  Done: False
  Policy Mean: [[-0.0028459602035582066, -0.023653583601117134, -0.015307039953768253, -0.002857270883396268, 0.01384352333843708, 0.020236508920788765, 0.01160284411162138, -0.01986834593117237, -0.020229915156960487, 0.002753304783254862, 0.019623301923274994, -0.0032842541113495827, -0.014163716696202755, 0.03439606726169586, -0.012822598218917847, 0.015829479321837425, 0.01628030836582184, -0.01647503860294819, -0.010902786627411842, 0.007184278219938278, 0.0018172007985413074, 0.023785900324583054, 0.012746922671794891, -0.0040528131648898125, -0.007749701850116253, 0.028500741347670555, 0.009736492298543453, -0.002384427236393094, 0.010905957780778408]]
  Policy Std: [[0.9991067051887512, 1.0012518167495728, 1.0019515752792358, 1.0023138523101807, 0.9989719390869141, 1.0008952617645264, 1.0002809762954712, 1.002434492111206, 1.0006232261657715, 0.9992192983627319, 1.0001494884490967, 1.0011566877365112, 0.9982251524925232, 1.00291109085083, 1.0022505521774292, 0.9988248348236084, 1.0015581846237183, 0.9973443746566772, 1.00054132938385, 1.0021677017211914, 1.0029916763305664, 0.9990875124931335, 0.9989128112792969, 1.0027989149093628, 1.000711441040039, 0.999455451965332, 0.9992843866348267, 0.9995128512382507, 1.0009386539459229]]

Step 213:
  Date/Day: 214
  Action: [[-0.0028459602035582066, -0.023653583601117134, -0.015307039953768253, -0.002857270883396268, 0.01384352333843708, 0.020236508920788765, 0.01160284411162138, -0.01986834593117237, -0.020229915156960487, 0.002753304783254862, 0.019623301923274994, -0.0032842541113495827, -0.014163716696202755, 0.03439606726169586, -0.012822598218917847, 0.015829479321837425, 0.01628030836582184, -0.01647503860294819, -0.010902786627411842, 0.007184278219938278, 0.0018172007985413074, 0.023785900324583054, 0.012746922671794891, -0.0040528131648898125, -0.007749701850116253, 0.028500741347670555, 0.009736492298543453, -0.002384427236393094, 0.010905957780778408]]
  Reward: 0.30618220567703247
  Account Value: None
  Done: False
  Policy Mean: [[-0.0028459602035582066, -0.023653583601117134, -0.015307039953768253, -0.002857270883396268, 0.01384352333843708, 0.020236508920788765, 0.01160284411162138, -0.01986834593117237, -0.020229915156960487, 0.002753304783254862, 0.019623301923274994, -0.0032842541113495827, -0.014163716696202755, 0.03439606726169586, -0.012822598218917847, 0.015829479321837425, 0.01628030836582184, -0.01647503860294819, -0.010902786627411842, 0.007184278219938278, 0.0018172007985413074, 0.023785900324583054, 0.012746922671794891, -0.0040528131648898125, -0.007749701850116253, 0.028500741347670555, 0.009736492298543453, -0.002384427236393094, 0.010905957780778408]]
  Policy Std: [[0.9991067051887512, 1.0012518167495728, 1.0019515752792358, 1.0023138523101807, 0.9989719390869141, 1.0008952617645264, 1.0002809762954712, 1.002434492111206, 1.0006232261657715, 0.9992192983627319, 1.0001494884490967, 1.0011566877365112, 0.9982251524925232, 1.00291109085083, 1.0022505521774292, 0.9988248348236084, 1.0015581846237183, 0.9973443746566772, 1.00054132938385, 1.0021677017211914, 1.0029916763305664, 0.9990875124931335, 0.9989128112792969, 1.0027989149093628, 1.000711441040039, 0.999455451965332, 0.9992843866348267, 0.9995128512382507, 1.0009386539459229]]

Step 214:
  Date/Day: 215
  Action: [[-0.0028459602035582066, -0.023653583601117134, -0.015307039953768253, -0.002857270883396268, 0.01384352333843708, 0.020236508920788765, 0.01160284411162138, -0.01986834593117237, -0.020229915156960487, 0.002753304783254862, 0.019623301923274994, -0.0032842541113495827, -0.014163716696202755, 0.03439606726169586, -0.012822598218917847, 0.015829479321837425, 0.01628030836582184, -0.01647503860294819, -0.010902786627411842, 0.007184278219938278, 0.0018172007985413074, 0.023785900324583054, 0.012746922671794891, -0.0040528131648898125, -0.007749701850116253, 0.028500741347670555, 0.009736492298543453, -0.002384427236393094, 0.010905957780778408]]
  Reward: -0.3963748812675476
  Account Value: None
  Done: False
  Policy Mean: [[-0.0028459602035582066, -0.023653583601117134, -0.015307039953768253, -0.002857270883396268, 0.01384352333843708, 0.020236508920788765, 0.01160284411162138, -0.01986834593117237, -0.020229915156960487, 0.002753304783254862, 0.019623301923274994, -0.0032842541113495827, -0.014163716696202755, 0.03439606726169586, -0.012822598218917847, 0.015829479321837425, 0.01628030836582184, -0.01647503860294819, -0.010902786627411842, 0.007184278219938278, 0.0018172007985413074, 0.023785900324583054, 0.012746922671794891, -0.0040528131648898125, -0.007749701850116253, 0.028500741347670555, 0.009736492298543453, -0.002384427236393094, 0.010905957780778408]]
  Policy Std: [[0.9991067051887512, 1.0012518167495728, 1.0019515752792358, 1.0023138523101807, 0.9989719390869141, 1.0008952617645264, 1.0002809762954712, 1.002434492111206, 1.0006232261657715, 0.9992192983627319, 1.0001494884490967, 1.0011566877365112, 0.9982251524925232, 1.00291109085083, 1.0022505521774292, 0.9988248348236084, 1.0015581846237183, 0.9973443746566772, 1.00054132938385, 1.0021677017211914, 1.0029916763305664, 0.9990875124931335, 0.9989128112792969, 1.0027989149093628, 1.000711441040039, 0.999455451965332, 0.9992843866348267, 0.9995128512382507, 1.0009386539459229]]

Step 215:
  Date/Day: 216
  Action: [[-0.0028459602035582066, -0.023653583601117134, -0.015307039953768253, -0.002857270883396268, 0.01384352333843708, 0.020236508920788765, 0.01160284411162138, -0.01986834593117237, -0.020229915156960487, 0.002753304783254862, 0.019623301923274994, -0.0032842541113495827, -0.014163716696202755, 0.03439606726169586, -0.012822598218917847, 0.015829479321837425, 0.01628030836582184, -0.01647503860294819, -0.010902786627411842, 0.007184278219938278, 0.0018172007985413074, 0.023785900324583054, 0.012746922671794891, -0.0040528131648898125, -0.007749701850116253, 0.028500741347670555, 0.009736492298543453, -0.002384427236393094, 0.010905957780778408]]
  Reward: -0.37565165758132935
  Account Value: None
  Done: False
  Policy Mean: [[-0.0028459602035582066, -0.023653583601117134, -0.015307039953768253, -0.002857270883396268, 0.01384352333843708, 0.020236508920788765, 0.01160284411162138, -0.01986834593117237, -0.020229915156960487, 0.002753304783254862, 0.019623301923274994, -0.0032842541113495827, -0.014163716696202755, 0.03439606726169586, -0.012822598218917847, 0.015829479321837425, 0.01628030836582184, -0.01647503860294819, -0.010902786627411842, 0.007184278219938278, 0.0018172007985413074, 0.023785900324583054, 0.012746922671794891, -0.0040528131648898125, -0.007749701850116253, 0.028500741347670555, 0.009736492298543453, -0.002384427236393094, 0.010905957780778408]]
  Policy Std: [[0.9991067051887512, 1.0012518167495728, 1.0019515752792358, 1.0023138523101807, 0.9989719390869141, 1.0008952617645264, 1.0002809762954712, 1.002434492111206, 1.0006232261657715, 0.9992192983627319, 1.0001494884490967, 1.0011566877365112, 0.9982251524925232, 1.00291109085083, 1.0022505521774292, 0.9988248348236084, 1.0015581846237183, 0.9973443746566772, 1.00054132938385, 1.0021677017211914, 1.0029916763305664, 0.9990875124931335, 0.9989128112792969, 1.0027989149093628, 1.000711441040039, 0.999455451965332, 0.9992843866348267, 0.9995128512382507, 1.0009386539459229]]

Step 216:
  Date/Day: 217
  Action: [[-0.0028459602035582066, -0.023653583601117134, -0.015307039953768253, -0.002857270883396268, 0.01384352333843708, 0.020236508920788765, 0.01160284411162138, -0.01986834593117237, -0.020229915156960487, 0.002753304783254862, 0.019623301923274994, -0.0032842541113495827, -0.014163716696202755, 0.03439606726169586, -0.012822598218917847, 0.015829479321837425, 0.01628030836582184, -0.01647503860294819, -0.010902786627411842, 0.007184278219938278, 0.0018172007985413074, 0.023785900324583054, 0.012746922671794891, -0.0040528131648898125, -0.007749701850116253, 0.028500741347670555, 0.009736492298543453, -0.002384427236393094, 0.010905957780778408]]
  Reward: -1.158207654953003
  Account Value: None
  Done: False
  Policy Mean: [[-0.0028459602035582066, -0.023653583601117134, -0.015307039953768253, -0.002857270883396268, 0.01384352333843708, 0.020236508920788765, 0.01160284411162138, -0.01986834593117237, -0.020229915156960487, 0.002753304783254862, 0.019623301923274994, -0.0032842541113495827, -0.014163716696202755, 0.03439606726169586, -0.012822598218917847, 0.015829479321837425, 0.01628030836582184, -0.01647503860294819, -0.010902786627411842, 0.007184278219938278, 0.0018172007985413074, 0.023785900324583054, 0.012746922671794891, -0.0040528131648898125, -0.007749701850116253, 0.028500741347670555, 0.009736492298543453, -0.002384427236393094, 0.010905957780778408]]
  Policy Std: [[0.9991067051887512, 1.0012518167495728, 1.0019515752792358, 1.0023138523101807, 0.9989719390869141, 1.0008952617645264, 1.0002809762954712, 1.002434492111206, 1.0006232261657715, 0.9992192983627319, 1.0001494884490967, 1.0011566877365112, 0.9982251524925232, 1.00291109085083, 1.0022505521774292, 0.9988248348236084, 1.0015581846237183, 0.9973443746566772, 1.00054132938385, 1.0021677017211914, 1.0029916763305664, 0.9990875124931335, 0.9989128112792969, 1.0027989149093628, 1.000711441040039, 0.999455451965332, 0.9992843866348267, 0.9995128512382507, 1.0009386539459229]]

Step 217:
  Date/Day: 218
  Action: [[-0.0028459602035582066, -0.023653583601117134, -0.015307039953768253, -0.002857270883396268, 0.01384352333843708, 0.020236508920788765, 0.01160284411162138, -0.01986834593117237, -0.020229915156960487, 0.002753304783254862, 0.019623301923274994, -0.0032842541113495827, -0.014163716696202755, 0.03439606726169586, -0.012822598218917847, 0.015829479321837425, 0.01628030836582184, -0.01647503860294819, -0.010902786627411842, 0.007184278219938278, 0.0018172007985413074, 0.023785900324583054, 0.012746922671794891, -0.0040528131648898125, -0.007749701850116253, 0.028500741347670555, 0.009736492298543453, -0.002384427236393094, 0.010905957780778408]]
  Reward: 0.6791020631790161
  Account Value: None
  Done: False
  Policy Mean: [[-0.0028459602035582066, -0.023653583601117134, -0.015307039953768253, -0.002857270883396268, 0.01384352333843708, 0.020236508920788765, 0.01160284411162138, -0.01986834593117237, -0.020229915156960487, 0.002753304783254862, 0.019623301923274994, -0.0032842541113495827, -0.014163716696202755, 0.03439606726169586, -0.012822598218917847, 0.015829479321837425, 0.01628030836582184, -0.01647503860294819, -0.010902786627411842, 0.007184278219938278, 0.0018172007985413074, 0.023785900324583054, 0.012746922671794891, -0.0040528131648898125, -0.007749701850116253, 0.028500741347670555, 0.009736492298543453, -0.002384427236393094, 0.010905957780778408]]
  Policy Std: [[0.9991067051887512, 1.0012518167495728, 1.0019515752792358, 1.0023138523101807, 0.9989719390869141, 1.0008952617645264, 1.0002809762954712, 1.002434492111206, 1.0006232261657715, 0.9992192983627319, 1.0001494884490967, 1.0011566877365112, 0.9982251524925232, 1.00291109085083, 1.0022505521774292, 0.9988248348236084, 1.0015581846237183, 0.9973443746566772, 1.00054132938385, 1.0021677017211914, 1.0029916763305664, 0.9990875124931335, 0.9989128112792969, 1.0027989149093628, 1.000711441040039, 0.999455451965332, 0.9992843866348267, 0.9995128512382507, 1.0009386539459229]]

Step 218:
  Date/Day: 219
  Action: [[-0.0028459602035582066, -0.023653583601117134, -0.015307039953768253, -0.002857270883396268, 0.01384352333843708, 0.020236508920788765, 0.01160284411162138, -0.01986834593117237, -0.020229915156960487, 0.002753304783254862, 0.019623301923274994, -0.0032842541113495827, -0.014163716696202755, 0.03439606726169586, -0.012822598218917847, 0.015829479321837425, 0.01628030836582184, -0.01647503860294819, -0.010902786627411842, 0.007184278219938278, 0.0018172007985413074, 0.023785900324583054, 0.012746922671794891, -0.0040528131648898125, -0.007749701850116253, 0.028500741347670555, 0.009736492298543453, -0.002384427236393094, 0.010905957780778408]]
  Reward: 0.6813939213752747
  Account Value: None
  Done: False
  Policy Mean: [[-0.0028459602035582066, -0.023653583601117134, -0.015307039953768253, -0.002857270883396268, 0.01384352333843708, 0.020236508920788765, 0.01160284411162138, -0.01986834593117237, -0.020229915156960487, 0.002753304783254862, 0.019623301923274994, -0.0032842541113495827, -0.014163716696202755, 0.03439606726169586, -0.012822598218917847, 0.015829479321837425, 0.01628030836582184, -0.01647503860294819, -0.010902786627411842, 0.007184278219938278, 0.0018172007985413074, 0.023785900324583054, 0.012746922671794891, -0.0040528131648898125, -0.007749701850116253, 0.028500741347670555, 0.009736492298543453, -0.002384427236393094, 0.010905957780778408]]
  Policy Std: [[0.9991067051887512, 1.0012518167495728, 1.0019515752792358, 1.0023138523101807, 0.9989719390869141, 1.0008952617645264, 1.0002809762954712, 1.002434492111206, 1.0006232261657715, 0.9992192983627319, 1.0001494884490967, 1.0011566877365112, 0.9982251524925232, 1.00291109085083, 1.0022505521774292, 0.9988248348236084, 1.0015581846237183, 0.9973443746566772, 1.00054132938385, 1.0021677017211914, 1.0029916763305664, 0.9990875124931335, 0.9989128112792969, 1.0027989149093628, 1.000711441040039, 0.999455451965332, 0.9992843866348267, 0.9995128512382507, 1.0009386539459229]]

Step 219:
  Date/Day: 220
  Action: [[-0.0028459602035582066, -0.023653583601117134, -0.015307039953768253, -0.002857270883396268, 0.01384352333843708, 0.020236508920788765, 0.01160284411162138, -0.01986834593117237, -0.020229915156960487, 0.002753304783254862, 0.019623301923274994, -0.0032842541113495827, -0.014163716696202755, 0.03439606726169586, -0.012822598218917847, 0.015829479321837425, 0.01628030836582184, -0.01647503860294819, -0.010902786627411842, 0.007184278219938278, 0.0018172007985413074, 0.023785900324583054, 0.012746922671794891, -0.0040528131648898125, -0.007749701850116253, 0.028500741347670555, 0.009736492298543453, -0.002384427236393094, 0.010905957780778408]]
  Reward: -0.1458948403596878
  Account Value: None
  Done: False
  Policy Mean: [[-0.0028459602035582066, -0.023653583601117134, -0.015307039953768253, -0.002857270883396268, 0.01384352333843708, 0.020236508920788765, 0.01160284411162138, -0.01986834593117237, -0.020229915156960487, 0.002753304783254862, 0.019623301923274994, -0.0032842541113495827, -0.014163716696202755, 0.03439606726169586, -0.012822598218917847, 0.015829479321837425, 0.01628030836582184, -0.01647503860294819, -0.010902786627411842, 0.007184278219938278, 0.0018172007985413074, 0.023785900324583054, 0.012746922671794891, -0.0040528131648898125, -0.007749701850116253, 0.028500741347670555, 0.009736492298543453, -0.002384427236393094, 0.010905957780778408]]
  Policy Std: [[0.9991067051887512, 1.0012518167495728, 1.0019515752792358, 1.0023138523101807, 0.9989719390869141, 1.0008952617645264, 1.0002809762954712, 1.002434492111206, 1.0006232261657715, 0.9992192983627319, 1.0001494884490967, 1.0011566877365112, 0.9982251524925232, 1.00291109085083, 1.0022505521774292, 0.9988248348236084, 1.0015581846237183, 0.9973443746566772, 1.00054132938385, 1.0021677017211914, 1.0029916763305664, 0.9990875124931335, 0.9989128112792969, 1.0027989149093628, 1.000711441040039, 0.999455451965332, 0.9992843866348267, 0.9995128512382507, 1.0009386539459229]]

Step 220:
  Date/Day: 221
  Action: [[-0.0028459602035582066, -0.023653583601117134, -0.015307039953768253, -0.002857270883396268, 0.01384352333843708, 0.020236508920788765, 0.01160284411162138, -0.01986834593117237, -0.020229915156960487, 0.002753304783254862, 0.019623301923274994, -0.0032842541113495827, -0.014163716696202755, 0.03439606726169586, -0.012822598218917847, 0.015829479321837425, 0.01628030836582184, -0.01647503860294819, -0.010902786627411842, 0.007184278219938278, 0.0018172007985413074, 0.023785900324583054, 0.012746922671794891, -0.0040528131648898125, -0.007749701850116253, 0.028500741347670555, 0.009736492298543453, -0.002384427236393094, 0.010905957780778408]]
  Reward: -0.3401683270931244
  Account Value: None
  Done: False
  Policy Mean: [[-0.0028459602035582066, -0.023653583601117134, -0.015307039953768253, -0.002857270883396268, 0.01384352333843708, 0.020236508920788765, 0.01160284411162138, -0.01986834593117237, -0.020229915156960487, 0.002753304783254862, 0.019623301923274994, -0.0032842541113495827, -0.014163716696202755, 0.03439606726169586, -0.012822598218917847, 0.015829479321837425, 0.01628030836582184, -0.01647503860294819, -0.010902786627411842, 0.007184278219938278, 0.0018172007985413074, 0.023785900324583054, 0.012746922671794891, -0.0040528131648898125, -0.007749701850116253, 0.028500741347670555, 0.009736492298543453, -0.002384427236393094, 0.010905957780778408]]
  Policy Std: [[0.9991067051887512, 1.0012518167495728, 1.0019515752792358, 1.0023138523101807, 0.9989719390869141, 1.0008952617645264, 1.0002809762954712, 1.002434492111206, 1.0006232261657715, 0.9992192983627319, 1.0001494884490967, 1.0011566877365112, 0.9982251524925232, 1.00291109085083, 1.0022505521774292, 0.9988248348236084, 1.0015581846237183, 0.9973443746566772, 1.00054132938385, 1.0021677017211914, 1.0029916763305664, 0.9990875124931335, 0.9989128112792969, 1.0027989149093628, 1.000711441040039, 0.999455451965332, 0.9992843866348267, 0.9995128512382507, 1.0009386539459229]]

Step 221:
  Date/Day: 222
  Action: [[-0.0028459602035582066, -0.023653583601117134, -0.015307039953768253, -0.002857270883396268, 0.01384352333843708, 0.020236508920788765, 0.01160284411162138, -0.01986834593117237, -0.020229915156960487, 0.002753304783254862, 0.019623301923274994, -0.0032842541113495827, -0.014163716696202755, 0.03439606726169586, -0.012822598218917847, 0.015829479321837425, 0.01628030836582184, -0.01647503860294819, -0.010902786627411842, 0.007184278219938278, 0.0018172007985413074, 0.023785900324583054, 0.012746922671794891, -0.0040528131648898125, -0.007749701850116253, 0.028500741347670555, 0.009736492298543453, -0.002384427236393094, 0.010905957780778408]]
  Reward: 0.04902391880750656
  Account Value: None
  Done: False
  Policy Mean: [[-0.0028459602035582066, -0.023653583601117134, -0.015307039953768253, -0.002857270883396268, 0.01384352333843708, 0.020236508920788765, 0.01160284411162138, -0.01986834593117237, -0.020229915156960487, 0.002753304783254862, 0.019623301923274994, -0.0032842541113495827, -0.014163716696202755, 0.03439606726169586, -0.012822598218917847, 0.015829479321837425, 0.01628030836582184, -0.01647503860294819, -0.010902786627411842, 0.007184278219938278, 0.0018172007985413074, 0.023785900324583054, 0.012746922671794891, -0.0040528131648898125, -0.007749701850116253, 0.028500741347670555, 0.009736492298543453, -0.002384427236393094, 0.010905957780778408]]
  Policy Std: [[0.9991067051887512, 1.0012518167495728, 1.0019515752792358, 1.0023138523101807, 0.9989719390869141, 1.0008952617645264, 1.0002809762954712, 1.002434492111206, 1.0006232261657715, 0.9992192983627319, 1.0001494884490967, 1.0011566877365112, 0.9982251524925232, 1.00291109085083, 1.0022505521774292, 0.9988248348236084, 1.0015581846237183, 0.9973443746566772, 1.00054132938385, 1.0021677017211914, 1.0029916763305664, 0.9990875124931335, 0.9989128112792969, 1.0027989149093628, 1.000711441040039, 0.999455451965332, 0.9992843866348267, 0.9995128512382507, 1.0009386539459229]]

Step 222:
  Date/Day: 223
  Action: [[-0.0028459602035582066, -0.023653583601117134, -0.015307039953768253, -0.002857270883396268, 0.01384352333843708, 0.020236508920788765, 0.01160284411162138, -0.01986834593117237, -0.020229915156960487, 0.002753304783254862, 0.019623301923274994, -0.0032842541113495827, -0.014163716696202755, 0.03439606726169586, -0.012822598218917847, 0.015829479321837425, 0.01628030836582184, -0.01647503860294819, -0.010902786627411842, 0.007184278219938278, 0.0018172007985413074, 0.023785900324583054, 0.012746922671794891, -0.0040528131648898125, -0.007749701850116253, 0.028500741347670555, 0.009736492298543453, -0.002384427236393094, 0.010905957780778408]]
  Reward: 0.2844959497451782
  Account Value: None
  Done: False
  Policy Mean: [[-0.0028459602035582066, -0.023653583601117134, -0.015307039953768253, -0.002857270883396268, 0.01384352333843708, 0.020236508920788765, 0.01160284411162138, -0.01986834593117237, -0.020229915156960487, 0.002753304783254862, 0.019623301923274994, -0.0032842541113495827, -0.014163716696202755, 0.03439606726169586, -0.012822598218917847, 0.015829479321837425, 0.01628030836582184, -0.01647503860294819, -0.010902786627411842, 0.007184278219938278, 0.0018172007985413074, 0.023785900324583054, 0.012746922671794891, -0.0040528131648898125, -0.007749701850116253, 0.028500741347670555, 0.009736492298543453, -0.002384427236393094, 0.010905957780778408]]
  Policy Std: [[0.9991067051887512, 1.0012518167495728, 1.0019515752792358, 1.0023138523101807, 0.9989719390869141, 1.0008952617645264, 1.0002809762954712, 1.002434492111206, 1.0006232261657715, 0.9992192983627319, 1.0001494884490967, 1.0011566877365112, 0.9982251524925232, 1.00291109085083, 1.0022505521774292, 0.9988248348236084, 1.0015581846237183, 0.9973443746566772, 1.00054132938385, 1.0021677017211914, 1.0029916763305664, 0.9990875124931335, 0.9989128112792969, 1.0027989149093628, 1.000711441040039, 0.999455451965332, 0.9992843866348267, 0.9995128512382507, 1.0009386539459229]]

Step 223:
  Date/Day: 224
  Action: [[-0.0028459602035582066, -0.023653583601117134, -0.015307039953768253, -0.002857270883396268, 0.01384352333843708, 0.020236508920788765, 0.01160284411162138, -0.01986834593117237, -0.020229915156960487, 0.002753304783254862, 0.019623301923274994, -0.0032842541113495827, -0.014163716696202755, 0.03439606726169586, -0.012822598218917847, 0.015829479321837425, 0.01628030836582184, -0.01647503860294819, -0.010902786627411842, 0.007184278219938278, 0.0018172007985413074, 0.023785900324583054, 0.012746922671794891, -0.0040528131648898125, -0.007749701850116253, 0.028500741347670555, 0.009736492298543453, -0.002384427236393094, 0.010905957780778408]]
  Reward: 0.0023396743927150965
  Account Value: None
  Done: False
  Policy Mean: [[-0.0028459602035582066, -0.023653583601117134, -0.015307039953768253, -0.002857270883396268, 0.01384352333843708, 0.020236508920788765, 0.01160284411162138, -0.01986834593117237, -0.020229915156960487, 0.002753304783254862, 0.019623301923274994, -0.0032842541113495827, -0.014163716696202755, 0.03439606726169586, -0.012822598218917847, 0.015829479321837425, 0.01628030836582184, -0.01647503860294819, -0.010902786627411842, 0.007184278219938278, 0.0018172007985413074, 0.023785900324583054, 0.012746922671794891, -0.0040528131648898125, -0.007749701850116253, 0.028500741347670555, 0.009736492298543453, -0.002384427236393094, 0.010905957780778408]]
  Policy Std: [[0.9991067051887512, 1.0012518167495728, 1.0019515752792358, 1.0023138523101807, 0.9989719390869141, 1.0008952617645264, 1.0002809762954712, 1.002434492111206, 1.0006232261657715, 0.9992192983627319, 1.0001494884490967, 1.0011566877365112, 0.9982251524925232, 1.00291109085083, 1.0022505521774292, 0.9988248348236084, 1.0015581846237183, 0.9973443746566772, 1.00054132938385, 1.0021677017211914, 1.0029916763305664, 0.9990875124931335, 0.9989128112792969, 1.0027989149093628, 1.000711441040039, 0.999455451965332, 0.9992843866348267, 0.9995128512382507, 1.0009386539459229]]

Step 224:
  Date/Day: 225
  Action: [[-0.0028459602035582066, -0.023653583601117134, -0.015307039953768253, -0.002857270883396268, 0.01384352333843708, 0.020236508920788765, 0.01160284411162138, -0.01986834593117237, -0.020229915156960487, 0.002753304783254862, 0.019623301923274994, -0.0032842541113495827, -0.014163716696202755, 0.03439606726169586, -0.012822598218917847, 0.015829479321837425, 0.01628030836582184, -0.01647503860294819, -0.010902786627411842, 0.007184278219938278, 0.0018172007985413074, 0.023785900324583054, 0.012746922671794891, -0.0040528131648898125, -0.007749701850116253, 0.028500741347670555, 0.009736492298543453, -0.002384427236393094, 0.010905957780778408]]
  Reward: 0.4907897412776947
  Account Value: None
  Done: False
  Policy Mean: [[-0.0028459602035582066, -0.023653583601117134, -0.015307039953768253, -0.002857270883396268, 0.01384352333843708, 0.020236508920788765, 0.01160284411162138, -0.01986834593117237, -0.020229915156960487, 0.002753304783254862, 0.019623301923274994, -0.0032842541113495827, -0.014163716696202755, 0.03439606726169586, -0.012822598218917847, 0.015829479321837425, 0.01628030836582184, -0.01647503860294819, -0.010902786627411842, 0.007184278219938278, 0.0018172007985413074, 0.023785900324583054, 0.012746922671794891, -0.0040528131648898125, -0.007749701850116253, 0.028500741347670555, 0.009736492298543453, -0.002384427236393094, 0.010905957780778408]]
  Policy Std: [[0.9991067051887512, 1.0012518167495728, 1.0019515752792358, 1.0023138523101807, 0.9989719390869141, 1.0008952617645264, 1.0002809762954712, 1.002434492111206, 1.0006232261657715, 0.9992192983627319, 1.0001494884490967, 1.0011566877365112, 0.9982251524925232, 1.00291109085083, 1.0022505521774292, 0.9988248348236084, 1.0015581846237183, 0.9973443746566772, 1.00054132938385, 1.0021677017211914, 1.0029916763305664, 0.9990875124931335, 0.9989128112792969, 1.0027989149093628, 1.000711441040039, 0.999455451965332, 0.9992843866348267, 0.9995128512382507, 1.0009386539459229]]

Step 225:
  Date/Day: 226
  Action: [[-0.0028459602035582066, -0.023653583601117134, -0.015307039953768253, -0.002857270883396268, 0.01384352333843708, 0.020236508920788765, 0.01160284411162138, -0.01986834593117237, -0.020229915156960487, 0.002753304783254862, 0.019623301923274994, -0.0032842541113495827, -0.014163716696202755, 0.03439606726169586, -0.012822598218917847, 0.015829479321837425, 0.01628030836582184, -0.01647503860294819, -0.010902786627411842, 0.007184278219938278, 0.0018172007985413074, 0.023785900324583054, 0.012746922671794891, -0.0040528131648898125, -0.007749701850116253, 0.028500741347670555, 0.009736492298543453, -0.002384427236393094, 0.010905957780778408]]
  Reward: 0.010115960612893105
  Account Value: None
  Done: False
  Policy Mean: [[-0.0028459602035582066, -0.023653583601117134, -0.015307039953768253, -0.002857270883396268, 0.01384352333843708, 0.020236508920788765, 0.01160284411162138, -0.01986834593117237, -0.020229915156960487, 0.002753304783254862, 0.019623301923274994, -0.0032842541113495827, -0.014163716696202755, 0.03439606726169586, -0.012822598218917847, 0.015829479321837425, 0.01628030836582184, -0.01647503860294819, -0.010902786627411842, 0.007184278219938278, 0.0018172007985413074, 0.023785900324583054, 0.012746922671794891, -0.0040528131648898125, -0.007749701850116253, 0.028500741347670555, 0.009736492298543453, -0.002384427236393094, 0.010905957780778408]]
  Policy Std: [[0.9991067051887512, 1.0012518167495728, 1.0019515752792358, 1.0023138523101807, 0.9989719390869141, 1.0008952617645264, 1.0002809762954712, 1.002434492111206, 1.0006232261657715, 0.9992192983627319, 1.0001494884490967, 1.0011566877365112, 0.9982251524925232, 1.00291109085083, 1.0022505521774292, 0.9988248348236084, 1.0015581846237183, 0.9973443746566772, 1.00054132938385, 1.0021677017211914, 1.0029916763305664, 0.9990875124931335, 0.9989128112792969, 1.0027989149093628, 1.000711441040039, 0.999455451965332, 0.9992843866348267, 0.9995128512382507, 1.0009386539459229]]

Step 226:
  Date/Day: 227
  Action: [[-0.0028459602035582066, -0.023653583601117134, -0.015307039953768253, -0.002857270883396268, 0.01384352333843708, 0.020236508920788765, 0.01160284411162138, -0.01986834593117237, -0.020229915156960487, 0.002753304783254862, 0.019623301923274994, -0.0032842541113495827, -0.014163716696202755, 0.03439606726169586, -0.012822598218917847, 0.015829479321837425, 0.01628030836582184, -0.01647503860294819, -0.010902786627411842, 0.007184278219938278, 0.0018172007985413074, 0.023785900324583054, 0.012746922671794891, -0.0040528131648898125, -0.007749701850116253, 0.028500741347670555, 0.009736492298543453, -0.002384427236393094, 0.010905957780778408]]
  Reward: 0.12984876334667206
  Account Value: None
  Done: False
  Policy Mean: [[-0.0028459602035582066, -0.023653583601117134, -0.015307039953768253, -0.002857270883396268, 0.01384352333843708, 0.020236508920788765, 0.01160284411162138, -0.01986834593117237, -0.020229915156960487, 0.002753304783254862, 0.019623301923274994, -0.0032842541113495827, -0.014163716696202755, 0.03439606726169586, -0.012822598218917847, 0.015829479321837425, 0.01628030836582184, -0.01647503860294819, -0.010902786627411842, 0.007184278219938278, 0.0018172007985413074, 0.023785900324583054, 0.012746922671794891, -0.0040528131648898125, -0.007749701850116253, 0.028500741347670555, 0.009736492298543453, -0.002384427236393094, 0.010905957780778408]]
  Policy Std: [[0.9991067051887512, 1.0012518167495728, 1.0019515752792358, 1.0023138523101807, 0.9989719390869141, 1.0008952617645264, 1.0002809762954712, 1.002434492111206, 1.0006232261657715, 0.9992192983627319, 1.0001494884490967, 1.0011566877365112, 0.9982251524925232, 1.00291109085083, 1.0022505521774292, 0.9988248348236084, 1.0015581846237183, 0.9973443746566772, 1.00054132938385, 1.0021677017211914, 1.0029916763305664, 0.9990875124931335, 0.9989128112792969, 1.0027989149093628, 1.000711441040039, 0.999455451965332, 0.9992843866348267, 0.9995128512382507, 1.0009386539459229]]

Step 227:
  Date/Day: 228
  Action: [[-0.0028459602035582066, -0.023653583601117134, -0.015307039953768253, -0.002857270883396268, 0.01384352333843708, 0.020236508920788765, 0.01160284411162138, -0.01986834593117237, -0.020229915156960487, 0.002753304783254862, 0.019623301923274994, -0.0032842541113495827, -0.014163716696202755, 0.03439606726169586, -0.012822598218917847, 0.015829479321837425, 0.01628030836582184, -0.01647503860294819, -0.010902786627411842, 0.007184278219938278, 0.0018172007985413074, 0.023785900324583054, 0.012746922671794891, -0.0040528131648898125, -0.007749701850116253, 0.028500741347670555, 0.009736492298543453, -0.002384427236393094, 0.010905957780778408]]
  Reward: -0.05269549787044525
  Account Value: None
  Done: False
  Policy Mean: [[-0.0028459602035582066, -0.023653583601117134, -0.015307039953768253, -0.002857270883396268, 0.01384352333843708, 0.020236508920788765, 0.01160284411162138, -0.01986834593117237, -0.020229915156960487, 0.002753304783254862, 0.019623301923274994, -0.0032842541113495827, -0.014163716696202755, 0.03439606726169586, -0.012822598218917847, 0.015829479321837425, 0.01628030836582184, -0.01647503860294819, -0.010902786627411842, 0.007184278219938278, 0.0018172007985413074, 0.023785900324583054, 0.012746922671794891, -0.0040528131648898125, -0.007749701850116253, 0.028500741347670555, 0.009736492298543453, -0.002384427236393094, 0.010905957780778408]]
  Policy Std: [[0.9991067051887512, 1.0012518167495728, 1.0019515752792358, 1.0023138523101807, 0.9989719390869141, 1.0008952617645264, 1.0002809762954712, 1.002434492111206, 1.0006232261657715, 0.9992192983627319, 1.0001494884490967, 1.0011566877365112, 0.9982251524925232, 1.00291109085083, 1.0022505521774292, 0.9988248348236084, 1.0015581846237183, 0.9973443746566772, 1.00054132938385, 1.0021677017211914, 1.0029916763305664, 0.9990875124931335, 0.9989128112792969, 1.0027989149093628, 1.000711441040039, 0.999455451965332, 0.9992843866348267, 0.9995128512382507, 1.0009386539459229]]

Step 228:
  Date/Day: 229
  Action: [[-0.0028459602035582066, -0.023653583601117134, -0.015307039953768253, -0.002857270883396268, 0.01384352333843708, 0.020236508920788765, 0.01160284411162138, -0.01986834593117237, -0.020229915156960487, 0.002753304783254862, 0.019623301923274994, -0.0032842541113495827, -0.014163716696202755, 0.03439606726169586, -0.012822598218917847, 0.015829479321837425, 0.01628030836582184, -0.01647503860294819, -0.010902786627411842, 0.007184278219938278, 0.0018172007985413074, 0.023785900324583054, 0.012746922671794891, -0.0040528131648898125, -0.007749701850116253, 0.028500741347670555, 0.009736492298543453, -0.002384427236393094, 0.010905957780778408]]
  Reward: 0.5464939475059509
  Account Value: None
  Done: False
  Policy Mean: [[-0.0028459602035582066, -0.023653583601117134, -0.015307039953768253, -0.002857270883396268, 0.01384352333843708, 0.020236508920788765, 0.01160284411162138, -0.01986834593117237, -0.020229915156960487, 0.002753304783254862, 0.019623301923274994, -0.0032842541113495827, -0.014163716696202755, 0.03439606726169586, -0.012822598218917847, 0.015829479321837425, 0.01628030836582184, -0.01647503860294819, -0.010902786627411842, 0.007184278219938278, 0.0018172007985413074, 0.023785900324583054, 0.012746922671794891, -0.0040528131648898125, -0.007749701850116253, 0.028500741347670555, 0.009736492298543453, -0.002384427236393094, 0.010905957780778408]]
  Policy Std: [[0.9991067051887512, 1.0012518167495728, 1.0019515752792358, 1.0023138523101807, 0.9989719390869141, 1.0008952617645264, 1.0002809762954712, 1.002434492111206, 1.0006232261657715, 0.9992192983627319, 1.0001494884490967, 1.0011566877365112, 0.9982251524925232, 1.00291109085083, 1.0022505521774292, 0.9988248348236084, 1.0015581846237183, 0.9973443746566772, 1.00054132938385, 1.0021677017211914, 1.0029916763305664, 0.9990875124931335, 0.9989128112792969, 1.0027989149093628, 1.000711441040039, 0.999455451965332, 0.9992843866348267, 0.9995128512382507, 1.0009386539459229]]

Step 229:
  Date/Day: 230
  Action: [[-0.0028459602035582066, -0.023653583601117134, -0.015307039953768253, -0.002857270883396268, 0.01384352333843708, 0.020236508920788765, 0.01160284411162138, -0.01986834593117237, -0.020229915156960487, 0.002753304783254862, 0.019623301923274994, -0.0032842541113495827, -0.014163716696202755, 0.03439606726169586, -0.012822598218917847, 0.015829479321837425, 0.01628030836582184, -0.01647503860294819, -0.010902786627411842, 0.007184278219938278, 0.0018172007985413074, 0.023785900324583054, 0.012746922671794891, -0.0040528131648898125, -0.007749701850116253, 0.028500741347670555, 0.009736492298543453, -0.002384427236393094, 0.010905957780778408]]
  Reward: -0.26017147302627563
  Account Value: None
  Done: False
  Policy Mean: [[-0.0028459602035582066, -0.023653583601117134, -0.015307039953768253, -0.002857270883396268, 0.01384352333843708, 0.020236508920788765, 0.01160284411162138, -0.01986834593117237, -0.020229915156960487, 0.002753304783254862, 0.019623301923274994, -0.0032842541113495827, -0.014163716696202755, 0.03439606726169586, -0.012822598218917847, 0.015829479321837425, 0.01628030836582184, -0.01647503860294819, -0.010902786627411842, 0.007184278219938278, 0.0018172007985413074, 0.023785900324583054, 0.012746922671794891, -0.0040528131648898125, -0.007749701850116253, 0.028500741347670555, 0.009736492298543453, -0.002384427236393094, 0.010905957780778408]]
  Policy Std: [[0.9991067051887512, 1.0012518167495728, 1.0019515752792358, 1.0023138523101807, 0.9989719390869141, 1.0008952617645264, 1.0002809762954712, 1.002434492111206, 1.0006232261657715, 0.9992192983627319, 1.0001494884490967, 1.0011566877365112, 0.9982251524925232, 1.00291109085083, 1.0022505521774292, 0.9988248348236084, 1.0015581846237183, 0.9973443746566772, 1.00054132938385, 1.0021677017211914, 1.0029916763305664, 0.9990875124931335, 0.9989128112792969, 1.0027989149093628, 1.000711441040039, 0.999455451965332, 0.9992843866348267, 0.9995128512382507, 1.0009386539459229]]

Step 230:
  Date/Day: 231
  Action: [[-0.0028459602035582066, -0.023653583601117134, -0.015307039953768253, -0.002857270883396268, 0.01384352333843708, 0.020236508920788765, 0.01160284411162138, -0.01986834593117237, -0.020229915156960487, 0.002753304783254862, 0.019623301923274994, -0.0032842541113495827, -0.014163716696202755, 0.03439606726169586, -0.012822598218917847, 0.015829479321837425, 0.01628030836582184, -0.01647503860294819, -0.010902786627411842, 0.007184278219938278, 0.0018172007985413074, 0.023785900324583054, 0.012746922671794891, -0.0040528131648898125, -0.007749701850116253, 0.028500741347670555, 0.009736492298543453, -0.002384427236393094, 0.010905957780778408]]
  Reward: 0.08980059623718262
  Account Value: None
  Done: False
  Policy Mean: [[-0.0028459602035582066, -0.023653583601117134, -0.015307039953768253, -0.002857270883396268, 0.01384352333843708, 0.020236508920788765, 0.01160284411162138, -0.01986834593117237, -0.020229915156960487, 0.002753304783254862, 0.019623301923274994, -0.0032842541113495827, -0.014163716696202755, 0.03439606726169586, -0.012822598218917847, 0.015829479321837425, 0.01628030836582184, -0.01647503860294819, -0.010902786627411842, 0.007184278219938278, 0.0018172007985413074, 0.023785900324583054, 0.012746922671794891, -0.0040528131648898125, -0.007749701850116253, 0.028500741347670555, 0.009736492298543453, -0.002384427236393094, 0.010905957780778408]]
  Policy Std: [[0.9991067051887512, 1.0012518167495728, 1.0019515752792358, 1.0023138523101807, 0.9989719390869141, 1.0008952617645264, 1.0002809762954712, 1.002434492111206, 1.0006232261657715, 0.9992192983627319, 1.0001494884490967, 1.0011566877365112, 0.9982251524925232, 1.00291109085083, 1.0022505521774292, 0.9988248348236084, 1.0015581846237183, 0.9973443746566772, 1.00054132938385, 1.0021677017211914, 1.0029916763305664, 0.9990875124931335, 0.9989128112792969, 1.0027989149093628, 1.000711441040039, 0.999455451965332, 0.9992843866348267, 0.9995128512382507, 1.0009386539459229]]

Step 231:
  Date/Day: 232
  Action: [[-0.0028459602035582066, -0.023653583601117134, -0.015307039953768253, -0.002857270883396268, 0.01384352333843708, 0.020236508920788765, 0.01160284411162138, -0.01986834593117237, -0.020229915156960487, 0.002753304783254862, 0.019623301923274994, -0.0032842541113495827, -0.014163716696202755, 0.03439606726169586, -0.012822598218917847, 0.015829479321837425, 0.01628030836582184, -0.01647503860294819, -0.010902786627411842, 0.007184278219938278, 0.0018172007985413074, 0.023785900324583054, 0.012746922671794891, -0.0040528131648898125, -0.007749701850116253, 0.028500741347670555, 0.009736492298543453, -0.002384427236393094, 0.010905957780778408]]
  Reward: -0.28702637553215027
  Account Value: None
  Done: False
  Policy Mean: [[-0.0028459602035582066, -0.023653583601117134, -0.015307039953768253, -0.002857270883396268, 0.01384352333843708, 0.020236508920788765, 0.01160284411162138, -0.01986834593117237, -0.020229915156960487, 0.002753304783254862, 0.019623301923274994, -0.0032842541113495827, -0.014163716696202755, 0.03439606726169586, -0.012822598218917847, 0.015829479321837425, 0.01628030836582184, -0.01647503860294819, -0.010902786627411842, 0.007184278219938278, 0.0018172007985413074, 0.023785900324583054, 0.012746922671794891, -0.0040528131648898125, -0.007749701850116253, 0.028500741347670555, 0.009736492298543453, -0.002384427236393094, 0.010905957780778408]]
  Policy Std: [[0.9991067051887512, 1.0012518167495728, 1.0019515752792358, 1.0023138523101807, 0.9989719390869141, 1.0008952617645264, 1.0002809762954712, 1.002434492111206, 1.0006232261657715, 0.9992192983627319, 1.0001494884490967, 1.0011566877365112, 0.9982251524925232, 1.00291109085083, 1.0022505521774292, 0.9988248348236084, 1.0015581846237183, 0.9973443746566772, 1.00054132938385, 1.0021677017211914, 1.0029916763305664, 0.9990875124931335, 0.9989128112792969, 1.0027989149093628, 1.000711441040039, 0.999455451965332, 0.9992843866348267, 0.9995128512382507, 1.0009386539459229]]

Step 232:
  Date/Day: 233
  Action: [[-0.0028459602035582066, -0.023653583601117134, -0.015307039953768253, -0.002857270883396268, 0.01384352333843708, 0.020236508920788765, 0.01160284411162138, -0.01986834593117237, -0.020229915156960487, 0.002753304783254862, 0.019623301923274994, -0.0032842541113495827, -0.014163716696202755, 0.03439606726169586, -0.012822598218917847, 0.015829479321837425, 0.01628030836582184, -0.01647503860294819, -0.010902786627411842, 0.007184278219938278, 0.0018172007985413074, 0.023785900324583054, 0.012746922671794891, -0.0040528131648898125, -0.007749701850116253, 0.028500741347670555, 0.009736492298543453, -0.002384427236393094, 0.010905957780778408]]
  Reward: 0.49500876665115356
  Account Value: None
  Done: False
  Policy Mean: [[-0.0028459602035582066, -0.023653583601117134, -0.015307039953768253, -0.002857270883396268, 0.01384352333843708, 0.020236508920788765, 0.01160284411162138, -0.01986834593117237, -0.020229915156960487, 0.002753304783254862, 0.019623301923274994, -0.0032842541113495827, -0.014163716696202755, 0.03439606726169586, -0.012822598218917847, 0.015829479321837425, 0.01628030836582184, -0.01647503860294819, -0.010902786627411842, 0.007184278219938278, 0.0018172007985413074, 0.023785900324583054, 0.012746922671794891, -0.0040528131648898125, -0.007749701850116253, 0.028500741347670555, 0.009736492298543453, -0.002384427236393094, 0.010905957780778408]]
  Policy Std: [[0.9991067051887512, 1.0012518167495728, 1.0019515752792358, 1.0023138523101807, 0.9989719390869141, 1.0008952617645264, 1.0002809762954712, 1.002434492111206, 1.0006232261657715, 0.9992192983627319, 1.0001494884490967, 1.0011566877365112, 0.9982251524925232, 1.00291109085083, 1.0022505521774292, 0.9988248348236084, 1.0015581846237183, 0.9973443746566772, 1.00054132938385, 1.0021677017211914, 1.0029916763305664, 0.9990875124931335, 0.9989128112792969, 1.0027989149093628, 1.000711441040039, 0.999455451965332, 0.9992843866348267, 0.9995128512382507, 1.0009386539459229]]

Step 233:
  Date/Day: 234
  Action: [[-0.0028459602035582066, -0.023653583601117134, -0.015307039953768253, -0.002857270883396268, 0.01384352333843708, 0.020236508920788765, 0.01160284411162138, -0.01986834593117237, -0.020229915156960487, 0.002753304783254862, 0.019623301923274994, -0.0032842541113495827, -0.014163716696202755, 0.03439606726169586, -0.012822598218917847, 0.015829479321837425, 0.01628030836582184, -0.01647503860294819, -0.010902786627411842, 0.007184278219938278, 0.0018172007985413074, 0.023785900324583054, 0.012746922671794891, -0.0040528131648898125, -0.007749701850116253, 0.028500741347670555, 0.009736492298543453, -0.002384427236393094, 0.010905957780778408]]
  Reward: -0.07951156049966812
  Account Value: None
  Done: False
  Policy Mean: [[-0.0028459602035582066, -0.023653583601117134, -0.015307039953768253, -0.002857270883396268, 0.01384352333843708, 0.020236508920788765, 0.01160284411162138, -0.01986834593117237, -0.020229915156960487, 0.002753304783254862, 0.019623301923274994, -0.0032842541113495827, -0.014163716696202755, 0.03439606726169586, -0.012822598218917847, 0.015829479321837425, 0.01628030836582184, -0.01647503860294819, -0.010902786627411842, 0.007184278219938278, 0.0018172007985413074, 0.023785900324583054, 0.012746922671794891, -0.0040528131648898125, -0.007749701850116253, 0.028500741347670555, 0.009736492298543453, -0.002384427236393094, 0.010905957780778408]]
  Policy Std: [[0.9991067051887512, 1.0012518167495728, 1.0019515752792358, 1.0023138523101807, 0.9989719390869141, 1.0008952617645264, 1.0002809762954712, 1.002434492111206, 1.0006232261657715, 0.9992192983627319, 1.0001494884490967, 1.0011566877365112, 0.9982251524925232, 1.00291109085083, 1.0022505521774292, 0.9988248348236084, 1.0015581846237183, 0.9973443746566772, 1.00054132938385, 1.0021677017211914, 1.0029916763305664, 0.9990875124931335, 0.9989128112792969, 1.0027989149093628, 1.000711441040039, 0.999455451965332, 0.9992843866348267, 0.9995128512382507, 1.0009386539459229]]

Step 234:
  Date/Day: 235
  Action: [[-0.0028459602035582066, -0.023653583601117134, -0.015307039953768253, -0.002857270883396268, 0.01384352333843708, 0.020236508920788765, 0.01160284411162138, -0.01986834593117237, -0.020229915156960487, 0.002753304783254862, 0.019623301923274994, -0.0032842541113495827, -0.014163716696202755, 0.03439606726169586, -0.012822598218917847, 0.015829479321837425, 0.01628030836582184, -0.01647503860294819, -0.010902786627411842, 0.007184278219938278, 0.0018172007985413074, 0.023785900324583054, 0.012746922671794891, -0.0040528131648898125, -0.007749701850116253, 0.028500741347670555, 0.009736492298543453, -0.002384427236393094, 0.010905957780778408]]
  Reward: -0.12945730984210968
  Account Value: None
  Done: False
  Policy Mean: [[-0.0028459602035582066, -0.023653583601117134, -0.015307039953768253, -0.002857270883396268, 0.01384352333843708, 0.020236508920788765, 0.01160284411162138, -0.01986834593117237, -0.020229915156960487, 0.002753304783254862, 0.019623301923274994, -0.0032842541113495827, -0.014163716696202755, 0.03439606726169586, -0.012822598218917847, 0.015829479321837425, 0.01628030836582184, -0.01647503860294819, -0.010902786627411842, 0.007184278219938278, 0.0018172007985413074, 0.023785900324583054, 0.012746922671794891, -0.0040528131648898125, -0.007749701850116253, 0.028500741347670555, 0.009736492298543453, -0.002384427236393094, 0.010905957780778408]]
  Policy Std: [[0.9991067051887512, 1.0012518167495728, 1.0019515752792358, 1.0023138523101807, 0.9989719390869141, 1.0008952617645264, 1.0002809762954712, 1.002434492111206, 1.0006232261657715, 0.9992192983627319, 1.0001494884490967, 1.0011566877365112, 0.9982251524925232, 1.00291109085083, 1.0022505521774292, 0.9988248348236084, 1.0015581846237183, 0.9973443746566772, 1.00054132938385, 1.0021677017211914, 1.0029916763305664, 0.9990875124931335, 0.9989128112792969, 1.0027989149093628, 1.000711441040039, 0.999455451965332, 0.9992843866348267, 0.9995128512382507, 1.0009386539459229]]

Step 235:
  Date/Day: 236
  Action: [[-0.0028459602035582066, -0.023653583601117134, -0.015307039953768253, -0.002857270883396268, 0.01384352333843708, 0.020236508920788765, 0.01160284411162138, -0.01986834593117237, -0.020229915156960487, 0.002753304783254862, 0.019623301923274994, -0.0032842541113495827, -0.014163716696202755, 0.03439606726169586, -0.012822598218917847, 0.015829479321837425, 0.01628030836582184, -0.01647503860294819, -0.010902786627411842, 0.007184278219938278, 0.0018172007985413074, 0.023785900324583054, 0.012746922671794891, -0.0040528131648898125, -0.007749701850116253, 0.028500741347670555, 0.009736492298543453, -0.002384427236393094, 0.010905957780778408]]
  Reward: -0.3511897325515747
  Account Value: None
  Done: False
  Policy Mean: [[-0.0028459602035582066, -0.023653583601117134, -0.015307039953768253, -0.002857270883396268, 0.01384352333843708, 0.020236508920788765, 0.01160284411162138, -0.01986834593117237, -0.020229915156960487, 0.002753304783254862, 0.019623301923274994, -0.0032842541113495827, -0.014163716696202755, 0.03439606726169586, -0.012822598218917847, 0.015829479321837425, 0.01628030836582184, -0.01647503860294819, -0.010902786627411842, 0.007184278219938278, 0.0018172007985413074, 0.023785900324583054, 0.012746922671794891, -0.0040528131648898125, -0.007749701850116253, 0.028500741347670555, 0.009736492298543453, -0.002384427236393094, 0.010905957780778408]]
  Policy Std: [[0.9991067051887512, 1.0012518167495728, 1.0019515752792358, 1.0023138523101807, 0.9989719390869141, 1.0008952617645264, 1.0002809762954712, 1.002434492111206, 1.0006232261657715, 0.9992192983627319, 1.0001494884490967, 1.0011566877365112, 0.9982251524925232, 1.00291109085083, 1.0022505521774292, 0.9988248348236084, 1.0015581846237183, 0.9973443746566772, 1.00054132938385, 1.0021677017211914, 1.0029916763305664, 0.9990875124931335, 0.9989128112792969, 1.0027989149093628, 1.000711441040039, 0.999455451965332, 0.9992843866348267, 0.9995128512382507, 1.0009386539459229]]

Step 236:
  Date/Day: 237
  Action: [[-0.0028459602035582066, -0.023653583601117134, -0.015307039953768253, -0.002857270883396268, 0.01384352333843708, 0.020236508920788765, 0.01160284411162138, -0.01986834593117237, -0.020229915156960487, 0.002753304783254862, 0.019623301923274994, -0.0032842541113495827, -0.014163716696202755, 0.03439606726169586, -0.012822598218917847, 0.015829479321837425, 0.01628030836582184, -0.01647503860294819, -0.010902786627411842, 0.007184278219938278, 0.0018172007985413074, 0.023785900324583054, 0.012746922671794891, -0.0040528131648898125, -0.007749701850116253, 0.028500741347670555, 0.009736492298543453, -0.002384427236393094, 0.010905957780778408]]
  Reward: 0.09123065322637558
  Account Value: None
  Done: False
  Policy Mean: [[-0.0028459602035582066, -0.023653583601117134, -0.015307039953768253, -0.002857270883396268, 0.01384352333843708, 0.020236508920788765, 0.01160284411162138, -0.01986834593117237, -0.020229915156960487, 0.002753304783254862, 0.019623301923274994, -0.0032842541113495827, -0.014163716696202755, 0.03439606726169586, -0.012822598218917847, 0.015829479321837425, 0.01628030836582184, -0.01647503860294819, -0.010902786627411842, 0.007184278219938278, 0.0018172007985413074, 0.023785900324583054, 0.012746922671794891, -0.0040528131648898125, -0.007749701850116253, 0.028500741347670555, 0.009736492298543453, -0.002384427236393094, 0.010905957780778408]]
  Policy Std: [[0.9991067051887512, 1.0012518167495728, 1.0019515752792358, 1.0023138523101807, 0.9989719390869141, 1.0008952617645264, 1.0002809762954712, 1.002434492111206, 1.0006232261657715, 0.9992192983627319, 1.0001494884490967, 1.0011566877365112, 0.9982251524925232, 1.00291109085083, 1.0022505521774292, 0.9988248348236084, 1.0015581846237183, 0.9973443746566772, 1.00054132938385, 1.0021677017211914, 1.0029916763305664, 0.9990875124931335, 0.9989128112792969, 1.0027989149093628, 1.000711441040039, 0.999455451965332, 0.9992843866348267, 0.9995128512382507, 1.0009386539459229]]

Step 237:
  Date/Day: 238
  Action: [[-0.0028459602035582066, -0.023653583601117134, -0.015307039953768253, -0.002857270883396268, 0.01384352333843708, 0.020236508920788765, 0.01160284411162138, -0.01986834593117237, -0.020229915156960487, 0.002753304783254862, 0.019623301923274994, -0.0032842541113495827, -0.014163716696202755, 0.03439606726169586, -0.012822598218917847, 0.015829479321837425, 0.01628030836582184, -0.01647503860294819, -0.010902786627411842, 0.007184278219938278, 0.0018172007985413074, 0.023785900324583054, 0.012746922671794891, -0.0040528131648898125, -0.007749701850116253, 0.028500741347670555, 0.009736492298543453, -0.002384427236393094, 0.010905957780778408]]
  Reward: 0.0672190934419632
  Account Value: None
  Done: False
  Policy Mean: [[-0.0028459602035582066, -0.023653583601117134, -0.015307039953768253, -0.002857270883396268, 0.01384352333843708, 0.020236508920788765, 0.01160284411162138, -0.01986834593117237, -0.020229915156960487, 0.002753304783254862, 0.019623301923274994, -0.0032842541113495827, -0.014163716696202755, 0.03439606726169586, -0.012822598218917847, 0.015829479321837425, 0.01628030836582184, -0.01647503860294819, -0.010902786627411842, 0.007184278219938278, 0.0018172007985413074, 0.023785900324583054, 0.012746922671794891, -0.0040528131648898125, -0.007749701850116253, 0.028500741347670555, 0.009736492298543453, -0.002384427236393094, 0.010905957780778408]]
  Policy Std: [[0.9991067051887512, 1.0012518167495728, 1.0019515752792358, 1.0023138523101807, 0.9989719390869141, 1.0008952617645264, 1.0002809762954712, 1.002434492111206, 1.0006232261657715, 0.9992192983627319, 1.0001494884490967, 1.0011566877365112, 0.9982251524925232, 1.00291109085083, 1.0022505521774292, 0.9988248348236084, 1.0015581846237183, 0.9973443746566772, 1.00054132938385, 1.0021677017211914, 1.0029916763305664, 0.9990875124931335, 0.9989128112792969, 1.0027989149093628, 1.000711441040039, 0.999455451965332, 0.9992843866348267, 0.9995128512382507, 1.0009386539459229]]

Step 238:
  Date/Day: 239
  Action: [[-0.0028459602035582066, -0.023653583601117134, -0.015307039953768253, -0.002857270883396268, 0.01384352333843708, 0.020236508920788765, 0.01160284411162138, -0.01986834593117237, -0.020229915156960487, 0.002753304783254862, 0.019623301923274994, -0.0032842541113495827, -0.014163716696202755, 0.03439606726169586, -0.012822598218917847, 0.015829479321837425, 0.01628030836582184, -0.01647503860294819, -0.010902786627411842, 0.007184278219938278, 0.0018172007985413074, 0.023785900324583054, 0.012746922671794891, -0.0040528131648898125, -0.007749701850116253, 0.028500741347670555, 0.009736492298543453, -0.002384427236393094, 0.010905957780778408]]
  Reward: 0.0827416181564331
  Account Value: None
  Done: False
  Policy Mean: [[-0.0028459602035582066, -0.023653583601117134, -0.015307039953768253, -0.002857270883396268, 0.01384352333843708, 0.020236508920788765, 0.01160284411162138, -0.01986834593117237, -0.020229915156960487, 0.002753304783254862, 0.019623301923274994, -0.0032842541113495827, -0.014163716696202755, 0.03439606726169586, -0.012822598218917847, 0.015829479321837425, 0.01628030836582184, -0.01647503860294819, -0.010902786627411842, 0.007184278219938278, 0.0018172007985413074, 0.023785900324583054, 0.012746922671794891, -0.0040528131648898125, -0.007749701850116253, 0.028500741347670555, 0.009736492298543453, -0.002384427236393094, 0.010905957780778408]]
  Policy Std: [[0.9991067051887512, 1.0012518167495728, 1.0019515752792358, 1.0023138523101807, 0.9989719390869141, 1.0008952617645264, 1.0002809762954712, 1.002434492111206, 1.0006232261657715, 0.9992192983627319, 1.0001494884490967, 1.0011566877365112, 0.9982251524925232, 1.00291109085083, 1.0022505521774292, 0.9988248348236084, 1.0015581846237183, 0.9973443746566772, 1.00054132938385, 1.0021677017211914, 1.0029916763305664, 0.9990875124931335, 0.9989128112792969, 1.0027989149093628, 1.000711441040039, 0.999455451965332, 0.9992843866348267, 0.9995128512382507, 1.0009386539459229]]

Step 239:
  Date/Day: 240
  Action: [[-0.0028459602035582066, -0.023653583601117134, -0.015307039953768253, -0.002857270883396268, 0.01384352333843708, 0.020236508920788765, 0.01160284411162138, -0.01986834593117237, -0.020229915156960487, 0.002753304783254862, 0.019623301923274994, -0.0032842541113495827, -0.014163716696202755, 0.03439606726169586, -0.012822598218917847, 0.015829479321837425, 0.01628030836582184, -0.01647503860294819, -0.010902786627411842, 0.007184278219938278, 0.0018172007985413074, 0.023785900324583054, 0.012746922671794891, -0.0040528131648898125, -0.007749701850116253, 0.028500741347670555, 0.009736492298543453, -0.002384427236393094, 0.010905957780778408]]
  Reward: -0.43487513065338135
  Account Value: None
  Done: False
  Policy Mean: [[-0.0028459602035582066, -0.023653583601117134, -0.015307039953768253, -0.002857270883396268, 0.01384352333843708, 0.020236508920788765, 0.01160284411162138, -0.01986834593117237, -0.020229915156960487, 0.002753304783254862, 0.019623301923274994, -0.0032842541113495827, -0.014163716696202755, 0.03439606726169586, -0.012822598218917847, 0.015829479321837425, 0.01628030836582184, -0.01647503860294819, -0.010902786627411842, 0.007184278219938278, 0.0018172007985413074, 0.023785900324583054, 0.012746922671794891, -0.0040528131648898125, -0.007749701850116253, 0.028500741347670555, 0.009736492298543453, -0.002384427236393094, 0.010905957780778408]]
  Policy Std: [[0.9991067051887512, 1.0012518167495728, 1.0019515752792358, 1.0023138523101807, 0.9989719390869141, 1.0008952617645264, 1.0002809762954712, 1.002434492111206, 1.0006232261657715, 0.9992192983627319, 1.0001494884490967, 1.0011566877365112, 0.9982251524925232, 1.00291109085083, 1.0022505521774292, 0.9988248348236084, 1.0015581846237183, 0.9973443746566772, 1.00054132938385, 1.0021677017211914, 1.0029916763305664, 0.9990875124931335, 0.9989128112792969, 1.0027989149093628, 1.000711441040039, 0.999455451965332, 0.9992843866348267, 0.9995128512382507, 1.0009386539459229]]

Step 240:
  Date/Day: 241
  Action: [[-0.0028459602035582066, -0.023653583601117134, -0.015307039953768253, -0.002857270883396268, 0.01384352333843708, 0.020236508920788765, 0.01160284411162138, -0.01986834593117237, -0.020229915156960487, 0.002753304783254862, 0.019623301923274994, -0.0032842541113495827, -0.014163716696202755, 0.03439606726169586, -0.012822598218917847, 0.015829479321837425, 0.01628030836582184, -0.01647503860294819, -0.010902786627411842, 0.007184278219938278, 0.0018172007985413074, 0.023785900324583054, 0.012746922671794891, -0.0040528131648898125, -0.007749701850116253, 0.028500741347670555, 0.009736492298543453, -0.002384427236393094, 0.010905957780778408]]
  Reward: -0.46570050716400146
  Account Value: None
  Done: False
  Policy Mean: [[-0.0028459602035582066, -0.023653583601117134, -0.015307039953768253, -0.002857270883396268, 0.01384352333843708, 0.020236508920788765, 0.01160284411162138, -0.01986834593117237, -0.020229915156960487, 0.002753304783254862, 0.019623301923274994, -0.0032842541113495827, -0.014163716696202755, 0.03439606726169586, -0.012822598218917847, 0.015829479321837425, 0.01628030836582184, -0.01647503860294819, -0.010902786627411842, 0.007184278219938278, 0.0018172007985413074, 0.023785900324583054, 0.012746922671794891, -0.0040528131648898125, -0.007749701850116253, 0.028500741347670555, 0.009736492298543453, -0.002384427236393094, 0.010905957780778408]]
  Policy Std: [[0.9991067051887512, 1.0012518167495728, 1.0019515752792358, 1.0023138523101807, 0.9989719390869141, 1.0008952617645264, 1.0002809762954712, 1.002434492111206, 1.0006232261657715, 0.9992192983627319, 1.0001494884490967, 1.0011566877365112, 0.9982251524925232, 1.00291109085083, 1.0022505521774292, 0.9988248348236084, 1.0015581846237183, 0.9973443746566772, 1.00054132938385, 1.0021677017211914, 1.0029916763305664, 0.9990875124931335, 0.9989128112792969, 1.0027989149093628, 1.000711441040039, 0.999455451965332, 0.9992843866348267, 0.9995128512382507, 1.0009386539459229]]

Step 241:
  Date/Day: 242
  Action: [[-0.0028459602035582066, -0.023653583601117134, -0.015307039953768253, -0.002857270883396268, 0.01384352333843708, 0.020236508920788765, 0.01160284411162138, -0.01986834593117237, -0.020229915156960487, 0.002753304783254862, 0.019623301923274994, -0.0032842541113495827, -0.014163716696202755, 0.03439606726169586, -0.012822598218917847, 0.015829479321837425, 0.01628030836582184, -0.01647503860294819, -0.010902786627411842, 0.007184278219938278, 0.0018172007985413074, 0.023785900324583054, 0.012746922671794891, -0.0040528131648898125, -0.007749701850116253, 0.028500741347670555, 0.009736492298543453, -0.002384427236393094, 0.010905957780778408]]
  Reward: -0.08810201287269592
  Account Value: None
  Done: False
  Policy Mean: [[-0.0028459602035582066, -0.023653583601117134, -0.015307039953768253, -0.002857270883396268, 0.01384352333843708, 0.020236508920788765, 0.01160284411162138, -0.01986834593117237, -0.020229915156960487, 0.002753304783254862, 0.019623301923274994, -0.0032842541113495827, -0.014163716696202755, 0.03439606726169586, -0.012822598218917847, 0.015829479321837425, 0.01628030836582184, -0.01647503860294819, -0.010902786627411842, 0.007184278219938278, 0.0018172007985413074, 0.023785900324583054, 0.012746922671794891, -0.0040528131648898125, -0.007749701850116253, 0.028500741347670555, 0.009736492298543453, -0.002384427236393094, 0.010905957780778408]]
  Policy Std: [[0.9991067051887512, 1.0012518167495728, 1.0019515752792358, 1.0023138523101807, 0.9989719390869141, 1.0008952617645264, 1.0002809762954712, 1.002434492111206, 1.0006232261657715, 0.9992192983627319, 1.0001494884490967, 1.0011566877365112, 0.9982251524925232, 1.00291109085083, 1.0022505521774292, 0.9988248348236084, 1.0015581846237183, 0.9973443746566772, 1.00054132938385, 1.0021677017211914, 1.0029916763305664, 0.9990875124931335, 0.9989128112792969, 1.0027989149093628, 1.000711441040039, 0.999455451965332, 0.9992843866348267, 0.9995128512382507, 1.0009386539459229]]

Step 242:
  Date/Day: 243
  Action: [[-0.0028459602035582066, -0.023653583601117134, -0.015307039953768253, -0.002857270883396268, 0.01384352333843708, 0.020236508920788765, 0.01160284411162138, -0.01986834593117237, -0.020229915156960487, 0.002753304783254862, 0.019623301923274994, -0.0032842541113495827, -0.014163716696202755, 0.03439606726169586, -0.012822598218917847, 0.015829479321837425, 0.01628030836582184, -0.01647503860294819, -0.010902786627411842, 0.007184278219938278, 0.0018172007985413074, 0.023785900324583054, 0.012746922671794891, -0.0040528131648898125, -0.007749701850116253, 0.028500741347670555, 0.009736492298543453, -0.002384427236393094, 0.010905957780778408]]
  Reward: -0.5641106367111206
  Account Value: None
  Done: False
  Policy Mean: [[-0.0028459602035582066, -0.023653583601117134, -0.015307039953768253, -0.002857270883396268, 0.01384352333843708, 0.020236508920788765, 0.01160284411162138, -0.01986834593117237, -0.020229915156960487, 0.002753304783254862, 0.019623301923274994, -0.0032842541113495827, -0.014163716696202755, 0.03439606726169586, -0.012822598218917847, 0.015829479321837425, 0.01628030836582184, -0.01647503860294819, -0.010902786627411842, 0.007184278219938278, 0.0018172007985413074, 0.023785900324583054, 0.012746922671794891, -0.0040528131648898125, -0.007749701850116253, 0.028500741347670555, 0.009736492298543453, -0.002384427236393094, 0.010905957780778408]]
  Policy Std: [[0.9991067051887512, 1.0012518167495728, 1.0019515752792358, 1.0023138523101807, 0.9989719390869141, 1.0008952617645264, 1.0002809762954712, 1.002434492111206, 1.0006232261657715, 0.9992192983627319, 1.0001494884490967, 1.0011566877365112, 0.9982251524925232, 1.00291109085083, 1.0022505521774292, 0.9988248348236084, 1.0015581846237183, 0.9973443746566772, 1.00054132938385, 1.0021677017211914, 1.0029916763305664, 0.9990875124931335, 0.9989128112792969, 1.0027989149093628, 1.000711441040039, 0.999455451965332, 0.9992843866348267, 0.9995128512382507, 1.0009386539459229]]

Step 243:
  Date/Day: 244
  Action: [[-0.0028459602035582066, -0.023653583601117134, -0.015307039953768253, -0.002857270883396268, 0.01384352333843708, 0.020236508920788765, 0.01160284411162138, -0.01986834593117237, -0.020229915156960487, 0.002753304783254862, 0.019623301923274994, -0.0032842541113495827, -0.014163716696202755, 0.03439606726169586, -0.012822598218917847, 0.015829479321837425, 0.01628030836582184, -0.01647503860294819, -0.010902786627411842, 0.007184278219938278, 0.0018172007985413074, 0.023785900324583054, 0.012746922671794891, -0.0040528131648898125, -0.007749701850116253, 0.028500741347670555, 0.009736492298543453, -0.002384427236393094, 0.010905957780778408]]
  Reward: 0.7363349199295044
  Account Value: None
  Done: False
  Policy Mean: [[-0.0028459602035582066, -0.023653583601117134, -0.015307039953768253, -0.002857270883396268, 0.01384352333843708, 0.020236508920788765, 0.01160284411162138, -0.01986834593117237, -0.020229915156960487, 0.002753304783254862, 0.019623301923274994, -0.0032842541113495827, -0.014163716696202755, 0.03439606726169586, -0.012822598218917847, 0.015829479321837425, 0.01628030836582184, -0.01647503860294819, -0.010902786627411842, 0.007184278219938278, 0.0018172007985413074, 0.023785900324583054, 0.012746922671794891, -0.0040528131648898125, -0.007749701850116253, 0.028500741347670555, 0.009736492298543453, -0.002384427236393094, 0.010905957780778408]]
  Policy Std: [[0.9991067051887512, 1.0012518167495728, 1.0019515752792358, 1.0023138523101807, 0.9989719390869141, 1.0008952617645264, 1.0002809762954712, 1.002434492111206, 1.0006232261657715, 0.9992192983627319, 1.0001494884490967, 1.0011566877365112, 0.9982251524925232, 1.00291109085083, 1.0022505521774292, 0.9988248348236084, 1.0015581846237183, 0.9973443746566772, 1.00054132938385, 1.0021677017211914, 1.0029916763305664, 0.9990875124931335, 0.9989128112792969, 1.0027989149093628, 1.000711441040039, 0.999455451965332, 0.9992843866348267, 0.9995128512382507, 1.0009386539459229]]

Step 244:
  Date/Day: 245
  Action: [[-0.0028459602035582066, -0.023653583601117134, -0.015307039953768253, -0.002857270883396268, 0.01384352333843708, 0.020236508920788765, 0.01160284411162138, -0.01986834593117237, -0.020229915156960487, 0.002753304783254862, 0.019623301923274994, -0.0032842541113495827, -0.014163716696202755, 0.03439606726169586, -0.012822598218917847, 0.015829479321837425, 0.01628030836582184, -0.01647503860294819, -0.010902786627411842, 0.007184278219938278, 0.0018172007985413074, 0.023785900324583054, 0.012746922671794891, -0.0040528131648898125, -0.007749701850116253, 0.028500741347670555, 0.009736492298543453, -0.002384427236393094, 0.010905957780778408]]
  Reward: 0.2632758319377899
  Account Value: None
  Done: False
  Policy Mean: [[-0.0028459602035582066, -0.023653583601117134, -0.015307039953768253, -0.002857270883396268, 0.01384352333843708, 0.020236508920788765, 0.01160284411162138, -0.01986834593117237, -0.020229915156960487, 0.002753304783254862, 0.019623301923274994, -0.0032842541113495827, -0.014163716696202755, 0.03439606726169586, -0.012822598218917847, 0.015829479321837425, 0.01628030836582184, -0.01647503860294819, -0.010902786627411842, 0.007184278219938278, 0.0018172007985413074, 0.023785900324583054, 0.012746922671794891, -0.0040528131648898125, -0.007749701850116253, 0.028500741347670555, 0.009736492298543453, -0.002384427236393094, 0.010905957780778408]]
  Policy Std: [[0.9991067051887512, 1.0012518167495728, 1.0019515752792358, 1.0023138523101807, 0.9989719390869141, 1.0008952617645264, 1.0002809762954712, 1.002434492111206, 1.0006232261657715, 0.9992192983627319, 1.0001494884490967, 1.0011566877365112, 0.9982251524925232, 1.00291109085083, 1.0022505521774292, 0.9988248348236084, 1.0015581846237183, 0.9973443746566772, 1.00054132938385, 1.0021677017211914, 1.0029916763305664, 0.9990875124931335, 0.9989128112792969, 1.0027989149093628, 1.000711441040039, 0.999455451965332, 0.9992843866348267, 0.9995128512382507, 1.0009386539459229]]

Step 245:
  Date/Day: 246
  Action: [[-0.0028459602035582066, -0.023653583601117134, -0.015307039953768253, -0.002857270883396268, 0.01384352333843708, 0.020236508920788765, 0.01160284411162138, -0.01986834593117237, -0.020229915156960487, 0.002753304783254862, 0.019623301923274994, -0.0032842541113495827, -0.014163716696202755, 0.03439606726169586, -0.012822598218917847, 0.015829479321837425, 0.01628030836582184, -0.01647503860294819, -0.010902786627411842, 0.007184278219938278, 0.0018172007985413074, 0.023785900324583054, 0.012746922671794891, -0.0040528131648898125, -0.007749701850116253, 0.028500741347670555, 0.009736492298543453, -0.002384427236393094, 0.010905957780778408]]
  Reward: -0.1756206452846527
  Account Value: None
  Done: False
  Policy Mean: [[-0.0028459602035582066, -0.023653583601117134, -0.015307039953768253, -0.002857270883396268, 0.01384352333843708, 0.020236508920788765, 0.01160284411162138, -0.01986834593117237, -0.020229915156960487, 0.002753304783254862, 0.019623301923274994, -0.0032842541113495827, -0.014163716696202755, 0.03439606726169586, -0.012822598218917847, 0.015829479321837425, 0.01628030836582184, -0.01647503860294819, -0.010902786627411842, 0.007184278219938278, 0.0018172007985413074, 0.023785900324583054, 0.012746922671794891, -0.0040528131648898125, -0.007749701850116253, 0.028500741347670555, 0.009736492298543453, -0.002384427236393094, 0.010905957780778408]]
  Policy Std: [[0.9991067051887512, 1.0012518167495728, 1.0019515752792358, 1.0023138523101807, 0.9989719390869141, 1.0008952617645264, 1.0002809762954712, 1.002434492111206, 1.0006232261657715, 0.9992192983627319, 1.0001494884490967, 1.0011566877365112, 0.9982251524925232, 1.00291109085083, 1.0022505521774292, 0.9988248348236084, 1.0015581846237183, 0.9973443746566772, 1.00054132938385, 1.0021677017211914, 1.0029916763305664, 0.9990875124931335, 0.9989128112792969, 1.0027989149093628, 1.000711441040039, 0.999455451965332, 0.9992843866348267, 0.9995128512382507, 1.0009386539459229]]

Step 246:
  Date/Day: 247
  Action: [[-0.0028459602035582066, -0.023653583601117134, -0.015307039953768253, -0.002857270883396268, 0.01384352333843708, 0.020236508920788765, 0.01160284411162138, -0.01986834593117237, -0.020229915156960487, 0.002753304783254862, 0.019623301923274994, -0.0032842541113495827, -0.014163716696202755, 0.03439606726169586, -0.012822598218917847, 0.015829479321837425, 0.01628030836582184, -0.01647503860294819, -0.010902786627411842, 0.007184278219938278, 0.0018172007985413074, 0.023785900324583054, 0.012746922671794891, -0.0040528131648898125, -0.007749701850116253, 0.028500741347670555, 0.009736492298543453, -0.002384427236393094, 0.010905957780778408]]
  Reward: 0.4523051381111145
  Account Value: None
  Done: False
  Policy Mean: [[-0.0028459602035582066, -0.023653583601117134, -0.015307039953768253, -0.002857270883396268, 0.01384352333843708, 0.020236508920788765, 0.01160284411162138, -0.01986834593117237, -0.020229915156960487, 0.002753304783254862, 0.019623301923274994, -0.0032842541113495827, -0.014163716696202755, 0.03439606726169586, -0.012822598218917847, 0.015829479321837425, 0.01628030836582184, -0.01647503860294819, -0.010902786627411842, 0.007184278219938278, 0.0018172007985413074, 0.023785900324583054, 0.012746922671794891, -0.0040528131648898125, -0.007749701850116253, 0.028500741347670555, 0.009736492298543453, -0.002384427236393094, 0.010905957780778408]]
  Policy Std: [[0.9991067051887512, 1.0012518167495728, 1.0019515752792358, 1.0023138523101807, 0.9989719390869141, 1.0008952617645264, 1.0002809762954712, 1.002434492111206, 1.0006232261657715, 0.9992192983627319, 1.0001494884490967, 1.0011566877365112, 0.9982251524925232, 1.00291109085083, 1.0022505521774292, 0.9988248348236084, 1.0015581846237183, 0.9973443746566772, 1.00054132938385, 1.0021677017211914, 1.0029916763305664, 0.9990875124931335, 0.9989128112792969, 1.0027989149093628, 1.000711441040039, 0.999455451965332, 0.9992843866348267, 0.9995128512382507, 1.0009386539459229]]

Step 247:
  Date/Day: 248
  Action: [[-0.0028459602035582066, -0.023653583601117134, -0.015307039953768253, -0.002857270883396268, 0.01384352333843708, 0.020236508920788765, 0.01160284411162138, -0.01986834593117237, -0.020229915156960487, 0.002753304783254862, 0.019623301923274994, -0.0032842541113495827, -0.014163716696202755, 0.03439606726169586, -0.012822598218917847, 0.015829479321837425, 0.01628030836582184, -0.01647503860294819, -0.010902786627411842, 0.007184278219938278, 0.0018172007985413074, 0.023785900324583054, 0.012746922671794891, -0.0040528131648898125, -0.007749701850116253, 0.028500741347670555, 0.009736492298543453, -0.002384427236393094, 0.010905957780778408]]
  Reward: 1.0582680702209473
  Account Value: None
  Done: False
  Policy Mean: [[-0.0028459602035582066, -0.023653583601117134, -0.015307039953768253, -0.002857270883396268, 0.01384352333843708, 0.020236508920788765, 0.01160284411162138, -0.01986834593117237, -0.020229915156960487, 0.002753304783254862, 0.019623301923274994, -0.0032842541113495827, -0.014163716696202755, 0.03439606726169586, -0.012822598218917847, 0.015829479321837425, 0.01628030836582184, -0.01647503860294819, -0.010902786627411842, 0.007184278219938278, 0.0018172007985413074, 0.023785900324583054, 0.012746922671794891, -0.0040528131648898125, -0.007749701850116253, 0.028500741347670555, 0.009736492298543453, -0.002384427236393094, 0.010905957780778408]]
  Policy Std: [[0.9991067051887512, 1.0012518167495728, 1.0019515752792358, 1.0023138523101807, 0.9989719390869141, 1.0008952617645264, 1.0002809762954712, 1.002434492111206, 1.0006232261657715, 0.9992192983627319, 1.0001494884490967, 1.0011566877365112, 0.9982251524925232, 1.00291109085083, 1.0022505521774292, 0.9988248348236084, 1.0015581846237183, 0.9973443746566772, 1.00054132938385, 1.0021677017211914, 1.0029916763305664, 0.9990875124931335, 0.9989128112792969, 1.0027989149093628, 1.000711441040039, 0.999455451965332, 0.9992843866348267, 0.9995128512382507, 1.0009386539459229]]

Step 248:
  Date/Day: 249
  Action: [[-0.0028459602035582066, -0.023653583601117134, -0.015307039953768253, -0.002857270883396268, 0.01384352333843708, 0.020236508920788765, 0.01160284411162138, -0.01986834593117237, -0.020229915156960487, 0.002753304783254862, 0.019623301923274994, -0.0032842541113495827, -0.014163716696202755, 0.03439606726169586, -0.012822598218917847, 0.015829479321837425, 0.01628030836582184, -0.01647503860294819, -0.010902786627411842, 0.007184278219938278, 0.0018172007985413074, 0.023785900324583054, 0.012746922671794891, -0.0040528131648898125, -0.007749701850116253, 0.028500741347670555, 0.009736492298543453, -0.002384427236393094, 0.010905957780778408]]
  Reward: 0.00422988086938858
  Account Value: None
  Done: False
  Policy Mean: [[-0.0028459602035582066, -0.023653583601117134, -0.015307039953768253, -0.002857270883396268, 0.01384352333843708, 0.020236508920788765, 0.01160284411162138, -0.01986834593117237, -0.020229915156960487, 0.002753304783254862, 0.019623301923274994, -0.0032842541113495827, -0.014163716696202755, 0.03439606726169586, -0.012822598218917847, 0.015829479321837425, 0.01628030836582184, -0.01647503860294819, -0.010902786627411842, 0.007184278219938278, 0.0018172007985413074, 0.023785900324583054, 0.012746922671794891, -0.0040528131648898125, -0.007749701850116253, 0.028500741347670555, 0.009736492298543453, -0.002384427236393094, 0.010905957780778408]]
  Policy Std: [[0.9991067051887512, 1.0012518167495728, 1.0019515752792358, 1.0023138523101807, 0.9989719390869141, 1.0008952617645264, 1.0002809762954712, 1.002434492111206, 1.0006232261657715, 0.9992192983627319, 1.0001494884490967, 1.0011566877365112, 0.9982251524925232, 1.00291109085083, 1.0022505521774292, 0.9988248348236084, 1.0015581846237183, 0.9973443746566772, 1.00054132938385, 1.0021677017211914, 1.0029916763305664, 0.9990875124931335, 0.9989128112792969, 1.0027989149093628, 1.000711441040039, 0.999455451965332, 0.9992843866348267, 0.9995128512382507, 1.0009386539459229]]

Step 249:
  Date/Day: 250
  Action: [[-0.0028459602035582066, -0.023653583601117134, -0.015307039953768253, -0.002857270883396268, 0.01384352333843708, 0.020236508920788765, 0.01160284411162138, -0.01986834593117237, -0.020229915156960487, 0.002753304783254862, 0.019623301923274994, -0.0032842541113495827, -0.014163716696202755, 0.03439606726169586, -0.012822598218917847, 0.015829479321837425, 0.01628030836582184, -0.01647503860294819, -0.010902786627411842, 0.007184278219938278, 0.0018172007985413074, 0.023785900324583054, 0.012746922671794891, -0.0040528131648898125, -0.007749701850116253, 0.028500741347670555, 0.009736492298543453, -0.002384427236393094, 0.010905957780778408]]
  Reward: 0.2899520695209503
  Account Value: None
  Done: False
  Policy Mean: [[-0.0028459602035582066, -0.023653583601117134, -0.015307039953768253, -0.002857270883396268, 0.01384352333843708, 0.020236508920788765, 0.01160284411162138, -0.01986834593117237, -0.020229915156960487, 0.002753304783254862, 0.019623301923274994, -0.0032842541113495827, -0.014163716696202755, 0.03439606726169586, -0.012822598218917847, 0.015829479321837425, 0.01628030836582184, -0.01647503860294819, -0.010902786627411842, 0.007184278219938278, 0.0018172007985413074, 0.023785900324583054, 0.012746922671794891, -0.0040528131648898125, -0.007749701850116253, 0.028500741347670555, 0.009736492298543453, -0.002384427236393094, 0.010905957780778408]]
  Policy Std: [[0.9991067051887512, 1.0012518167495728, 1.0019515752792358, 1.0023138523101807, 0.9989719390869141, 1.0008952617645264, 1.0002809762954712, 1.002434492111206, 1.0006232261657715, 0.9992192983627319, 1.0001494884490967, 1.0011566877365112, 0.9982251524925232, 1.00291109085083, 1.0022505521774292, 0.9988248348236084, 1.0015581846237183, 0.9973443746566772, 1.00054132938385, 1.0021677017211914, 1.0029916763305664, 0.9990875124931335, 0.9989128112792969, 1.0027989149093628, 1.000711441040039, 0.999455451965332, 0.9992843866348267, 0.9995128512382507, 1.0009386539459229]]

Step 250:
  Date/Day: 251
  Action: [[-0.0028459602035582066, -0.023653583601117134, -0.015307039953768253, -0.002857270883396268, 0.01384352333843708, 0.020236508920788765, 0.01160284411162138, -0.01986834593117237, -0.020229915156960487, 0.002753304783254862, 0.019623301923274994, -0.0032842541113495827, -0.014163716696202755, 0.03439606726169586, -0.012822598218917847, 0.015829479321837425, 0.01628030836582184, -0.01647503860294819, -0.010902786627411842, 0.007184278219938278, 0.0018172007985413074, 0.023785900324583054, 0.012746922671794891, -0.0040528131648898125, -0.007749701850116253, 0.028500741347670555, 0.009736492298543453, -0.002384427236393094, 0.010905957780778408]]
  Reward: -0.07608640938997269
  Account Value: None
  Done: False
  Policy Mean: [[-0.0028459602035582066, -0.023653583601117134, -0.015307039953768253, -0.002857270883396268, 0.01384352333843708, 0.020236508920788765, 0.01160284411162138, -0.01986834593117237, -0.020229915156960487, 0.002753304783254862, 0.019623301923274994, -0.0032842541113495827, -0.014163716696202755, 0.03439606726169586, -0.012822598218917847, 0.015829479321837425, 0.01628030836582184, -0.01647503860294819, -0.010902786627411842, 0.007184278219938278, 0.0018172007985413074, 0.023785900324583054, 0.012746922671794891, -0.0040528131648898125, -0.007749701850116253, 0.028500741347670555, 0.009736492298543453, -0.002384427236393094, 0.010905957780778408]]
  Policy Std: [[0.9991067051887512, 1.0012518167495728, 1.0019515752792358, 1.0023138523101807, 0.9989719390869141, 1.0008952617645264, 1.0002809762954712, 1.002434492111206, 1.0006232261657715, 0.9992192983627319, 1.0001494884490967, 1.0011566877365112, 0.9982251524925232, 1.00291109085083, 1.0022505521774292, 0.9988248348236084, 1.0015581846237183, 0.9973443746566772, 1.00054132938385, 1.0021677017211914, 1.0029916763305664, 0.9990875124931335, 0.9989128112792969, 1.0027989149093628, 1.000711441040039, 0.999455451965332, 0.9992843866348267, 0.9995128512382507, 1.0009386539459229]]

Step 251:
  Date/Day: 252
  Action: [[-0.0028459602035582066, -0.023653583601117134, -0.015307039953768253, -0.002857270883396268, 0.01384352333843708, 0.020236508920788765, 0.01160284411162138, -0.01986834593117237, -0.020229915156960487, 0.002753304783254862, 0.019623301923274994, -0.0032842541113495827, -0.014163716696202755, 0.03439606726169586, -0.012822598218917847, 0.015829479321837425, 0.01628030836582184, -0.01647503860294819, -0.010902786627411842, 0.007184278219938278, 0.0018172007985413074, 0.023785900324583054, 0.012746922671794891, -0.0040528131648898125, -0.007749701850116253, 0.028500741347670555, 0.009736492298543453, -0.002384427236393094, 0.010905957780778408]]
  Reward: 0.3186197876930237
  Account Value: None
  Done: False
  Policy Mean: [[-0.0028459602035582066, -0.023653583601117134, -0.015307039953768253, -0.002857270883396268, 0.01384352333843708, 0.020236508920788765, 0.01160284411162138, -0.01986834593117237, -0.020229915156960487, 0.002753304783254862, 0.019623301923274994, -0.0032842541113495827, -0.014163716696202755, 0.03439606726169586, -0.012822598218917847, 0.015829479321837425, 0.01628030836582184, -0.01647503860294819, -0.010902786627411842, 0.007184278219938278, 0.0018172007985413074, 0.023785900324583054, 0.012746922671794891, -0.0040528131648898125, -0.007749701850116253, 0.028500741347670555, 0.009736492298543453, -0.002384427236393094, 0.010905957780778408]]
  Policy Std: [[0.9991067051887512, 1.0012518167495728, 1.0019515752792358, 1.0023138523101807, 0.9989719390869141, 1.0008952617645264, 1.0002809762954712, 1.002434492111206, 1.0006232261657715, 0.9992192983627319, 1.0001494884490967, 1.0011566877365112, 0.9982251524925232, 1.00291109085083, 1.0022505521774292, 0.9988248348236084, 1.0015581846237183, 0.9973443746566772, 1.00054132938385, 1.0021677017211914, 1.0029916763305664, 0.9990875124931335, 0.9989128112792969, 1.0027989149093628, 1.000711441040039, 0.999455451965332, 0.9992843866348267, 0.9995128512382507, 1.0009386539459229]]

Step 252:
  Date/Day: 253
  Action: [[-0.0028459602035582066, -0.023653583601117134, -0.015307039953768253, -0.002857270883396268, 0.01384352333843708, 0.020236508920788765, 0.01160284411162138, -0.01986834593117237, -0.020229915156960487, 0.002753304783254862, 0.019623301923274994, -0.0032842541113495827, -0.014163716696202755, 0.03439606726169586, -0.012822598218917847, 0.015829479321837425, 0.01628030836582184, -0.01647503860294819, -0.010902786627411842, 0.007184278219938278, 0.0018172007985413074, 0.023785900324583054, 0.012746922671794891, -0.0040528131648898125, -0.007749701850116253, 0.028500741347670555, 0.009736492298543453, -0.002384427236393094, 0.010905957780778408]]
  Reward: 0.5792403221130371
  Account Value: None
  Done: False
  Policy Mean: [[-0.0028459602035582066, -0.023653583601117134, -0.015307039953768253, -0.002857270883396268, 0.01384352333843708, 0.020236508920788765, 0.01160284411162138, -0.01986834593117237, -0.020229915156960487, 0.002753304783254862, 0.019623301923274994, -0.0032842541113495827, -0.014163716696202755, 0.03439606726169586, -0.012822598218917847, 0.015829479321837425, 0.01628030836582184, -0.01647503860294819, -0.010902786627411842, 0.007184278219938278, 0.0018172007985413074, 0.023785900324583054, 0.012746922671794891, -0.0040528131648898125, -0.007749701850116253, 0.028500741347670555, 0.009736492298543453, -0.002384427236393094, 0.010905957780778408]]
  Policy Std: [[0.9991067051887512, 1.0012518167495728, 1.0019515752792358, 1.0023138523101807, 0.9989719390869141, 1.0008952617645264, 1.0002809762954712, 1.002434492111206, 1.0006232261657715, 0.9992192983627319, 1.0001494884490967, 1.0011566877365112, 0.9982251524925232, 1.00291109085083, 1.0022505521774292, 0.9988248348236084, 1.0015581846237183, 0.9973443746566772, 1.00054132938385, 1.0021677017211914, 1.0029916763305664, 0.9990875124931335, 0.9989128112792969, 1.0027989149093628, 1.000711441040039, 0.999455451965332, 0.9992843866348267, 0.9995128512382507, 1.0009386539459229]]

Step 253:
  Date/Day: 254
  Action: [[-0.0028459602035582066, -0.023653583601117134, -0.015307039953768253, -0.002857270883396268, 0.01384352333843708, 0.020236508920788765, 0.01160284411162138, -0.01986834593117237, -0.020229915156960487, 0.002753304783254862, 0.019623301923274994, -0.0032842541113495827, -0.014163716696202755, 0.03439606726169586, -0.012822598218917847, 0.015829479321837425, 0.01628030836582184, -0.01647503860294819, -0.010902786627411842, 0.007184278219938278, 0.0018172007985413074, 0.023785900324583054, 0.012746922671794891, -0.0040528131648898125, -0.007749701850116253, 0.028500741347670555, 0.009736492298543453, -0.002384427236393094, 0.010905957780778408]]
  Reward: -0.15163305401802063
  Account Value: None
  Done: False
  Policy Mean: [[-0.0028459602035582066, -0.023653583601117134, -0.015307039953768253, -0.002857270883396268, 0.01384352333843708, 0.020236508920788765, 0.01160284411162138, -0.01986834593117237, -0.020229915156960487, 0.002753304783254862, 0.019623301923274994, -0.0032842541113495827, -0.014163716696202755, 0.03439606726169586, -0.012822598218917847, 0.015829479321837425, 0.01628030836582184, -0.01647503860294819, -0.010902786627411842, 0.007184278219938278, 0.0018172007985413074, 0.023785900324583054, 0.012746922671794891, -0.0040528131648898125, -0.007749701850116253, 0.028500741347670555, 0.009736492298543453, -0.002384427236393094, 0.010905957780778408]]
  Policy Std: [[0.9991067051887512, 1.0012518167495728, 1.0019515752792358, 1.0023138523101807, 0.9989719390869141, 1.0008952617645264, 1.0002809762954712, 1.002434492111206, 1.0006232261657715, 0.9992192983627319, 1.0001494884490967, 1.0011566877365112, 0.9982251524925232, 1.00291109085083, 1.0022505521774292, 0.9988248348236084, 1.0015581846237183, 0.9973443746566772, 1.00054132938385, 1.0021677017211914, 1.0029916763305664, 0.9990875124931335, 0.9989128112792969, 1.0027989149093628, 1.000711441040039, 0.999455451965332, 0.9992843866348267, 0.9995128512382507, 1.0009386539459229]]

Step 254:
  Date/Day: 255
  Action: [[-0.0028459602035582066, -0.023653583601117134, -0.015307039953768253, -0.002857270883396268, 0.01384352333843708, 0.020236508920788765, 0.01160284411162138, -0.01986834593117237, -0.020229915156960487, 0.002753304783254862, 0.019623301923274994, -0.0032842541113495827, -0.014163716696202755, 0.03439606726169586, -0.012822598218917847, 0.015829479321837425, 0.01628030836582184, -0.01647503860294819, -0.010902786627411842, 0.007184278219938278, 0.0018172007985413074, 0.023785900324583054, 0.012746922671794891, -0.0040528131648898125, -0.007749701850116253, 0.028500741347670555, 0.009736492298543453, -0.002384427236393094, 0.010905957780778408]]
  Reward: 0.09460591524839401
  Account Value: None
  Done: False
  Policy Mean: [[-0.0028459602035582066, -0.023653583601117134, -0.015307039953768253, -0.002857270883396268, 0.01384352333843708, 0.020236508920788765, 0.01160284411162138, -0.01986834593117237, -0.020229915156960487, 0.002753304783254862, 0.019623301923274994, -0.0032842541113495827, -0.014163716696202755, 0.03439606726169586, -0.012822598218917847, 0.015829479321837425, 0.01628030836582184, -0.01647503860294819, -0.010902786627411842, 0.007184278219938278, 0.0018172007985413074, 0.023785900324583054, 0.012746922671794891, -0.0040528131648898125, -0.007749701850116253, 0.028500741347670555, 0.009736492298543453, -0.002384427236393094, 0.010905957780778408]]
  Policy Std: [[0.9991067051887512, 1.0012518167495728, 1.0019515752792358, 1.0023138523101807, 0.9989719390869141, 1.0008952617645264, 1.0002809762954712, 1.002434492111206, 1.0006232261657715, 0.9992192983627319, 1.0001494884490967, 1.0011566877365112, 0.9982251524925232, 1.00291109085083, 1.0022505521774292, 0.9988248348236084, 1.0015581846237183, 0.9973443746566772, 1.00054132938385, 1.0021677017211914, 1.0029916763305664, 0.9990875124931335, 0.9989128112792969, 1.0027989149093628, 1.000711441040039, 0.999455451965332, 0.9992843866348267, 0.9995128512382507, 1.0009386539459229]]

Step 255:
  Date/Day: 256
  Action: [[-0.0028459602035582066, -0.023653583601117134, -0.015307039953768253, -0.002857270883396268, 0.01384352333843708, 0.020236508920788765, 0.01160284411162138, -0.01986834593117237, -0.020229915156960487, 0.002753304783254862, 0.019623301923274994, -0.0032842541113495827, -0.014163716696202755, 0.03439606726169586, -0.012822598218917847, 0.015829479321837425, 0.01628030836582184, -0.01647503860294819, -0.010902786627411842, 0.007184278219938278, 0.0018172007985413074, 0.023785900324583054, 0.012746922671794891, -0.0040528131648898125, -0.007749701850116253, 0.028500741347670555, 0.009736492298543453, -0.002384427236393094, 0.010905957780778408]]
  Reward: -0.5829224586486816
  Account Value: None
  Done: False
  Policy Mean: [[-0.0028459602035582066, -0.023653583601117134, -0.015307039953768253, -0.002857270883396268, 0.01384352333843708, 0.020236508920788765, 0.01160284411162138, -0.01986834593117237, -0.020229915156960487, 0.002753304783254862, 0.019623301923274994, -0.0032842541113495827, -0.014163716696202755, 0.03439606726169586, -0.012822598218917847, 0.015829479321837425, 0.01628030836582184, -0.01647503860294819, -0.010902786627411842, 0.007184278219938278, 0.0018172007985413074, 0.023785900324583054, 0.012746922671794891, -0.0040528131648898125, -0.007749701850116253, 0.028500741347670555, 0.009736492298543453, -0.002384427236393094, 0.010905957780778408]]
  Policy Std: [[0.9991067051887512, 1.0012518167495728, 1.0019515752792358, 1.0023138523101807, 0.9989719390869141, 1.0008952617645264, 1.0002809762954712, 1.002434492111206, 1.0006232261657715, 0.9992192983627319, 1.0001494884490967, 1.0011566877365112, 0.9982251524925232, 1.00291109085083, 1.0022505521774292, 0.9988248348236084, 1.0015581846237183, 0.9973443746566772, 1.00054132938385, 1.0021677017211914, 1.0029916763305664, 0.9990875124931335, 0.9989128112792969, 1.0027989149093628, 1.000711441040039, 0.999455451965332, 0.9992843866348267, 0.9995128512382507, 1.0009386539459229]]

Step 256:
  Date/Day: 257
  Action: [[-0.0028459602035582066, -0.023653583601117134, -0.015307039953768253, -0.002857270883396268, 0.01384352333843708, 0.020236508920788765, 0.01160284411162138, -0.01986834593117237, -0.020229915156960487, 0.002753304783254862, 0.019623301923274994, -0.0032842541113495827, -0.014163716696202755, 0.03439606726169586, -0.012822598218917847, 0.015829479321837425, 0.01628030836582184, -0.01647503860294819, -0.010902786627411842, 0.007184278219938278, 0.0018172007985413074, 0.023785900324583054, 0.012746922671794891, -0.0040528131648898125, -0.007749701850116253, 0.028500741347670555, 0.009736492298543453, -0.002384427236393094, 0.010905957780778408]]
  Reward: 0.4953842759132385
  Account Value: None
  Done: False
  Policy Mean: [[-0.0028459602035582066, -0.023653583601117134, -0.015307039953768253, -0.002857270883396268, 0.01384352333843708, 0.020236508920788765, 0.01160284411162138, -0.01986834593117237, -0.020229915156960487, 0.002753304783254862, 0.019623301923274994, -0.0032842541113495827, -0.014163716696202755, 0.03439606726169586, -0.012822598218917847, 0.015829479321837425, 0.01628030836582184, -0.01647503860294819, -0.010902786627411842, 0.007184278219938278, 0.0018172007985413074, 0.023785900324583054, 0.012746922671794891, -0.0040528131648898125, -0.007749701850116253, 0.028500741347670555, 0.009736492298543453, -0.002384427236393094, 0.010905957780778408]]
  Policy Std: [[0.9991067051887512, 1.0012518167495728, 1.0019515752792358, 1.0023138523101807, 0.9989719390869141, 1.0008952617645264, 1.0002809762954712, 1.002434492111206, 1.0006232261657715, 0.9992192983627319, 1.0001494884490967, 1.0011566877365112, 0.9982251524925232, 1.00291109085083, 1.0022505521774292, 0.9988248348236084, 1.0015581846237183, 0.9973443746566772, 1.00054132938385, 1.0021677017211914, 1.0029916763305664, 0.9990875124931335, 0.9989128112792969, 1.0027989149093628, 1.000711441040039, 0.999455451965332, 0.9992843866348267, 0.9995128512382507, 1.0009386539459229]]

Step 257:
  Date/Day: 258
  Action: [[-0.0028459602035582066, -0.023653583601117134, -0.015307039953768253, -0.002857270883396268, 0.01384352333843708, 0.020236508920788765, 0.01160284411162138, -0.01986834593117237, -0.020229915156960487, 0.002753304783254862, 0.019623301923274994, -0.0032842541113495827, -0.014163716696202755, 0.03439606726169586, -0.012822598218917847, 0.015829479321837425, 0.01628030836582184, -0.01647503860294819, -0.010902786627411842, 0.007184278219938278, 0.0018172007985413074, 0.023785900324583054, 0.012746922671794891, -0.0040528131648898125, -0.007749701850116253, 0.028500741347670555, 0.009736492298543453, -0.002384427236393094, 0.010905957780778408]]
  Reward: 0.01309388317167759
  Account Value: None
  Done: False
  Policy Mean: [[-0.0028459602035582066, -0.023653583601117134, -0.015307039953768253, -0.002857270883396268, 0.01384352333843708, 0.020236508920788765, 0.01160284411162138, -0.01986834593117237, -0.020229915156960487, 0.002753304783254862, 0.019623301923274994, -0.0032842541113495827, -0.014163716696202755, 0.03439606726169586, -0.012822598218917847, 0.015829479321837425, 0.01628030836582184, -0.01647503860294819, -0.010902786627411842, 0.007184278219938278, 0.0018172007985413074, 0.023785900324583054, 0.012746922671794891, -0.0040528131648898125, -0.007749701850116253, 0.028500741347670555, 0.009736492298543453, -0.002384427236393094, 0.010905957780778408]]
  Policy Std: [[0.9991067051887512, 1.0012518167495728, 1.0019515752792358, 1.0023138523101807, 0.9989719390869141, 1.0008952617645264, 1.0002809762954712, 1.002434492111206, 1.0006232261657715, 0.9992192983627319, 1.0001494884490967, 1.0011566877365112, 0.9982251524925232, 1.00291109085083, 1.0022505521774292, 0.9988248348236084, 1.0015581846237183, 0.9973443746566772, 1.00054132938385, 1.0021677017211914, 1.0029916763305664, 0.9990875124931335, 0.9989128112792969, 1.0027989149093628, 1.000711441040039, 0.999455451965332, 0.9992843866348267, 0.9995128512382507, 1.0009386539459229]]

Step 258:
  Date/Day: 259
  Action: [[-0.0028459602035582066, -0.023653583601117134, -0.015307039953768253, -0.002857270883396268, 0.01384352333843708, 0.020236508920788765, 0.01160284411162138, -0.01986834593117237, -0.020229915156960487, 0.002753304783254862, 0.019623301923274994, -0.0032842541113495827, -0.014163716696202755, 0.03439606726169586, -0.012822598218917847, 0.015829479321837425, 0.01628030836582184, -0.01647503860294819, -0.010902786627411842, 0.007184278219938278, 0.0018172007985413074, 0.023785900324583054, 0.012746922671794891, -0.0040528131648898125, -0.007749701850116253, 0.028500741347670555, 0.009736492298543453, -0.002384427236393094, 0.010905957780778408]]
  Reward: 0.04957897961139679
  Account Value: None
  Done: False
  Policy Mean: [[-0.0028459602035582066, -0.023653583601117134, -0.015307039953768253, -0.002857270883396268, 0.01384352333843708, 0.020236508920788765, 0.01160284411162138, -0.01986834593117237, -0.020229915156960487, 0.002753304783254862, 0.019623301923274994, -0.0032842541113495827, -0.014163716696202755, 0.03439606726169586, -0.012822598218917847, 0.015829479321837425, 0.01628030836582184, -0.01647503860294819, -0.010902786627411842, 0.007184278219938278, 0.0018172007985413074, 0.023785900324583054, 0.012746922671794891, -0.0040528131648898125, -0.007749701850116253, 0.028500741347670555, 0.009736492298543453, -0.002384427236393094, 0.010905957780778408]]
  Policy Std: [[0.9991067051887512, 1.0012518167495728, 1.0019515752792358, 1.0023138523101807, 0.9989719390869141, 1.0008952617645264, 1.0002809762954712, 1.002434492111206, 1.0006232261657715, 0.9992192983627319, 1.0001494884490967, 1.0011566877365112, 0.9982251524925232, 1.00291109085083, 1.0022505521774292, 0.9988248348236084, 1.0015581846237183, 0.9973443746566772, 1.00054132938385, 1.0021677017211914, 1.0029916763305664, 0.9990875124931335, 0.9989128112792969, 1.0027989149093628, 1.000711441040039, 0.999455451965332, 0.9992843866348267, 0.9995128512382507, 1.0009386539459229]]

Step 259:
  Date/Day: 260
  Action: [[-0.0028459602035582066, -0.023653583601117134, -0.015307039953768253, -0.002857270883396268, 0.01384352333843708, 0.020236508920788765, 0.01160284411162138, -0.01986834593117237, -0.020229915156960487, 0.002753304783254862, 0.019623301923274994, -0.0032842541113495827, -0.014163716696202755, 0.03439606726169586, -0.012822598218917847, 0.015829479321837425, 0.01628030836582184, -0.01647503860294819, -0.010902786627411842, 0.007184278219938278, 0.0018172007985413074, 0.023785900324583054, 0.012746922671794891, -0.0040528131648898125, -0.007749701850116253, 0.028500741347670555, 0.009736492298543453, -0.002384427236393094, 0.010905957780778408]]
  Reward: 0.12814180552959442
  Account Value: None
  Done: False
  Policy Mean: [[-0.0028459602035582066, -0.023653583601117134, -0.015307039953768253, -0.002857270883396268, 0.01384352333843708, 0.020236508920788765, 0.01160284411162138, -0.01986834593117237, -0.020229915156960487, 0.002753304783254862, 0.019623301923274994, -0.0032842541113495827, -0.014163716696202755, 0.03439606726169586, -0.012822598218917847, 0.015829479321837425, 0.01628030836582184, -0.01647503860294819, -0.010902786627411842, 0.007184278219938278, 0.0018172007985413074, 0.023785900324583054, 0.012746922671794891, -0.0040528131648898125, -0.007749701850116253, 0.028500741347670555, 0.009736492298543453, -0.002384427236393094, 0.010905957780778408]]
  Policy Std: [[0.9991067051887512, 1.0012518167495728, 1.0019515752792358, 1.0023138523101807, 0.9989719390869141, 1.0008952617645264, 1.0002809762954712, 1.002434492111206, 1.0006232261657715, 0.9992192983627319, 1.0001494884490967, 1.0011566877365112, 0.9982251524925232, 1.00291109085083, 1.0022505521774292, 0.9988248348236084, 1.0015581846237183, 0.9973443746566772, 1.00054132938385, 1.0021677017211914, 1.0029916763305664, 0.9990875124931335, 0.9989128112792969, 1.0027989149093628, 1.000711441040039, 0.999455451965332, 0.9992843866348267, 0.9995128512382507, 1.0009386539459229]]

Step 260:
  Date/Day: 261
  Action: [[-0.0028459602035582066, -0.023653583601117134, -0.015307039953768253, -0.002857270883396268, 0.01384352333843708, 0.020236508920788765, 0.01160284411162138, -0.01986834593117237, -0.020229915156960487, 0.002753304783254862, 0.019623301923274994, -0.0032842541113495827, -0.014163716696202755, 0.03439606726169586, -0.012822598218917847, 0.015829479321837425, 0.01628030836582184, -0.01647503860294819, -0.010902786627411842, 0.007184278219938278, 0.0018172007985413074, 0.023785900324583054, 0.012746922671794891, -0.0040528131648898125, -0.007749701850116253, 0.028500741347670555, 0.009736492298543453, -0.002384427236393094, 0.010905957780778408]]
  Reward: -0.049286920577287674
  Account Value: None
  Done: False
  Policy Mean: [[-0.0028459602035582066, -0.023653583601117134, -0.015307039953768253, -0.002857270883396268, 0.01384352333843708, 0.020236508920788765, 0.01160284411162138, -0.01986834593117237, -0.020229915156960487, 0.002753304783254862, 0.019623301923274994, -0.0032842541113495827, -0.014163716696202755, 0.03439606726169586, -0.012822598218917847, 0.015829479321837425, 0.01628030836582184, -0.01647503860294819, -0.010902786627411842, 0.007184278219938278, 0.0018172007985413074, 0.023785900324583054, 0.012746922671794891, -0.0040528131648898125, -0.007749701850116253, 0.028500741347670555, 0.009736492298543453, -0.002384427236393094, 0.010905957780778408]]
  Policy Std: [[0.9991067051887512, 1.0012518167495728, 1.0019515752792358, 1.0023138523101807, 0.9989719390869141, 1.0008952617645264, 1.0002809762954712, 1.002434492111206, 1.0006232261657715, 0.9992192983627319, 1.0001494884490967, 1.0011566877365112, 0.9982251524925232, 1.00291109085083, 1.0022505521774292, 0.9988248348236084, 1.0015581846237183, 0.9973443746566772, 1.00054132938385, 1.0021677017211914, 1.0029916763305664, 0.9990875124931335, 0.9989128112792969, 1.0027989149093628, 1.000711441040039, 0.999455451965332, 0.9992843866348267, 0.9995128512382507, 1.0009386539459229]]

Step 261:
  Date/Day: 262
  Action: [[-0.0028459602035582066, -0.023653583601117134, -0.015307039953768253, -0.002857270883396268, 0.01384352333843708, 0.020236508920788765, 0.01160284411162138, -0.01986834593117237, -0.020229915156960487, 0.002753304783254862, 0.019623301923274994, -0.0032842541113495827, -0.014163716696202755, 0.03439606726169586, -0.012822598218917847, 0.015829479321837425, 0.01628030836582184, -0.01647503860294819, -0.010902786627411842, 0.007184278219938278, 0.0018172007985413074, 0.023785900324583054, 0.012746922671794891, -0.0040528131648898125, -0.007749701850116253, 0.028500741347670555, 0.009736492298543453, -0.002384427236393094, 0.010905957780778408]]
  Reward: -0.30915728211402893
  Account Value: None
  Done: False
  Policy Mean: [[-0.0028459602035582066, -0.023653583601117134, -0.015307039953768253, -0.002857270883396268, 0.01384352333843708, 0.020236508920788765, 0.01160284411162138, -0.01986834593117237, -0.020229915156960487, 0.002753304783254862, 0.019623301923274994, -0.0032842541113495827, -0.014163716696202755, 0.03439606726169586, -0.012822598218917847, 0.015829479321837425, 0.01628030836582184, -0.01647503860294819, -0.010902786627411842, 0.007184278219938278, 0.0018172007985413074, 0.023785900324583054, 0.012746922671794891, -0.0040528131648898125, -0.007749701850116253, 0.028500741347670555, 0.009736492298543453, -0.002384427236393094, 0.010905957780778408]]
  Policy Std: [[0.9991067051887512, 1.0012518167495728, 1.0019515752792358, 1.0023138523101807, 0.9989719390869141, 1.0008952617645264, 1.0002809762954712, 1.002434492111206, 1.0006232261657715, 0.9992192983627319, 1.0001494884490967, 1.0011566877365112, 0.9982251524925232, 1.00291109085083, 1.0022505521774292, 0.9988248348236084, 1.0015581846237183, 0.9973443746566772, 1.00054132938385, 1.0021677017211914, 1.0029916763305664, 0.9990875124931335, 0.9989128112792969, 1.0027989149093628, 1.000711441040039, 0.999455451965332, 0.9992843866348267, 0.9995128512382507, 1.0009386539459229]]

Step 262:
  Date/Day: 263
  Action: [[-0.0028459602035582066, -0.023653583601117134, -0.015307039953768253, -0.002857270883396268, 0.01384352333843708, 0.020236508920788765, 0.01160284411162138, -0.01986834593117237, -0.020229915156960487, 0.002753304783254862, 0.019623301923274994, -0.0032842541113495827, -0.014163716696202755, 0.03439606726169586, -0.012822598218917847, 0.015829479321837425, 0.01628030836582184, -0.01647503860294819, -0.010902786627411842, 0.007184278219938278, 0.0018172007985413074, 0.023785900324583054, 0.012746922671794891, -0.0040528131648898125, -0.007749701850116253, 0.028500741347670555, 0.009736492298543453, -0.002384427236393094, 0.010905957780778408]]
  Reward: -0.9050518274307251
  Account Value: None
  Done: False
  Policy Mean: [[-0.0028459602035582066, -0.023653583601117134, -0.015307039953768253, -0.002857270883396268, 0.01384352333843708, 0.020236508920788765, 0.01160284411162138, -0.01986834593117237, -0.020229915156960487, 0.002753304783254862, 0.019623301923274994, -0.0032842541113495827, -0.014163716696202755, 0.03439606726169586, -0.012822598218917847, 0.015829479321837425, 0.01628030836582184, -0.01647503860294819, -0.010902786627411842, 0.007184278219938278, 0.0018172007985413074, 0.023785900324583054, 0.012746922671794891, -0.0040528131648898125, -0.007749701850116253, 0.028500741347670555, 0.009736492298543453, -0.002384427236393094, 0.010905957780778408]]
  Policy Std: [[0.9991067051887512, 1.0012518167495728, 1.0019515752792358, 1.0023138523101807, 0.9989719390869141, 1.0008952617645264, 1.0002809762954712, 1.002434492111206, 1.0006232261657715, 0.9992192983627319, 1.0001494884490967, 1.0011566877365112, 0.9982251524925232, 1.00291109085083, 1.0022505521774292, 0.9988248348236084, 1.0015581846237183, 0.9973443746566772, 1.00054132938385, 1.0021677017211914, 1.0029916763305664, 0.9990875124931335, 0.9989128112792969, 1.0027989149093628, 1.000711441040039, 0.999455451965332, 0.9992843866348267, 0.9995128512382507, 1.0009386539459229]]

Step 263:
  Date/Day: 264
  Action: [[-0.0028459602035582066, -0.023653583601117134, -0.015307039953768253, -0.002857270883396268, 0.01384352333843708, 0.020236508920788765, 0.01160284411162138, -0.01986834593117237, -0.020229915156960487, 0.002753304783254862, 0.019623301923274994, -0.0032842541113495827, -0.014163716696202755, 0.03439606726169586, -0.012822598218917847, 0.015829479321837425, 0.01628030836582184, -0.01647503860294819, -0.010902786627411842, 0.007184278219938278, 0.0018172007985413074, 0.023785900324583054, 0.012746922671794891, -0.0040528131648898125, -0.007749701850116253, 0.028500741347670555, 0.009736492298543453, -0.002384427236393094, 0.010905957780778408]]
  Reward: 0.7685404419898987
  Account Value: None
  Done: False
  Policy Mean: [[-0.0028459602035582066, -0.023653583601117134, -0.015307039953768253, -0.002857270883396268, 0.01384352333843708, 0.020236508920788765, 0.01160284411162138, -0.01986834593117237, -0.020229915156960487, 0.002753304783254862, 0.019623301923274994, -0.0032842541113495827, -0.014163716696202755, 0.03439606726169586, -0.012822598218917847, 0.015829479321837425, 0.01628030836582184, -0.01647503860294819, -0.010902786627411842, 0.007184278219938278, 0.0018172007985413074, 0.023785900324583054, 0.012746922671794891, -0.0040528131648898125, -0.007749701850116253, 0.028500741347670555, 0.009736492298543453, -0.002384427236393094, 0.010905957780778408]]
  Policy Std: [[0.9991067051887512, 1.0012518167495728, 1.0019515752792358, 1.0023138523101807, 0.9989719390869141, 1.0008952617645264, 1.0002809762954712, 1.002434492111206, 1.0006232261657715, 0.9992192983627319, 1.0001494884490967, 1.0011566877365112, 0.9982251524925232, 1.00291109085083, 1.0022505521774292, 0.9988248348236084, 1.0015581846237183, 0.9973443746566772, 1.00054132938385, 1.0021677017211914, 1.0029916763305664, 0.9990875124931335, 0.9989128112792969, 1.0027989149093628, 1.000711441040039, 0.999455451965332, 0.9992843866348267, 0.9995128512382507, 1.0009386539459229]]

Step 264:
  Date/Day: 265
  Action: [[-0.0028459602035582066, -0.023653583601117134, -0.015307039953768253, -0.002857270883396268, 0.01384352333843708, 0.020236508920788765, 0.01160284411162138, -0.01986834593117237, -0.020229915156960487, 0.002753304783254862, 0.019623301923274994, -0.0032842541113495827, -0.014163716696202755, 0.03439606726169586, -0.012822598218917847, 0.015829479321837425, 0.01628030836582184, -0.01647503860294819, -0.010902786627411842, 0.007184278219938278, 0.0018172007985413074, 0.023785900324583054, 0.012746922671794891, -0.0040528131648898125, -0.007749701850116253, 0.028500741347670555, 0.009736492298543453, -0.002384427236393094, 0.010905957780778408]]
  Reward: 0.4718003571033478
  Account Value: None
  Done: False
  Policy Mean: [[-0.0028459602035582066, -0.023653583601117134, -0.015307039953768253, -0.002857270883396268, 0.01384352333843708, 0.020236508920788765, 0.01160284411162138, -0.01986834593117237, -0.020229915156960487, 0.002753304783254862, 0.019623301923274994, -0.0032842541113495827, -0.014163716696202755, 0.03439606726169586, -0.012822598218917847, 0.015829479321837425, 0.01628030836582184, -0.01647503860294819, -0.010902786627411842, 0.007184278219938278, 0.0018172007985413074, 0.023785900324583054, 0.012746922671794891, -0.0040528131648898125, -0.007749701850116253, 0.028500741347670555, 0.009736492298543453, -0.002384427236393094, 0.010905957780778408]]
  Policy Std: [[0.9991067051887512, 1.0012518167495728, 1.0019515752792358, 1.0023138523101807, 0.9989719390869141, 1.0008952617645264, 1.0002809762954712, 1.002434492111206, 1.0006232261657715, 0.9992192983627319, 1.0001494884490967, 1.0011566877365112, 0.9982251524925232, 1.00291109085083, 1.0022505521774292, 0.9988248348236084, 1.0015581846237183, 0.9973443746566772, 1.00054132938385, 1.0021677017211914, 1.0029916763305664, 0.9990875124931335, 0.9989128112792969, 1.0027989149093628, 1.000711441040039, 0.999455451965332, 0.9992843866348267, 0.9995128512382507, 1.0009386539459229]]

Step 265:
  Date/Day: 266
  Action: [[-0.0028459602035582066, -0.023653583601117134, -0.015307039953768253, -0.002857270883396268, 0.01384352333843708, 0.020236508920788765, 0.01160284411162138, -0.01986834593117237, -0.020229915156960487, 0.002753304783254862, 0.019623301923274994, -0.0032842541113495827, -0.014163716696202755, 0.03439606726169586, -0.012822598218917847, 0.015829479321837425, 0.01628030836582184, -0.01647503860294819, -0.010902786627411842, 0.007184278219938278, 0.0018172007985413074, 0.023785900324583054, 0.012746922671794891, -0.0040528131648898125, -0.007749701850116253, 0.028500741347670555, 0.009736492298543453, -0.002384427236393094, 0.010905957780778408]]
  Reward: 0.39136120676994324
  Account Value: None
  Done: False
  Policy Mean: [[-0.0028459602035582066, -0.023653583601117134, -0.015307039953768253, -0.002857270883396268, 0.01384352333843708, 0.020236508920788765, 0.01160284411162138, -0.01986834593117237, -0.020229915156960487, 0.002753304783254862, 0.019623301923274994, -0.0032842541113495827, -0.014163716696202755, 0.03439606726169586, -0.012822598218917847, 0.015829479321837425, 0.01628030836582184, -0.01647503860294819, -0.010902786627411842, 0.007184278219938278, 0.0018172007985413074, 0.023785900324583054, 0.012746922671794891, -0.0040528131648898125, -0.007749701850116253, 0.028500741347670555, 0.009736492298543453, -0.002384427236393094, 0.010905957780778408]]
  Policy Std: [[0.9991067051887512, 1.0012518167495728, 1.0019515752792358, 1.0023138523101807, 0.9989719390869141, 1.0008952617645264, 1.0002809762954712, 1.002434492111206, 1.0006232261657715, 0.9992192983627319, 1.0001494884490967, 1.0011566877365112, 0.9982251524925232, 1.00291109085083, 1.0022505521774292, 0.9988248348236084, 1.0015581846237183, 0.9973443746566772, 1.00054132938385, 1.0021677017211914, 1.0029916763305664, 0.9990875124931335, 0.9989128112792969, 1.0027989149093628, 1.000711441040039, 0.999455451965332, 0.9992843866348267, 0.9995128512382507, 1.0009386539459229]]

Step 266:
  Date/Day: 267
  Action: [[-0.0028459602035582066, -0.023653583601117134, -0.015307039953768253, -0.002857270883396268, 0.01384352333843708, 0.020236508920788765, 0.01160284411162138, -0.01986834593117237, -0.020229915156960487, 0.002753304783254862, 0.019623301923274994, -0.0032842541113495827, -0.014163716696202755, 0.03439606726169586, -0.012822598218917847, 0.015829479321837425, 0.01628030836582184, -0.01647503860294819, -0.010902786627411842, 0.007184278219938278, 0.0018172007985413074, 0.023785900324583054, 0.012746922671794891, -0.0040528131648898125, -0.007749701850116253, 0.028500741347670555, 0.009736492298543453, -0.002384427236393094, 0.010905957780778408]]
  Reward: 0.4487662613391876
  Account Value: None
  Done: False
  Policy Mean: [[-0.0028459602035582066, -0.023653583601117134, -0.015307039953768253, -0.002857270883396268, 0.01384352333843708, 0.020236508920788765, 0.01160284411162138, -0.01986834593117237, -0.020229915156960487, 0.002753304783254862, 0.019623301923274994, -0.0032842541113495827, -0.014163716696202755, 0.03439606726169586, -0.012822598218917847, 0.015829479321837425, 0.01628030836582184, -0.01647503860294819, -0.010902786627411842, 0.007184278219938278, 0.0018172007985413074, 0.023785900324583054, 0.012746922671794891, -0.0040528131648898125, -0.007749701850116253, 0.028500741347670555, 0.009736492298543453, -0.002384427236393094, 0.010905957780778408]]
  Policy Std: [[0.9991067051887512, 1.0012518167495728, 1.0019515752792358, 1.0023138523101807, 0.9989719390869141, 1.0008952617645264, 1.0002809762954712, 1.002434492111206, 1.0006232261657715, 0.9992192983627319, 1.0001494884490967, 1.0011566877365112, 0.9982251524925232, 1.00291109085083, 1.0022505521774292, 0.9988248348236084, 1.0015581846237183, 0.9973443746566772, 1.00054132938385, 1.0021677017211914, 1.0029916763305664, 0.9990875124931335, 0.9989128112792969, 1.0027989149093628, 1.000711441040039, 0.999455451965332, 0.9992843866348267, 0.9995128512382507, 1.0009386539459229]]

Step 267:
  Date/Day: 268
  Action: [[-0.0028459602035582066, -0.023653583601117134, -0.015307039953768253, -0.002857270883396268, 0.01384352333843708, 0.020236508920788765, 0.01160284411162138, -0.01986834593117237, -0.020229915156960487, 0.002753304783254862, 0.019623301923274994, -0.0032842541113495827, -0.014163716696202755, 0.03439606726169586, -0.012822598218917847, 0.015829479321837425, 0.01628030836582184, -0.01647503860294819, -0.010902786627411842, 0.007184278219938278, 0.0018172007985413074, 0.023785900324583054, 0.012746922671794891, -0.0040528131648898125, -0.007749701850116253, 0.028500741347670555, 0.009736492298543453, -0.002384427236393094, 0.010905957780778408]]
  Reward: 0.10872951149940491
  Account Value: None
  Done: False
  Policy Mean: [[-0.0028459602035582066, -0.023653583601117134, -0.015307039953768253, -0.002857270883396268, 0.01384352333843708, 0.020236508920788765, 0.01160284411162138, -0.01986834593117237, -0.020229915156960487, 0.002753304783254862, 0.019623301923274994, -0.0032842541113495827, -0.014163716696202755, 0.03439606726169586, -0.012822598218917847, 0.015829479321837425, 0.01628030836582184, -0.01647503860294819, -0.010902786627411842, 0.007184278219938278, 0.0018172007985413074, 0.023785900324583054, 0.012746922671794891, -0.0040528131648898125, -0.007749701850116253, 0.028500741347670555, 0.009736492298543453, -0.002384427236393094, 0.010905957780778408]]
  Policy Std: [[0.9991067051887512, 1.0012518167495728, 1.0019515752792358, 1.0023138523101807, 0.9989719390869141, 1.0008952617645264, 1.0002809762954712, 1.002434492111206, 1.0006232261657715, 0.9992192983627319, 1.0001494884490967, 1.0011566877365112, 0.9982251524925232, 1.00291109085083, 1.0022505521774292, 0.9988248348236084, 1.0015581846237183, 0.9973443746566772, 1.00054132938385, 1.0021677017211914, 1.0029916763305664, 0.9990875124931335, 0.9989128112792969, 1.0027989149093628, 1.000711441040039, 0.999455451965332, 0.9992843866348267, 0.9995128512382507, 1.0009386539459229]]

Step 268:
  Date/Day: 269
  Action: [[-0.0028459602035582066, -0.023653583601117134, -0.015307039953768253, -0.002857270883396268, 0.01384352333843708, 0.020236508920788765, 0.01160284411162138, -0.01986834593117237, -0.020229915156960487, 0.002753304783254862, 0.019623301923274994, -0.0032842541113495827, -0.014163716696202755, 0.03439606726169586, -0.012822598218917847, 0.015829479321837425, 0.01628030836582184, -0.01647503860294819, -0.010902786627411842, 0.007184278219938278, 0.0018172007985413074, 0.023785900324583054, 0.012746922671794891, -0.0040528131648898125, -0.007749701850116253, 0.028500741347670555, 0.009736492298543453, -0.002384427236393094, 0.010905957780778408]]
  Reward: -0.41840630769729614
  Account Value: None
  Done: False
  Policy Mean: [[-0.0028459602035582066, -0.023653583601117134, -0.015307039953768253, -0.002857270883396268, 0.01384352333843708, 0.020236508920788765, 0.01160284411162138, -0.01986834593117237, -0.020229915156960487, 0.002753304783254862, 0.019623301923274994, -0.0032842541113495827, -0.014163716696202755, 0.03439606726169586, -0.012822598218917847, 0.015829479321837425, 0.01628030836582184, -0.01647503860294819, -0.010902786627411842, 0.007184278219938278, 0.0018172007985413074, 0.023785900324583054, 0.012746922671794891, -0.0040528131648898125, -0.007749701850116253, 0.028500741347670555, 0.009736492298543453, -0.002384427236393094, 0.010905957780778408]]
  Policy Std: [[0.9991067051887512, 1.0012518167495728, 1.0019515752792358, 1.0023138523101807, 0.9989719390869141, 1.0008952617645264, 1.0002809762954712, 1.002434492111206, 1.0006232261657715, 0.9992192983627319, 1.0001494884490967, 1.0011566877365112, 0.9982251524925232, 1.00291109085083, 1.0022505521774292, 0.9988248348236084, 1.0015581846237183, 0.9973443746566772, 1.00054132938385, 1.0021677017211914, 1.0029916763305664, 0.9990875124931335, 0.9989128112792969, 1.0027989149093628, 1.000711441040039, 0.999455451965332, 0.9992843866348267, 0.9995128512382507, 1.0009386539459229]]

Step 269:
  Date/Day: 270
  Action: [[-0.0028459602035582066, -0.023653583601117134, -0.015307039953768253, -0.002857270883396268, 0.01384352333843708, 0.020236508920788765, 0.01160284411162138, -0.01986834593117237, -0.020229915156960487, 0.002753304783254862, 0.019623301923274994, -0.0032842541113495827, -0.014163716696202755, 0.03439606726169586, -0.012822598218917847, 0.015829479321837425, 0.01628030836582184, -0.01647503860294819, -0.010902786627411842, 0.007184278219938278, 0.0018172007985413074, 0.023785900324583054, 0.012746922671794891, -0.0040528131648898125, -0.007749701850116253, 0.028500741347670555, 0.009736492298543453, -0.002384427236393094, 0.010905957780778408]]
  Reward: -0.24468746781349182
  Account Value: None
  Done: False
  Policy Mean: [[-0.0028459602035582066, -0.023653583601117134, -0.015307039953768253, -0.002857270883396268, 0.01384352333843708, 0.020236508920788765, 0.01160284411162138, -0.01986834593117237, -0.020229915156960487, 0.002753304783254862, 0.019623301923274994, -0.0032842541113495827, -0.014163716696202755, 0.03439606726169586, -0.012822598218917847, 0.015829479321837425, 0.01628030836582184, -0.01647503860294819, -0.010902786627411842, 0.007184278219938278, 0.0018172007985413074, 0.023785900324583054, 0.012746922671794891, -0.0040528131648898125, -0.007749701850116253, 0.028500741347670555, 0.009736492298543453, -0.002384427236393094, 0.010905957780778408]]
  Policy Std: [[0.9991067051887512, 1.0012518167495728, 1.0019515752792358, 1.0023138523101807, 0.9989719390869141, 1.0008952617645264, 1.0002809762954712, 1.002434492111206, 1.0006232261657715, 0.9992192983627319, 1.0001494884490967, 1.0011566877365112, 0.9982251524925232, 1.00291109085083, 1.0022505521774292, 0.9988248348236084, 1.0015581846237183, 0.9973443746566772, 1.00054132938385, 1.0021677017211914, 1.0029916763305664, 0.9990875124931335, 0.9989128112792969, 1.0027989149093628, 1.000711441040039, 0.999455451965332, 0.9992843866348267, 0.9995128512382507, 1.0009386539459229]]

Step 270:
  Date/Day: 271
  Action: [[-0.0028459602035582066, -0.023653583601117134, -0.015307039953768253, -0.002857270883396268, 0.01384352333843708, 0.020236508920788765, 0.01160284411162138, -0.01986834593117237, -0.020229915156960487, 0.002753304783254862, 0.019623301923274994, -0.0032842541113495827, -0.014163716696202755, 0.03439606726169586, -0.012822598218917847, 0.015829479321837425, 0.01628030836582184, -0.01647503860294819, -0.010902786627411842, 0.007184278219938278, 0.0018172007985413074, 0.023785900324583054, 0.012746922671794891, -0.0040528131648898125, -0.007749701850116253, 0.028500741347670555, 0.009736492298543453, -0.002384427236393094, 0.010905957780778408]]
  Reward: 0.33877408504486084
  Account Value: None
  Done: False
  Policy Mean: [[-0.0028459602035582066, -0.023653583601117134, -0.015307039953768253, -0.002857270883396268, 0.01384352333843708, 0.020236508920788765, 0.01160284411162138, -0.01986834593117237, -0.020229915156960487, 0.002753304783254862, 0.019623301923274994, -0.0032842541113495827, -0.014163716696202755, 0.03439606726169586, -0.012822598218917847, 0.015829479321837425, 0.01628030836582184, -0.01647503860294819, -0.010902786627411842, 0.007184278219938278, 0.0018172007985413074, 0.023785900324583054, 0.012746922671794891, -0.0040528131648898125, -0.007749701850116253, 0.028500741347670555, 0.009736492298543453, -0.002384427236393094, 0.010905957780778408]]
  Policy Std: [[0.9991067051887512, 1.0012518167495728, 1.0019515752792358, 1.0023138523101807, 0.9989719390869141, 1.0008952617645264, 1.0002809762954712, 1.002434492111206, 1.0006232261657715, 0.9992192983627319, 1.0001494884490967, 1.0011566877365112, 0.9982251524925232, 1.00291109085083, 1.0022505521774292, 0.9988248348236084, 1.0015581846237183, 0.9973443746566772, 1.00054132938385, 1.0021677017211914, 1.0029916763305664, 0.9990875124931335, 0.9989128112792969, 1.0027989149093628, 1.000711441040039, 0.999455451965332, 0.9992843866348267, 0.9995128512382507, 1.0009386539459229]]

Step 271:
  Date/Day: 272
  Action: [[-0.0028459602035582066, -0.023653583601117134, -0.015307039953768253, -0.002857270883396268, 0.01384352333843708, 0.020236508920788765, 0.01160284411162138, -0.01986834593117237, -0.020229915156960487, 0.002753304783254862, 0.019623301923274994, -0.0032842541113495827, -0.014163716696202755, 0.03439606726169586, -0.012822598218917847, 0.015829479321837425, 0.01628030836582184, -0.01647503860294819, -0.010902786627411842, 0.007184278219938278, 0.0018172007985413074, 0.023785900324583054, 0.012746922671794891, -0.0040528131648898125, -0.007749701850116253, 0.028500741347670555, 0.009736492298543453, -0.002384427236393094, 0.010905957780778408]]
  Reward: -0.24478933215141296
  Account Value: None
  Done: False
  Policy Mean: [[-0.0028459602035582066, -0.023653583601117134, -0.015307039953768253, -0.002857270883396268, 0.01384352333843708, 0.020236508920788765, 0.01160284411162138, -0.01986834593117237, -0.020229915156960487, 0.002753304783254862, 0.019623301923274994, -0.0032842541113495827, -0.014163716696202755, 0.03439606726169586, -0.012822598218917847, 0.015829479321837425, 0.01628030836582184, -0.01647503860294819, -0.010902786627411842, 0.007184278219938278, 0.0018172007985413074, 0.023785900324583054, 0.012746922671794891, -0.0040528131648898125, -0.007749701850116253, 0.028500741347670555, 0.009736492298543453, -0.002384427236393094, 0.010905957780778408]]
  Policy Std: [[0.9991067051887512, 1.0012518167495728, 1.0019515752792358, 1.0023138523101807, 0.9989719390869141, 1.0008952617645264, 1.0002809762954712, 1.002434492111206, 1.0006232261657715, 0.9992192983627319, 1.0001494884490967, 1.0011566877365112, 0.9982251524925232, 1.00291109085083, 1.0022505521774292, 0.9988248348236084, 1.0015581846237183, 0.9973443746566772, 1.00054132938385, 1.0021677017211914, 1.0029916763305664, 0.9990875124931335, 0.9989128112792969, 1.0027989149093628, 1.000711441040039, 0.999455451965332, 0.9992843866348267, 0.9995128512382507, 1.0009386539459229]]

Step 272:
  Date/Day: 273
  Action: [[-0.0028459602035582066, -0.023653583601117134, -0.015307039953768253, -0.002857270883396268, 0.01384352333843708, 0.020236508920788765, 0.01160284411162138, -0.01986834593117237, -0.020229915156960487, 0.002753304783254862, 0.019623301923274994, -0.0032842541113495827, -0.014163716696202755, 0.03439606726169586, -0.012822598218917847, 0.015829479321837425, 0.01628030836582184, -0.01647503860294819, -0.010902786627411842, 0.007184278219938278, 0.0018172007985413074, 0.023785900324583054, 0.012746922671794891, -0.0040528131648898125, -0.007749701850116253, 0.028500741347670555, 0.009736492298543453, -0.002384427236393094, 0.010905957780778408]]
  Reward: -0.4547139108181
  Account Value: None
  Done: False
  Policy Mean: [[-0.0028459602035582066, -0.023653583601117134, -0.015307039953768253, -0.002857270883396268, 0.01384352333843708, 0.020236508920788765, 0.01160284411162138, -0.01986834593117237, -0.020229915156960487, 0.002753304783254862, 0.019623301923274994, -0.0032842541113495827, -0.014163716696202755, 0.03439606726169586, -0.012822598218917847, 0.015829479321837425, 0.01628030836582184, -0.01647503860294819, -0.010902786627411842, 0.007184278219938278, 0.0018172007985413074, 0.023785900324583054, 0.012746922671794891, -0.0040528131648898125, -0.007749701850116253, 0.028500741347670555, 0.009736492298543453, -0.002384427236393094, 0.010905957780778408]]
  Policy Std: [[0.9991067051887512, 1.0012518167495728, 1.0019515752792358, 1.0023138523101807, 0.9989719390869141, 1.0008952617645264, 1.0002809762954712, 1.002434492111206, 1.0006232261657715, 0.9992192983627319, 1.0001494884490967, 1.0011566877365112, 0.9982251524925232, 1.00291109085083, 1.0022505521774292, 0.9988248348236084, 1.0015581846237183, 0.9973443746566772, 1.00054132938385, 1.0021677017211914, 1.0029916763305664, 0.9990875124931335, 0.9989128112792969, 1.0027989149093628, 1.000711441040039, 0.999455451965332, 0.9992843866348267, 0.9995128512382507, 1.0009386539459229]]

Step 273:
  Date/Day: 274
  Action: [[-0.0028459602035582066, -0.023653583601117134, -0.015307039953768253, -0.002857270883396268, 0.01384352333843708, 0.020236508920788765, 0.01160284411162138, -0.01986834593117237, -0.020229915156960487, 0.002753304783254862, 0.019623301923274994, -0.0032842541113495827, -0.014163716696202755, 0.03439606726169586, -0.012822598218917847, 0.015829479321837425, 0.01628030836582184, -0.01647503860294819, -0.010902786627411842, 0.007184278219938278, 0.0018172007985413074, 0.023785900324583054, 0.012746922671794891, -0.0040528131648898125, -0.007749701850116253, 0.028500741347670555, 0.009736492298543453, -0.002384427236393094, 0.010905957780778408]]
  Reward: 0.4103286564350128
  Account Value: None
  Done: False
  Policy Mean: [[-0.0028459602035582066, -0.023653583601117134, -0.015307039953768253, -0.002857270883396268, 0.01384352333843708, 0.020236508920788765, 0.01160284411162138, -0.01986834593117237, -0.020229915156960487, 0.002753304783254862, 0.019623301923274994, -0.0032842541113495827, -0.014163716696202755, 0.03439606726169586, -0.012822598218917847, 0.015829479321837425, 0.01628030836582184, -0.01647503860294819, -0.010902786627411842, 0.007184278219938278, 0.0018172007985413074, 0.023785900324583054, 0.012746922671794891, -0.0040528131648898125, -0.007749701850116253, 0.028500741347670555, 0.009736492298543453, -0.002384427236393094, 0.010905957780778408]]
  Policy Std: [[0.9991067051887512, 1.0012518167495728, 1.0019515752792358, 1.0023138523101807, 0.9989719390869141, 1.0008952617645264, 1.0002809762954712, 1.002434492111206, 1.0006232261657715, 0.9992192983627319, 1.0001494884490967, 1.0011566877365112, 0.9982251524925232, 1.00291109085083, 1.0022505521774292, 0.9988248348236084, 1.0015581846237183, 0.9973443746566772, 1.00054132938385, 1.0021677017211914, 1.0029916763305664, 0.9990875124931335, 0.9989128112792969, 1.0027989149093628, 1.000711441040039, 0.999455451965332, 0.9992843866348267, 0.9995128512382507, 1.0009386539459229]]

Step 274:
  Date/Day: 275
  Action: [[-0.0028459602035582066, -0.023653583601117134, -0.015307039953768253, -0.002857270883396268, 0.01384352333843708, 0.020236508920788765, 0.01160284411162138, -0.01986834593117237, -0.020229915156960487, 0.002753304783254862, 0.019623301923274994, -0.0032842541113495827, -0.014163716696202755, 0.03439606726169586, -0.012822598218917847, 0.015829479321837425, 0.01628030836582184, -0.01647503860294819, -0.010902786627411842, 0.007184278219938278, 0.0018172007985413074, 0.023785900324583054, 0.012746922671794891, -0.0040528131648898125, -0.007749701850116253, 0.028500741347670555, 0.009736492298543453, -0.002384427236393094, 0.010905957780778408]]
  Reward: -0.1268276423215866
  Account Value: None
  Done: False
  Policy Mean: [[-0.0028459602035582066, -0.023653583601117134, -0.015307039953768253, -0.002857270883396268, 0.01384352333843708, 0.020236508920788765, 0.01160284411162138, -0.01986834593117237, -0.020229915156960487, 0.002753304783254862, 0.019623301923274994, -0.0032842541113495827, -0.014163716696202755, 0.03439606726169586, -0.012822598218917847, 0.015829479321837425, 0.01628030836582184, -0.01647503860294819, -0.010902786627411842, 0.007184278219938278, 0.0018172007985413074, 0.023785900324583054, 0.012746922671794891, -0.0040528131648898125, -0.007749701850116253, 0.028500741347670555, 0.009736492298543453, -0.002384427236393094, 0.010905957780778408]]
  Policy Std: [[0.9991067051887512, 1.0012518167495728, 1.0019515752792358, 1.0023138523101807, 0.9989719390869141, 1.0008952617645264, 1.0002809762954712, 1.002434492111206, 1.0006232261657715, 0.9992192983627319, 1.0001494884490967, 1.0011566877365112, 0.9982251524925232, 1.00291109085083, 1.0022505521774292, 0.9988248348236084, 1.0015581846237183, 0.9973443746566772, 1.00054132938385, 1.0021677017211914, 1.0029916763305664, 0.9990875124931335, 0.9989128112792969, 1.0027989149093628, 1.000711441040039, 0.999455451965332, 0.9992843866348267, 0.9995128512382507, 1.0009386539459229]]

Step 275:
  Date/Day: 276
  Action: [[-0.0028459602035582066, -0.023653583601117134, -0.015307039953768253, -0.002857270883396268, 0.01384352333843708, 0.020236508920788765, 0.01160284411162138, -0.01986834593117237, -0.020229915156960487, 0.002753304783254862, 0.019623301923274994, -0.0032842541113495827, -0.014163716696202755, 0.03439606726169586, -0.012822598218917847, 0.015829479321837425, 0.01628030836582184, -0.01647503860294819, -0.010902786627411842, 0.007184278219938278, 0.0018172007985413074, 0.023785900324583054, 0.012746922671794891, -0.0040528131648898125, -0.007749701850116253, 0.028500741347670555, 0.009736492298543453, -0.002384427236393094, 0.010905957780778408]]
  Reward: 0.9595392942428589
  Account Value: None
  Done: False
  Policy Mean: [[-0.0028459602035582066, -0.023653583601117134, -0.015307039953768253, -0.002857270883396268, 0.01384352333843708, 0.020236508920788765, 0.01160284411162138, -0.01986834593117237, -0.020229915156960487, 0.002753304783254862, 0.019623301923274994, -0.0032842541113495827, -0.014163716696202755, 0.03439606726169586, -0.012822598218917847, 0.015829479321837425, 0.01628030836582184, -0.01647503860294819, -0.010902786627411842, 0.007184278219938278, 0.0018172007985413074, 0.023785900324583054, 0.012746922671794891, -0.0040528131648898125, -0.007749701850116253, 0.028500741347670555, 0.009736492298543453, -0.002384427236393094, 0.010905957780778408]]
  Policy Std: [[0.9991067051887512, 1.0012518167495728, 1.0019515752792358, 1.0023138523101807, 0.9989719390869141, 1.0008952617645264, 1.0002809762954712, 1.002434492111206, 1.0006232261657715, 0.9992192983627319, 1.0001494884490967, 1.0011566877365112, 0.9982251524925232, 1.00291109085083, 1.0022505521774292, 0.9988248348236084, 1.0015581846237183, 0.9973443746566772, 1.00054132938385, 1.0021677017211914, 1.0029916763305664, 0.9990875124931335, 0.9989128112792969, 1.0027989149093628, 1.000711441040039, 0.999455451965332, 0.9992843866348267, 0.9995128512382507, 1.0009386539459229]]

Step 276:
  Date/Day: 277
  Action: [[-0.0028459602035582066, -0.023653583601117134, -0.015307039953768253, -0.002857270883396268, 0.01384352333843708, 0.020236508920788765, 0.01160284411162138, -0.01986834593117237, -0.020229915156960487, 0.002753304783254862, 0.019623301923274994, -0.0032842541113495827, -0.014163716696202755, 0.03439606726169586, -0.012822598218917847, 0.015829479321837425, 0.01628030836582184, -0.01647503860294819, -0.010902786627411842, 0.007184278219938278, 0.0018172007985413074, 0.023785900324583054, 0.012746922671794891, -0.0040528131648898125, -0.007749701850116253, 0.028500741347670555, 0.009736492298543453, -0.002384427236393094, 0.010905957780778408]]
  Reward: 0.03336755931377411
  Account Value: None
  Done: False
  Policy Mean: [[-0.0028459602035582066, -0.023653583601117134, -0.015307039953768253, -0.002857270883396268, 0.01384352333843708, 0.020236508920788765, 0.01160284411162138, -0.01986834593117237, -0.020229915156960487, 0.002753304783254862, 0.019623301923274994, -0.0032842541113495827, -0.014163716696202755, 0.03439606726169586, -0.012822598218917847, 0.015829479321837425, 0.01628030836582184, -0.01647503860294819, -0.010902786627411842, 0.007184278219938278, 0.0018172007985413074, 0.023785900324583054, 0.012746922671794891, -0.0040528131648898125, -0.007749701850116253, 0.028500741347670555, 0.009736492298543453, -0.002384427236393094, 0.010905957780778408]]
  Policy Std: [[0.9991067051887512, 1.0012518167495728, 1.0019515752792358, 1.0023138523101807, 0.9989719390869141, 1.0008952617645264, 1.0002809762954712, 1.002434492111206, 1.0006232261657715, 0.9992192983627319, 1.0001494884490967, 1.0011566877365112, 0.9982251524925232, 1.00291109085083, 1.0022505521774292, 0.9988248348236084, 1.0015581846237183, 0.9973443746566772, 1.00054132938385, 1.0021677017211914, 1.0029916763305664, 0.9990875124931335, 0.9989128112792969, 1.0027989149093628, 1.000711441040039, 0.999455451965332, 0.9992843866348267, 0.9995128512382507, 1.0009386539459229]]

Step 277:
  Date/Day: 278
  Action: [[-0.0028459602035582066, -0.023653583601117134, -0.015307039953768253, -0.002857270883396268, 0.01384352333843708, 0.020236508920788765, 0.01160284411162138, -0.01986834593117237, -0.020229915156960487, 0.002753304783254862, 0.019623301923274994, -0.0032842541113495827, -0.014163716696202755, 0.03439606726169586, -0.012822598218917847, 0.015829479321837425, 0.01628030836582184, -0.01647503860294819, -0.010902786627411842, 0.007184278219938278, 0.0018172007985413074, 0.023785900324583054, 0.012746922671794891, -0.0040528131648898125, -0.007749701850116253, 0.028500741347670555, 0.009736492298543453, -0.002384427236393094, 0.010905957780778408]]
  Reward: -0.18576949834823608
  Account Value: None
  Done: False
  Policy Mean: [[-0.0028459602035582066, -0.023653583601117134, -0.015307039953768253, -0.002857270883396268, 0.01384352333843708, 0.020236508920788765, 0.01160284411162138, -0.01986834593117237, -0.020229915156960487, 0.002753304783254862, 0.019623301923274994, -0.0032842541113495827, -0.014163716696202755, 0.03439606726169586, -0.012822598218917847, 0.015829479321837425, 0.01628030836582184, -0.01647503860294819, -0.010902786627411842, 0.007184278219938278, 0.0018172007985413074, 0.023785900324583054, 0.012746922671794891, -0.0040528131648898125, -0.007749701850116253, 0.028500741347670555, 0.009736492298543453, -0.002384427236393094, 0.010905957780778408]]
  Policy Std: [[0.9991067051887512, 1.0012518167495728, 1.0019515752792358, 1.0023138523101807, 0.9989719390869141, 1.0008952617645264, 1.0002809762954712, 1.002434492111206, 1.0006232261657715, 0.9992192983627319, 1.0001494884490967, 1.0011566877365112, 0.9982251524925232, 1.00291109085083, 1.0022505521774292, 0.9988248348236084, 1.0015581846237183, 0.9973443746566772, 1.00054132938385, 1.0021677017211914, 1.0029916763305664, 0.9990875124931335, 0.9989128112792969, 1.0027989149093628, 1.000711441040039, 0.999455451965332, 0.9992843866348267, 0.9995128512382507, 1.0009386539459229]]

Step 278:
  Date/Day: 279
  Action: [[-0.0028459602035582066, -0.023653583601117134, -0.015307039953768253, -0.002857270883396268, 0.01384352333843708, 0.020236508920788765, 0.01160284411162138, -0.01986834593117237, -0.020229915156960487, 0.002753304783254862, 0.019623301923274994, -0.0032842541113495827, -0.014163716696202755, 0.03439606726169586, -0.012822598218917847, 0.015829479321837425, 0.01628030836582184, -0.01647503860294819, -0.010902786627411842, 0.007184278219938278, 0.0018172007985413074, 0.023785900324583054, 0.012746922671794891, -0.0040528131648898125, -0.007749701850116253, 0.028500741347670555, 0.009736492298543453, -0.002384427236393094, 0.010905957780778408]]
  Reward: -0.05940081924200058
  Account Value: None
  Done: False
  Policy Mean: [[-0.0028459602035582066, -0.023653583601117134, -0.015307039953768253, -0.002857270883396268, 0.01384352333843708, 0.020236508920788765, 0.01160284411162138, -0.01986834593117237, -0.020229915156960487, 0.002753304783254862, 0.019623301923274994, -0.0032842541113495827, -0.014163716696202755, 0.03439606726169586, -0.012822598218917847, 0.015829479321837425, 0.01628030836582184, -0.01647503860294819, -0.010902786627411842, 0.007184278219938278, 0.0018172007985413074, 0.023785900324583054, 0.012746922671794891, -0.0040528131648898125, -0.007749701850116253, 0.028500741347670555, 0.009736492298543453, -0.002384427236393094, 0.010905957780778408]]
  Policy Std: [[0.9991067051887512, 1.0012518167495728, 1.0019515752792358, 1.0023138523101807, 0.9989719390869141, 1.0008952617645264, 1.0002809762954712, 1.002434492111206, 1.0006232261657715, 0.9992192983627319, 1.0001494884490967, 1.0011566877365112, 0.9982251524925232, 1.00291109085083, 1.0022505521774292, 0.9988248348236084, 1.0015581846237183, 0.9973443746566772, 1.00054132938385, 1.0021677017211914, 1.0029916763305664, 0.9990875124931335, 0.9989128112792969, 1.0027989149093628, 1.000711441040039, 0.999455451965332, 0.9992843866348267, 0.9995128512382507, 1.0009386539459229]]

Step 279:
  Date/Day: 280
  Action: [[-0.0028459602035582066, -0.023653583601117134, -0.015307039953768253, -0.002857270883396268, 0.01384352333843708, 0.020236508920788765, 0.01160284411162138, -0.01986834593117237, -0.020229915156960487, 0.002753304783254862, 0.019623301923274994, -0.0032842541113495827, -0.014163716696202755, 0.03439606726169586, -0.012822598218917847, 0.015829479321837425, 0.01628030836582184, -0.01647503860294819, -0.010902786627411842, 0.007184278219938278, 0.0018172007985413074, 0.023785900324583054, 0.012746922671794891, -0.0040528131648898125, -0.007749701850116253, 0.028500741347670555, 0.009736492298543453, -0.002384427236393094, 0.010905957780778408]]
  Reward: 0.18821340799331665
  Account Value: None
  Done: False
  Policy Mean: [[-0.0028459602035582066, -0.023653583601117134, -0.015307039953768253, -0.002857270883396268, 0.01384352333843708, 0.020236508920788765, 0.01160284411162138, -0.01986834593117237, -0.020229915156960487, 0.002753304783254862, 0.019623301923274994, -0.0032842541113495827, -0.014163716696202755, 0.03439606726169586, -0.012822598218917847, 0.015829479321837425, 0.01628030836582184, -0.01647503860294819, -0.010902786627411842, 0.007184278219938278, 0.0018172007985413074, 0.023785900324583054, 0.012746922671794891, -0.0040528131648898125, -0.007749701850116253, 0.028500741347670555, 0.009736492298543453, -0.002384427236393094, 0.010905957780778408]]
  Policy Std: [[0.9991067051887512, 1.0012518167495728, 1.0019515752792358, 1.0023138523101807, 0.9989719390869141, 1.0008952617645264, 1.0002809762954712, 1.002434492111206, 1.0006232261657715, 0.9992192983627319, 1.0001494884490967, 1.0011566877365112, 0.9982251524925232, 1.00291109085083, 1.0022505521774292, 0.9988248348236084, 1.0015581846237183, 0.9973443746566772, 1.00054132938385, 1.0021677017211914, 1.0029916763305664, 0.9990875124931335, 0.9989128112792969, 1.0027989149093628, 1.000711441040039, 0.999455451965332, 0.9992843866348267, 0.9995128512382507, 1.0009386539459229]]

Step 280:
  Date/Day: 281
  Action: [[-0.0028459602035582066, -0.023653583601117134, -0.015307039953768253, -0.002857270883396268, 0.01384352333843708, 0.020236508920788765, 0.01160284411162138, -0.01986834593117237, -0.020229915156960487, 0.002753304783254862, 0.019623301923274994, -0.0032842541113495827, -0.014163716696202755, 0.03439606726169586, -0.012822598218917847, 0.015829479321837425, 0.01628030836582184, -0.01647503860294819, -0.010902786627411842, 0.007184278219938278, 0.0018172007985413074, 0.023785900324583054, 0.012746922671794891, -0.0040528131648898125, -0.007749701850116253, 0.028500741347670555, 0.009736492298543453, -0.002384427236393094, 0.010905957780778408]]
  Reward: 0.009062718600034714
  Account Value: None
  Done: False
  Policy Mean: [[-0.0028459602035582066, -0.023653583601117134, -0.015307039953768253, -0.002857270883396268, 0.01384352333843708, 0.020236508920788765, 0.01160284411162138, -0.01986834593117237, -0.020229915156960487, 0.002753304783254862, 0.019623301923274994, -0.0032842541113495827, -0.014163716696202755, 0.03439606726169586, -0.012822598218917847, 0.015829479321837425, 0.01628030836582184, -0.01647503860294819, -0.010902786627411842, 0.007184278219938278, 0.0018172007985413074, 0.023785900324583054, 0.012746922671794891, -0.0040528131648898125, -0.007749701850116253, 0.028500741347670555, 0.009736492298543453, -0.002384427236393094, 0.010905957780778408]]
  Policy Std: [[0.9991067051887512, 1.0012518167495728, 1.0019515752792358, 1.0023138523101807, 0.9989719390869141, 1.0008952617645264, 1.0002809762954712, 1.002434492111206, 1.0006232261657715, 0.9992192983627319, 1.0001494884490967, 1.0011566877365112, 0.9982251524925232, 1.00291109085083, 1.0022505521774292, 0.9988248348236084, 1.0015581846237183, 0.9973443746566772, 1.00054132938385, 1.0021677017211914, 1.0029916763305664, 0.9990875124931335, 0.9989128112792969, 1.0027989149093628, 1.000711441040039, 0.999455451965332, 0.9992843866348267, 0.9995128512382507, 1.0009386539459229]]

Step 281:
  Date/Day: 282
  Action: [[-0.0028459602035582066, -0.023653583601117134, -0.015307039953768253, -0.002857270883396268, 0.01384352333843708, 0.020236508920788765, 0.01160284411162138, -0.01986834593117237, -0.020229915156960487, 0.002753304783254862, 0.019623301923274994, -0.0032842541113495827, -0.014163716696202755, 0.03439606726169586, -0.012822598218917847, 0.015829479321837425, 0.01628030836582184, -0.01647503860294819, -0.010902786627411842, 0.007184278219938278, 0.0018172007985413074, 0.023785900324583054, 0.012746922671794891, -0.0040528131648898125, -0.007749701850116253, 0.028500741347670555, 0.009736492298543453, -0.002384427236393094, 0.010905957780778408]]
  Reward: 0.15736442804336548
  Account Value: None
  Done: False
  Policy Mean: [[-0.0028459602035582066, -0.023653583601117134, -0.015307039953768253, -0.002857270883396268, 0.01384352333843708, 0.020236508920788765, 0.01160284411162138, -0.01986834593117237, -0.020229915156960487, 0.002753304783254862, 0.019623301923274994, -0.0032842541113495827, -0.014163716696202755, 0.03439606726169586, -0.012822598218917847, 0.015829479321837425, 0.01628030836582184, -0.01647503860294819, -0.010902786627411842, 0.007184278219938278, 0.0018172007985413074, 0.023785900324583054, 0.012746922671794891, -0.0040528131648898125, -0.007749701850116253, 0.028500741347670555, 0.009736492298543453, -0.002384427236393094, 0.010905957780778408]]
  Policy Std: [[0.9991067051887512, 1.0012518167495728, 1.0019515752792358, 1.0023138523101807, 0.9989719390869141, 1.0008952617645264, 1.0002809762954712, 1.002434492111206, 1.0006232261657715, 0.9992192983627319, 1.0001494884490967, 1.0011566877365112, 0.9982251524925232, 1.00291109085083, 1.0022505521774292, 0.9988248348236084, 1.0015581846237183, 0.9973443746566772, 1.00054132938385, 1.0021677017211914, 1.0029916763305664, 0.9990875124931335, 0.9989128112792969, 1.0027989149093628, 1.000711441040039, 0.999455451965332, 0.9992843866348267, 0.9995128512382507, 1.0009386539459229]]

Step 282:
  Date/Day: 283
  Action: [[-0.0028459602035582066, -0.023653583601117134, -0.015307039953768253, -0.002857270883396268, 0.01384352333843708, 0.020236508920788765, 0.01160284411162138, -0.01986834593117237, -0.020229915156960487, 0.002753304783254862, 0.019623301923274994, -0.0032842541113495827, -0.014163716696202755, 0.03439606726169586, -0.012822598218917847, 0.015829479321837425, 0.01628030836582184, -0.01647503860294819, -0.010902786627411842, 0.007184278219938278, 0.0018172007985413074, 0.023785900324583054, 0.012746922671794891, -0.0040528131648898125, -0.007749701850116253, 0.028500741347670555, 0.009736492298543453, -0.002384427236393094, 0.010905957780778408]]
  Reward: 0.16644980013370514
  Account Value: None
  Done: False
  Policy Mean: [[-0.0028459602035582066, -0.023653583601117134, -0.015307039953768253, -0.002857270883396268, 0.01384352333843708, 0.020236508920788765, 0.01160284411162138, -0.01986834593117237, -0.020229915156960487, 0.002753304783254862, 0.019623301923274994, -0.0032842541113495827, -0.014163716696202755, 0.03439606726169586, -0.012822598218917847, 0.015829479321837425, 0.01628030836582184, -0.01647503860294819, -0.010902786627411842, 0.007184278219938278, 0.0018172007985413074, 0.023785900324583054, 0.012746922671794891, -0.0040528131648898125, -0.007749701850116253, 0.028500741347670555, 0.009736492298543453, -0.002384427236393094, 0.010905957780778408]]
  Policy Std: [[0.9991067051887512, 1.0012518167495728, 1.0019515752792358, 1.0023138523101807, 0.9989719390869141, 1.0008952617645264, 1.0002809762954712, 1.002434492111206, 1.0006232261657715, 0.9992192983627319, 1.0001494884490967, 1.0011566877365112, 0.9982251524925232, 1.00291109085083, 1.0022505521774292, 0.9988248348236084, 1.0015581846237183, 0.9973443746566772, 1.00054132938385, 1.0021677017211914, 1.0029916763305664, 0.9990875124931335, 0.9989128112792969, 1.0027989149093628, 1.000711441040039, 0.999455451965332, 0.9992843866348267, 0.9995128512382507, 1.0009386539459229]]

Step 283:
  Date/Day: 284
  Action: [[-0.0028459602035582066, -0.023653583601117134, -0.015307039953768253, -0.002857270883396268, 0.01384352333843708, 0.020236508920788765, 0.01160284411162138, -0.01986834593117237, -0.020229915156960487, 0.002753304783254862, 0.019623301923274994, -0.0032842541113495827, -0.014163716696202755, 0.03439606726169586, -0.012822598218917847, 0.015829479321837425, 0.01628030836582184, -0.01647503860294819, -0.010902786627411842, 0.007184278219938278, 0.0018172007985413074, 0.023785900324583054, 0.012746922671794891, -0.0040528131648898125, -0.007749701850116253, 0.028500741347670555, 0.009736492298543453, -0.002384427236393094, 0.010905957780778408]]
  Reward: -0.8998539447784424
  Account Value: None
  Done: False
  Policy Mean: [[-0.0028459602035582066, -0.023653583601117134, -0.015307039953768253, -0.002857270883396268, 0.01384352333843708, 0.020236508920788765, 0.01160284411162138, -0.01986834593117237, -0.020229915156960487, 0.002753304783254862, 0.019623301923274994, -0.0032842541113495827, -0.014163716696202755, 0.03439606726169586, -0.012822598218917847, 0.015829479321837425, 0.01628030836582184, -0.01647503860294819, -0.010902786627411842, 0.007184278219938278, 0.0018172007985413074, 0.023785900324583054, 0.012746922671794891, -0.0040528131648898125, -0.007749701850116253, 0.028500741347670555, 0.009736492298543453, -0.002384427236393094, 0.010905957780778408]]
  Policy Std: [[0.9991067051887512, 1.0012518167495728, 1.0019515752792358, 1.0023138523101807, 0.9989719390869141, 1.0008952617645264, 1.0002809762954712, 1.002434492111206, 1.0006232261657715, 0.9992192983627319, 1.0001494884490967, 1.0011566877365112, 0.9982251524925232, 1.00291109085083, 1.0022505521774292, 0.9988248348236084, 1.0015581846237183, 0.9973443746566772, 1.00054132938385, 1.0021677017211914, 1.0029916763305664, 0.9990875124931335, 0.9989128112792969, 1.0027989149093628, 1.000711441040039, 0.999455451965332, 0.9992843866348267, 0.9995128512382507, 1.0009386539459229]]

Step 284:
  Date/Day: 285
  Action: [[-0.0028459602035582066, -0.023653583601117134, -0.015307039953768253, -0.002857270883396268, 0.01384352333843708, 0.020236508920788765, 0.01160284411162138, -0.01986834593117237, -0.020229915156960487, 0.002753304783254862, 0.019623301923274994, -0.0032842541113495827, -0.014163716696202755, 0.03439606726169586, -0.012822598218917847, 0.015829479321837425, 0.01628030836582184, -0.01647503860294819, -0.010902786627411842, 0.007184278219938278, 0.0018172007985413074, 0.023785900324583054, 0.012746922671794891, -0.0040528131648898125, -0.007749701850116253, 0.028500741347670555, 0.009736492298543453, -0.002384427236393094, 0.010905957780778408]]
  Reward: -0.31669121980667114
  Account Value: None
  Done: False
  Policy Mean: [[-0.0028459602035582066, -0.023653583601117134, -0.015307039953768253, -0.002857270883396268, 0.01384352333843708, 0.020236508920788765, 0.01160284411162138, -0.01986834593117237, -0.020229915156960487, 0.002753304783254862, 0.019623301923274994, -0.0032842541113495827, -0.014163716696202755, 0.03439606726169586, -0.012822598218917847, 0.015829479321837425, 0.01628030836582184, -0.01647503860294819, -0.010902786627411842, 0.007184278219938278, 0.0018172007985413074, 0.023785900324583054, 0.012746922671794891, -0.0040528131648898125, -0.007749701850116253, 0.028500741347670555, 0.009736492298543453, -0.002384427236393094, 0.010905957780778408]]
  Policy Std: [[0.9991067051887512, 1.0012518167495728, 1.0019515752792358, 1.0023138523101807, 0.9989719390869141, 1.0008952617645264, 1.0002809762954712, 1.002434492111206, 1.0006232261657715, 0.9992192983627319, 1.0001494884490967, 1.0011566877365112, 0.9982251524925232, 1.00291109085083, 1.0022505521774292, 0.9988248348236084, 1.0015581846237183, 0.9973443746566772, 1.00054132938385, 1.0021677017211914, 1.0029916763305664, 0.9990875124931335, 0.9989128112792969, 1.0027989149093628, 1.000711441040039, 0.999455451965332, 0.9992843866348267, 0.9995128512382507, 1.0009386539459229]]

Step 285:
  Date/Day: 286
  Action: [[-0.0028459602035582066, -0.023653583601117134, -0.015307039953768253, -0.002857270883396268, 0.01384352333843708, 0.020236508920788765, 0.01160284411162138, -0.01986834593117237, -0.020229915156960487, 0.002753304783254862, 0.019623301923274994, -0.0032842541113495827, -0.014163716696202755, 0.03439606726169586, -0.012822598218917847, 0.015829479321837425, 0.01628030836582184, -0.01647503860294819, -0.010902786627411842, 0.007184278219938278, 0.0018172007985413074, 0.023785900324583054, 0.012746922671794891, -0.0040528131648898125, -0.007749701850116253, 0.028500741347670555, 0.009736492298543453, -0.002384427236393094, 0.010905957780778408]]
  Reward: -0.06298641860485077
  Account Value: None
  Done: False
  Policy Mean: [[-0.0028459602035582066, -0.023653583601117134, -0.015307039953768253, -0.002857270883396268, 0.01384352333843708, 0.020236508920788765, 0.01160284411162138, -0.01986834593117237, -0.020229915156960487, 0.002753304783254862, 0.019623301923274994, -0.0032842541113495827, -0.014163716696202755, 0.03439606726169586, -0.012822598218917847, 0.015829479321837425, 0.01628030836582184, -0.01647503860294819, -0.010902786627411842, 0.007184278219938278, 0.0018172007985413074, 0.023785900324583054, 0.012746922671794891, -0.0040528131648898125, -0.007749701850116253, 0.028500741347670555, 0.009736492298543453, -0.002384427236393094, 0.010905957780778408]]
  Policy Std: [[0.9991067051887512, 1.0012518167495728, 1.0019515752792358, 1.0023138523101807, 0.9989719390869141, 1.0008952617645264, 1.0002809762954712, 1.002434492111206, 1.0006232261657715, 0.9992192983627319, 1.0001494884490967, 1.0011566877365112, 0.9982251524925232, 1.00291109085083, 1.0022505521774292, 0.9988248348236084, 1.0015581846237183, 0.9973443746566772, 1.00054132938385, 1.0021677017211914, 1.0029916763305664, 0.9990875124931335, 0.9989128112792969, 1.0027989149093628, 1.000711441040039, 0.999455451965332, 0.9992843866348267, 0.9995128512382507, 1.0009386539459229]]

Step 286:
  Date/Day: 287
  Action: [[-0.0028459602035582066, -0.023653583601117134, -0.015307039953768253, -0.002857270883396268, 0.01384352333843708, 0.020236508920788765, 0.01160284411162138, -0.01986834593117237, -0.020229915156960487, 0.002753304783254862, 0.019623301923274994, -0.0032842541113495827, -0.014163716696202755, 0.03439606726169586, -0.012822598218917847, 0.015829479321837425, 0.01628030836582184, -0.01647503860294819, -0.010902786627411842, 0.007184278219938278, 0.0018172007985413074, 0.023785900324583054, 0.012746922671794891, -0.0040528131648898125, -0.007749701850116253, 0.028500741347670555, 0.009736492298543453, -0.002384427236393094, 0.010905957780778408]]
  Reward: 0.5150759220123291
  Account Value: None
  Done: False
  Policy Mean: [[-0.0028459602035582066, -0.023653583601117134, -0.015307039953768253, -0.002857270883396268, 0.01384352333843708, 0.020236508920788765, 0.01160284411162138, -0.01986834593117237, -0.020229915156960487, 0.002753304783254862, 0.019623301923274994, -0.0032842541113495827, -0.014163716696202755, 0.03439606726169586, -0.012822598218917847, 0.015829479321837425, 0.01628030836582184, -0.01647503860294819, -0.010902786627411842, 0.007184278219938278, 0.0018172007985413074, 0.023785900324583054, 0.012746922671794891, -0.0040528131648898125, -0.007749701850116253, 0.028500741347670555, 0.009736492298543453, -0.002384427236393094, 0.010905957780778408]]
  Policy Std: [[0.9991067051887512, 1.0012518167495728, 1.0019515752792358, 1.0023138523101807, 0.9989719390869141, 1.0008952617645264, 1.0002809762954712, 1.002434492111206, 1.0006232261657715, 0.9992192983627319, 1.0001494884490967, 1.0011566877365112, 0.9982251524925232, 1.00291109085083, 1.0022505521774292, 0.9988248348236084, 1.0015581846237183, 0.9973443746566772, 1.00054132938385, 1.0021677017211914, 1.0029916763305664, 0.9990875124931335, 0.9989128112792969, 1.0027989149093628, 1.000711441040039, 0.999455451965332, 0.9992843866348267, 0.9995128512382507, 1.0009386539459229]]

Step 287:
  Date/Day: 288
  Action: [[-0.0028459602035582066, -0.023653583601117134, -0.015307039953768253, -0.002857270883396268, 0.01384352333843708, 0.020236508920788765, 0.01160284411162138, -0.01986834593117237, -0.020229915156960487, 0.002753304783254862, 0.019623301923274994, -0.0032842541113495827, -0.014163716696202755, 0.03439606726169586, -0.012822598218917847, 0.015829479321837425, 0.01628030836582184, -0.01647503860294819, -0.010902786627411842, 0.007184278219938278, 0.0018172007985413074, 0.023785900324583054, 0.012746922671794891, -0.0040528131648898125, -0.007749701850116253, 0.028500741347670555, 0.009736492298543453, -0.002384427236393094, 0.010905957780778408]]
  Reward: 0.704310417175293
  Account Value: None
  Done: False
  Policy Mean: [[-0.0028459602035582066, -0.023653583601117134, -0.015307039953768253, -0.002857270883396268, 0.01384352333843708, 0.020236508920788765, 0.01160284411162138, -0.01986834593117237, -0.020229915156960487, 0.002753304783254862, 0.019623301923274994, -0.0032842541113495827, -0.014163716696202755, 0.03439606726169586, -0.012822598218917847, 0.015829479321837425, 0.01628030836582184, -0.01647503860294819, -0.010902786627411842, 0.007184278219938278, 0.0018172007985413074, 0.023785900324583054, 0.012746922671794891, -0.0040528131648898125, -0.007749701850116253, 0.028500741347670555, 0.009736492298543453, -0.002384427236393094, 0.010905957780778408]]
  Policy Std: [[0.9991067051887512, 1.0012518167495728, 1.0019515752792358, 1.0023138523101807, 0.9989719390869141, 1.0008952617645264, 1.0002809762954712, 1.002434492111206, 1.0006232261657715, 0.9992192983627319, 1.0001494884490967, 1.0011566877365112, 0.9982251524925232, 1.00291109085083, 1.0022505521774292, 0.9988248348236084, 1.0015581846237183, 0.9973443746566772, 1.00054132938385, 1.0021677017211914, 1.0029916763305664, 0.9990875124931335, 0.9989128112792969, 1.0027989149093628, 1.000711441040039, 0.999455451965332, 0.9992843866348267, 0.9995128512382507, 1.0009386539459229]]

Step 288:
  Date/Day: 289
  Action: [[-0.0028459602035582066, -0.023653583601117134, -0.015307039953768253, -0.002857270883396268, 0.01384352333843708, 0.020236508920788765, 0.01160284411162138, -0.01986834593117237, -0.020229915156960487, 0.002753304783254862, 0.019623301923274994, -0.0032842541113495827, -0.014163716696202755, 0.03439606726169586, -0.012822598218917847, 0.015829479321837425, 0.01628030836582184, -0.01647503860294819, -0.010902786627411842, 0.007184278219938278, 0.0018172007985413074, 0.023785900324583054, 0.012746922671794891, -0.0040528131648898125, -0.007749701850116253, 0.028500741347670555, 0.009736492298543453, -0.002384427236393094, 0.010905957780778408]]
  Reward: -0.004927869886159897
  Account Value: None
  Done: False
  Policy Mean: [[-0.0028459602035582066, -0.023653583601117134, -0.015307039953768253, -0.002857270883396268, 0.01384352333843708, 0.020236508920788765, 0.01160284411162138, -0.01986834593117237, -0.020229915156960487, 0.002753304783254862, 0.019623301923274994, -0.0032842541113495827, -0.014163716696202755, 0.03439606726169586, -0.012822598218917847, 0.015829479321837425, 0.01628030836582184, -0.01647503860294819, -0.010902786627411842, 0.007184278219938278, 0.0018172007985413074, 0.023785900324583054, 0.012746922671794891, -0.0040528131648898125, -0.007749701850116253, 0.028500741347670555, 0.009736492298543453, -0.002384427236393094, 0.010905957780778408]]
  Policy Std: [[0.9991067051887512, 1.0012518167495728, 1.0019515752792358, 1.0023138523101807, 0.9989719390869141, 1.0008952617645264, 1.0002809762954712, 1.002434492111206, 1.0006232261657715, 0.9992192983627319, 1.0001494884490967, 1.0011566877365112, 0.9982251524925232, 1.00291109085083, 1.0022505521774292, 0.9988248348236084, 1.0015581846237183, 0.9973443746566772, 1.00054132938385, 1.0021677017211914, 1.0029916763305664, 0.9990875124931335, 0.9989128112792969, 1.0027989149093628, 1.000711441040039, 0.999455451965332, 0.9992843866348267, 0.9995128512382507, 1.0009386539459229]]

Step 289:
  Date/Day: 290
  Action: [[-0.0028459602035582066, -0.023653583601117134, -0.015307039953768253, -0.002857270883396268, 0.01384352333843708, 0.020236508920788765, 0.01160284411162138, -0.01986834593117237, -0.020229915156960487, 0.002753304783254862, 0.019623301923274994, -0.0032842541113495827, -0.014163716696202755, 0.03439606726169586, -0.012822598218917847, 0.015829479321837425, 0.01628030836582184, -0.01647503860294819, -0.010902786627411842, 0.007184278219938278, 0.0018172007985413074, 0.023785900324583054, 0.012746922671794891, -0.0040528131648898125, -0.007749701850116253, 0.028500741347670555, 0.009736492298543453, -0.002384427236393094, 0.010905957780778408]]
  Reward: 0.07850177586078644
  Account Value: None
  Done: False
  Policy Mean: [[-0.0028459602035582066, -0.023653583601117134, -0.015307039953768253, -0.002857270883396268, 0.01384352333843708, 0.020236508920788765, 0.01160284411162138, -0.01986834593117237, -0.020229915156960487, 0.002753304783254862, 0.019623301923274994, -0.0032842541113495827, -0.014163716696202755, 0.03439606726169586, -0.012822598218917847, 0.015829479321837425, 0.01628030836582184, -0.01647503860294819, -0.010902786627411842, 0.007184278219938278, 0.0018172007985413074, 0.023785900324583054, 0.012746922671794891, -0.0040528131648898125, -0.007749701850116253, 0.028500741347670555, 0.009736492298543453, -0.002384427236393094, 0.010905957780778408]]
  Policy Std: [[0.9991067051887512, 1.0012518167495728, 1.0019515752792358, 1.0023138523101807, 0.9989719390869141, 1.0008952617645264, 1.0002809762954712, 1.002434492111206, 1.0006232261657715, 0.9992192983627319, 1.0001494884490967, 1.0011566877365112, 0.9982251524925232, 1.00291109085083, 1.0022505521774292, 0.9988248348236084, 1.0015581846237183, 0.9973443746566772, 1.00054132938385, 1.0021677017211914, 1.0029916763305664, 0.9990875124931335, 0.9989128112792969, 1.0027989149093628, 1.000711441040039, 0.999455451965332, 0.9992843866348267, 0.9995128512382507, 1.0009386539459229]]

Step 290:
  Date/Day: 291
  Action: [[-0.0028459602035582066, -0.023653583601117134, -0.015307039953768253, -0.002857270883396268, 0.01384352333843708, 0.020236508920788765, 0.01160284411162138, -0.01986834593117237, -0.020229915156960487, 0.002753304783254862, 0.019623301923274994, -0.0032842541113495827, -0.014163716696202755, 0.03439606726169586, -0.012822598218917847, 0.015829479321837425, 0.01628030836582184, -0.01647503860294819, -0.010902786627411842, 0.007184278219938278, 0.0018172007985413074, 0.023785900324583054, 0.012746922671794891, -0.0040528131648898125, -0.007749701850116253, 0.028500741347670555, 0.009736492298543453, -0.002384427236393094, 0.010905957780778408]]
  Reward: -0.15438659489154816
  Account Value: None
  Done: False
  Policy Mean: [[-0.0028459602035582066, -0.023653583601117134, -0.015307039953768253, -0.002857270883396268, 0.01384352333843708, 0.020236508920788765, 0.01160284411162138, -0.01986834593117237, -0.020229915156960487, 0.002753304783254862, 0.019623301923274994, -0.0032842541113495827, -0.014163716696202755, 0.03439606726169586, -0.012822598218917847, 0.015829479321837425, 0.01628030836582184, -0.01647503860294819, -0.010902786627411842, 0.007184278219938278, 0.0018172007985413074, 0.023785900324583054, 0.012746922671794891, -0.0040528131648898125, -0.007749701850116253, 0.028500741347670555, 0.009736492298543453, -0.002384427236393094, 0.010905957780778408]]
  Policy Std: [[0.9991067051887512, 1.0012518167495728, 1.0019515752792358, 1.0023138523101807, 0.9989719390869141, 1.0008952617645264, 1.0002809762954712, 1.002434492111206, 1.0006232261657715, 0.9992192983627319, 1.0001494884490967, 1.0011566877365112, 0.9982251524925232, 1.00291109085083, 1.0022505521774292, 0.9988248348236084, 1.0015581846237183, 0.9973443746566772, 1.00054132938385, 1.0021677017211914, 1.0029916763305664, 0.9990875124931335, 0.9989128112792969, 1.0027989149093628, 1.000711441040039, 0.999455451965332, 0.9992843866348267, 0.9995128512382507, 1.0009386539459229]]

Step 291:
  Date/Day: 292
  Action: [[-0.0028459602035582066, -0.023653583601117134, -0.015307039953768253, -0.002857270883396268, 0.01384352333843708, 0.020236508920788765, 0.01160284411162138, -0.01986834593117237, -0.020229915156960487, 0.002753304783254862, 0.019623301923274994, -0.0032842541113495827, -0.014163716696202755, 0.03439606726169586, -0.012822598218917847, 0.015829479321837425, 0.01628030836582184, -0.01647503860294819, -0.010902786627411842, 0.007184278219938278, 0.0018172007985413074, 0.023785900324583054, 0.012746922671794891, -0.0040528131648898125, -0.007749701850116253, 0.028500741347670555, 0.009736492298543453, -0.002384427236393094, 0.010905957780778408]]
  Reward: 0.27424898743629456
  Account Value: None
  Done: False
  Policy Mean: [[-0.0028459602035582066, -0.023653583601117134, -0.015307039953768253, -0.002857270883396268, 0.01384352333843708, 0.020236508920788765, 0.01160284411162138, -0.01986834593117237, -0.020229915156960487, 0.002753304783254862, 0.019623301923274994, -0.0032842541113495827, -0.014163716696202755, 0.03439606726169586, -0.012822598218917847, 0.015829479321837425, 0.01628030836582184, -0.01647503860294819, -0.010902786627411842, 0.007184278219938278, 0.0018172007985413074, 0.023785900324583054, 0.012746922671794891, -0.0040528131648898125, -0.007749701850116253, 0.028500741347670555, 0.009736492298543453, -0.002384427236393094, 0.010905957780778408]]
  Policy Std: [[0.9991067051887512, 1.0012518167495728, 1.0019515752792358, 1.0023138523101807, 0.9989719390869141, 1.0008952617645264, 1.0002809762954712, 1.002434492111206, 1.0006232261657715, 0.9992192983627319, 1.0001494884490967, 1.0011566877365112, 0.9982251524925232, 1.00291109085083, 1.0022505521774292, 0.9988248348236084, 1.0015581846237183, 0.9973443746566772, 1.00054132938385, 1.0021677017211914, 1.0029916763305664, 0.9990875124931335, 0.9989128112792969, 1.0027989149093628, 1.000711441040039, 0.999455451965332, 0.9992843866348267, 0.9995128512382507, 1.0009386539459229]]

Step 292:
  Date/Day: 293
  Action: [[-0.0028459602035582066, -0.023653583601117134, -0.015307039953768253, -0.002857270883396268, 0.01384352333843708, 0.020236508920788765, 0.01160284411162138, -0.01986834593117237, -0.020229915156960487, 0.002753304783254862, 0.019623301923274994, -0.0032842541113495827, -0.014163716696202755, 0.03439606726169586, -0.012822598218917847, 0.015829479321837425, 0.01628030836582184, -0.01647503860294819, -0.010902786627411842, 0.007184278219938278, 0.0018172007985413074, 0.023785900324583054, 0.012746922671794891, -0.0040528131648898125, -0.007749701850116253, 0.028500741347670555, 0.009736492298543453, -0.002384427236393094, 0.010905957780778408]]
  Reward: -0.08364063501358032
  Account Value: None
  Done: False
  Policy Mean: [[-0.0028459602035582066, -0.023653583601117134, -0.015307039953768253, -0.002857270883396268, 0.01384352333843708, 0.020236508920788765, 0.01160284411162138, -0.01986834593117237, -0.020229915156960487, 0.002753304783254862, 0.019623301923274994, -0.0032842541113495827, -0.014163716696202755, 0.03439606726169586, -0.012822598218917847, 0.015829479321837425, 0.01628030836582184, -0.01647503860294819, -0.010902786627411842, 0.007184278219938278, 0.0018172007985413074, 0.023785900324583054, 0.012746922671794891, -0.0040528131648898125, -0.007749701850116253, 0.028500741347670555, 0.009736492298543453, -0.002384427236393094, 0.010905957780778408]]
  Policy Std: [[0.9991067051887512, 1.0012518167495728, 1.0019515752792358, 1.0023138523101807, 0.9989719390869141, 1.0008952617645264, 1.0002809762954712, 1.002434492111206, 1.0006232261657715, 0.9992192983627319, 1.0001494884490967, 1.0011566877365112, 0.9982251524925232, 1.00291109085083, 1.0022505521774292, 0.9988248348236084, 1.0015581846237183, 0.9973443746566772, 1.00054132938385, 1.0021677017211914, 1.0029916763305664, 0.9990875124931335, 0.9989128112792969, 1.0027989149093628, 1.000711441040039, 0.999455451965332, 0.9992843866348267, 0.9995128512382507, 1.0009386539459229]]

Step 293:
  Date/Day: 294
  Action: [[-0.0028459602035582066, -0.023653583601117134, -0.015307039953768253, -0.002857270883396268, 0.01384352333843708, 0.020236508920788765, 0.01160284411162138, -0.01986834593117237, -0.020229915156960487, 0.002753304783254862, 0.019623301923274994, -0.0032842541113495827, -0.014163716696202755, 0.03439606726169586, -0.012822598218917847, 0.015829479321837425, 0.01628030836582184, -0.01647503860294819, -0.010902786627411842, 0.007184278219938278, 0.0018172007985413074, 0.023785900324583054, 0.012746922671794891, -0.0040528131648898125, -0.007749701850116253, 0.028500741347670555, 0.009736492298543453, -0.002384427236393094, 0.010905957780778408]]
  Reward: -0.3471325933933258
  Account Value: None
  Done: False
  Policy Mean: [[-0.0028459602035582066, -0.023653583601117134, -0.015307039953768253, -0.002857270883396268, 0.01384352333843708, 0.020236508920788765, 0.01160284411162138, -0.01986834593117237, -0.020229915156960487, 0.002753304783254862, 0.019623301923274994, -0.0032842541113495827, -0.014163716696202755, 0.03439606726169586, -0.012822598218917847, 0.015829479321837425, 0.01628030836582184, -0.01647503860294819, -0.010902786627411842, 0.007184278219938278, 0.0018172007985413074, 0.023785900324583054, 0.012746922671794891, -0.0040528131648898125, -0.007749701850116253, 0.028500741347670555, 0.009736492298543453, -0.002384427236393094, 0.010905957780778408]]
  Policy Std: [[0.9991067051887512, 1.0012518167495728, 1.0019515752792358, 1.0023138523101807, 0.9989719390869141, 1.0008952617645264, 1.0002809762954712, 1.002434492111206, 1.0006232261657715, 0.9992192983627319, 1.0001494884490967, 1.0011566877365112, 0.9982251524925232, 1.00291109085083, 1.0022505521774292, 0.9988248348236084, 1.0015581846237183, 0.9973443746566772, 1.00054132938385, 1.0021677017211914, 1.0029916763305664, 0.9990875124931335, 0.9989128112792969, 1.0027989149093628, 1.000711441040039, 0.999455451965332, 0.9992843866348267, 0.9995128512382507, 1.0009386539459229]]

Step 294:
  Date/Day: 295
  Action: [[-0.0028459602035582066, -0.023653583601117134, -0.015307039953768253, -0.002857270883396268, 0.01384352333843708, 0.020236508920788765, 0.01160284411162138, -0.01986834593117237, -0.020229915156960487, 0.002753304783254862, 0.019623301923274994, -0.0032842541113495827, -0.014163716696202755, 0.03439606726169586, -0.012822598218917847, 0.015829479321837425, 0.01628030836582184, -0.01647503860294819, -0.010902786627411842, 0.007184278219938278, 0.0018172007985413074, 0.023785900324583054, 0.012746922671794891, -0.0040528131648898125, -0.007749701850116253, 0.028500741347670555, 0.009736492298543453, -0.002384427236393094, 0.010905957780778408]]
  Reward: 0.12438453733921051
  Account Value: None
  Done: False
  Policy Mean: [[-0.0028459602035582066, -0.023653583601117134, -0.015307039953768253, -0.002857270883396268, 0.01384352333843708, 0.020236508920788765, 0.01160284411162138, -0.01986834593117237, -0.020229915156960487, 0.002753304783254862, 0.019623301923274994, -0.0032842541113495827, -0.014163716696202755, 0.03439606726169586, -0.012822598218917847, 0.015829479321837425, 0.01628030836582184, -0.01647503860294819, -0.010902786627411842, 0.007184278219938278, 0.0018172007985413074, 0.023785900324583054, 0.012746922671794891, -0.0040528131648898125, -0.007749701850116253, 0.028500741347670555, 0.009736492298543453, -0.002384427236393094, 0.010905957780778408]]
  Policy Std: [[0.9991067051887512, 1.0012518167495728, 1.0019515752792358, 1.0023138523101807, 0.9989719390869141, 1.0008952617645264, 1.0002809762954712, 1.002434492111206, 1.0006232261657715, 0.9992192983627319, 1.0001494884490967, 1.0011566877365112, 0.9982251524925232, 1.00291109085083, 1.0022505521774292, 0.9988248348236084, 1.0015581846237183, 0.9973443746566772, 1.00054132938385, 1.0021677017211914, 1.0029916763305664, 0.9990875124931335, 0.9989128112792969, 1.0027989149093628, 1.000711441040039, 0.999455451965332, 0.9992843866348267, 0.9995128512382507, 1.0009386539459229]]

Step 295:
  Date/Day: 296
  Action: [[-0.0028459602035582066, -0.023653583601117134, -0.015307039953768253, -0.002857270883396268, 0.01384352333843708, 0.020236508920788765, 0.01160284411162138, -0.01986834593117237, -0.020229915156960487, 0.002753304783254862, 0.019623301923274994, -0.0032842541113495827, -0.014163716696202755, 0.03439606726169586, -0.012822598218917847, 0.015829479321837425, 0.01628030836582184, -0.01647503860294819, -0.010902786627411842, 0.007184278219938278, 0.0018172007985413074, 0.023785900324583054, 0.012746922671794891, -0.0040528131648898125, -0.007749701850116253, 0.028500741347670555, 0.009736492298543453, -0.002384427236393094, 0.010905957780778408]]
  Reward: -0.3517470061779022
  Account Value: None
  Done: False
  Policy Mean: [[-0.0028459602035582066, -0.023653583601117134, -0.015307039953768253, -0.002857270883396268, 0.01384352333843708, 0.020236508920788765, 0.01160284411162138, -0.01986834593117237, -0.020229915156960487, 0.002753304783254862, 0.019623301923274994, -0.0032842541113495827, -0.014163716696202755, 0.03439606726169586, -0.012822598218917847, 0.015829479321837425, 0.01628030836582184, -0.01647503860294819, -0.010902786627411842, 0.007184278219938278, 0.0018172007985413074, 0.023785900324583054, 0.012746922671794891, -0.0040528131648898125, -0.007749701850116253, 0.028500741347670555, 0.009736492298543453, -0.002384427236393094, 0.010905957780778408]]
  Policy Std: [[0.9991067051887512, 1.0012518167495728, 1.0019515752792358, 1.0023138523101807, 0.9989719390869141, 1.0008952617645264, 1.0002809762954712, 1.002434492111206, 1.0006232261657715, 0.9992192983627319, 1.0001494884490967, 1.0011566877365112, 0.9982251524925232, 1.00291109085083, 1.0022505521774292, 0.9988248348236084, 1.0015581846237183, 0.9973443746566772, 1.00054132938385, 1.0021677017211914, 1.0029916763305664, 0.9990875124931335, 0.9989128112792969, 1.0027989149093628, 1.000711441040039, 0.999455451965332, 0.9992843866348267, 0.9995128512382507, 1.0009386539459229]]

Step 296:
  Date/Day: 297
  Action: [[-0.0028459602035582066, -0.023653583601117134, -0.015307039953768253, -0.002857270883396268, 0.01384352333843708, 0.020236508920788765, 0.01160284411162138, -0.01986834593117237, -0.020229915156960487, 0.002753304783254862, 0.019623301923274994, -0.0032842541113495827, -0.014163716696202755, 0.03439606726169586, -0.012822598218917847, 0.015829479321837425, 0.01628030836582184, -0.01647503860294819, -0.010902786627411842, 0.007184278219938278, 0.0018172007985413074, 0.023785900324583054, 0.012746922671794891, -0.0040528131648898125, -0.007749701850116253, 0.028500741347670555, 0.009736492298543453, -0.002384427236393094, 0.010905957780778408]]
  Reward: 0.21328525245189667
  Account Value: None
  Done: False
  Policy Mean: [[-0.0028459602035582066, -0.023653583601117134, -0.015307039953768253, -0.002857270883396268, 0.01384352333843708, 0.020236508920788765, 0.01160284411162138, -0.01986834593117237, -0.020229915156960487, 0.002753304783254862, 0.019623301923274994, -0.0032842541113495827, -0.014163716696202755, 0.03439606726169586, -0.012822598218917847, 0.015829479321837425, 0.01628030836582184, -0.01647503860294819, -0.010902786627411842, 0.007184278219938278, 0.0018172007985413074, 0.023785900324583054, 0.012746922671794891, -0.0040528131648898125, -0.007749701850116253, 0.028500741347670555, 0.009736492298543453, -0.002384427236393094, 0.010905957780778408]]
  Policy Std: [[0.9991067051887512, 1.0012518167495728, 1.0019515752792358, 1.0023138523101807, 0.9989719390869141, 1.0008952617645264, 1.0002809762954712, 1.002434492111206, 1.0006232261657715, 0.9992192983627319, 1.0001494884490967, 1.0011566877365112, 0.9982251524925232, 1.00291109085083, 1.0022505521774292, 0.9988248348236084, 1.0015581846237183, 0.9973443746566772, 1.00054132938385, 1.0021677017211914, 1.0029916763305664, 0.9990875124931335, 0.9989128112792969, 1.0027989149093628, 1.000711441040039, 0.999455451965332, 0.9992843866348267, 0.9995128512382507, 1.0009386539459229]]

Step 297:
  Date/Day: 298
  Action: [[-0.0028459602035582066, -0.023653583601117134, -0.015307039953768253, -0.002857270883396268, 0.01384352333843708, 0.020236508920788765, 0.01160284411162138, -0.01986834593117237, -0.020229915156960487, 0.002753304783254862, 0.019623301923274994, -0.0032842541113495827, -0.014163716696202755, 0.03439606726169586, -0.012822598218917847, 0.015829479321837425, 0.01628030836582184, -0.01647503860294819, -0.010902786627411842, 0.007184278219938278, 0.0018172007985413074, 0.023785900324583054, 0.012746922671794891, -0.0040528131648898125, -0.007749701850116253, 0.028500741347670555, 0.009736492298543453, -0.002384427236393094, 0.010905957780778408]]
  Reward: -0.2986391484737396
  Account Value: None
  Done: False
  Policy Mean: [[-0.0028459602035582066, -0.023653583601117134, -0.015307039953768253, -0.002857270883396268, 0.01384352333843708, 0.020236508920788765, 0.01160284411162138, -0.01986834593117237, -0.020229915156960487, 0.002753304783254862, 0.019623301923274994, -0.0032842541113495827, -0.014163716696202755, 0.03439606726169586, -0.012822598218917847, 0.015829479321837425, 0.01628030836582184, -0.01647503860294819, -0.010902786627411842, 0.007184278219938278, 0.0018172007985413074, 0.023785900324583054, 0.012746922671794891, -0.0040528131648898125, -0.007749701850116253, 0.028500741347670555, 0.009736492298543453, -0.002384427236393094, 0.010905957780778408]]
  Policy Std: [[0.9991067051887512, 1.0012518167495728, 1.0019515752792358, 1.0023138523101807, 0.9989719390869141, 1.0008952617645264, 1.0002809762954712, 1.002434492111206, 1.0006232261657715, 0.9992192983627319, 1.0001494884490967, 1.0011566877365112, 0.9982251524925232, 1.00291109085083, 1.0022505521774292, 0.9988248348236084, 1.0015581846237183, 0.9973443746566772, 1.00054132938385, 1.0021677017211914, 1.0029916763305664, 0.9990875124931335, 0.9989128112792969, 1.0027989149093628, 1.000711441040039, 0.999455451965332, 0.9992843866348267, 0.9995128512382507, 1.0009386539459229]]

Step 298:
  Date/Day: 299
  Action: [[-0.0028459602035582066, -0.023653583601117134, -0.015307039953768253, -0.002857270883396268, 0.01384352333843708, 0.020236508920788765, 0.01160284411162138, -0.01986834593117237, -0.020229915156960487, 0.002753304783254862, 0.019623301923274994, -0.0032842541113495827, -0.014163716696202755, 0.03439606726169586, -0.012822598218917847, 0.015829479321837425, 0.01628030836582184, -0.01647503860294819, -0.010902786627411842, 0.007184278219938278, 0.0018172007985413074, 0.023785900324583054, 0.012746922671794891, -0.0040528131648898125, -0.007749701850116253, 0.028500741347670555, 0.009736492298543453, -0.002384427236393094, 0.010905957780778408]]
  Reward: -0.042551733553409576
  Account Value: None
  Done: False
  Policy Mean: [[-0.0028459602035582066, -0.023653583601117134, -0.015307039953768253, -0.002857270883396268, 0.01384352333843708, 0.020236508920788765, 0.01160284411162138, -0.01986834593117237, -0.020229915156960487, 0.002753304783254862, 0.019623301923274994, -0.0032842541113495827, -0.014163716696202755, 0.03439606726169586, -0.012822598218917847, 0.015829479321837425, 0.01628030836582184, -0.01647503860294819, -0.010902786627411842, 0.007184278219938278, 0.0018172007985413074, 0.023785900324583054, 0.012746922671794891, -0.0040528131648898125, -0.007749701850116253, 0.028500741347670555, 0.009736492298543453, -0.002384427236393094, 0.010905957780778408]]
  Policy Std: [[0.9991067051887512, 1.0012518167495728, 1.0019515752792358, 1.0023138523101807, 0.9989719390869141, 1.0008952617645264, 1.0002809762954712, 1.002434492111206, 1.0006232261657715, 0.9992192983627319, 1.0001494884490967, 1.0011566877365112, 0.9982251524925232, 1.00291109085083, 1.0022505521774292, 0.9988248348236084, 1.0015581846237183, 0.9973443746566772, 1.00054132938385, 1.0021677017211914, 1.0029916763305664, 0.9990875124931335, 0.9989128112792969, 1.0027989149093628, 1.000711441040039, 0.999455451965332, 0.9992843866348267, 0.9995128512382507, 1.0009386539459229]]

Step 299:
  Date/Day: 300
  Action: [[-0.0028459602035582066, -0.023653583601117134, -0.015307039953768253, -0.002857270883396268, 0.01384352333843708, 0.020236508920788765, 0.01160284411162138, -0.01986834593117237, -0.020229915156960487, 0.002753304783254862, 0.019623301923274994, -0.0032842541113495827, -0.014163716696202755, 0.03439606726169586, -0.012822598218917847, 0.015829479321837425, 0.01628030836582184, -0.01647503860294819, -0.010902786627411842, 0.007184278219938278, 0.0018172007985413074, 0.023785900324583054, 0.012746922671794891, -0.0040528131648898125, -0.007749701850116253, 0.028500741347670555, 0.009736492298543453, -0.002384427236393094, 0.010905957780778408]]
  Reward: -0.1469976007938385
  Account Value: None
  Done: False
  Policy Mean: [[-0.0028459602035582066, -0.023653583601117134, -0.015307039953768253, -0.002857270883396268, 0.01384352333843708, 0.020236508920788765, 0.01160284411162138, -0.01986834593117237, -0.020229915156960487, 0.002753304783254862, 0.019623301923274994, -0.0032842541113495827, -0.014163716696202755, 0.03439606726169586, -0.012822598218917847, 0.015829479321837425, 0.01628030836582184, -0.01647503860294819, -0.010902786627411842, 0.007184278219938278, 0.0018172007985413074, 0.023785900324583054, 0.012746922671794891, -0.0040528131648898125, -0.007749701850116253, 0.028500741347670555, 0.009736492298543453, -0.002384427236393094, 0.010905957780778408]]
  Policy Std: [[0.9991067051887512, 1.0012518167495728, 1.0019515752792358, 1.0023138523101807, 0.9989719390869141, 1.0008952617645264, 1.0002809762954712, 1.002434492111206, 1.0006232261657715, 0.9992192983627319, 1.0001494884490967, 1.0011566877365112, 0.9982251524925232, 1.00291109085083, 1.0022505521774292, 0.9988248348236084, 1.0015581846237183, 0.9973443746566772, 1.00054132938385, 1.0021677017211914, 1.0029916763305664, 0.9990875124931335, 0.9989128112792969, 1.0027989149093628, 1.000711441040039, 0.999455451965332, 0.9992843866348267, 0.9995128512382507, 1.0009386539459229]]

Step 300:
  Date/Day: 301
  Action: [[-0.0028459602035582066, -0.023653583601117134, -0.015307039953768253, -0.002857270883396268, 0.01384352333843708, 0.020236508920788765, 0.01160284411162138, -0.01986834593117237, -0.020229915156960487, 0.002753304783254862, 0.019623301923274994, -0.0032842541113495827, -0.014163716696202755, 0.03439606726169586, -0.012822598218917847, 0.015829479321837425, 0.01628030836582184, -0.01647503860294819, -0.010902786627411842, 0.007184278219938278, 0.0018172007985413074, 0.023785900324583054, 0.012746922671794891, -0.0040528131648898125, -0.007749701850116253, 0.028500741347670555, 0.009736492298543453, -0.002384427236393094, 0.010905957780778408]]
  Reward: -0.4131355583667755
  Account Value: None
  Done: False
  Policy Mean: [[-0.0028459602035582066, -0.023653583601117134, -0.015307039953768253, -0.002857270883396268, 0.01384352333843708, 0.020236508920788765, 0.01160284411162138, -0.01986834593117237, -0.020229915156960487, 0.002753304783254862, 0.019623301923274994, -0.0032842541113495827, -0.014163716696202755, 0.03439606726169586, -0.012822598218917847, 0.015829479321837425, 0.01628030836582184, -0.01647503860294819, -0.010902786627411842, 0.007184278219938278, 0.0018172007985413074, 0.023785900324583054, 0.012746922671794891, -0.0040528131648898125, -0.007749701850116253, 0.028500741347670555, 0.009736492298543453, -0.002384427236393094, 0.010905957780778408]]
  Policy Std: [[0.9991067051887512, 1.0012518167495728, 1.0019515752792358, 1.0023138523101807, 0.9989719390869141, 1.0008952617645264, 1.0002809762954712, 1.002434492111206, 1.0006232261657715, 0.9992192983627319, 1.0001494884490967, 1.0011566877365112, 0.9982251524925232, 1.00291109085083, 1.0022505521774292, 0.9988248348236084, 1.0015581846237183, 0.9973443746566772, 1.00054132938385, 1.0021677017211914, 1.0029916763305664, 0.9990875124931335, 0.9989128112792969, 1.0027989149093628, 1.000711441040039, 0.999455451965332, 0.9992843866348267, 0.9995128512382507, 1.0009386539459229]]

Step 301:
  Date/Day: 302
  Action: [[-0.0028459602035582066, -0.023653583601117134, -0.015307039953768253, -0.002857270883396268, 0.01384352333843708, 0.020236508920788765, 0.01160284411162138, -0.01986834593117237, -0.020229915156960487, 0.002753304783254862, 0.019623301923274994, -0.0032842541113495827, -0.014163716696202755, 0.03439606726169586, -0.012822598218917847, 0.015829479321837425, 0.01628030836582184, -0.01647503860294819, -0.010902786627411842, 0.007184278219938278, 0.0018172007985413074, 0.023785900324583054, 0.012746922671794891, -0.0040528131648898125, -0.007749701850116253, 0.028500741347670555, 0.009736492298543453, -0.002384427236393094, 0.010905957780778408]]
  Reward: -0.0985286757349968
  Account Value: None
  Done: False
  Policy Mean: [[-0.0028459602035582066, -0.023653583601117134, -0.015307039953768253, -0.002857270883396268, 0.01384352333843708, 0.020236508920788765, 0.01160284411162138, -0.01986834593117237, -0.020229915156960487, 0.002753304783254862, 0.019623301923274994, -0.0032842541113495827, -0.014163716696202755, 0.03439606726169586, -0.012822598218917847, 0.015829479321837425, 0.01628030836582184, -0.01647503860294819, -0.010902786627411842, 0.007184278219938278, 0.0018172007985413074, 0.023785900324583054, 0.012746922671794891, -0.0040528131648898125, -0.007749701850116253, 0.028500741347670555, 0.009736492298543453, -0.002384427236393094, 0.010905957780778408]]
  Policy Std: [[0.9991067051887512, 1.0012518167495728, 1.0019515752792358, 1.0023138523101807, 0.9989719390869141, 1.0008952617645264, 1.0002809762954712, 1.002434492111206, 1.0006232261657715, 0.9992192983627319, 1.0001494884490967, 1.0011566877365112, 0.9982251524925232, 1.00291109085083, 1.0022505521774292, 0.9988248348236084, 1.0015581846237183, 0.9973443746566772, 1.00054132938385, 1.0021677017211914, 1.0029916763305664, 0.9990875124931335, 0.9989128112792969, 1.0027989149093628, 1.000711441040039, 0.999455451965332, 0.9992843866348267, 0.9995128512382507, 1.0009386539459229]]

Step 302:
  Date/Day: 303
  Action: [[-0.0028459602035582066, -0.023653583601117134, -0.015307039953768253, -0.002857270883396268, 0.01384352333843708, 0.020236508920788765, 0.01160284411162138, -0.01986834593117237, -0.020229915156960487, 0.002753304783254862, 0.019623301923274994, -0.0032842541113495827, -0.014163716696202755, 0.03439606726169586, -0.012822598218917847, 0.015829479321837425, 0.01628030836582184, -0.01647503860294819, -0.010902786627411842, 0.007184278219938278, 0.0018172007985413074, 0.023785900324583054, 0.012746922671794891, -0.0040528131648898125, -0.007749701850116253, 0.028500741347670555, 0.009736492298543453, -0.002384427236393094, 0.010905957780778408]]
  Reward: -0.46438878774642944
  Account Value: None
  Done: False
  Policy Mean: [[-0.0028459602035582066, -0.023653583601117134, -0.015307039953768253, -0.002857270883396268, 0.01384352333843708, 0.020236508920788765, 0.01160284411162138, -0.01986834593117237, -0.020229915156960487, 0.002753304783254862, 0.019623301923274994, -0.0032842541113495827, -0.014163716696202755, 0.03439606726169586, -0.012822598218917847, 0.015829479321837425, 0.01628030836582184, -0.01647503860294819, -0.010902786627411842, 0.007184278219938278, 0.0018172007985413074, 0.023785900324583054, 0.012746922671794891, -0.0040528131648898125, -0.007749701850116253, 0.028500741347670555, 0.009736492298543453, -0.002384427236393094, 0.010905957780778408]]
  Policy Std: [[0.9991067051887512, 1.0012518167495728, 1.0019515752792358, 1.0023138523101807, 0.9989719390869141, 1.0008952617645264, 1.0002809762954712, 1.002434492111206, 1.0006232261657715, 0.9992192983627319, 1.0001494884490967, 1.0011566877365112, 0.9982251524925232, 1.00291109085083, 1.0022505521774292, 0.9988248348236084, 1.0015581846237183, 0.9973443746566772, 1.00054132938385, 1.0021677017211914, 1.0029916763305664, 0.9990875124931335, 0.9989128112792969, 1.0027989149093628, 1.000711441040039, 0.999455451965332, 0.9992843866348267, 0.9995128512382507, 1.0009386539459229]]

Step 303:
  Date/Day: 304
  Action: [[-0.0028459602035582066, -0.023653583601117134, -0.015307039953768253, -0.002857270883396268, 0.01384352333843708, 0.020236508920788765, 0.01160284411162138, -0.01986834593117237, -0.020229915156960487, 0.002753304783254862, 0.019623301923274994, -0.0032842541113495827, -0.014163716696202755, 0.03439606726169586, -0.012822598218917847, 0.015829479321837425, 0.01628030836582184, -0.01647503860294819, -0.010902786627411842, 0.007184278219938278, 0.0018172007985413074, 0.023785900324583054, 0.012746922671794891, -0.0040528131648898125, -0.007749701850116253, 0.028500741347670555, 0.009736492298543453, -0.002384427236393094, 0.010905957780778408]]
  Reward: 0.29004573822021484
  Account Value: None
  Done: False
  Policy Mean: [[-0.0028459602035582066, -0.023653583601117134, -0.015307039953768253, -0.002857270883396268, 0.01384352333843708, 0.020236508920788765, 0.01160284411162138, -0.01986834593117237, -0.020229915156960487, 0.002753304783254862, 0.019623301923274994, -0.0032842541113495827, -0.014163716696202755, 0.03439606726169586, -0.012822598218917847, 0.015829479321837425, 0.01628030836582184, -0.01647503860294819, -0.010902786627411842, 0.007184278219938278, 0.0018172007985413074, 0.023785900324583054, 0.012746922671794891, -0.0040528131648898125, -0.007749701850116253, 0.028500741347670555, 0.009736492298543453, -0.002384427236393094, 0.010905957780778408]]
  Policy Std: [[0.9991067051887512, 1.0012518167495728, 1.0019515752792358, 1.0023138523101807, 0.9989719390869141, 1.0008952617645264, 1.0002809762954712, 1.002434492111206, 1.0006232261657715, 0.9992192983627319, 1.0001494884490967, 1.0011566877365112, 0.9982251524925232, 1.00291109085083, 1.0022505521774292, 0.9988248348236084, 1.0015581846237183, 0.9973443746566772, 1.00054132938385, 1.0021677017211914, 1.0029916763305664, 0.9990875124931335, 0.9989128112792969, 1.0027989149093628, 1.000711441040039, 0.999455451965332, 0.9992843866348267, 0.9995128512382507, 1.0009386539459229]]

Step 304:
  Date/Day: 305
  Action: [[-0.0028459602035582066, -0.023653583601117134, -0.015307039953768253, -0.002857270883396268, 0.01384352333843708, 0.020236508920788765, 0.01160284411162138, -0.01986834593117237, -0.020229915156960487, 0.002753304783254862, 0.019623301923274994, -0.0032842541113495827, -0.014163716696202755, 0.03439606726169586, -0.012822598218917847, 0.015829479321837425, 0.01628030836582184, -0.01647503860294819, -0.010902786627411842, 0.007184278219938278, 0.0018172007985413074, 0.023785900324583054, 0.012746922671794891, -0.0040528131648898125, -0.007749701850116253, 0.028500741347670555, 0.009736492298543453, -0.002384427236393094, 0.010905957780778408]]
  Reward: 0.23059681057929993
  Account Value: None
  Done: False
  Policy Mean: [[-0.0028459602035582066, -0.023653583601117134, -0.015307039953768253, -0.002857270883396268, 0.01384352333843708, 0.020236508920788765, 0.01160284411162138, -0.01986834593117237, -0.020229915156960487, 0.002753304783254862, 0.019623301923274994, -0.0032842541113495827, -0.014163716696202755, 0.03439606726169586, -0.012822598218917847, 0.015829479321837425, 0.01628030836582184, -0.01647503860294819, -0.010902786627411842, 0.007184278219938278, 0.0018172007985413074, 0.023785900324583054, 0.012746922671794891, -0.0040528131648898125, -0.007749701850116253, 0.028500741347670555, 0.009736492298543453, -0.002384427236393094, 0.010905957780778408]]
  Policy Std: [[0.9991067051887512, 1.0012518167495728, 1.0019515752792358, 1.0023138523101807, 0.9989719390869141, 1.0008952617645264, 1.0002809762954712, 1.002434492111206, 1.0006232261657715, 0.9992192983627319, 1.0001494884490967, 1.0011566877365112, 0.9982251524925232, 1.00291109085083, 1.0022505521774292, 0.9988248348236084, 1.0015581846237183, 0.9973443746566772, 1.00054132938385, 1.0021677017211914, 1.0029916763305664, 0.9990875124931335, 0.9989128112792969, 1.0027989149093628, 1.000711441040039, 0.999455451965332, 0.9992843866348267, 0.9995128512382507, 1.0009386539459229]]

Step 305:
  Date/Day: 306
  Action: [[-0.0028459602035582066, -0.023653583601117134, -0.015307039953768253, -0.002857270883396268, 0.01384352333843708, 0.020236508920788765, 0.01160284411162138, -0.01986834593117237, -0.020229915156960487, 0.002753304783254862, 0.019623301923274994, -0.0032842541113495827, -0.014163716696202755, 0.03439606726169586, -0.012822598218917847, 0.015829479321837425, 0.01628030836582184, -0.01647503860294819, -0.010902786627411842, 0.007184278219938278, 0.0018172007985413074, 0.023785900324583054, 0.012746922671794891, -0.0040528131648898125, -0.007749701850116253, 0.028500741347670555, 0.009736492298543453, -0.002384427236393094, 0.010905957780778408]]
  Reward: -0.4570951461791992
  Account Value: None
  Done: False
  Policy Mean: [[-0.0028459602035582066, -0.023653583601117134, -0.015307039953768253, -0.002857270883396268, 0.01384352333843708, 0.020236508920788765, 0.01160284411162138, -0.01986834593117237, -0.020229915156960487, 0.002753304783254862, 0.019623301923274994, -0.0032842541113495827, -0.014163716696202755, 0.03439606726169586, -0.012822598218917847, 0.015829479321837425, 0.01628030836582184, -0.01647503860294819, -0.010902786627411842, 0.007184278219938278, 0.0018172007985413074, 0.023785900324583054, 0.012746922671794891, -0.0040528131648898125, -0.007749701850116253, 0.028500741347670555, 0.009736492298543453, -0.002384427236393094, 0.010905957780778408]]
  Policy Std: [[0.9991067051887512, 1.0012518167495728, 1.0019515752792358, 1.0023138523101807, 0.9989719390869141, 1.0008952617645264, 1.0002809762954712, 1.002434492111206, 1.0006232261657715, 0.9992192983627319, 1.0001494884490967, 1.0011566877365112, 0.9982251524925232, 1.00291109085083, 1.0022505521774292, 0.9988248348236084, 1.0015581846237183, 0.9973443746566772, 1.00054132938385, 1.0021677017211914, 1.0029916763305664, 0.9990875124931335, 0.9989128112792969, 1.0027989149093628, 1.000711441040039, 0.999455451965332, 0.9992843866348267, 0.9995128512382507, 1.0009386539459229]]

Step 306:
  Date/Day: 307
  Action: [[-0.0028459602035582066, -0.023653583601117134, -0.015307039953768253, -0.002857270883396268, 0.01384352333843708, 0.020236508920788765, 0.01160284411162138, -0.01986834593117237, -0.020229915156960487, 0.002753304783254862, 0.019623301923274994, -0.0032842541113495827, -0.014163716696202755, 0.03439606726169586, -0.012822598218917847, 0.015829479321837425, 0.01628030836582184, -0.01647503860294819, -0.010902786627411842, 0.007184278219938278, 0.0018172007985413074, 0.023785900324583054, 0.012746922671794891, -0.0040528131648898125, -0.007749701850116253, 0.028500741347670555, 0.009736492298543453, -0.002384427236393094, 0.010905957780778408]]
  Reward: -1.167070984840393
  Account Value: None
  Done: False
  Policy Mean: [[-0.0028459602035582066, -0.023653583601117134, -0.015307039953768253, -0.002857270883396268, 0.01384352333843708, 0.020236508920788765, 0.01160284411162138, -0.01986834593117237, -0.020229915156960487, 0.002753304783254862, 0.019623301923274994, -0.0032842541113495827, -0.014163716696202755, 0.03439606726169586, -0.012822598218917847, 0.015829479321837425, 0.01628030836582184, -0.01647503860294819, -0.010902786627411842, 0.007184278219938278, 0.0018172007985413074, 0.023785900324583054, 0.012746922671794891, -0.0040528131648898125, -0.007749701850116253, 0.028500741347670555, 0.009736492298543453, -0.002384427236393094, 0.010905957780778408]]
  Policy Std: [[0.9991067051887512, 1.0012518167495728, 1.0019515752792358, 1.0023138523101807, 0.9989719390869141, 1.0008952617645264, 1.0002809762954712, 1.002434492111206, 1.0006232261657715, 0.9992192983627319, 1.0001494884490967, 1.0011566877365112, 0.9982251524925232, 1.00291109085083, 1.0022505521774292, 0.9988248348236084, 1.0015581846237183, 0.9973443746566772, 1.00054132938385, 1.0021677017211914, 1.0029916763305664, 0.9990875124931335, 0.9989128112792969, 1.0027989149093628, 1.000711441040039, 0.999455451965332, 0.9992843866348267, 0.9995128512382507, 1.0009386539459229]]

Step 307:
  Date/Day: 308
  Action: [[-0.0028459602035582066, -0.023653583601117134, -0.015307039953768253, -0.002857270883396268, 0.01384352333843708, 0.020236508920788765, 0.01160284411162138, -0.01986834593117237, -0.020229915156960487, 0.002753304783254862, 0.019623301923274994, -0.0032842541113495827, -0.014163716696202755, 0.03439606726169586, -0.012822598218917847, 0.015829479321837425, 0.01628030836582184, -0.01647503860294819, -0.010902786627411842, 0.007184278219938278, 0.0018172007985413074, 0.023785900324583054, 0.012746922671794891, -0.0040528131648898125, -0.007749701850116253, 0.028500741347670555, 0.009736492298543453, -0.002384427236393094, 0.010905957780778408]]
  Reward: 0.08652777969837189
  Account Value: None
  Done: False
  Policy Mean: [[-0.0028459602035582066, -0.023653583601117134, -0.015307039953768253, -0.002857270883396268, 0.01384352333843708, 0.020236508920788765, 0.01160284411162138, -0.01986834593117237, -0.020229915156960487, 0.002753304783254862, 0.019623301923274994, -0.0032842541113495827, -0.014163716696202755, 0.03439606726169586, -0.012822598218917847, 0.015829479321837425, 0.01628030836582184, -0.01647503860294819, -0.010902786627411842, 0.007184278219938278, 0.0018172007985413074, 0.023785900324583054, 0.012746922671794891, -0.0040528131648898125, -0.007749701850116253, 0.028500741347670555, 0.009736492298543453, -0.002384427236393094, 0.010905957780778408]]
  Policy Std: [[0.9991067051887512, 1.0012518167495728, 1.0019515752792358, 1.0023138523101807, 0.9989719390869141, 1.0008952617645264, 1.0002809762954712, 1.002434492111206, 1.0006232261657715, 0.9992192983627319, 1.0001494884490967, 1.0011566877365112, 0.9982251524925232, 1.00291109085083, 1.0022505521774292, 0.9988248348236084, 1.0015581846237183, 0.9973443746566772, 1.00054132938385, 1.0021677017211914, 1.0029916763305664, 0.9990875124931335, 0.9989128112792969, 1.0027989149093628, 1.000711441040039, 0.999455451965332, 0.9992843866348267, 0.9995128512382507, 1.0009386539459229]]

Step 308:
  Date/Day: 309
  Action: [[-0.0028459602035582066, -0.023653583601117134, -0.015307039953768253, -0.002857270883396268, 0.01384352333843708, 0.020236508920788765, 0.01160284411162138, -0.01986834593117237, -0.020229915156960487, 0.002753304783254862, 0.019623301923274994, -0.0032842541113495827, -0.014163716696202755, 0.03439606726169586, -0.012822598218917847, 0.015829479321837425, 0.01628030836582184, -0.01647503860294819, -0.010902786627411842, 0.007184278219938278, 0.0018172007985413074, 0.023785900324583054, 0.012746922671794891, -0.0040528131648898125, -0.007749701850116253, 0.028500741347670555, 0.009736492298543453, -0.002384427236393094, 0.010905957780778408]]
  Reward: 0.6320951581001282
  Account Value: None
  Done: False
  Policy Mean: [[-0.0028459602035582066, -0.023653583601117134, -0.015307039953768253, -0.002857270883396268, 0.01384352333843708, 0.020236508920788765, 0.01160284411162138, -0.01986834593117237, -0.020229915156960487, 0.002753304783254862, 0.019623301923274994, -0.0032842541113495827, -0.014163716696202755, 0.03439606726169586, -0.012822598218917847, 0.015829479321837425, 0.01628030836582184, -0.01647503860294819, -0.010902786627411842, 0.007184278219938278, 0.0018172007985413074, 0.023785900324583054, 0.012746922671794891, -0.0040528131648898125, -0.007749701850116253, 0.028500741347670555, 0.009736492298543453, -0.002384427236393094, 0.010905957780778408]]
  Policy Std: [[0.9991067051887512, 1.0012518167495728, 1.0019515752792358, 1.0023138523101807, 0.9989719390869141, 1.0008952617645264, 1.0002809762954712, 1.002434492111206, 1.0006232261657715, 0.9992192983627319, 1.0001494884490967, 1.0011566877365112, 0.9982251524925232, 1.00291109085083, 1.0022505521774292, 0.9988248348236084, 1.0015581846237183, 0.9973443746566772, 1.00054132938385, 1.0021677017211914, 1.0029916763305664, 0.9990875124931335, 0.9989128112792969, 1.0027989149093628, 1.000711441040039, 0.999455451965332, 0.9992843866348267, 0.9995128512382507, 1.0009386539459229]]

Step 309:
  Date/Day: 310
  Action: [[-0.0028459602035582066, -0.023653583601117134, -0.015307039953768253, -0.002857270883396268, 0.01384352333843708, 0.020236508920788765, 0.01160284411162138, -0.01986834593117237, -0.020229915156960487, 0.002753304783254862, 0.019623301923274994, -0.0032842541113495827, -0.014163716696202755, 0.03439606726169586, -0.012822598218917847, 0.015829479321837425, 0.01628030836582184, -0.01647503860294819, -0.010902786627411842, 0.007184278219938278, 0.0018172007985413074, 0.023785900324583054, 0.012746922671794891, -0.0040528131648898125, -0.007749701850116253, 0.028500741347670555, 0.009736492298543453, -0.002384427236393094, 0.010905957780778408]]
  Reward: 2.042616844177246
  Account Value: None
  Done: False
  Policy Mean: [[-0.0028459602035582066, -0.023653583601117134, -0.015307039953768253, -0.002857270883396268, 0.01384352333843708, 0.020236508920788765, 0.01160284411162138, -0.01986834593117237, -0.020229915156960487, 0.002753304783254862, 0.019623301923274994, -0.0032842541113495827, -0.014163716696202755, 0.03439606726169586, -0.012822598218917847, 0.015829479321837425, 0.01628030836582184, -0.01647503860294819, -0.010902786627411842, 0.007184278219938278, 0.0018172007985413074, 0.023785900324583054, 0.012746922671794891, -0.0040528131648898125, -0.007749701850116253, 0.028500741347670555, 0.009736492298543453, -0.002384427236393094, 0.010905957780778408]]
  Policy Std: [[0.9991067051887512, 1.0012518167495728, 1.0019515752792358, 1.0023138523101807, 0.9989719390869141, 1.0008952617645264, 1.0002809762954712, 1.002434492111206, 1.0006232261657715, 0.9992192983627319, 1.0001494884490967, 1.0011566877365112, 0.9982251524925232, 1.00291109085083, 1.0022505521774292, 0.9988248348236084, 1.0015581846237183, 0.9973443746566772, 1.00054132938385, 1.0021677017211914, 1.0029916763305664, 0.9990875124931335, 0.9989128112792969, 1.0027989149093628, 1.000711441040039, 0.999455451965332, 0.9992843866348267, 0.9995128512382507, 1.0009386539459229]]

Step 310:
  Date/Day: 311
  Action: [[-0.0028459602035582066, -0.023653583601117134, -0.015307039953768253, -0.002857270883396268, 0.01384352333843708, 0.020236508920788765, 0.01160284411162138, -0.01986834593117237, -0.020229915156960487, 0.002753304783254862, 0.019623301923274994, -0.0032842541113495827, -0.014163716696202755, 0.03439606726169586, -0.012822598218917847, 0.015829479321837425, 0.01628030836582184, -0.01647503860294819, -0.010902786627411842, 0.007184278219938278, 0.0018172007985413074, 0.023785900324583054, 0.012746922671794891, -0.0040528131648898125, -0.007749701850116253, 0.028500741347670555, 0.009736492298543453, -0.002384427236393094, 0.010905957780778408]]
  Reward: 0.18662507832050323
  Account Value: None
  Done: False
  Policy Mean: [[-0.0028459602035582066, -0.023653583601117134, -0.015307039953768253, -0.002857270883396268, 0.01384352333843708, 0.020236508920788765, 0.01160284411162138, -0.01986834593117237, -0.020229915156960487, 0.002753304783254862, 0.019623301923274994, -0.0032842541113495827, -0.014163716696202755, 0.03439606726169586, -0.012822598218917847, 0.015829479321837425, 0.01628030836582184, -0.01647503860294819, -0.010902786627411842, 0.007184278219938278, 0.0018172007985413074, 0.023785900324583054, 0.012746922671794891, -0.0040528131648898125, -0.007749701850116253, 0.028500741347670555, 0.009736492298543453, -0.002384427236393094, 0.010905957780778408]]
  Policy Std: [[0.9991067051887512, 1.0012518167495728, 1.0019515752792358, 1.0023138523101807, 0.9989719390869141, 1.0008952617645264, 1.0002809762954712, 1.002434492111206, 1.0006232261657715, 0.9992192983627319, 1.0001494884490967, 1.0011566877365112, 0.9982251524925232, 1.00291109085083, 1.0022505521774292, 0.9988248348236084, 1.0015581846237183, 0.9973443746566772, 1.00054132938385, 1.0021677017211914, 1.0029916763305664, 0.9990875124931335, 0.9989128112792969, 1.0027989149093628, 1.000711441040039, 0.999455451965332, 0.9992843866348267, 0.9995128512382507, 1.0009386539459229]]

Step 311:
  Date/Day: 312
  Action: [[-0.0028459602035582066, -0.023653583601117134, -0.015307039953768253, -0.002857270883396268, 0.01384352333843708, 0.020236508920788765, 0.01160284411162138, -0.01986834593117237, -0.020229915156960487, 0.002753304783254862, 0.019623301923274994, -0.0032842541113495827, -0.014163716696202755, 0.03439606726169586, -0.012822598218917847, 0.015829479321837425, 0.01628030836582184, -0.01647503860294819, -0.010902786627411842, 0.007184278219938278, 0.0018172007985413074, 0.023785900324583054, 0.012746922671794891, -0.0040528131648898125, -0.007749701850116253, 0.028500741347670555, 0.009736492298543453, -0.002384427236393094, 0.010905957780778408]]
  Reward: -0.3272307813167572
  Account Value: None
  Done: False
  Policy Mean: [[-0.0028459602035582066, -0.023653583601117134, -0.015307039953768253, -0.002857270883396268, 0.01384352333843708, 0.020236508920788765, 0.01160284411162138, -0.01986834593117237, -0.020229915156960487, 0.002753304783254862, 0.019623301923274994, -0.0032842541113495827, -0.014163716696202755, 0.03439606726169586, -0.012822598218917847, 0.015829479321837425, 0.01628030836582184, -0.01647503860294819, -0.010902786627411842, 0.007184278219938278, 0.0018172007985413074, 0.023785900324583054, 0.012746922671794891, -0.0040528131648898125, -0.007749701850116253, 0.028500741347670555, 0.009736492298543453, -0.002384427236393094, 0.010905957780778408]]
  Policy Std: [[0.9991067051887512, 1.0012518167495728, 1.0019515752792358, 1.0023138523101807, 0.9989719390869141, 1.0008952617645264, 1.0002809762954712, 1.002434492111206, 1.0006232261657715, 0.9992192983627319, 1.0001494884490967, 1.0011566877365112, 0.9982251524925232, 1.00291109085083, 1.0022505521774292, 0.9988248348236084, 1.0015581846237183, 0.9973443746566772, 1.00054132938385, 1.0021677017211914, 1.0029916763305664, 0.9990875124931335, 0.9989128112792969, 1.0027989149093628, 1.000711441040039, 0.999455451965332, 0.9992843866348267, 0.9995128512382507, 1.0009386539459229]]

Step 312:
  Date/Day: 313
  Action: [[-0.0028459602035582066, -0.023653583601117134, -0.015307039953768253, -0.002857270883396268, 0.01384352333843708, 0.020236508920788765, 0.01160284411162138, -0.01986834593117237, -0.020229915156960487, 0.002753304783254862, 0.019623301923274994, -0.0032842541113495827, -0.014163716696202755, 0.03439606726169586, -0.012822598218917847, 0.015829479321837425, 0.01628030836582184, -0.01647503860294819, -0.010902786627411842, 0.007184278219938278, 0.0018172007985413074, 0.023785900324583054, 0.012746922671794891, -0.0040528131648898125, -0.007749701850116253, 0.028500741347670555, 0.009736492298543453, -0.002384427236393094, 0.010905957780778408]]
  Reward: -1.3193169832229614
  Account Value: None
  Done: False
  Policy Mean: [[-0.0028459602035582066, -0.023653583601117134, -0.015307039953768253, -0.002857270883396268, 0.01384352333843708, 0.020236508920788765, 0.01160284411162138, -0.01986834593117237, -0.020229915156960487, 0.002753304783254862, 0.019623301923274994, -0.0032842541113495827, -0.014163716696202755, 0.03439606726169586, -0.012822598218917847, 0.015829479321837425, 0.01628030836582184, -0.01647503860294819, -0.010902786627411842, 0.007184278219938278, 0.0018172007985413074, 0.023785900324583054, 0.012746922671794891, -0.0040528131648898125, -0.007749701850116253, 0.028500741347670555, 0.009736492298543453, -0.002384427236393094, 0.010905957780778408]]
  Policy Std: [[0.9991067051887512, 1.0012518167495728, 1.0019515752792358, 1.0023138523101807, 0.9989719390869141, 1.0008952617645264, 1.0002809762954712, 1.002434492111206, 1.0006232261657715, 0.9992192983627319, 1.0001494884490967, 1.0011566877365112, 0.9982251524925232, 1.00291109085083, 1.0022505521774292, 0.9988248348236084, 1.0015581846237183, 0.9973443746566772, 1.00054132938385, 1.0021677017211914, 1.0029916763305664, 0.9990875124931335, 0.9989128112792969, 1.0027989149093628, 1.000711441040039, 0.999455451965332, 0.9992843866348267, 0.9995128512382507, 1.0009386539459229]]

Step 313:
  Date/Day: 314
  Action: [[-0.0028459602035582066, -0.023653583601117134, -0.015307039953768253, -0.002857270883396268, 0.01384352333843708, 0.020236508920788765, 0.01160284411162138, -0.01986834593117237, -0.020229915156960487, 0.002753304783254862, 0.019623301923274994, -0.0032842541113495827, -0.014163716696202755, 0.03439606726169586, -0.012822598218917847, 0.015829479321837425, 0.01628030836582184, -0.01647503860294819, -0.010902786627411842, 0.007184278219938278, 0.0018172007985413074, 0.023785900324583054, 0.012746922671794891, -0.0040528131648898125, -0.007749701850116253, 0.028500741347670555, 0.009736492298543453, -0.002384427236393094, 0.010905957780778408]]
  Reward: 0.016936229541897774
  Account Value: None
  Done: False
  Policy Mean: [[-0.0028459602035582066, -0.023653583601117134, -0.015307039953768253, -0.002857270883396268, 0.01384352333843708, 0.020236508920788765, 0.01160284411162138, -0.01986834593117237, -0.020229915156960487, 0.002753304783254862, 0.019623301923274994, -0.0032842541113495827, -0.014163716696202755, 0.03439606726169586, -0.012822598218917847, 0.015829479321837425, 0.01628030836582184, -0.01647503860294819, -0.010902786627411842, 0.007184278219938278, 0.0018172007985413074, 0.023785900324583054, 0.012746922671794891, -0.0040528131648898125, -0.007749701850116253, 0.028500741347670555, 0.009736492298543453, -0.002384427236393094, 0.010905957780778408]]
  Policy Std: [[0.9991067051887512, 1.0012518167495728, 1.0019515752792358, 1.0023138523101807, 0.9989719390869141, 1.0008952617645264, 1.0002809762954712, 1.002434492111206, 1.0006232261657715, 0.9992192983627319, 1.0001494884490967, 1.0011566877365112, 0.9982251524925232, 1.00291109085083, 1.0022505521774292, 0.9988248348236084, 1.0015581846237183, 0.9973443746566772, 1.00054132938385, 1.0021677017211914, 1.0029916763305664, 0.9990875124931335, 0.9989128112792969, 1.0027989149093628, 1.000711441040039, 0.999455451965332, 0.9992843866348267, 0.9995128512382507, 1.0009386539459229]]

Step 314:
  Date/Day: 315
  Action: [[-0.0028459602035582066, -0.023653583601117134, -0.015307039953768253, -0.002857270883396268, 0.01384352333843708, 0.020236508920788765, 0.01160284411162138, -0.01986834593117237, -0.020229915156960487, 0.002753304783254862, 0.019623301923274994, -0.0032842541113495827, -0.014163716696202755, 0.03439606726169586, -0.012822598218917847, 0.015829479321837425, 0.01628030836582184, -0.01647503860294819, -0.010902786627411842, 0.007184278219938278, 0.0018172007985413074, 0.023785900324583054, 0.012746922671794891, -0.0040528131648898125, -0.007749701850116253, 0.028500741347670555, 0.009736492298543453, -0.002384427236393094, 0.010905957780778408]]
  Reward: -0.927329957485199
  Account Value: None
  Done: False
  Policy Mean: [[-0.0028459602035582066, -0.023653583601117134, -0.015307039953768253, -0.002857270883396268, 0.01384352333843708, 0.020236508920788765, 0.01160284411162138, -0.01986834593117237, -0.020229915156960487, 0.002753304783254862, 0.019623301923274994, -0.0032842541113495827, -0.014163716696202755, 0.03439606726169586, -0.012822598218917847, 0.015829479321837425, 0.01628030836582184, -0.01647503860294819, -0.010902786627411842, 0.007184278219938278, 0.0018172007985413074, 0.023785900324583054, 0.012746922671794891, -0.0040528131648898125, -0.007749701850116253, 0.028500741347670555, 0.009736492298543453, -0.002384427236393094, 0.010905957780778408]]
  Policy Std: [[0.9991067051887512, 1.0012518167495728, 1.0019515752792358, 1.0023138523101807, 0.9989719390869141, 1.0008952617645264, 1.0002809762954712, 1.002434492111206, 1.0006232261657715, 0.9992192983627319, 1.0001494884490967, 1.0011566877365112, 0.9982251524925232, 1.00291109085083, 1.0022505521774292, 0.9988248348236084, 1.0015581846237183, 0.9973443746566772, 1.00054132938385, 1.0021677017211914, 1.0029916763305664, 0.9990875124931335, 0.9989128112792969, 1.0027989149093628, 1.000711441040039, 0.999455451965332, 0.9992843866348267, 0.9995128512382507, 1.0009386539459229]]

Step 315:
  Date/Day: 316
  Action: [[-0.0028459602035582066, -0.023653583601117134, -0.015307039953768253, -0.002857270883396268, 0.01384352333843708, 0.020236508920788765, 0.01160284411162138, -0.01986834593117237, -0.020229915156960487, 0.002753304783254862, 0.019623301923274994, -0.0032842541113495827, -0.014163716696202755, 0.03439606726169586, -0.012822598218917847, 0.015829479321837425, 0.01628030836582184, -0.01647503860294819, -0.010902786627411842, 0.007184278219938278, 0.0018172007985413074, 0.023785900324583054, 0.012746922671794891, -0.0040528131648898125, -0.007749701850116253, 0.028500741347670555, 0.009736492298543453, -0.002384427236393094, 0.010905957780778408]]
  Reward: 1.0875134468078613
  Account Value: None
  Done: False
  Policy Mean: [[-0.0028459602035582066, -0.023653583601117134, -0.015307039953768253, -0.002857270883396268, 0.01384352333843708, 0.020236508920788765, 0.01160284411162138, -0.01986834593117237, -0.020229915156960487, 0.002753304783254862, 0.019623301923274994, -0.0032842541113495827, -0.014163716696202755, 0.03439606726169586, -0.012822598218917847, 0.015829479321837425, 0.01628030836582184, -0.01647503860294819, -0.010902786627411842, 0.007184278219938278, 0.0018172007985413074, 0.023785900324583054, 0.012746922671794891, -0.0040528131648898125, -0.007749701850116253, 0.028500741347670555, 0.009736492298543453, -0.002384427236393094, 0.010905957780778408]]
  Policy Std: [[0.9991067051887512, 1.0012518167495728, 1.0019515752792358, 1.0023138523101807, 0.9989719390869141, 1.0008952617645264, 1.0002809762954712, 1.002434492111206, 1.0006232261657715, 0.9992192983627319, 1.0001494884490967, 1.0011566877365112, 0.9982251524925232, 1.00291109085083, 1.0022505521774292, 0.9988248348236084, 1.0015581846237183, 0.9973443746566772, 1.00054132938385, 1.0021677017211914, 1.0029916763305664, 0.9990875124931335, 0.9989128112792969, 1.0027989149093628, 1.000711441040039, 0.999455451965332, 0.9992843866348267, 0.9995128512382507, 1.0009386539459229]]

Step 316:
  Date/Day: 317
  Action: [[-0.0028459602035582066, -0.023653583601117134, -0.015307039953768253, -0.002857270883396268, 0.01384352333843708, 0.020236508920788765, 0.01160284411162138, -0.01986834593117237, -0.020229915156960487, 0.002753304783254862, 0.019623301923274994, -0.0032842541113495827, -0.014163716696202755, 0.03439606726169586, -0.012822598218917847, 0.015829479321837425, 0.01628030836582184, -0.01647503860294819, -0.010902786627411842, 0.007184278219938278, 0.0018172007985413074, 0.023785900324583054, 0.012746922671794891, -0.0040528131648898125, -0.007749701850116253, 0.028500741347670555, 0.009736492298543453, -0.002384427236393094, 0.010905957780778408]]
  Reward: -0.8976024389266968
  Account Value: None
  Done: False
  Policy Mean: [[-0.0028459602035582066, -0.023653583601117134, -0.015307039953768253, -0.002857270883396268, 0.01384352333843708, 0.020236508920788765, 0.01160284411162138, -0.01986834593117237, -0.020229915156960487, 0.002753304783254862, 0.019623301923274994, -0.0032842541113495827, -0.014163716696202755, 0.03439606726169586, -0.012822598218917847, 0.015829479321837425, 0.01628030836582184, -0.01647503860294819, -0.010902786627411842, 0.007184278219938278, 0.0018172007985413074, 0.023785900324583054, 0.012746922671794891, -0.0040528131648898125, -0.007749701850116253, 0.028500741347670555, 0.009736492298543453, -0.002384427236393094, 0.010905957780778408]]
  Policy Std: [[0.9991067051887512, 1.0012518167495728, 1.0019515752792358, 1.0023138523101807, 0.9989719390869141, 1.0008952617645264, 1.0002809762954712, 1.002434492111206, 1.0006232261657715, 0.9992192983627319, 1.0001494884490967, 1.0011566877365112, 0.9982251524925232, 1.00291109085083, 1.0022505521774292, 0.9988248348236084, 1.0015581846237183, 0.9973443746566772, 1.00054132938385, 1.0021677017211914, 1.0029916763305664, 0.9990875124931335, 0.9989128112792969, 1.0027989149093628, 1.000711441040039, 0.999455451965332, 0.9992843866348267, 0.9995128512382507, 1.0009386539459229]]

Step 317:
  Date/Day: 318
  Action: [[-0.0028459602035582066, -0.023653583601117134, -0.015307039953768253, -0.002857270883396268, 0.01384352333843708, 0.020236508920788765, 0.01160284411162138, -0.01986834593117237, -0.020229915156960487, 0.002753304783254862, 0.019623301923274994, -0.0032842541113495827, -0.014163716696202755, 0.03439606726169586, -0.012822598218917847, 0.015829479321837425, 0.01628030836582184, -0.01647503860294819, -0.010902786627411842, 0.007184278219938278, 0.0018172007985413074, 0.023785900324583054, 0.012746922671794891, -0.0040528131648898125, -0.007749701850116253, 0.028500741347670555, 0.009736492298543453, -0.002384427236393094, 0.010905957780778408]]
  Reward: 0.4359353482723236
  Account Value: None
  Done: False
  Policy Mean: [[-0.0028459602035582066, -0.023653583601117134, -0.015307039953768253, -0.002857270883396268, 0.01384352333843708, 0.020236508920788765, 0.01160284411162138, -0.01986834593117237, -0.020229915156960487, 0.002753304783254862, 0.019623301923274994, -0.0032842541113495827, -0.014163716696202755, 0.03439606726169586, -0.012822598218917847, 0.015829479321837425, 0.01628030836582184, -0.01647503860294819, -0.010902786627411842, 0.007184278219938278, 0.0018172007985413074, 0.023785900324583054, 0.012746922671794891, -0.0040528131648898125, -0.007749701850116253, 0.028500741347670555, 0.009736492298543453, -0.002384427236393094, 0.010905957780778408]]
  Policy Std: [[0.9991067051887512, 1.0012518167495728, 1.0019515752792358, 1.0023138523101807, 0.9989719390869141, 1.0008952617645264, 1.0002809762954712, 1.002434492111206, 1.0006232261657715, 0.9992192983627319, 1.0001494884490967, 1.0011566877365112, 0.9982251524925232, 1.00291109085083, 1.0022505521774292, 0.9988248348236084, 1.0015581846237183, 0.9973443746566772, 1.00054132938385, 1.0021677017211914, 1.0029916763305664, 0.9990875124931335, 0.9989128112792969, 1.0027989149093628, 1.000711441040039, 0.999455451965332, 0.9992843866348267, 0.9995128512382507, 1.0009386539459229]]

Step 318:
  Date/Day: 319
  Action: [[-0.0028459602035582066, -0.023653583601117134, -0.015307039953768253, -0.002857270883396268, 0.01384352333843708, 0.020236508920788765, 0.01160284411162138, -0.01986834593117237, -0.020229915156960487, 0.002753304783254862, 0.019623301923274994, -0.0032842541113495827, -0.014163716696202755, 0.03439606726169586, -0.012822598218917847, 0.015829479321837425, 0.01628030836582184, -0.01647503860294819, -0.010902786627411842, 0.007184278219938278, 0.0018172007985413074, 0.023785900324583054, 0.012746922671794891, -0.0040528131648898125, -0.007749701850116253, 0.028500741347670555, 0.009736492298543453, -0.002384427236393094, 0.010905957780778408]]
  Reward: 0.42825037240982056
  Account Value: None
  Done: False
  Policy Mean: [[-0.0028459602035582066, -0.023653583601117134, -0.015307039953768253, -0.002857270883396268, 0.01384352333843708, 0.020236508920788765, 0.01160284411162138, -0.01986834593117237, -0.020229915156960487, 0.002753304783254862, 0.019623301923274994, -0.0032842541113495827, -0.014163716696202755, 0.03439606726169586, -0.012822598218917847, 0.015829479321837425, 0.01628030836582184, -0.01647503860294819, -0.010902786627411842, 0.007184278219938278, 0.0018172007985413074, 0.023785900324583054, 0.012746922671794891, -0.0040528131648898125, -0.007749701850116253, 0.028500741347670555, 0.009736492298543453, -0.002384427236393094, 0.010905957780778408]]
  Policy Std: [[0.9991067051887512, 1.0012518167495728, 1.0019515752792358, 1.0023138523101807, 0.9989719390869141, 1.0008952617645264, 1.0002809762954712, 1.002434492111206, 1.0006232261657715, 0.9992192983627319, 1.0001494884490967, 1.0011566877365112, 0.9982251524925232, 1.00291109085083, 1.0022505521774292, 0.9988248348236084, 1.0015581846237183, 0.9973443746566772, 1.00054132938385, 1.0021677017211914, 1.0029916763305664, 0.9990875124931335, 0.9989128112792969, 1.0027989149093628, 1.000711441040039, 0.999455451965332, 0.9992843866348267, 0.9995128512382507, 1.0009386539459229]]

Step 319:
  Date/Day: 320
  Action: [[-0.0028459602035582066, -0.023653583601117134, -0.015307039953768253, -0.002857270883396268, 0.01384352333843708, 0.020236508920788765, 0.01160284411162138, -0.01986834593117237, -0.020229915156960487, 0.002753304783254862, 0.019623301923274994, -0.0032842541113495827, -0.014163716696202755, 0.03439606726169586, -0.012822598218917847, 0.015829479321837425, 0.01628030836582184, -0.01647503860294819, -0.010902786627411842, 0.007184278219938278, 0.0018172007985413074, 0.023785900324583054, 0.012746922671794891, -0.0040528131648898125, -0.007749701850116253, 0.028500741347670555, 0.009736492298543453, -0.002384427236393094, 0.010905957780778408]]
  Reward: 0.9209862351417542
  Account Value: None
  Done: False
  Policy Mean: [[-0.0028459602035582066, -0.023653583601117134, -0.015307039953768253, -0.002857270883396268, 0.01384352333843708, 0.020236508920788765, 0.01160284411162138, -0.01986834593117237, -0.020229915156960487, 0.002753304783254862, 0.019623301923274994, -0.0032842541113495827, -0.014163716696202755, 0.03439606726169586, -0.012822598218917847, 0.015829479321837425, 0.01628030836582184, -0.01647503860294819, -0.010902786627411842, 0.007184278219938278, 0.0018172007985413074, 0.023785900324583054, 0.012746922671794891, -0.0040528131648898125, -0.007749701850116253, 0.028500741347670555, 0.009736492298543453, -0.002384427236393094, 0.010905957780778408]]
  Policy Std: [[0.9991067051887512, 1.0012518167495728, 1.0019515752792358, 1.0023138523101807, 0.9989719390869141, 1.0008952617645264, 1.0002809762954712, 1.002434492111206, 1.0006232261657715, 0.9992192983627319, 1.0001494884490967, 1.0011566877365112, 0.9982251524925232, 1.00291109085083, 1.0022505521774292, 0.9988248348236084, 1.0015581846237183, 0.9973443746566772, 1.00054132938385, 1.0021677017211914, 1.0029916763305664, 0.9990875124931335, 0.9989128112792969, 1.0027989149093628, 1.000711441040039, 0.999455451965332, 0.9992843866348267, 0.9995128512382507, 1.0009386539459229]]

Step 320:
  Date/Day: 321
  Action: [[-0.0028459602035582066, -0.023653583601117134, -0.015307039953768253, -0.002857270883396268, 0.01384352333843708, 0.020236508920788765, 0.01160284411162138, -0.01986834593117237, -0.020229915156960487, 0.002753304783254862, 0.019623301923274994, -0.0032842541113495827, -0.014163716696202755, 0.03439606726169586, -0.012822598218917847, 0.015829479321837425, 0.01628030836582184, -0.01647503860294819, -0.010902786627411842, 0.007184278219938278, 0.0018172007985413074, 0.023785900324583054, 0.012746922671794891, -0.0040528131648898125, -0.007749701850116253, 0.028500741347670555, 0.009736492298543453, -0.002384427236393094, 0.010905957780778408]]
  Reward: -0.2544929087162018
  Account Value: None
  Done: False
  Policy Mean: [[-0.0028459602035582066, -0.023653583601117134, -0.015307039953768253, -0.002857270883396268, 0.01384352333843708, 0.020236508920788765, 0.01160284411162138, -0.01986834593117237, -0.020229915156960487, 0.002753304783254862, 0.019623301923274994, -0.0032842541113495827, -0.014163716696202755, 0.03439606726169586, -0.012822598218917847, 0.015829479321837425, 0.01628030836582184, -0.01647503860294819, -0.010902786627411842, 0.007184278219938278, 0.0018172007985413074, 0.023785900324583054, 0.012746922671794891, -0.0040528131648898125, -0.007749701850116253, 0.028500741347670555, 0.009736492298543453, -0.002384427236393094, 0.010905957780778408]]
  Policy Std: [[0.9991067051887512, 1.0012518167495728, 1.0019515752792358, 1.0023138523101807, 0.9989719390869141, 1.0008952617645264, 1.0002809762954712, 1.002434492111206, 1.0006232261657715, 0.9992192983627319, 1.0001494884490967, 1.0011566877365112, 0.9982251524925232, 1.00291109085083, 1.0022505521774292, 0.9988248348236084, 1.0015581846237183, 0.9973443746566772, 1.00054132938385, 1.0021677017211914, 1.0029916763305664, 0.9990875124931335, 0.9989128112792969, 1.0027989149093628, 1.000711441040039, 0.999455451965332, 0.9992843866348267, 0.9995128512382507, 1.0009386539459229]]

Step 321:
  Date/Day: 322
  Action: [[-0.0028459602035582066, -0.023653583601117134, -0.015307039953768253, -0.002857270883396268, 0.01384352333843708, 0.020236508920788765, 0.01160284411162138, -0.01986834593117237, -0.020229915156960487, 0.002753304783254862, 0.019623301923274994, -0.0032842541113495827, -0.014163716696202755, 0.03439606726169586, -0.012822598218917847, 0.015829479321837425, 0.01628030836582184, -0.01647503860294819, -0.010902786627411842, 0.007184278219938278, 0.0018172007985413074, 0.023785900324583054, 0.012746922671794891, -0.0040528131648898125, -0.007749701850116253, 0.028500741347670555, 0.009736492298543453, -0.002384427236393094, 0.010905957780778408]]
  Reward: -0.5070793032646179
  Account Value: None
  Done: False
  Policy Mean: [[-0.0028459602035582066, -0.023653583601117134, -0.015307039953768253, -0.002857270883396268, 0.01384352333843708, 0.020236508920788765, 0.01160284411162138, -0.01986834593117237, -0.020229915156960487, 0.002753304783254862, 0.019623301923274994, -0.0032842541113495827, -0.014163716696202755, 0.03439606726169586, -0.012822598218917847, 0.015829479321837425, 0.01628030836582184, -0.01647503860294819, -0.010902786627411842, 0.007184278219938278, 0.0018172007985413074, 0.023785900324583054, 0.012746922671794891, -0.0040528131648898125, -0.007749701850116253, 0.028500741347670555, 0.009736492298543453, -0.002384427236393094, 0.010905957780778408]]
  Policy Std: [[0.9991067051887512, 1.0012518167495728, 1.0019515752792358, 1.0023138523101807, 0.9989719390869141, 1.0008952617645264, 1.0002809762954712, 1.002434492111206, 1.0006232261657715, 0.9992192983627319, 1.0001494884490967, 1.0011566877365112, 0.9982251524925232, 1.00291109085083, 1.0022505521774292, 0.9988248348236084, 1.0015581846237183, 0.9973443746566772, 1.00054132938385, 1.0021677017211914, 1.0029916763305664, 0.9990875124931335, 0.9989128112792969, 1.0027989149093628, 1.000711441040039, 0.999455451965332, 0.9992843866348267, 0.9995128512382507, 1.0009386539459229]]

Step 322:
  Date/Day: 323
  Action: [[-0.0028459602035582066, -0.023653583601117134, -0.015307039953768253, -0.002857270883396268, 0.01384352333843708, 0.020236508920788765, 0.01160284411162138, -0.01986834593117237, -0.020229915156960487, 0.002753304783254862, 0.019623301923274994, -0.0032842541113495827, -0.014163716696202755, 0.03439606726169586, -0.012822598218917847, 0.015829479321837425, 0.01628030836582184, -0.01647503860294819, -0.010902786627411842, 0.007184278219938278, 0.0018172007985413074, 0.023785900324583054, 0.012746922671794891, -0.0040528131648898125, -0.007749701850116253, 0.028500741347670555, 0.009736492298543453, -0.002384427236393094, 0.010905957780778408]]
  Reward: 0.21292437613010406
  Account Value: None
  Done: False
  Policy Mean: [[-0.0028459602035582066, -0.023653583601117134, -0.015307039953768253, -0.002857270883396268, 0.01384352333843708, 0.020236508920788765, 0.01160284411162138, -0.01986834593117237, -0.020229915156960487, 0.002753304783254862, 0.019623301923274994, -0.0032842541113495827, -0.014163716696202755, 0.03439606726169586, -0.012822598218917847, 0.015829479321837425, 0.01628030836582184, -0.01647503860294819, -0.010902786627411842, 0.007184278219938278, 0.0018172007985413074, 0.023785900324583054, 0.012746922671794891, -0.0040528131648898125, -0.007749701850116253, 0.028500741347670555, 0.009736492298543453, -0.002384427236393094, 0.010905957780778408]]
  Policy Std: [[0.9991067051887512, 1.0012518167495728, 1.0019515752792358, 1.0023138523101807, 0.9989719390869141, 1.0008952617645264, 1.0002809762954712, 1.002434492111206, 1.0006232261657715, 0.9992192983627319, 1.0001494884490967, 1.0011566877365112, 0.9982251524925232, 1.00291109085083, 1.0022505521774292, 0.9988248348236084, 1.0015581846237183, 0.9973443746566772, 1.00054132938385, 1.0021677017211914, 1.0029916763305664, 0.9990875124931335, 0.9989128112792969, 1.0027989149093628, 1.000711441040039, 0.999455451965332, 0.9992843866348267, 0.9995128512382507, 1.0009386539459229]]

Step 323:
  Date/Day: 324
  Action: [[-0.0028459602035582066, -0.023653583601117134, -0.015307039953768253, -0.002857270883396268, 0.01384352333843708, 0.020236508920788765, 0.01160284411162138, -0.01986834593117237, -0.020229915156960487, 0.002753304783254862, 0.019623301923274994, -0.0032842541113495827, -0.014163716696202755, 0.03439606726169586, -0.012822598218917847, 0.015829479321837425, 0.01628030836582184, -0.01647503860294819, -0.010902786627411842, 0.007184278219938278, 0.0018172007985413074, 0.023785900324583054, 0.012746922671794891, -0.0040528131648898125, -0.007749701850116253, 0.028500741347670555, 0.009736492298543453, -0.002384427236393094, 0.010905957780778408]]
  Reward: 0.28307417035102844
  Account Value: None
  Done: False
  Policy Mean: [[-0.0028459602035582066, -0.023653583601117134, -0.015307039953768253, -0.002857270883396268, 0.01384352333843708, 0.020236508920788765, 0.01160284411162138, -0.01986834593117237, -0.020229915156960487, 0.002753304783254862, 0.019623301923274994, -0.0032842541113495827, -0.014163716696202755, 0.03439606726169586, -0.012822598218917847, 0.015829479321837425, 0.01628030836582184, -0.01647503860294819, -0.010902786627411842, 0.007184278219938278, 0.0018172007985413074, 0.023785900324583054, 0.012746922671794891, -0.0040528131648898125, -0.007749701850116253, 0.028500741347670555, 0.009736492298543453, -0.002384427236393094, 0.010905957780778408]]
  Policy Std: [[0.9991067051887512, 1.0012518167495728, 1.0019515752792358, 1.0023138523101807, 0.9989719390869141, 1.0008952617645264, 1.0002809762954712, 1.002434492111206, 1.0006232261657715, 0.9992192983627319, 1.0001494884490967, 1.0011566877365112, 0.9982251524925232, 1.00291109085083, 1.0022505521774292, 0.9988248348236084, 1.0015581846237183, 0.9973443746566772, 1.00054132938385, 1.0021677017211914, 1.0029916763305664, 0.9990875124931335, 0.9989128112792969, 1.0027989149093628, 1.000711441040039, 0.999455451965332, 0.9992843866348267, 0.9995128512382507, 1.0009386539459229]]

Step 324:
  Date/Day: 325
  Action: [[-0.0028459602035582066, -0.023653583601117134, -0.015307039953768253, -0.002857270883396268, 0.01384352333843708, 0.020236508920788765, 0.01160284411162138, -0.01986834593117237, -0.020229915156960487, 0.002753304783254862, 0.019623301923274994, -0.0032842541113495827, -0.014163716696202755, 0.03439606726169586, -0.012822598218917847, 0.015829479321837425, 0.01628030836582184, -0.01647503860294819, -0.010902786627411842, 0.007184278219938278, 0.0018172007985413074, 0.023785900324583054, 0.012746922671794891, -0.0040528131648898125, -0.007749701850116253, 0.028500741347670555, 0.009736492298543453, -0.002384427236393094, 0.010905957780778408]]
  Reward: 1.314873456954956
  Account Value: None
  Done: False
  Policy Mean: [[-0.0028459602035582066, -0.023653583601117134, -0.015307039953768253, -0.002857270883396268, 0.01384352333843708, 0.020236508920788765, 0.01160284411162138, -0.01986834593117237, -0.020229915156960487, 0.002753304783254862, 0.019623301923274994, -0.0032842541113495827, -0.014163716696202755, 0.03439606726169586, -0.012822598218917847, 0.015829479321837425, 0.01628030836582184, -0.01647503860294819, -0.010902786627411842, 0.007184278219938278, 0.0018172007985413074, 0.023785900324583054, 0.012746922671794891, -0.0040528131648898125, -0.007749701850116253, 0.028500741347670555, 0.009736492298543453, -0.002384427236393094, 0.010905957780778408]]
  Policy Std: [[0.9991067051887512, 1.0012518167495728, 1.0019515752792358, 1.0023138523101807, 0.9989719390869141, 1.0008952617645264, 1.0002809762954712, 1.002434492111206, 1.0006232261657715, 0.9992192983627319, 1.0001494884490967, 1.0011566877365112, 0.9982251524925232, 1.00291109085083, 1.0022505521774292, 0.9988248348236084, 1.0015581846237183, 0.9973443746566772, 1.00054132938385, 1.0021677017211914, 1.0029916763305664, 0.9990875124931335, 0.9989128112792969, 1.0027989149093628, 1.000711441040039, 0.999455451965332, 0.9992843866348267, 0.9995128512382507, 1.0009386539459229]]

Step 325:
  Date/Day: 326
  Action: [[-0.0028459602035582066, -0.023653583601117134, -0.015307039953768253, -0.002857270883396268, 0.01384352333843708, 0.020236508920788765, 0.01160284411162138, -0.01986834593117237, -0.020229915156960487, 0.002753304783254862, 0.019623301923274994, -0.0032842541113495827, -0.014163716696202755, 0.03439606726169586, -0.012822598218917847, 0.015829479321837425, 0.01628030836582184, -0.01647503860294819, -0.010902786627411842, 0.007184278219938278, 0.0018172007985413074, 0.023785900324583054, 0.012746922671794891, -0.0040528131648898125, -0.007749701850116253, 0.028500741347670555, 0.009736492298543453, -0.002384427236393094, 0.010905957780778408]]
  Reward: 1.0534638166427612
  Account Value: None
  Done: False
  Policy Mean: [[-0.0028459602035582066, -0.023653583601117134, -0.015307039953768253, -0.002857270883396268, 0.01384352333843708, 0.020236508920788765, 0.01160284411162138, -0.01986834593117237, -0.020229915156960487, 0.002753304783254862, 0.019623301923274994, -0.0032842541113495827, -0.014163716696202755, 0.03439606726169586, -0.012822598218917847, 0.015829479321837425, 0.01628030836582184, -0.01647503860294819, -0.010902786627411842, 0.007184278219938278, 0.0018172007985413074, 0.023785900324583054, 0.012746922671794891, -0.0040528131648898125, -0.007749701850116253, 0.028500741347670555, 0.009736492298543453, -0.002384427236393094, 0.010905957780778408]]
  Policy Std: [[0.9991067051887512, 1.0012518167495728, 1.0019515752792358, 1.0023138523101807, 0.9989719390869141, 1.0008952617645264, 1.0002809762954712, 1.002434492111206, 1.0006232261657715, 0.9992192983627319, 1.0001494884490967, 1.0011566877365112, 0.9982251524925232, 1.00291109085083, 1.0022505521774292, 0.9988248348236084, 1.0015581846237183, 0.9973443746566772, 1.00054132938385, 1.0021677017211914, 1.0029916763305664, 0.9990875124931335, 0.9989128112792969, 1.0027989149093628, 1.000711441040039, 0.999455451965332, 0.9992843866348267, 0.9995128512382507, 1.0009386539459229]]

Step 326:
  Date/Day: 327
  Action: [[-0.0028459602035582066, -0.023653583601117134, -0.015307039953768253, -0.002857270883396268, 0.01384352333843708, 0.020236508920788765, 0.01160284411162138, -0.01986834593117237, -0.020229915156960487, 0.002753304783254862, 0.019623301923274994, -0.0032842541113495827, -0.014163716696202755, 0.03439606726169586, -0.012822598218917847, 0.015829479321837425, 0.01628030836582184, -0.01647503860294819, -0.010902786627411842, 0.007184278219938278, 0.0018172007985413074, 0.023785900324583054, 0.012746922671794891, -0.0040528131648898125, -0.007749701850116253, 0.028500741347670555, 0.009736492298543453, -0.002384427236393094, 0.010905957780778408]]
  Reward: 0.14246223866939545
  Account Value: None
  Done: False
  Policy Mean: [[-0.0028459602035582066, -0.023653583601117134, -0.015307039953768253, -0.002857270883396268, 0.01384352333843708, 0.020236508920788765, 0.01160284411162138, -0.01986834593117237, -0.020229915156960487, 0.002753304783254862, 0.019623301923274994, -0.0032842541113495827, -0.014163716696202755, 0.03439606726169586, -0.012822598218917847, 0.015829479321837425, 0.01628030836582184, -0.01647503860294819, -0.010902786627411842, 0.007184278219938278, 0.0018172007985413074, 0.023785900324583054, 0.012746922671794891, -0.0040528131648898125, -0.007749701850116253, 0.028500741347670555, 0.009736492298543453, -0.002384427236393094, 0.010905957780778408]]
  Policy Std: [[0.9991067051887512, 1.0012518167495728, 1.0019515752792358, 1.0023138523101807, 0.9989719390869141, 1.0008952617645264, 1.0002809762954712, 1.002434492111206, 1.0006232261657715, 0.9992192983627319, 1.0001494884490967, 1.0011566877365112, 0.9982251524925232, 1.00291109085083, 1.0022505521774292, 0.9988248348236084, 1.0015581846237183, 0.9973443746566772, 1.00054132938385, 1.0021677017211914, 1.0029916763305664, 0.9990875124931335, 0.9989128112792969, 1.0027989149093628, 1.000711441040039, 0.999455451965332, 0.9992843866348267, 0.9995128512382507, 1.0009386539459229]]

Step 327:
  Date/Day: 328
  Action: [[-0.0028459602035582066, -0.023653583601117134, -0.015307039953768253, -0.002857270883396268, 0.01384352333843708, 0.020236508920788765, 0.01160284411162138, -0.01986834593117237, -0.020229915156960487, 0.002753304783254862, 0.019623301923274994, -0.0032842541113495827, -0.014163716696202755, 0.03439606726169586, -0.012822598218917847, 0.015829479321837425, 0.01628030836582184, -0.01647503860294819, -0.010902786627411842, 0.007184278219938278, 0.0018172007985413074, 0.023785900324583054, 0.012746922671794891, -0.0040528131648898125, -0.007749701850116253, 0.028500741347670555, 0.009736492298543453, -0.002384427236393094, 0.010905957780778408]]
  Reward: 0.5125976800918579
  Account Value: None
  Done: False
  Policy Mean: [[-0.0028459602035582066, -0.023653583601117134, -0.015307039953768253, -0.002857270883396268, 0.01384352333843708, 0.020236508920788765, 0.01160284411162138, -0.01986834593117237, -0.020229915156960487, 0.002753304783254862, 0.019623301923274994, -0.0032842541113495827, -0.014163716696202755, 0.03439606726169586, -0.012822598218917847, 0.015829479321837425, 0.01628030836582184, -0.01647503860294819, -0.010902786627411842, 0.007184278219938278, 0.0018172007985413074, 0.023785900324583054, 0.012746922671794891, -0.0040528131648898125, -0.007749701850116253, 0.028500741347670555, 0.009736492298543453, -0.002384427236393094, 0.010905957780778408]]
  Policy Std: [[0.9991067051887512, 1.0012518167495728, 1.0019515752792358, 1.0023138523101807, 0.9989719390869141, 1.0008952617645264, 1.0002809762954712, 1.002434492111206, 1.0006232261657715, 0.9992192983627319, 1.0001494884490967, 1.0011566877365112, 0.9982251524925232, 1.00291109085083, 1.0022505521774292, 0.9988248348236084, 1.0015581846237183, 0.9973443746566772, 1.00054132938385, 1.0021677017211914, 1.0029916763305664, 0.9990875124931335, 0.9989128112792969, 1.0027989149093628, 1.000711441040039, 0.999455451965332, 0.9992843866348267, 0.9995128512382507, 1.0009386539459229]]

Step 328:
  Date/Day: 329
  Action: [[-0.0028459602035582066, -0.023653583601117134, -0.015307039953768253, -0.002857270883396268, 0.01384352333843708, 0.020236508920788765, 0.01160284411162138, -0.01986834593117237, -0.020229915156960487, 0.002753304783254862, 0.019623301923274994, -0.0032842541113495827, -0.014163716696202755, 0.03439606726169586, -0.012822598218917847, 0.015829479321837425, 0.01628030836582184, -0.01647503860294819, -0.010902786627411842, 0.007184278219938278, 0.0018172007985413074, 0.023785900324583054, 0.012746922671794891, -0.0040528131648898125, -0.007749701850116253, 0.028500741347670555, 0.009736492298543453, -0.002384427236393094, 0.010905957780778408]]
  Reward: 0.036955464631319046
  Account Value: None
  Done: False
  Policy Mean: [[-0.0028459602035582066, -0.023653583601117134, -0.015307039953768253, -0.002857270883396268, 0.01384352333843708, 0.020236508920788765, 0.01160284411162138, -0.01986834593117237, -0.020229915156960487, 0.002753304783254862, 0.019623301923274994, -0.0032842541113495827, -0.014163716696202755, 0.03439606726169586, -0.012822598218917847, 0.015829479321837425, 0.01628030836582184, -0.01647503860294819, -0.010902786627411842, 0.007184278219938278, 0.0018172007985413074, 0.023785900324583054, 0.012746922671794891, -0.0040528131648898125, -0.007749701850116253, 0.028500741347670555, 0.009736492298543453, -0.002384427236393094, 0.010905957780778408]]
  Policy Std: [[0.9991067051887512, 1.0012518167495728, 1.0019515752792358, 1.0023138523101807, 0.9989719390869141, 1.0008952617645264, 1.0002809762954712, 1.002434492111206, 1.0006232261657715, 0.9992192983627319, 1.0001494884490967, 1.0011566877365112, 0.9982251524925232, 1.00291109085083, 1.0022505521774292, 0.9988248348236084, 1.0015581846237183, 0.9973443746566772, 1.00054132938385, 1.0021677017211914, 1.0029916763305664, 0.9990875124931335, 0.9989128112792969, 1.0027989149093628, 1.000711441040039, 0.999455451965332, 0.9992843866348267, 0.9995128512382507, 1.0009386539459229]]

Step 329:
  Date/Day: 330
  Action: [[-0.0028459602035582066, -0.023653583601117134, -0.015307039953768253, -0.002857270883396268, 0.01384352333843708, 0.020236508920788765, 0.01160284411162138, -0.01986834593117237, -0.020229915156960487, 0.002753304783254862, 0.019623301923274994, -0.0032842541113495827, -0.014163716696202755, 0.03439606726169586, -0.012822598218917847, 0.015829479321837425, 0.01628030836582184, -0.01647503860294819, -0.010902786627411842, 0.007184278219938278, 0.0018172007985413074, 0.023785900324583054, 0.012746922671794891, -0.0040528131648898125, -0.007749701850116253, 0.028500741347670555, 0.009736492298543453, -0.002384427236393094, 0.010905957780778408]]
  Reward: 0.2719029188156128
  Account Value: None
  Done: False
  Policy Mean: [[-0.0028459602035582066, -0.023653583601117134, -0.015307039953768253, -0.002857270883396268, 0.01384352333843708, 0.020236508920788765, 0.01160284411162138, -0.01986834593117237, -0.020229915156960487, 0.002753304783254862, 0.019623301923274994, -0.0032842541113495827, -0.014163716696202755, 0.03439606726169586, -0.012822598218917847, 0.015829479321837425, 0.01628030836582184, -0.01647503860294819, -0.010902786627411842, 0.007184278219938278, 0.0018172007985413074, 0.023785900324583054, 0.012746922671794891, -0.0040528131648898125, -0.007749701850116253, 0.028500741347670555, 0.009736492298543453, -0.002384427236393094, 0.010905957780778408]]
  Policy Std: [[0.9991067051887512, 1.0012518167495728, 1.0019515752792358, 1.0023138523101807, 0.9989719390869141, 1.0008952617645264, 1.0002809762954712, 1.002434492111206, 1.0006232261657715, 0.9992192983627319, 1.0001494884490967, 1.0011566877365112, 0.9982251524925232, 1.00291109085083, 1.0022505521774292, 0.9988248348236084, 1.0015581846237183, 0.9973443746566772, 1.00054132938385, 1.0021677017211914, 1.0029916763305664, 0.9990875124931335, 0.9989128112792969, 1.0027989149093628, 1.000711441040039, 0.999455451965332, 0.9992843866348267, 0.9995128512382507, 1.0009386539459229]]

Step 330:
  Date/Day: 331
  Action: [[-0.0028459602035582066, -0.023653583601117134, -0.015307039953768253, -0.002857270883396268, 0.01384352333843708, 0.020236508920788765, 0.01160284411162138, -0.01986834593117237, -0.020229915156960487, 0.002753304783254862, 0.019623301923274994, -0.0032842541113495827, -0.014163716696202755, 0.03439606726169586, -0.012822598218917847, 0.015829479321837425, 0.01628030836582184, -0.01647503860294819, -0.010902786627411842, 0.007184278219938278, 0.0018172007985413074, 0.023785900324583054, 0.012746922671794891, -0.0040528131648898125, -0.007749701850116253, 0.028500741347670555, 0.009736492298543453, -0.002384427236393094, 0.010905957780778408]]
  Reward: -0.09429243952035904
  Account Value: None
  Done: False
  Policy Mean: [[-0.0028459602035582066, -0.023653583601117134, -0.015307039953768253, -0.002857270883396268, 0.01384352333843708, 0.020236508920788765, 0.01160284411162138, -0.01986834593117237, -0.020229915156960487, 0.002753304783254862, 0.019623301923274994, -0.0032842541113495827, -0.014163716696202755, 0.03439606726169586, -0.012822598218917847, 0.015829479321837425, 0.01628030836582184, -0.01647503860294819, -0.010902786627411842, 0.007184278219938278, 0.0018172007985413074, 0.023785900324583054, 0.012746922671794891, -0.0040528131648898125, -0.007749701850116253, 0.028500741347670555, 0.009736492298543453, -0.002384427236393094, 0.010905957780778408]]
  Policy Std: [[0.9991067051887512, 1.0012518167495728, 1.0019515752792358, 1.0023138523101807, 0.9989719390869141, 1.0008952617645264, 1.0002809762954712, 1.002434492111206, 1.0006232261657715, 0.9992192983627319, 1.0001494884490967, 1.0011566877365112, 0.9982251524925232, 1.00291109085083, 1.0022505521774292, 0.9988248348236084, 1.0015581846237183, 0.9973443746566772, 1.00054132938385, 1.0021677017211914, 1.0029916763305664, 0.9990875124931335, 0.9989128112792969, 1.0027989149093628, 1.000711441040039, 0.999455451965332, 0.9992843866348267, 0.9995128512382507, 1.0009386539459229]]

Step 331:
  Date/Day: 332
  Action: [[-0.0028459602035582066, -0.023653583601117134, -0.015307039953768253, -0.002857270883396268, 0.01384352333843708, 0.020236508920788765, 0.01160284411162138, -0.01986834593117237, -0.020229915156960487, 0.002753304783254862, 0.019623301923274994, -0.0032842541113495827, -0.014163716696202755, 0.03439606726169586, -0.012822598218917847, 0.015829479321837425, 0.01628030836582184, -0.01647503860294819, -0.010902786627411842, 0.007184278219938278, 0.0018172007985413074, 0.023785900324583054, 0.012746922671794891, -0.0040528131648898125, -0.007749701850116253, 0.028500741347670555, 0.009736492298543453, -0.002384427236393094, 0.010905957780778408]]
  Reward: 0.5519159436225891
  Account Value: None
  Done: False
  Policy Mean: [[-0.0028459602035582066, -0.023653583601117134, -0.015307039953768253, -0.002857270883396268, 0.01384352333843708, 0.020236508920788765, 0.01160284411162138, -0.01986834593117237, -0.020229915156960487, 0.002753304783254862, 0.019623301923274994, -0.0032842541113495827, -0.014163716696202755, 0.03439606726169586, -0.012822598218917847, 0.015829479321837425, 0.01628030836582184, -0.01647503860294819, -0.010902786627411842, 0.007184278219938278, 0.0018172007985413074, 0.023785900324583054, 0.012746922671794891, -0.0040528131648898125, -0.007749701850116253, 0.028500741347670555, 0.009736492298543453, -0.002384427236393094, 0.010905957780778408]]
  Policy Std: [[0.9991067051887512, 1.0012518167495728, 1.0019515752792358, 1.0023138523101807, 0.9989719390869141, 1.0008952617645264, 1.0002809762954712, 1.002434492111206, 1.0006232261657715, 0.9992192983627319, 1.0001494884490967, 1.0011566877365112, 0.9982251524925232, 1.00291109085083, 1.0022505521774292, 0.9988248348236084, 1.0015581846237183, 0.9973443746566772, 1.00054132938385, 1.0021677017211914, 1.0029916763305664, 0.9990875124931335, 0.9989128112792969, 1.0027989149093628, 1.000711441040039, 0.999455451965332, 0.9992843866348267, 0.9995128512382507, 1.0009386539459229]]

Step 332:
  Date/Day: 333
  Action: [[-0.0028459602035582066, -0.023653583601117134, -0.015307039953768253, -0.002857270883396268, 0.01384352333843708, 0.020236508920788765, 0.01160284411162138, -0.01986834593117237, -0.020229915156960487, 0.002753304783254862, 0.019623301923274994, -0.0032842541113495827, -0.014163716696202755, 0.03439606726169586, -0.012822598218917847, 0.015829479321837425, 0.01628030836582184, -0.01647503860294819, -0.010902786627411842, 0.007184278219938278, 0.0018172007985413074, 0.023785900324583054, 0.012746922671794891, -0.0040528131648898125, -0.007749701850116253, 0.028500741347670555, 0.009736492298543453, -0.002384427236393094, 0.010905957780778408]]
  Reward: -0.27563488483428955
  Account Value: None
  Done: False
  Policy Mean: [[-0.0028459602035582066, -0.023653583601117134, -0.015307039953768253, -0.002857270883396268, 0.01384352333843708, 0.020236508920788765, 0.01160284411162138, -0.01986834593117237, -0.020229915156960487, 0.002753304783254862, 0.019623301923274994, -0.0032842541113495827, -0.014163716696202755, 0.03439606726169586, -0.012822598218917847, 0.015829479321837425, 0.01628030836582184, -0.01647503860294819, -0.010902786627411842, 0.007184278219938278, 0.0018172007985413074, 0.023785900324583054, 0.012746922671794891, -0.0040528131648898125, -0.007749701850116253, 0.028500741347670555, 0.009736492298543453, -0.002384427236393094, 0.010905957780778408]]
  Policy Std: [[0.9991067051887512, 1.0012518167495728, 1.0019515752792358, 1.0023138523101807, 0.9989719390869141, 1.0008952617645264, 1.0002809762954712, 1.002434492111206, 1.0006232261657715, 0.9992192983627319, 1.0001494884490967, 1.0011566877365112, 0.9982251524925232, 1.00291109085083, 1.0022505521774292, 0.9988248348236084, 1.0015581846237183, 0.9973443746566772, 1.00054132938385, 1.0021677017211914, 1.0029916763305664, 0.9990875124931335, 0.9989128112792969, 1.0027989149093628, 1.000711441040039, 0.999455451965332, 0.9992843866348267, 0.9995128512382507, 1.0009386539459229]]

Step 333:
  Date/Day: 334
  Action: [[-0.0028459602035582066, -0.023653583601117134, -0.015307039953768253, -0.002857270883396268, 0.01384352333843708, 0.020236508920788765, 0.01160284411162138, -0.01986834593117237, -0.020229915156960487, 0.002753304783254862, 0.019623301923274994, -0.0032842541113495827, -0.014163716696202755, 0.03439606726169586, -0.012822598218917847, 0.015829479321837425, 0.01628030836582184, -0.01647503860294819, -0.010902786627411842, 0.007184278219938278, 0.0018172007985413074, 0.023785900324583054, 0.012746922671794891, -0.0040528131648898125, -0.007749701850116253, 0.028500741347670555, 0.009736492298543453, -0.002384427236393094, 0.010905957780778408]]
  Reward: -1.343757152557373
  Account Value: None
  Done: False
  Policy Mean: [[-0.0028459602035582066, -0.023653583601117134, -0.015307039953768253, -0.002857270883396268, 0.01384352333843708, 0.020236508920788765, 0.01160284411162138, -0.01986834593117237, -0.020229915156960487, 0.002753304783254862, 0.019623301923274994, -0.0032842541113495827, -0.014163716696202755, 0.03439606726169586, -0.012822598218917847, 0.015829479321837425, 0.01628030836582184, -0.01647503860294819, -0.010902786627411842, 0.007184278219938278, 0.0018172007985413074, 0.023785900324583054, 0.012746922671794891, -0.0040528131648898125, -0.007749701850116253, 0.028500741347670555, 0.009736492298543453, -0.002384427236393094, 0.010905957780778408]]
  Policy Std: [[0.9991067051887512, 1.0012518167495728, 1.0019515752792358, 1.0023138523101807, 0.9989719390869141, 1.0008952617645264, 1.0002809762954712, 1.002434492111206, 1.0006232261657715, 0.9992192983627319, 1.0001494884490967, 1.0011566877365112, 0.9982251524925232, 1.00291109085083, 1.0022505521774292, 0.9988248348236084, 1.0015581846237183, 0.9973443746566772, 1.00054132938385, 1.0021677017211914, 1.0029916763305664, 0.9990875124931335, 0.9989128112792969, 1.0027989149093628, 1.000711441040039, 0.999455451965332, 0.9992843866348267, 0.9995128512382507, 1.0009386539459229]]

Step 334:
  Date/Day: 0
  Action: [[-0.0028459602035582066, -0.023653583601117134, -0.015307039953768253, -0.002857270883396268, 0.01384352333843708, 0.020236508920788765, 0.01160284411162138, -0.01986834593117237, -0.020229915156960487, 0.002753304783254862, 0.019623301923274994, -0.0032842541113495827, -0.014163716696202755, 0.03439606726169586, -0.012822598218917847, 0.015829479321837425, 0.01628030836582184, -0.01647503860294819, -0.010902786627411842, 0.007184278219938278, 0.0018172007985413074, 0.023785900324583054, 0.012746922671794891, -0.0040528131648898125, -0.007749701850116253, 0.028500741347670555, 0.009736492298543453, -0.002384427236393094, 0.010905957780778408]]
  Reward: -1.343757152557373
  Account Value: None
  Done: True
  Policy Mean: [[-0.0028459602035582066, -0.023653583601117134, -0.015307039953768253, -0.002857270883396268, 0.01384352333843708, 0.020236508920788765, 0.01160284411162138, -0.01986834593117237, -0.020229915156960487, 0.002753304783254862, 0.019623301923274994, -0.0032842541113495827, -0.014163716696202755, 0.03439606726169586, -0.012822598218917847, 0.015829479321837425, 0.01628030836582184, -0.01647503860294819, -0.010902786627411842, 0.007184278219938278, 0.0018172007985413074, 0.023785900324583054, 0.012746922671794891, -0.0040528131648898125, -0.007749701850116253, 0.028500741347670555, 0.009736492298543453, -0.002384427236393094, 0.010905957780778408]]
  Policy Std: [[0.9991067051887512, 1.0012518167495728, 1.0019515752792358, 1.0023138523101807, 0.9989719390869141, 1.0008952617645264, 1.0002809762954712, 1.002434492111206, 1.0006232261657715, 0.9992192983627319, 1.0001494884490967, 1.0011566877365112, 0.9982251524925232, 1.00291109085083, 1.0022505521774292, 0.9988248348236084, 1.0015581846237183, 0.9973443746566772, 1.00054132938385, 1.0021677017211914, 1.0029916763305664, 0.9990875124931335, 0.9989128112792969, 1.0027989149093628, 1.000711441040039, 0.999455451965332, 0.9992843866348267, 0.9995128512382507, 1.0009386539459229]]

PERFORMANCE METRICS:
----------------------------------------
Max Single Step Reward: 2.042617
Min Single Step Reward: -1.343757
Reward Standard Deviation: 0.382815

PERIOD SUMMARY:
----------------------------------------
Model was trained on data from 2009-01-02 to 2020-06-30
Training period duration: 4197 days (11.49 years)
Episode tested on data from 2020-07-01 to 2021-10-27

================================================================================
Report generated on: 2025-07-29 14:08:23
================================================================================
